# Rhino

mtllib female-shell-body-260316.mtl
g Fem_virtual body shell_mesh
o object_1
usemtl Shell Body
v -10.369036674499512 -0.009857177734375 -29.037788391113281
v -8.4597139358520508 0.50997161865234375 -28.7296142578125
v -8.6487760543823242 1.4915847778320313 -28.795267105102539
v -9.8701248168945313 -1.232025146484375 -28.993532180786133
v -7.8211207389831543 -0.31140899658203125 -28.670234680175781
v -9.2079257965087891 -2.3924713134765625 -28.978626251220703
v -7.3610191345214844 -1.27374267578125 -28.657686233520508
v -8.4446249008178711 -3.40997314453125 -28.991838455200195
v -6.4559154510498047 -2.3785934448242188 -28.651092529296875
v -6.8706192970275879 -4.3427963256835938 -28.917722702026367
v 3.524648904800415 -7.16162109375 -30.357694625854492
v 4.6541099548339844 -6.836822509765625 -30.551031112670898
v 3.8359353542327881 -5.0960350036621094 -29.921415328979492
v 5.7681427001953125 -6.3945960998535156 -30.753297805786133
v 4.5368318557739258 -4.4126625061035156 -29.986040115356445
v 6.8356947898864746 -5.8403511047363281 -30.959510803222656
v 5.3440051078796387 -3.8272628784179688 -30.116252899169922
v 7.8366823196411133 -5.1813163757324219 -31.166097640991211
v 6.4362587928771973 -3.73077392578125 -30.423732757568359
v 8.7719507217407227 -4.4113197326660156 -31.373762130737305
v 7.2000141143798828 -3.0962371826171875 -30.594184875488281
v 9.6268634796142578 -3.531646728515625 -31.580282211303711
v 7.8978986740112305 -2.3714981079101563 -30.764154434204102
v 10.384875297546387 -2.5456619262695313 -31.782951354980469
v 8.5163850784301758 -1.5593490600585938 -30.931453704833984
v 11.027792930603027 -1.4599685668945313 -31.97852897644043
v 9.0406055450439453 -0.66522979736328125 -31.093441009521484
v 11.536590576171875 -0.28563690185546875 -32.163227081298828
v 9.4550151824951172 0.301727294921875 -31.247018814086914
v 11.905562400817871 1.0201263427734375 -32.340286254882813
v 9.7548885345458984 1.3767242431640625 -31.39497184753418
v 12.118112564086914 2.3513031005859375 -32.497684478759766
v 9.9047927856445313 2.4434738159179688 -31.517610549926758
v -12.143269538879395 -0.50609588623046875 -29.564590454101563
v -10.691188812255859 1.2161407470703125 -29.107841491699219
v -11.567926406860352 -1.922882080078125 -29.524526596069336
v -10.802055358886719 -3.2687606811523438 -29.518556594848633
v -9.9177083969116211 -4.449462890625 -29.544406890869141
v -8.9420700073242188 -5.4776992797851563 -29.59698486328125
v -7.7839560508728027 -6.9060096740722656 -29.834257125854492
v -6.3741960525512695 -7.7740402221679688 -29.974092483520508
v -5.6218938827514648 -5.7874984741210938 -29.172222137451172
v -4.7373690605163574 -8.1589279174804688 -29.974891662597656
v -4.5194230079650879 -6.3677406311035156 -29.275747299194336
v -3.6323661804199219 -9.0408401489257813 -30.336982727050781
v -3.3716588020324707 -6.8272514343261719 -29.397251129150391
v -2.0149424076080322 -9.4549064636230469 -30.551059722900391
v -2.2012360095977783 -7.1641159057617188 -29.533658981323242
v -0.062454503029584885 -9.2346687316894531 -30.564470291137695
v -1.0297998189926147 -7.3807792663574219 -29.68162727355957
v 0.94986432790756226 -7.7099227905273438 -30.004653930664063
v 2.1183102130889893 -9.4366455078125 -31.040679931640625
v 3.7667171955108643 -9.4232063293457031 -31.428449630737305
v 2.3994846343994141 -7.3731307983398438 -30.17573356628418
v 4.6679434776306152 -8.6645278930664063 -31.308877944946289
v 6.0397448539733887 -8.2505340576171875 -31.567821502685547
v 7.457848072052002 -8.0046920776367188 -32.004837036132813
v 8.8279104232788086 -7.3143577575683594 -32.32574462890625
v 9.9585075378417969 -6.3770523071289063 -32.518573760986328
v 11.090653419494629 -5.4658927917480469 -32.817085266113281
v 12.06352710723877 -4.3093719482421875 -33.042984008789063
v 12.935114860534668 -3.0304794311523438 -33.283164978027344
v 13.126132965087891 -1.540435791015625 -33.170448303222656
v 13.65533447265625 -0.063690185546875 -33.379852294921875
v 13.946483612060547 1.3630828857421875 -33.545867919921875
v 14.064682960510254 2.6708755493164063 -33.673793792724609
v -12.512665748596191 0.914520263671875 -29.635126113891602
v -14.372940063476563 1.422515869140625 -30.514419555664063
v -14.090692520141602 -0.3229522705078125 -30.47212028503418
v -13.554620742797852 -1.9249954223632813 -30.433475494384766
v -13.312122344970703 -3.4903106689453125 -30.701572418212891
v -12.388375282287598 -4.9187393188476563 -30.724056243896484
v -11.227310180664063 -6.3012924194335938 -30.797204971313477
v -9.9266185760498047 -7.00921630859375 -30.626052856445313
v -8.2530727386474609 -8.3181343078613281 -30.794767379760742
v -5.8478589057922363 -9.2672691345214844 -30.773351669311523
v -3.6059901714324951 -10.339366912841797 -31.32002067565918
v 6.1239995956420898 -9.4399375915527344 -32.319553375244141
v 7.7772455215454102 -9.9202957153320313 -33.614948272705078
v 8.5035276412963867 -8.9090042114257813 -33.200851440429688
v 10.486385345458984 -7.5823516845703125 -33.549541473388672
v 12.168658256530762 -6.1707344055175781 -33.988132476806641
v 13.226003646850586 -4.9314765930175781 -34.243808746337891
v 14.189359664916992 -3.4513320922851563 -34.483642578125
v 14.463207244873047 -1.6558456420898438 -34.193500518798828
v 15.107507705688477 -0.09066009521484375 -34.50079345703125
v 15.484453201293945 1.545196533203125 -34.740291595458984
v -15.467337608337402 0.57320404052734375 -31.367563247680664
v -15.026927947998047 -2.1119232177734375 -31.579198837280273
v -14.239288330078125 -5.0404739379882813 -32.398586273193359
v -12.254199981689453 -6.967987060546875 -32.057769775390625
v -10.289402961730957 -8.3941917419433594 -31.848865509033203
v -7.8041691780090332 -10.040882110595703 -32.131256103515625
v 9.4350814819335938 -10.112747192382813 -35.316440582275391
v 9.9284019470214844 -8.9310569763183594 -34.264163970947266
v 11.547926902770996 -8.2942123413085938 -35.1251220703125
v 13.039084434509277 -6.866607666015625 -35.396762847900391
v 14.692034721374512 -4.8600959777832031 -35.814071655273438
v 15.659558296203613 -2.0069122314453125 -35.563007354736328
v 16.279333114624023 -3.0947799682617188 -37.258525848388672
v 17.069400787353516 -0.834930419921875 -37.460212707519531
v 16.380733489990234 0.28502655029296875 -35.932029724121094
v 16.913846969604492 1.9834976196289063 -36.519882202148438
v 15.942901611328125 3.5572509765625 -35.350246429443359
v -16.915945053100586 -0.9789886474609375 -34.046070098876953
v -16.25615119934082 0.1307525634765625 -32.358570098876953
v -17.050422668457031 1.3061676025390625 -33.610527038574219
v -15.994131088256836 -2.6248779296875 -33.106830596923828
v -15.176548004150391 -5.3183937072753906 -34.24591064453125
v -13.079937934875488 -7.5000343322753906 -33.616405487060547
v -11.344256401062012 -8.9511299133300781 -33.552993774414063
v -9.2411279678344727 -10.152492523193359 -33.336124420166016
v -10.055991172790527 -10.216747283935547 -34.380584716796875
v -6.3168177604675293 -11.806446075439453 -33.940639495849609
v 10.435638427734375 -10.012161254882813 -36.493618011474609
v 8.2170419692993164 -11.370433807373047 -36.353923797607422
v 8.330082893371582 -11.736053466796875 -37.68408203125
v 11.054862022399902 -10.219890594482422 -38.436691284179688
v 12.39202880859375 -8.5381927490234375 -36.808238983154297
v 13.421939849853516 -8.2170677185058594 -38.794349670410156
v 14.283092498779297 -6.6164207458496094 -37.238349914550781
v 15.279866218566895 -6.0177726745605469 -39.245880126953125
v 15.483880043029785 -4.8952140808105469 -37.483589172363281
v 16.473686218261719 -3.8744277954101563 -39.426662445068359
v 17.316734313964844 -1.62823486328125 -39.608207702636719
v 17.763454437255859 0.94428253173828125 -39.694614410400391
v 17.538566589355469 1.4900588989257813 -38.087600708007813
v -17.245992660522461 -1.2899322509765625 -35.626636505126953
v -17.476968765258789 0.84499359130859375 -35.142753601074219
v -16.576669692993164 -3.2478103637695313 -35.269687652587891
v -15.584997177124023 -5.5473556518554688 -36.066158294677734
v -13.897506713867188 -7.6893730163574219 -35.746318817138672
v -12.027514457702637 -9.4992942810058594 -35.95562744140625
v -9.9428796768188477 -10.956111907958984 -36.321746826171875
v -7.3274683952331543 -12.011756896972656 -35.236175537109375
v 12.630114555358887 -9.0989761352539063 -40.831062316894531
v 13.929909706115723 -7.7806739807128906 -41.03533935546875
v 16.041885375976563 -4.6944961547851563 -41.311016082763672
v 16.828184127807617 -2.8578567504882813 -41.410751342773438
v 17.442106246948242 -0.36428070068359375 -41.511425018310547
v -17.50208854675293 -0.40122222900390625 -37.618183135986328
v -17.189987182617188 -2.15826416015625 -37.793140411376953
v -16.612943649291992 -3.9279861450195313 -38.015094757080078
v -15.783095359802246 -5.6275978088378906 -38.2762451171875
v -14.782214164733887 -7.1365203857421875 -38.5540771484375
v -13.646659851074219 -8.4678840637207031 -38.843158721923828
v -12.340913772583008 -9.6861801147460938 -39.154109954833984
v -10.659916877746582 -10.888626098632813 -38.832489013671875
v -8.6631689071655273 -12.043796539306641 -38.432064056396484
v 10.887587547302246 -10.491374969482422 -40.452884674072266
v 10.386894226074219 -10.6475830078125 -43.255985260009766
v 12.233662605285645 -9.154388427734375 -43.395595550537109
v 13.504112243652344 -7.8452644348144531 -43.526878356933594
v 15.072161674499512 -6.3164596557617188 -41.189277648925781
v 14.616204261779785 -6.3841476440429688 -43.620162963867188
v 15.539946556091309 -4.7846717834472656 -43.671157836914063
v 16.272727966308594 -2.9860916137695313 -43.675239562988281
v 16.721225738525391 -1.1869735717773438 -43.629795074462891
v -17.045957565307617 -2.24072265625 -39.898185729980469
v -17.304832458496094 -0.5635986328125 -39.657039642333984
v -16.531061172485352 -3.9347305297851563 -40.186168670654297
v -15.769857406616211 -5.5666389465332031 -40.51007080078125
v -14.838500022888184 -7.020263671875 -40.842983245849609
v -13.772492408752441 -8.30743408203125 -41.180061340332031
v -12.539051055908203 -9.490142822265625 -41.534286499023438
v -10.714045524597168 -10.905971527099609 -41.775405883789063
v 6.7065315246582031 -12.781303405761719 -43.246086120605469
v 5.5359892845153809 -12.818851470947266 -45.495227813720703
v 9.3192243576049805 -10.947376251220703 -45.329532623291016
v 11.25001335144043 -9.43157958984375 -45.696620941162109
v 12.51128101348877 -8.2093582153320313 -45.774993896484375
v 13.623064994812012 -6.8396720886230469 -45.809955596923828
v 14.556011199951172 -5.3349380493164063 -45.797805786132813
v 15.309084892272949 -3.6373214721679688 -45.731620788574219
v 15.787125587463379 -1.93402099609375 -45.616569519042969
v -16.660673141479492 -2.3348617553710938 -41.951297760009766
v -16.879463195800781 -0.755889892578125 -41.664794921875
v -16.196908950805664 -3.9331512451171875 -42.282493591308594
v -15.496106147766113 -5.4764213562011719 -42.645305633544922
v -14.629194259643555 -6.8544998168945313 -43.010272979736328
v -13.630393028259277 -8.0780220031738281 -43.373256683349609
v -12.469372749328613 -9.2056655883789063 -43.748683929443359
v -11.167510986328125 -10.216239929199219 -44.129566192626953
v -9.1710834503173828 -11.433982849121094 -44.639751434326172
v 7.7799749374389648 -11.483177185058594 -46.462879180908203
v 6.6468563079833984 -11.392673492431641 -48.467636108398438
v 8.9773273468017578 -10.455780029296875 -47.592128753662109
v 10.321160316467285 -9.4709243774414063 -47.665088653564453
v 11.550716400146484 -8.3397483825683594 -47.695518493652344
v 12.639636993408203 -7.0680274963378906 -47.679847717285156
v 13.559586524963379 -5.6670379638671875 -47.615039825439453
v 14.310580253601074 -4.0824317932128906 -47.492515563964844
v 14.798195838928223 -2.4887771606445313 -47.32379150390625
v -16.077814102172852 -2.4503021240234375 -43.900348663330078
v -16.273441314697266 -0.97943115234375 -43.592914581298828
v -15.649332046508789 -3.9408950805664063 -44.248500823974609
v -14.994946479797363 -5.3819923400878906 -44.623256683349609
v -14.181259155273438 -6.670562744140625 -44.994674682617188
v -13.240898132324219 -7.816253662109375 -45.359386444091797
v -12.145483016967773 -8.8738899230957031 -45.732196807861328
v -10.410682678222656 -10.143211364746094 -46.331329345703125
v -8.1527681350708008 -11.341438293457031 -46.830394744873047
v 8.2441511154174805 -10.190761566162109 -49.220340728759766
v 9.5301551818847656 -9.2839317321777344 -49.254367828369141
v 10.708617210388184 -8.2401313781738281 -49.245567321777344
v 11.754423141479492 -7.0645408630371094 -49.190921783447266
v 12.640529632568359 -5.7674484252929688 -49.088066101074219
v 13.36738109588623 -4.2982826232910156 -48.927570343017578
v 13.84378719329834 -2.818817138671875 -48.725334167480469
v -15.347312927246094 -2.56475830078125 -45.730621337890625
v -15.531542778015137 -1.20660400390625 -45.420738220214844
v -14.943074226379395 -3.9416275024414063 -46.076282501220703
v -14.325369834899902 -5.2733001708984375 -46.443447113037109
v -13.557082176208496 -6.4645271301269531 -46.803142547607422
v -12.669047355651855 -7.5241508483886719 -47.152748107910156
v -11.196314811706543 -8.8235206604003906 -47.737838745117188
v -9.2063779830932617 -10.147651672363281 -48.201454162597656
v -7.1830048561096191 -11.035179138183594 -48.76953125
v 3.5303719043731689 -11.899112701416016 -49.633312225341797
v 4.551116943359375 -10.791767120361328 -51.139907836914063
v 5.9144692420959473 -10.801364898681641 -50.310699462890625
v 7.6303501129150391 -9.7631492614746094 -50.560611724853516
v 8.845820426940918 -8.9289016723632813 -50.562759399414063
v 9.9597368240356445 -7.9679794311523438 -50.523780822753906
v 10.948365211486816 -6.8851203918457031 -50.44122314453125
v 11.786149978637695 -5.6897506713867188 -50.3133544921875
v 12.473533630371094 -4.3351974487304688 -50.130504608154297
v 12.924283981323242 -2.9705886840820313 -49.911270141601563
v -14.498631477355957 -2.6608505249023438 -47.464992523193359
v -14.678325653076172 -1.417816162109375 -47.165630340576172
v -14.11249828338623 -3.920684814453125 -47.794898986816406
v -13.526387214660645 -5.1388282775878906 -48.141513824462891
v -12.799760818481445 -6.228179931640625 -48.477775573730469
v -11.961493492126465 -7.1968765258789063 -48.801746368408203
v -10.341644287109375 -8.5871467590332031 -49.361125946044922
v -8.1375827789306641 -9.8324813842773438 -49.987171173095703
v -5.5440425872802734 -10.777584075927734 -50.523231506347656
v 5.6993350982666016 -9.432373046875 -52.378276824951172
v 6.9477496147155762 -9.0426559448242188 -52.053844451904297
v 8.0269918441772461 -8.2481613159179688 -52.097930908203125
v 9.0265436172485352 -7.3891677856445313 -52.04248046875
v 9.9089317321777344 -6.4246101379394531 -51.948692321777344
v 10.653257369995117 -5.3598365783691406 -51.814849853515625
v 11.266647338867188 -4.1726493835449219 -51.616214752197266
v 12.019049644470215 -2.99017333984375 -50.981838226318359
v -13.524064064025879 -2.7255096435546875 -49.165500640869141
v -13.702320098876953 -1.6016082763671875 -48.886203765869141
v -13.154088020324707 -3.8637237548828125 -49.470180511474609
v -12.598929405212402 -4.9633445739746094 -49.787319183349609
v -11.914572715759277 -5.9458122253417969 -50.092376708984375
v -10.78395938873291 -7.073455810546875 -50.589454650878906
v -9.1914815902709961 -8.3455963134765625 -50.958683013916016
v -7.3095297813415527 -9.3067398071289063 -51.466690063476563
v -4.9081029891967773 -10.116607666015625 -51.892124176025391
v -3.2129957675933838 -10.431320190429688 -52.127845764160156
v -3.197476863861084 -11.323501586914063 -50.750732421875
v 3.2336611747741699 -10.783031463623047 -51.674007415771484
v 1.4038959741592407 -11.765716552734375 -50.671794891357422
v 1.7776376008987427 -10.309562683105469 -52.674945831298828
v 2.853783130645752 -9.4605369567871094 -53.535709381103516
v 4.1703834533691406 -9.2136344909667969 -53.386207580566406
v 11.044354438781738 -2.5763931274414063 -52.126544952392578
v -12.439730644226074 -2.741455078125 -50.82672119140625
v -12.616458892822266 -1.7382965087890625 -50.573986053466797
v -12.087129592895508 -3.7561569213867188 -51.100322723388672
v -11.565278053283691 -4.73516845703125 -51.383060455322266
v -10.926414489746094 -5.6086578369140625 -51.653221130371094
v -9.6126060485839844 -6.1023292541503906 -52.792865753173828
v -9.3483686447143555 -7.096893310546875 -52.164085388183594
v -8.4022970199584961 -7.7354393005371094 -52.411060333251953
v -6.636284351348877 -8.5726242065429688 -52.878227233886719
v -4.4147133827209473 -9.2647743225097656 -53.261028289794922
v -2.449000358581543 -9.5986747741699219 -53.486850738525391
v -0.62643527984619141 -9.6604537963867188 -53.664199829101563
v -1.7270047664642334 -10.879219055175781 -51.868736267089844
v 0.54611122608184814 -9.2808418273925781 -54.150943756103516
v 0.55751556158065796 -10.536785125732422 -52.492424011230469
v 1.5700153112411499 -8.7772636413574219 -54.665252685546875
v 4.7802047729492188 -7.7341499328613281 -54.763858795166016
v 6.0433435440063477 -7.8270988464355469 -53.924602508544922
v 6.9943981170654297 -7.1969375610351563 -53.875545501708984
v 7.8616819381713867 -6.4741058349609375 -53.796169281005859
v 8.6263704299926758 -5.6623420715332031 -53.685413360595703
v 9.2682895660400391 -4.7689094543457031 -53.542884826660156
v 9.7867679595947266 -3.759246826171875 -53.360439300537109
v 10.116306304931641 -2.74462890625 -53.157318115234375
v -11.261751174926758 -2.691375732421875 -52.443248748779297
v -11.433676719665527 -1.8082199096679688 -52.220512390136719
v -10.560551643371582 -3.5579071044921875 -53.161586761474609
v -10.105587959289551 -4.377471923828125 -53.376571655273438
v -9.1927785873413086 -4.9000129699707031 -54.088092803955078
v -8.4171943664550781 -6.5081863403320313 -53.610221862792969
v -7.5552234649658203 -7.06402587890625 -53.823707580566406
v -5.9303121566772461 -7.774444580078125 -54.251724243164063
v -3.8957943916320801 -8.3665618896484375 -54.588863372802734
v -1.8605493307113647 -8.7212028503417969 -54.732467651367188
v -0.51160174608230591 -8.7023773193359375 -54.890834808349609
v 2.6034200191497803 -8.2340202331542969 -55.084495544433594
v 3.6138992309570313 -7.913909912109375 -55.108085632324219
v 5.1368570327758789 -6.4872169494628906 -55.885520935058594
v 6.3379087448120117 -6.47247314453125 -55.036731719970703
v 7.1119523048400879 -5.8285636901855469 -54.961795806884766
v 7.7922778129577637 -5.107025146484375 -54.859634399414063
v 8.3607625961303711 -4.3143997192382813 -54.730018615722656
v 8.8163728713989258 -3.4202423095703125 -54.565742492675781
v 9.1013517379760742 -2.5231399536132813 -54.384185791015625
v -10.03690242767334 -2.5633163452148438 -53.978591918945313
v -10.198398590087891 -1.79443359375 -53.78564453125
v -8.1641874313354492 -5.3336296081542969 -54.804122924804688
v -7.077937126159668 -5.6587333679199219 -55.510627746582031
v -6.6992278099060059 -6.3493080139160156 -55.185386657714844
v -5.2351908683776855 -6.9464950561523438 -55.578662872314453
v -3.4232003688812256 -7.451171875 -55.874526977539063
v -1.6081603765487671 -7.7341270446777344 -56.021007537841797
v -0.42205461859703064 -7.7265167236328125 -56.135639190673828
v 0.49227404594421387 -7.6533012390136719 -56.211143493652344
v 1.4188625812530518 -7.5107498168945313 -56.271961212158203
v 2.976757287979126 -7.1003570556640625 -56.344890594482422
v 4.0874929428100586 -6.6545791625976563 -56.344749450683594
v 5.1913490295410156 -5.2276496887207031 -57.154396057128906
v 6.3263144493103027 -5.1647453308105469 -56.228565216064453
v 6.9239721298217773 -4.5305709838867188 -56.143222808837891
v 7.421515941619873 -3.8352279663085938 -56.033721923828125
v 7.8177280426025391 -3.0521621704101563 -55.893836975097656
v 8.0622377395629883 -2.2677764892578125 -55.738330841064453
v -8.7762651443481445 -2.35162353515625 -55.478317260742188
v -8.9222507476806641 -1.6907882690429688 -55.313053131103516
v -8.5069131851196289 -3.0171356201171875 -55.658748626708984
v -8.119877815246582 -3.65618896484375 -55.846698760986328
v -7.6532778739929199 -4.2234458923339844 -56.027610778808594
v -6.6580142974853516 -4.4808769226074219 -56.795795440673828
v -5.8391714096069336 -5.5883064270019531 -56.542034149169922
v -4.5423426628112793 -6.0854644775390625 -56.910484313964844
v -2.9577670097351074 -6.5093116760253906 -57.181159973144531
v -1.3809524774551392 -6.7342147827148438 -57.331321716308594
v -0.35332784056663513 -6.7312889099121094 -57.4267578125
v 0.443926602602005 -6.6620407104492188 -57.502426147460938
v 1.8810259103775024 -6.4136619567871094 -57.583671569824219
v 2.8347201347351074 -6.088531494140625 -57.647098541259766
v 3.5741012096405029 -5.7778091430664063 -57.661857604980469
v 4.2748017311096191 -5.4058914184570313 -57.658439636230469
v 5.0041661262512207 -4.017791748046875 -58.504581451416016
v 6.0348496437072754 -3.9299697875976563 -57.528064727783203
v 6.4643535614013672 -3.3279647827148438 -57.441883087158203
v 6.8048677444458008 -2.6511306762695313 -57.328701019287109
v 7.0130143165588379 -1.9741897583007813 -57.200344085693359
v -7.5097413063049316 -2.05291748046875 -56.971515655517578
v -7.6712179183959961 -1.4100189208984375 -56.794231414794922
v -7.2772183418273926 -2.6174392700195313 -57.128318786621094
v -6.9441342353820801 -3.1587142944335938 -57.293582916259766
v -6.0037703514099121 -3.3552627563476563 -58.155307769775391
v -5.567136287689209 -4.4465522766113281 -57.765968322753906
v -4.9873061180114746 -4.7882728576660156 -57.920360565185547
v -4.3611536026000977 -5.0804405212402344 -58.070030212402344
v -3.467740535736084 -5.3297042846679688 -58.327667236328125
v -2.2941462993621826 -5.6023941040039063 -58.527683258056641
v -0.98944187164306641 -5.7428092956542969 -58.673778533935547
v -0.29187917709350586 -5.7264328002929688 -58.764633178710938
v 0.56622391939163208 -5.6642913818359375 -58.846302032470703
v 1.9577702283859253 -5.2160110473632813 -59.128055572509766
v 3.0639190673828125 -4.8907012939453125 -59.03369140625
v 3.6619784832000732 -4.5699043273925781 -59.043495178222656
v 4.2179703712463379 -4.1974525451660156 -59.0361328125
v 4.647977352142334 -2.9104995727539063 -59.846908569335938
v 5.5278210639953613 -2.7883682250976563 -58.900787353515625
v 5.8168439865112305 -2.2104034423828125 -58.8116455078125
v 5.9068546295166016 -1.3618621826171875 -58.870361328125
v -6.2690834999084473 -1.6634368896484375 -58.484119415283203
v -6.3867664337158203 -1.1835556030273438 -58.355800628662109
v -6.0745663642883301 -2.1384353637695313 -58.623458862304688
v -5.2835392951965332 -2.3286819458007813 -59.452182769775391
v -5.0798764228820801 -3.349700927734375 -59.058506011962891
v -4.6429119110107422 -3.6722564697265625 -59.201866149902344
v -4.1573576927185059 -3.9573898315429688 -59.344470977783203
v -3.632976770401001 -4.200469970703125 -59.483695983886719
v -2.6719508171081543 -3.763336181640625 -60.602169036865234
v -2.5114579200744629 -4.5504264831542969 -59.742740631103516
v -1.8088569641113281 -4.6964950561523438 -59.863483428955078
v -0.80886059999465942 -4.7409019470214844 -60.058345794677734
v -0.22451679408550262 -4.7232856750488281 -60.147750854492188
v 0.80608141422271729 -4.6356697082519531 -60.234504699707031
v 2.0635001659393311 -4.2063064575195313 -60.439914703369141
v 3.0881001949310303 -3.7260208129882813 -60.450088500976563
v 3.554018497467041 -3.4087753295898438 -60.452278137207031
v 3.9763123989105225 -3.0491180419921875 -60.437835693359375
v 4.6519145965576172 -2.2128524780273438 -60.355274200439453
v 4.8942933082580566 -1.7236709594726563 -60.282550811767578
v 5.0418410301208496 -1.2357330322265625 -60.194950103759766
v -5.0880751609802246 -1.1797103881835938 -60.039608001708984
v -5.149132251739502 -0.75612640380859375 -59.966255187988281
v -4.9305272102355957 -1.5793685913085938 -60.169193267822266
v -4.4299488067626953 -2.299652099609375 -60.441452026367188
v -3.4520583152770996 -1.9115982055664063 -61.81793212890625
v -3.7618885040283203 -2.86663818359375 -60.704727172851563
v -3.1728918552398682 -2.9149856567382813 -61.208305358886719
v -2.473222017288208 -2.65069580078125 -62.062595367431641
v -2.0155093669891357 -3.59832763671875 -61.202472686767578
v -1.4416606426239014 -3.7081069946289063 -61.327919006347656
v -0.61814373731613159 -3.7520065307617188 -61.491153717041016
v 0.2182525098323822 -3.7411117553710938 -61.572959899902344
v 1.1714441776275635 -3.53436279296875 -61.716926574707031
v 2.0727548599243164 -3.1972503662109375 -61.794719696044922
v 2.8196561336517334 -2.7166290283203125 -61.862140655517578
v 3.3194775581359863 -2.3063735961914063 -61.827785491943359
v 3.6246097087860107 -1.9677276611328125 -61.796352386474609
v 3.8781816959381104 -1.5986251831054688 -61.747978210449219
v 4.0794973373413086 -1.18524169921875 -61.679027557373047
v 4.1943144798278809 -0.7435302734375 -61.632740020751953
v -3.7980618476867676 -1.2283248901367188 -61.813610076904297
v -4.1480779647827148 -0.52103424072265625 -61.453140258789063
v -2.4354362487792969 -1.3294677734375 -63.614852905273438
v -1.6801180839538574 -2.7040786743164063 -62.608329772949219
v -0.90753287076950073 -2.8201904296875 -62.819141387939453
v -0.13249479234218597 -2.8238067626953125 -62.9781494140625
v 0.47520032525062561 -2.725677490234375 -63.111396789550781
v 1.2338361740112305 -2.522247314453125 -63.186759948730469
v 1.957511305809021 -2.191802978515625 -63.215541839599609
v 2.5940239429473877 -1.73626708984375 -63.195465087890625
v 3.118025541305542 -1.1691131591796875 -63.103786468505859
v 3.4509994983673096 -0.4473876953125 -62.940376281738281
v -2.7642157077789307 -0.71994781494140625 -63.726284027099609
v -3.1565544605255127 -0.1270904541015625 -63.342536926269531
v -1.966228723526001 -1.3864898681640625 -64.183692932128906
v -1.5309857130050659 -1.7194976806640625 -64.147537231445313
v -0.94614267349243164 -1.8546295166015625 -64.387092590332031
v -0.32437008619308472 -1.9054031372070313 -64.570121765136719
v 0.1886114776134491 -1.859619140625 -64.676887512207031
v 0.67980706691741943 -1.81427001953125 -64.676727294921875
v 1.3015028238296509 -1.6224746704101563 -64.696006774902344
v 1.8964647054672241 -1.3104629516601563 -64.658355712890625
v 2.5238380432128906 -0.810577392578125 -64.521163940429688
v 2.9695498943328857 -0.130035400390625 -64.314468383789063
v -1.9380124807357788 -0.1294708251953125 -66.117721557617188
v -2.592825174331665 0.8795013427734375 -65.152442932128906
v -1.1675114631652832 -0.61235809326171875 -66.592605590820313
v -0.47869136929512024 -0.90622711181640625 -66.733695983886719
v 0.61595362424850464 -1.096954345703125 -66.478485107421875
v 1.68011474609375 -0.74001312255859375 -66.571586608886719
v 2.4778072834014893 -0.21524810791015625 -66.34698486328125
v 2.5246407985687256 -0.38468170166015625 -65.354057312011719
v 3.1876964569091797 0.83502197265625 -66.035728454589844
v 3.1338520050048828 0.66109466552734375 -64.8658447265625
v 3.3451745510101318 1.6866989135742188 -65.474998474121094
v -6.5743536949157715 3.3096694946289063 -28.684503555297852
v -8.9702119827270508 3.3095550537109375 -28.947441101074219
v -6.5594296455383301 0.909423828125 -28.472055435180664
v -9.7662773132324219 2.6641159057617188 -29.007558822631836
v -5.4244489669799805 -3.5762100219726563 -28.735383987426758
v -10.097166061401367 3.4853363037109375 -29.123218536376953
v -11.782772064208984 2.47442626953125 -29.441139221191406
v -13.153980255126953 2.3690948486328125 -29.919759750366211
v -3.5577173233032227 -4.7260894775390625 -28.891414642333984
v -1.7496252059936523 -5.3054428100585938 -29.085868835449219
v -0.79980969429016113 -5.5191574096679688 -29.215200424194336
v 0.14141453802585602 -5.6018486022949219 -29.344194412231445
v 1.76197350025177 -5.5123023986816406 -29.578411102294922
v -0.22659234702587128 -11.033702850341797 -31.834800720214844
v -16.359594345092773 2.7332000732421875 -32.326702117919922
v -8.3577175140380859 -11.849479675292969 -36.546821594238281
v -5.5784039497375488 -10.499118804931641 -31.850166320800781
v -2.1871991157531738 -11.352588653564453 -32.074203491210938
v -4.0874729156494141 -11.687267303466797 -32.693733215332031
v -4.0874729156494141 -11.687267303466797 -32.693733215332031
v -17.604026794433594 1.56195068359375 -37.099212646484375
v 2.9501965045928955 -5.146240234375 -29.732936859130859
v 4.3570742607116699 -10.838119506835938 -32.712776184082031
v 6.2511005401611328 -2.2372283935546875 -30.226781845092773
v 8.8754415512084961 3.4021377563476563 -31.226669311523438
v 6.5635137557983398 2.964813232421875 -30.334928512573242
v 7.4568815231323242 1.8685836791992188 -30.614173889160156
v 6.9358954429626465 -0.95441436767578125 -30.384233474731445
v 7.3585104942321777 0.19695281982421875 -30.513935089111328
v 6.3109426498413086 -0.13593292236328125 -30.106201171875
v 7.5414190292358398 1.0309066772460938 -30.595712661743164
v 11.236405372619629 3.53564453125 -32.19378662109375
v 13.867277145385742 4.2456817626953125 -33.711135864257813
v 7.4283833503723145 -11.290126800537109 -35.214012145996094
v 6.6992254257202148 -11.164680480957031 -34.34124755859375
v 17.312707901000977 3.7284317016601563 -37.560459136962891
v 8.4366827011108398 -11.985588073730469 -40.329174041748047
v 8.0368022918701172 -12.104518890380859 -42.257194519042969
v 17.599660873413086 2.5887832641601563 -41.201438903808594
v 17.181560516357422 0.93144989013671875 -42.835128784179688
v -8.4372158050537109 -12.241107940673828 -40.663196563720703
v -17.271306991577148 1.0449066162109375 -39.856040954589844
v -7.1733155250549316 -12.812885284423828 -42.513446807861328
v -16.6412353515625 0.74259185791015625 -42.163547515869141
v -15.990321159362793 0.404388427734375 -44.008430480957031
v -15.184941291809082 0.036956787109375 -45.845600128173828
v -14.220767021179199 -0.29340362548828125 -47.721260070800781
v -5.8447995185852051 -12.846736907958984 -45.194278717041016
v -5.9329485893249512 -12.140270233154297 -47.314319610595703
v -4.4298334121704102 -11.889797210693359 -49.117389678955078
v -4.602048397064209 -12.850044250488281 -46.800426483154297
v 1.4038959741592407 -11.765716552734375 -50.671794891357422
v -0.99587464332580566 -11.580863952636719 -50.985397338867188
v -13.193792343139648 -0.60977935791015625 -49.466766357421875
v -12.284067153930664 -0.76979827880859375 -50.840805053710938
v -10.457976341247559 -0.450042724609375 -53.145378112792969
v -9.4192790985107422 -0.9073486328125 -54.578357696533203
v -7.6522908210754395 -0.4312591552734375 -56.5692138671875
v -4.1840605735778809 0.23348236083984375 -61.231216430664063
v -5.2415018081665039 -0.10355377197265625 -59.661529541015625
v -2.5266273021697998 2.3265380859375 -66.643844604492188
v -2.5533037185668945 1.83282470703125 -64.541877746582031
v -2.1632375717163086 0.580352783203125 -66.660911560058594
v -2.4237756729125977 1.6701202392578125 -67.101364135742188
v -2.1360688209533691 0.97266387939453125 -67.610153198242188
v -1.3440964221954346 0.1920166015625 -68.167564392089844
v 0.50322884321212769 -0.43209075927734375 -68.650070190429688
v -0.59033298492431641 -0.21903228759765625 -68.467506408691406
v 1.2982082366943359 -0.4019622802734375 -68.603988647460938
v 4.1648674011230469 -12.817359924316406 -47.283622741699219
v 16.472286224365234 0.1331939697265625 -44.534622192382813
v 6.7065315246582031 -12.781303405761719 -43.246086120605469
v 15.510994911193848 -0.63513946533203125 -46.366680145263672
v 14.663362503051758 -1.121337890625 -47.684978485107422
v 12.780300140380859 -1.6919403076171875 -50.109359741210938
v 13.893410682678223 -0.3653411865234375 -48.627616882324219
v 3.5303719043731689 -11.899112701416016 -49.633312225341797
v 2.3312666416168213 -0.08898162841796875 -68.388343811035156
v 3.136106014251709 0.4517974853515625 -67.992446899414063
v 3.0303137302398682 0.4327850341796875 -66.797035217285156
v 3.6133742332458496 1.0501480102539063 -67.5518798828125
v 3.8898177146911621 1.7195510864257813 -67.080680847167969
v 11.474143028259277 -1.0865097045898438 -51.483512878417969
v 8.7764453887939453 -1.59912109375 -54.762096405029297
v 7.716315746307373 -1.4702606201171875 -56.188488006591797
v 9.959965705871582 -1.7232666015625 -53.302974700927734
v 6.3662786483764648 -0.97223663330078125 -58.120010375976563
v 5.0649218559265137 0.1495208740234375 -59.838798522949219
v 4.1721839904785156 0.39096832275390625 -61.363246917724609
v 3.6157684326171875 0.29990386962890625 -62.681339263916016
v 3.1256532669067383 1.1527786254882813 -64.097671508789063
v 5.1053433418273926 5.2941513061523438 -29.942714691162109
v 4.4000835418701172 4.7632064819335938 -29.136026382446289
v 5.591494083404541 3.9466018676757813 -29.847866058349609
v 5.453768253326416 6.5981063842773438 -30.607082366943359
v 6.4375123977661133 4.4967269897460938 -30.4971923828125
v 3.7975907325744629 6.9197845458984375 -29.949649810791016
v 3.8411054611206055 5.64813232421875 -29.177703857421875
v 4.174046516418457 8.3501663208007813 -30.737222671508789
v 2.435206413269043 7.6742782592773438 -29.844066619873047
v 2.0816740989685059 6.802001953125 -28.984785079956055
v 2.8346478939056396 6.5727996826171875 -29.202449798583984
v 2.466433048248291 8.8465728759765625 -30.474296569824219
v 1.2477951049804688 9.0356063842773438 -30.290191650390625
v 1.1563947200775146 7.9809112548828125 -29.657419204711914
v 0.98494488000869751 7.02764892578125 -28.782516479492188
v -0.041185259819030762 8.0155258178710938 -29.493246078491211
v -0.15252123773097992 7.2059783935546875 -28.77073860168457
v 0.14352841675281525 9.2336044311523438 -30.206073760986328
v -1.7896054983139038 8.6601181030273438 -29.788003921508789
v -1.3495023250579834 7.705474853515625 -29.230854034423828
v -0.87457901239395142 6.6123275756835938 -28.184394836425781
v -2.5855188369750977 7.0773391723632813 -28.928598403930664
v -3.6339905261993408 7.9734344482421875 -29.541343688964844
v -2.2668428421020508 5.98089599609375 -27.998622894287109
v -3.7593350410461426 5.98358154296875 -28.580089569091797
v -3.1837882995605469 5.1623916625976563 -27.772737503051758
v -4.768153190612793 6.840240478515625 -29.218658447265625
v -4.5071048736572266 4.7804718017578125 -28.299032211303711
v -3.6818001270294189 4.0856399536132813 -27.420175552368164
v -5.7323808670043945 4.9719924926757813 -28.789627075195313
v -4.875709056854248 3.715789794921875 -28.086908340454102
v -3.9283006191253662 2.7669296264648438 -27.068527221679688
v -6.5743536949157715 3.3096694946289063 -28.684503555297852
v -5.3916559219360352 2.3753814697265625 -28.052480697631836
v -3.5506808757781982 1.477325439453125 -26.588417053222656
v -3.1261937618255615 2.56890869140625 -26.051385879516602
v -4.9842624664306641 1.6055145263671875 -27.779045104980469
v -4.6168742179870605 0.3856658935546875 -27.670221328735352
v -3.3651399612426758 0.38420867919921875 -26.658639907836914
v -5.9266552925109863 -0.04726409912109375 -28.334493637084961
v -5.5443816184997559 -0.866729736328125 -28.323970794677734
v -4.0960001945495605 -0.61916351318359375 -27.645563125610352
v -2.6882326602935791 -0.28745269775390625 -26.445465087890625
v -3.4308404922485352 -1.358795166015625 -27.646389007568359
v -2.1278331279754639 -0.41115570068359375 -26.067863464355469
v -5.0402560234069824 -1.9777450561523438 -28.441623687744141
v -2.9121017456054688 -1.8010787963867188 -27.683652877807617
v -4.2715425491333008 -2.9637527465820313 -28.557510375976563
v -2.0338928699493408 -2.3134918212890625 -27.758907318115234
v -1.698886513710022 -1.256439208984375 -26.674062728881836
v -3.0108673572540283 -3.3396072387695313 -28.495800018310547
v -2.175400972366333 -3.7100982666015625 -28.586404800415039
v -1.0020185708999634 -2.6975784301757813 -27.92335319519043
v -0.85158312320709229 -1.646514892578125 -26.829124450683594
v -0.86792558431625366 -3.9988174438476563 -28.72740364074707
v 0.21091234683990479 -2.863006591796875 -28.123983383178711
v 0.03867199644446373 -1.8454208374023438 -27.07090950012207
v 0.47367399930953979 -4.0831871032714844 -28.927980422973633
v 1.6778498888015747 -2.6756057739257813 -28.407691955566406
v 1.3037452697753906 -1.7385787963867188 -27.355648040771484
v 2.0507504940032959 -3.842437744140625 -29.176856994628906
v 3.0882270336151123 -2.0818634033203125 -28.7314453125
v 2.5771760940551758 -1.2511062622070313 -27.748628616333008
v 3.657299280166626 -3.1021194458007813 -29.447652816772461
v 4.2939629554748535 -1.0828018188476563 -29.043733596801758
v 3.5082836151123047 -0.54436492919921875 -28.076086044311523
v 5.1430835723876953 -1.7988128662109375 -29.752546310424805
v 5.1736512184143066 0.23416900634765625 -29.330705642700195
v 4.303807258605957 0.4056396484375 -28.459196090698242
v 6.3109426498413086 -0.13593292236328125 -30.106201171875
v 5.9492897987365723 1.2818527221679688 -29.840873718261719
v 4.7368178367614746 1.4681396484375 -28.703433990478516
v 0.35708364844322205 6.0597152709960938 -27.350320816040039
v 4.955136775970459 3.3695526123046875 -29.105697631835938
v 5.4392671585083008 2.3736648559570313 -29.447635650634766
v 6.5635137557983398 2.964813232421875 -30.334928512573242
v 7.4112124443054199 4.099456787109375 -30.816921234130859
v -2.1762545108795166 4.6314697265625 -26.42713737487793
v -2.6793036460876465 3.82208251953125 -26.160249710083008
v -1.3993211984634399 5.172515869140625 -26.46790885925293
v 6.9091873168945313 5.5009994506835938 -30.872411727905273
v 6.5917901992797852 6.0992889404296875 -30.884841918945313
v 5.4562005996704102 7.5697784423828125 -30.874147415161133
v -0.68914812803268433 9.7100601196289063 -30.272098541259766
v -3.7081418037414551 9.3004913330078125 -29.937910079956055
v -5.0428543090820313 7.7733154296875 -29.509904861450195
v -6.078331470489502 6.6735382080078125 -29.279079437255859
v -6.6179909706115723 5.886077880859375 -29.14421272277832
v -7.0592527389526367 5.0382080078125 -29.020538330078125
v -7.4734206199645996 3.8273849487304688 -28.872953414916992
v -2.6324458122253418 1.2937545776367188 -25.229755401611328
v -2.3002378940582275 0.5118408203125 -25.166349411010742
v -1.2904747724533081 -0.57727813720703125 -25.368738174438477
v -0.13505786657333374 -0.95664215087890625 -25.436485290527344
v 0.69906210899353027 -1.0720672607421875 -25.967512130737305
v 1.4002484083175659 -0.90335845947265625 -26.144062042236328
v 2.1632421016693115 -0.57561492919921875 -26.429319381713867
v 3.0428259372711182 0.14502716064453125 -26.798744201660156
v 3.6460793018341064 0.76670074462890625 -27.343421936035156
v 4.4143795967102051 2.7757644653320313 -28.257282257080078
v 3.7595345973968506 1.7604141235351563 -27.11676025390625
v 5.4392671585083008 2.3736648559570313 -29.447635650634766
v -6.5594296455383301 0.909423828125 -28.472055435180664
v -8.6487760543823242 1.4915847778320313 -28.795267105102539
v -7.8211207389831543 -0.31140899658203125 -28.670234680175781
v -7.3610191345214844 -1.27374267578125 -28.657686233520508
v -6.4559154510498047 -2.3785934448242188 -28.651092529296875
v -3.5577173233032227 -4.7260894775390625 -28.891414642333984
v -5.4244489669799805 -3.5762100219726563 -28.735383987426758
v -1.7496252059936523 -5.3054428100585938 -29.085868835449219
v -0.79980969429016113 -5.5191574096679688 -29.215200424194336
v 0.14141453802585602 -5.6018486022949219 -29.344194412231445
v 1.76197350025177 -5.5123023986816406 -29.578411102294922
v 5.3440051078796387 -3.8272628784179688 -30.116252899169922
v 6.2511005401611328 -2.2372283935546875 -30.226781845092773
v 4.5368318557739258 -4.4126625061035156 -29.986040115356445
v 7.3585104942321777 0.19695281982421875 -30.513935089111328
v 2.9501965045928955 -5.146240234375 -29.732936859130859
v 7.4568815231323242 1.8685836791992188 -30.614173889160156
v 7.5414190292358398 1.0309066772460938 -30.595712661743164
v 6.9358954429626465 -0.95441436767578125 -30.384233474731445
v 5.9492897987365723 1.2818527221679688 -29.840873718261719
v 6.5635137557983398 2.964813232421875 -30.334928512573242
v 5.4392671585083008 2.3736648559570313 -29.447635650634766
v 7.4568815231323242 1.8685836791992188 -30.614173889160156
v -2.6324458122253418 1.2937545776367188 -25.229755401611328
v -1.9463858604431152 1.1329498291015625 -24.001649856567383
v -2.0091018676757813 1.827178955078125 -24.002836227416992
v -1.2274388074874878 0.090606689453125 -24.003023147583008
v -1.6180723905563354 0.48345184326171875 -24.012950897216797
v -2.1278331279754639 -0.41115570068359375 -26.067863464355469
v 2.1632421016693115 -0.57561492919921875 -26.429319381713867
v 1.6067562103271484 0.46175384521484375 -24.009950637817383
v 1.1075360774993896 0.017608642578125 -24.000724792480469
v 3.0428259372711182 0.14502716064453125 -26.798744201660156
v -3.5506808757781982 1.477325439453125 -26.588417053222656
v -2.3002378940582275 0.5118408203125 -25.166349411010742
v -1.2904747724533081 -0.57727813720703125 -25.368738174438477
v -0.52158272266387939 -0.280303955078125 -24.003293991088867
v 0.49772545695304871 -0.271270751953125 -24.001262664794922
v -0.13505786657333374 -0.95664215087890625 -25.436485290527344
v 1.4002484083175659 -0.90335845947265625 -26.144062042236328
v 1.9940484762191772 1.2479476928710938 -24.020561218261719
v 3.7595345973968506 1.7604141235351563 -27.11676025390625
v 2.5636732578277588 1.8328475952148438 -24.986429214477539
v 0.69906210899353027 -1.0720672607421875 -25.967512130737305
v 3.6460793018341064 0.76670074462890625 -27.343421936035156
v 1.8281470537185669 0.850128173828125 -24.006868362426758
v -2.1871991157531738 -11.352588653564453 -32.074203491210938
v -3.6059901714324951 -10.339366912841797 -31.32002067565918
v -4.0874729156494141 -11.687267303466797 -32.693733215332031
v -0.22659234702587128 -11.033702850341797 -31.834800720214844
v -2.0149424076080322 -9.4549064636230469 -30.551059722900391
v -2.1871991157531738 -11.352588653564453 -32.074203491210938
v -4.0874729156494141 -11.687267303466797 -32.693733215332031
v -2.3529000282287598 -12.839008331298828 -33.164455413818359
v -4.1363091468811035 -12.834510803222656 -33.739536285400391
v -6.3168177604675293 -11.806446075439453 -33.940639495849609
v -7.6218056678771973 -12.843730926513672 -38.026279449462891
v -8.6631689071655273 -12.043796539306641 -38.432064056396484
v -7.7016921043395996 -12.845333099365234 -39.915542602539063
v -8.3577175140380859 -11.849479675292969 -36.546821594238281
v -7.3274683952331543 -12.011756896972656 -35.236175537109375
v -5.7204899787902832 -12.834369659423828 -34.803909301757813
v -0.22659234702587128 -11.033702850341797 -31.834800720214844
v -0.88903528451919556 -12.840015411376953 -32.953224182128906
v -6.9839706420898438 -12.846931457519531 -36.342662811279297
v -8.4372158050537109 -12.241107940673828 -40.663196563720703
v -4.4298334121704102 -11.889797210693359 -49.117389678955078
v -3.197476863861084 -11.323501586914063 -50.750732421875
v -2.9404747486114502 -12.841606140136719 -48.437305450439453
v -1.5922576189041138 -12.845817565917969 -49.353897094726563
v -1.7270047664642334 -10.879219055175781 -51.868736267089844
v -0.99587464332580566 -11.580863952636719 -50.985397338867188
v -7.1733155250549316 -12.812885284423828 -42.513446807861328
v 0.97356182336807251 -12.837505340576172 -33.022609710693359
v -0.37434661388397217 -12.852832794189453 -49.776782989501953
v -4.602048397064209 -12.850044250488281 -46.800426483154297
v -5.8447995185852051 -12.846736907958984 -45.194278717041016
v -5.9329485893249512 -12.140270233154297 -47.314319610595703
v -3.2819509506225586 10.716087341308594 -30.398366928100586
v -3.7081418037414551 9.3004913330078125 -29.937910079956055
v -2.5717601776123047 9.9818344116210938 -30.199525833129883
v -4.0973434448242188 10.476753234863281 -30.300363540649414
v -4.8015203475952148 9.4559402465820313 -29.95677375793457
v 11.518146514892578 6.0486526489257813 -32.728408813476563
v 9.4032773971557617 5.5048904418945313 -31.723443984985352
v 9.6655673980712891 4.5068435668945313 -31.662609100341797
v 11.02320384979248 7.261199951171875 -32.772659301757813
v 8.9980478286743164 6.4996719360351563 -31.763725280761719
v 10.366239547729492 8.4126739501953125 -32.787799835205078
v 8.4607753753662109 7.4441986083984375 -31.78038215637207
v 9.6090011596679688 9.4222946166992188 -32.7750244140625
v 7.8419222831726074 8.2722320556640625 -31.774057388305664
v 8.774470329284668 10.301139831542969 -32.738689422607422
v 7.160214900970459 8.9928741455078125 -31.748291015625
v 7.8351459503173828 11.092567443847656 -32.678970336914063
v 6.3931684494018555 9.6416854858398438 -31.703395843505859
v 6.8083691596984863 11.78167724609375 -32.596935272216797
v 5.5549449920654297 10.206451416015625 -31.640174865722656
v 5.714531421661377 12.357467651367188 -32.494476318359375
v 4.6621866226196289 10.67816162109375 -31.560100555419922
v 4.5757603645324707 12.813430786132813 -32.374153137207031
v 3.7329468727111816 11.051498413085938 -31.465206146240234
v 3.4145157337188721 13.147666931152344 -32.239009857177734
v 2.78554368019104 11.324905395507813 -31.357931137084961
v 2.2522757053375244 13.36260986328125 -32.092372894287109
v 1.8374882936477661 11.500411987304688 -31.240955352783203
v 1.1084520816802979 13.46441650390625 -31.937614440917969
v 0.90460205078125 11.583076477050781 -31.117013931274414
v 0.0018924039322882891 13.4622802734375 -31.7783203125
v 0.0022423854097723961 11.580451965332031 -30.989021301269531
v -1.1500853300094604 13.354728698730469 -31.602462768554688
v -0.93701326847076416 11.491287231445313 -30.847311019897461
v -2.2664284706115723 13.144699096679688 -31.421976089477539
v -1.8470728397369385 11.318038940429688 -30.701480865478516
v -3.3870158195495605 12.822212219238281 -31.230175018310547
v -4.4922704696655273 12.383171081542969 -31.029485702514648
v -5.5513486862182617 11.832962036132813 -30.824853897094727
v -6.5443291664123535 11.17877197265625 -30.619829177856445
v -7.4720501899719238 10.41448974609375 -30.413707733154297
v -6.0884323120117188 9.0732269287109375 -29.880746841430664
v -8.3199920654296875 9.5413970947265625 -30.208700180053711
v -6.7787332534790039 8.3560028076171875 -29.712631225585938
v -9.0717449188232422 8.5628738403320313 -30.007486343383789
v -7.3904542922973633 7.5523147583007813 -29.547151565551758
v -9.7092742919921875 7.4854660034179688 -29.813283920288086
v -7.9088973999023438 6.6675643920898438 -29.386919021606445
v -10.213727951049805 6.3201904296875 -29.629852294921875
v -8.3187036514282227 5.7107925415039063 -29.234996795654297
v -10.57945442199707 5.0246353149414063 -29.453964233398438
v -8.615208625793457 4.647216796875 -29.088626861572266
v -10.097166061401367 3.4853363037109375 -29.123218536376953
v -8.9702119827270508 3.3095550537109375 -28.947441101074219
v 11.837794303894043 4.8322982788085938 -32.658596038818359
v 13.608858108520508 5.73638916015625 -33.825160980224609
v 13.644325256347656 7.141326904296875 -34.182941436767578
v 12.421513557434082 8.6524505615234375 -33.916675567626953
v 11.19620418548584 10.363822937011719 -33.890281677246094
v 10.226476669311523 11.385841369628906 -33.838592529296875
v 9.1340513229370117 12.306816101074219 -33.760059356689453
v 7.9390931129455566 13.109413146972656 -33.656105041503906
v 6.6653475761413574 13.780799865722656 -33.529071807861328
v 5.3386049270629883 14.313369750976563 -33.382053375244141
v 3.9850659370422363 14.704826354980469 -33.218681335449219
v 2.6298060417175293 14.957931518554688 -33.042861938476563
v 1.2955058813095093 15.079765319824219 -32.858539581298828
v 0.0042031165212392807 15.080917358398438 -32.669868469238281
v -1.3405945301055908 14.959968566894531 -32.462612152099609
v -2.6442892551422119 14.720039367675781 -32.250881195068359
v -3.9534642696380615 14.349700927734375 -32.02685546875
v -5.2452940940856934 13.844131469726563 -31.793445587158203
v -6.483759880065918 13.209487915039063 -31.556461334228516
v -7.6455812454223633 12.454017639160156 -31.320032119750977
v -8.7317647933959961 11.570648193359375 -31.083389282226563
v -9.7253608703613281 10.560829162597656 -30.849136352539063
v -10.607205390930176 9.42840576171875 -30.620414733886719
v -11.356221199035645 8.1809310913085938 -30.400972366333008
v -11.950356483459473 6.8311080932617188 -30.195150375366211
v -12.38321590423584 5.3297348022460938 -29.999547958374023
v -12.597514152526855 3.8431167602539063 -29.837198257446289
v 14.751383781433105 4.7652206420898438 -34.442562103271484
v 13.867277145385742 4.2456817626953125 -33.711135864257813
v 15.398094177246094 5.7586898803710938 -35.259334564208984
v 14.24893856048584 8.0146255493164063 -34.958469390869141
v 13.444596290588379 9.8771286010742188 -35.160243988037109
v 12.257489204406738 11.587837219238281 -35.262107849121094
v 11.100374221801758 12.715721130371094 -35.179466247558594
v 9.7855987548828125 13.719375610351563 -35.0533447265625
v 8.4283237457275391 14.542915344238281 -34.908405303955078
v 6.9574356079101563 15.256294250488281 -34.749248504638672
v 5.3980026245117188 15.807411193847656 -34.55511474609375
v 3.892301082611084 16.177284240722656 -34.354957580566406
v 2.3602514266967773 16.417121887207031 -34.150096893310547
v 0.76830023527145386 16.504135131835938 -33.914646148681641
v -0.80624949932098389 16.4365234375 -33.673622131347656
v -2.5497207641601563 16.514350891113281 -33.678310394287109
v -4.0610404014587402 16.074943542480469 -33.350051879882813
v -5.2292733192443848 15.422027587890625 -32.936538696289063
v -6.7268710136413574 14.765495300292969 -32.658283233642578
v -8.2109060287475586 14.258865356445313 -32.627704620361328
v -9.5408868789672852 13.336036682128906 -32.3720703125
v -10.623818397521973 11.944076538085938 -31.86964225769043
v -11.960394859313965 10.894668579101563 -31.816238403320313
v -12.609882354736328 9.3855743408203125 -31.376935958862305
v -13.72455883026123 7.8922271728515625 -31.314619064331055
v -13.923818588256836 6.4097137451171875 -30.959035873413086
v -14.277629852294922 4.8444671630859375 -30.779144287109375
v -14.760793685913086 3.1004791259765625 -30.803794860839844
v 16.364883422851563 4.9690475463867188 -36.163440704345703
v 15.942901611328125 3.5572509765625 -35.350246429443359
v 17.017080307006836 5.632904052734375 -37.594161987304688
v 15.788784980773926 6.9847259521484375 -36.176120758056641
v 16.220577239990234 7.8984909057617188 -37.546348571777344
v 15.066283226013184 8.7304534912109375 -36.205356597900391
v 14.859397888183594 10.357032775878906 -37.377693176269531
v 14.124355316162109 10.290451049804688 -36.169429779052734
v 12.773186683654785 11.920562744140625 -36.020858764648438
v 10.953998565673828 13.586509704589844 -35.882667541503906
v 12.761222839355469 12.812232971191406 -37.207889556884766
v 10.687188148498535 14.465797424316406 -36.967155456542969
v 8.79217529296875 15.010261535644531 -35.656951904296875
v 6.0256528854370117 16.420440673828125 -35.624813079833984
v 3.2238738536834717 17.014656066894531 -35.186447143554688
v 1.4018415212631226 17.471145629882813 -35.644729614257813
v 0.38174411654472351 17.052764892578125 -34.51617431640625
v -1.2048183679580688 17.3192138671875 -34.963081359863281
v -4.1991829872131348 16.969863891601563 -34.889949798583984
v -6.5656957626342773 15.804359436035156 -33.744003295898438
v -9.437291145324707 14.625511169433594 -33.89251708984375
v -11.237480163574219 12.80255126953125 -32.935401916503906
v -13.48521614074707 10.877204895019531 -33.104412078857422
v -13.856757164001465 9.263702392578125 -32.148952484130859
v -15.074968338012695 8.40338134765625 -32.871082305908203
v -15.257407188415527 6.0276412963867188 -31.801794052124023
v -15.589212417602539 4.2245101928710938 -31.634117126464844
v -16.359594345092773 2.7332000732421875 -32.326702117919922
v 17.680143356323242 3.8909912109375 -39.560546875
v 17.312707901000977 3.7284317016601563 -37.560459136962891
v 16.913087844848633 6.961181640625 -39.567848205566406
v 15.848796844482422 9.1039657592773438 -38.924556732177734
v 14.292139053344727 11.375175476074219 -38.709369659423828
v 12.0633544921875 13.521553039550781 -38.423728942871094
v 10.122252464294434 14.853843688964844 -38.487865447998047
v 8.7354288101196289 15.60284423828125 -36.792293548583984
v 7.1081857681274414 16.400611877441406 -37.322162628173828
v 4.1887702941894531 17.262733459472656 -36.840263366699219
v 1.3344031572341919 17.499588012695313 -36.809127807617188
v -0.86928236484527588 17.55364990234375 -36.099418640136719
v -3.3921084403991699 17.126953125 -36.414989471435547
v -6.1171126365661621 16.415489196777344 -35.959339141845703
v -7.4788331985473633 15.791580200195313 -34.584114074707031
v -8.8140468597412109 15.218093872070313 -35.486965179443359
v -11.029975891113281 13.818710327148438 -35.118259429931641
v -11.874883651733398 12.820472717285156 -33.761070251464844
v -12.765299797058105 12.299652099609375 -34.827648162841797
v -14.220894813537598 10.675331115722656 -34.607025146484375
v -15.727396965026855 8.2419586181640625 -34.241489410400391
v -16.443904876708984 5.560394287109375 -33.231029510498047
v -16.787727355957031 3.5564193725585938 -33.179328918457031
v 17.275287628173828 4.5904617309570313 -41.175712585449219
v 15.934569358825684 8.1849746704101563 -40.87652587890625
v 15.140117645263672 9.7913742065429688 -40.350440979003906
v 12.671204566955566 12.588775634765625 -39.889053344726563
v 10.352202415466309 14.039260864257813 -39.908245086669922
v 7.9030227661132813 15.562461853027344 -39.127124786376953
v 5.6559529304504395 16.432876586914063 -38.67828369140625
v 2.6843850612640381 16.994476318359375 -38.237472534179688
v -0.57776206731796265 17.3319091796875 -37.239913940429688
v -0.17367403209209442 17.001640319824219 -38.010288238525391
v -2.8578090667724609 16.752113342285156 -37.582466125488281
v -5.3783388137817383 16.222923278808594 -37.179096221923828
v -8.6816492080688477 14.969215393066406 -36.621532440185547
v -11.26561164855957 13.350700378417969 -36.220821380615234
v -13.147634506225586 11.73382568359375 -35.977020263671875
v -14.977727890014648 9.56561279296875 -35.644268035888672
v -16.054214477539063 7.7318038940429688 -35.495704650878906
v -16.96959114074707 5.487335205078125 -35.113868713378906
v -17.371437072753906 3.3379287719726563 -34.835281372070313
v 17.599660873413086 2.5887832641601563 -41.201438903808594
v 16.866216659545898 2.4212875366210938 -43.340744018554688
v 16.552379608154297 4.18023681640625 -43.168243408203125
v 16.749294281005859 6.3774948120117188 -41.053050994873047
v 15.973457336425781 5.9517135620117188 -42.94879150390625
v 15.141535758972168 7.6530838012695313 -42.690029144287109
v 14.138617515563965 9.16339111328125 -42.414329528808594
v 13.952729225158691 11.20050048828125 -40.254299163818359
v 13.000918388366699 10.496002197265625 -42.127098083496094
v 11.692944526672363 11.71527099609375 -41.817840576171875
v 10.238801956176758 12.798263549804688 -41.492294311523438
v 8.6677417755126953 13.727302551269531 -41.156726837158203
v 7.0122575759887695 14.490875244140625 -40.81756591796875
v 4.387455940246582 15.355911254882813 -40.293594360351563
v 1.869476318359375 15.769371032714844 -39.837268829345703
v -0.80639290809631348 15.928466796875 -39.326358795166016
v -3.2683529853820801 15.660774230957031 -38.950809478759766
v -5.9744277000427246 15.089111328125 -38.503093719482422
v -9.1722211837768555 13.824821472167969 -38.003688812255859
v -11.503318786621094 12.318428039550781 -37.742362976074219
v -12.904082298278809 11.166053771972656 -37.575942993164063
v -14.174288749694824 9.8542022705078125 -37.442924499511719
v -15.285807609558105 8.3903350830078125 -37.347698211669922
v -16.208662033081055 6.7881546020507813 -37.294563293457031
v -16.940200805664063 4.9869003295898438 -37.288055419921875
v -17.387310028076172 3.1853103637695313 -37.331043243408203
v 15.76056957244873 3.1739578247070313 -44.958980560302734
v 15.243952751159668 4.8705291748046875 -44.672927856445313
v 14.480731964111328 6.5049972534179688 -44.350795745849609
v 13.547290802001953 7.9607696533203125 -44.019412994384766
v 12.479012489318848 9.2498779296875 -43.68359375
v 10.385361671447754 10.717750549316406 -43.510875701904297
v 8.3269176483154297 11.758796691894531 -43.232204437255859
v 6.7812490463256836 13.161552429199219 -42.233989715576172
v 5.1444058418273926 13.757270812988281 -41.878391265869141
v 1.8351689577102661 14.472480773925781 -41.215835571289063
v 0.22116337716579437 14.607879638671875 -40.917278289794922
v -2.3490760326385498 14.462081909179688 -40.583209991455078
v -4.8290038108825684 14.16845703125 -40.082557678222656
v -7.2789549827575684 13.406753540039063 -39.813247680664063
v -9.7111940383911133 12.347381591796875 -39.436485290527344
v -11.193342208862305 11.432929992675781 -39.282012939453125
v -12.577561378479004 10.361824035644531 -39.162761688232422
v -13.839349746704102 9.1365509033203125 -39.082736968994141
v -14.951298713684082 7.7636947631835938 -39.045982360839844
v -15.884055137634277 6.2557525634765625 -39.05621337890625
v -16.636550903320313 4.5548324584960938 -39.120277404785156
v -17.113759994506836 2.848388671875 -39.233242034912109
v 14.833957672119141 2.2810211181640625 -46.576759338378906
v 16.02092170715332 1.494171142578125 -45.198177337646484
v 14.370386123657227 3.8790435791015625 -46.245635986328125
v 13.33514404296875 4.9276275634765625 -46.521080017089844
v 12.803012847900391 6.8003311157226563 -45.517925262451172
v 11.804251670837402 8.0240020751953125 -45.154922485351563
v 10.643237113952637 9.1518020629882813 -44.779476165771484
v 6.195378303527832 11.185104370117188 -44.259220123291016
v 4.6978235244750977 11.836685180664063 -43.818603515625
v 3.1584835052490234 12.26885986328125 -43.476604461669922
v 3.485929012298584 14.192291259765625 -41.537517547607422
v 1.6185526847839355 12.561752319335938 -43.158496856689453
v 0.075049892067909241 12.704124450683594 -42.884078979492188
v -1.5280708074569702 12.738746643066406 -42.600257873535156
v -4.6788153648376465 12.396186828613281 -42.124355316162109
v -6.2445902824401855 12.0406494140625 -41.895816802978516
v -9.2888479232788086 10.646141052246094 -41.836551666259766
v -7.7681117057800293 11.452529907226563 -41.816532135009766
v -10.687432289123535 9.8340682983398438 -41.756435394287109
v -12.00469970703125 8.8730850219726563 -41.716419219970703
v -13.206018447875977 7.7688674926757813 -41.725002288818359
v -14.467138290405273 7.0138931274414063 -40.848121643066406
v -15.386867523193359 5.6129989624023438 -40.912952423095703
v -16.137624740600586 4.0286407470703125 -41.035476684570313
v -16.625093460083008 2.4352569580078125 -41.204185485839844
v 13.94146728515625 1.6355819702148438 -47.868118286132813
v 15.052645683288574 0.70232391357421875 -46.863201141357422
v 13.512346267700195 3.1290664672851563 -47.520221710205078
v 11.667049407958984 5.4050674438476563 -47.383945465087891
v 10.707733154296875 6.5117340087890625 -47.051872253417969
v 9.594456672668457 7.511444091796875 -46.726337432861328
v 8.3898401260375977 8.4725570678710938 -46.317569732666016
v 7.1571049690246582 9.4259262084960938 -45.776702880859375
v -13.933900833129883 6.2556686401367188 -42.562686920166016
v -14.669455528259277 4.593414306640625 -43.310386657714844
v -15.209074974060059 3.0450515747070313 -43.894222259521484
v -15.628442764282227 1.5844573974609375 -44.203617095947266
v 12.51396369934082 0.90301513671875 -49.645656585693359
v 13.893410682678223 -0.3653411865234375 -48.627616882324219
v 12.096745491027832 2.2160797119140625 -49.329074859619141
v 11.515873908996582 3.5718917846679688 -48.892230987548828
v 5.1350712776184082 8.77520751953125 -46.962680816650391
v 3.9041247367858887 9.4842910766601563 -46.390533447265625
v 2.520310640335083 9.8527145385742188 -46.115020751953125
v 1.140507698059082 10.104743957519531 -45.861919403076172
v -0.24717457592487335 10.219612121582031 -45.662944793701172
v -1.554081916809082 10.713973999023438 -44.929172515869141
v -2.9898533821105957 10.631927490234375 -44.737682342529297
v -3.0910506248474121 12.632972717285156 -42.355937957763672
v -4.450920581817627 10.428482055664063 -44.567783355712891
v -5.9134888648986816 10.096626281738281 -44.424381256103516
v -7.3555889129638672 9.1531219482421875 -44.918140411376953
v -8.5238475799560547 8.3441925048828125 -45.269695281982422
v -9.781437873840332 7.6850662231445313 -45.217105865478516
v -10.959797859191895 6.891143798828125 -45.216327667236328
v -12.037225723266602 5.9724349975585938 -45.259300231933594
v -12.989394187927246 4.9339599609375 -45.349174499511719
v 9.8475437164306641 4.0376739501953125 -49.748062133789063
v 9.1400318145751953 5.0545578002929688 -49.266899108886719
v 8.1947212219238281 5.9053726196289063 -48.948833465576172
v 7.1329154968261719 6.6762847900390625 -48.631252288818359
v 5.9867262840270996 7.3856735229492188 -48.278404235839844
v -2.4093637466430664 9.4496688842773438 -46.362625122070313
v -4.3453383445739746 9.2498626708984375 -46.107471466064453
v -5.715578556060791 8.9439697265625 -45.996871948242188
v -13.419948577880859 3.5963058471679688 -46.179656982421875
v -14.058843612670898 2.3527145385742188 -46.372280120849609
v -14.4754638671875 1.1002426147460938 -46.5958251953125
v 11.114294052124023 0.49109649658203125 -51.238010406494141
v 12.265994071960449 -0.4777984619140625 -50.428340911865234
v 10.744112014770508 1.6318283081054688 -50.932758331298828
v 10.188387870788574 2.7340621948242188 -50.614925384521484
v 4.0393853187561035 6.623016357421875 -49.886146545410156
v 3.0265359878540039 7.297607421875 -49.221157073974609
v 1.8251967430114746 7.5917434692382813 -49.014743804931641
v 0.78700679540634155 8.2166824340820313 -48.267097473144531
v -0.42186599969863892 8.3270339965820313 -48.102027893066406
v -1.6951558589935303 8.3471908569335938 -47.950267791748047
v -3.7329535484313965 8.0992202758789063 -47.869441986083984
v -5.4819765090942383 7.812530517578125 -47.635746002197266
v -6.7160048484802246 7.4251556396484375 -47.582290649414063
v -7.8924541473388672 6.93756103515625 -47.558555603027344
v -8.3991336822509766 5.59271240234375 -49.046379089355469
v -10.061897277832031 5.6451492309570313 -47.605266571044922
v -11.020456314086914 4.8413848876953125 -47.679454803466797
v -11.282315254211426 3.9486770629882813 -48.471073150634766
v -12.00529670715332 3.098052978515625 -48.537006378173828
v -12.524474143981934 2.0429916381835938 -48.856178283691406
v -13.539480209350586 0.6771240234375 -48.346588134765625
v 10.102533340454102 0.2911529541015625 -52.420230865478516
v 11.474143028259277 -1.0865097045898438 -51.483512878417969
v 9.7496938705444336 1.3081588745117188 -52.146030426025391
v 9.0357255935668945 2.667724609375 -51.707473754882813
v 7.8549466133117676 3.9421157836914063 -51.334358215332031
v 7.0069832801818848 4.657440185546875 -51.079425811767578
v 6.0592851638793945 5.2977523803710938 -50.831703186035156
v 5.0309910774230957 5.8524932861328125 -50.595638275146484
v 0.54527997970581055 7.1282958984375 -49.833259582519531
v -0.94851565361022949 7.3145294189453125 -49.544654846191406
v -3.2894599437713623 7.0851974487304688 -49.487949371337891
v -5.1957669258117676 6.7266464233398438 -49.333011627197266
v -6.3222169876098633 6.3725051879882813 -49.299205780029297
v -7.3947019577026367 5.9291763305664063 -49.291831970214844
v -9.3677577972412109 4.760223388671875 -49.360843658447266
v -11.859683990478516 0.63288116455078125 -50.777252197265625
v -11.491660118103027 1.4773635864257813 -50.649646759033203
v 9.0521240234375 0.15239715576171875 -53.728858947753906
v 10.279236793518066 -0.7142486572265625 -52.673492431640625
v 8.7209625244140625 1.0464401245117188 -53.488052368164063
v 8.2371120452880859 1.907806396484375 -53.240020751953125
v 7.4806580543518066 2.9306793212890625 -52.877346038818359
v 6.0232529640197754 4.1635208129882813 -52.446575164794922
v 4.4042963981628418 5.0174942016601563 -52.141654968261719
v 3.4167134761810303 5.4166793823242188 -51.95245361328125
v 2.3970019817352295 5.7308883666992188 -51.779953002929688
v 1.3648555278778076 5.960418701171875 -51.625999450683594
v 0.33845564723014832 6.108367919921875 -51.49163818359375
v -0.66423499584197998 6.1800155639648438 -51.377384185791016
v -2.4879426956176758 6.1350555419921875 -51.223079681396484
v -4.4627552032470703 5.7658767700195313 -51.170333862304688
v -5.8526959419250488 5.3898696899414063 -51.057029724121094
v -6.8155303001403809 4.9908370971679688 -51.056468963623047
v -7.729886531829834 4.5092849731445313 -51.079879760742188
v -8.5824871063232422 3.9451675415039063 -51.128555297851563
v -9.3581390380859375 3.2998046875 -51.203678131103516
v -10.039870262145996 2.5766448974609375 -51.306083679199219
v 7.9921102523803711 0.06409454345703125 -55.170013427734375
v 9.2241115570068359 -0.73274993896484375 -53.952106475830078
v 7.3399777412414551 0.99024200439453125 -55.287132263183594
v 7.2502541542053223 1.5887298583984375 -54.744838714599609
v 6.7196111679077148 2.2534027099609375 -54.538581848144531
v 5.9391698837280273 3.035491943359375 -54.237415313720703
v 4.4701457023620605 3.9894256591796875 -53.879177093505859
v 2.9305434226989746 4.6129226684570313 -53.614269256591797
v 2.0209834575653076 4.8794174194335938 -53.461311340332031
v 1.1012070178985596 5.0719833374023438 -53.324310302734375
v 0.18734617531299591 5.1934585571289063 -53.204238891601563
v -0.70468389987945557 5.2485809326171875 -53.10162353515625
v -2.3150148391723633 5.1966171264648438 -52.965263366699219
v -3.9749088287353516 4.9005661010742188 -52.904426574707031
v -5.3090410232543945 4.5215682983398438 -52.804397583007813
v -6.160984992980957 4.1665802001953125 -52.800067901611328
v -6.9690184593200684 3.739990234375 -52.816619873046875
v -7.7213387489318848 3.2418594360351563 -52.855228424072266
v -8.4044532775878906 2.6734466552734375 -52.916969299316406
v -9.0033092498779297 2.03790283203125 -53.002632141113281
v -9.5018424987792969 1.3410720825195313 -53.112495422363281
v -10.67275333404541 0.2397308349609375 -52.535243988037109
v 6.9361753463745117 0.0318450927734375 -56.716888427734375
v 8.153752326965332 -0.7064361572265625 -55.363388061523438
v 6.6664285659790039 0.69873046875 -56.536125183105469
v 5.8113164901733398 1.907745361328125 -56.166614532470703
v 5.2810535430908203 2.4093780517578125 -55.993267059326172
v 4.1626920700073242 3.1853866577148438 -55.718540191650391
v 2.6903345584869385 3.8424530029296875 -55.414276123046875
v 1.6942430734634399 4.1362152099609375 -55.195381164550781
v 0.89045244455337524 4.29571533203125 -55.067733764648438
v 0.092297174036502838 4.3940582275390625 -54.954479217529297
v -0.68636810779571533 4.4354248046875 -54.856258392333984
v -2.1005563735961914 4.3827056884765625 -54.713771820068359
v -3.349078893661499 4.2031021118164063 -54.566562652587891
v -4.6988286972045898 3.778228759765625 -54.545860290527344
v -5.4397835731506348 3.4668426513671875 -54.531269073486328
v -6.1419491767883301 3.0941238403320313 -54.534900665283203
v -6.7950272560119629 2.6602020263671875 -54.557899475097656
v -7.3872551918029785 2.1662521362304688 -54.601345062255859
v -7.9055190086364746 1.6150894165039063 -54.666103363037109
v -8.3358430862426758 1.0118560791015625 -54.752613067626953
v -8.6769962310791016 0.33368682861328125 -54.866153717041016
v -9.4192790985107422 -0.9073486328125 -54.578357696533203
v -10.457976341247559 -0.450042724609375 -53.145378112792969
v 5.6868767738342285 0.6375579833984375 -58.141262054443359
v 5.3532085418701172 1.1799392700195313 -57.97576904296875
v 4.951594352722168 1.6606216430664063 -57.814781188964844
v 4.4964570999145508 2.0839996337890625 -57.659282684326172
v 3.8331630229949951 2.5918121337890625 -57.414615631103516
v 2.6332731246948242 3.1941299438476563 -57.096027374267578
v 1.4233120679855347 3.5304183959960938 -56.922817230224609
v 0.7353825569152832 3.6610565185546875 -56.800830841064453
v 0.052474096417427063 3.7397079467773438 -56.691062927246094
v -0.61357849836349487 3.77001953125 -56.594303131103516
v -1.825985312461853 3.7183074951171875 -56.444011688232422
v -2.6873517036437988 3.5746688842773438 -56.357349395751953
v -3.5725171566009521 3.3662109375 -56.262554168701172
v -4.6755132675170898 2.9163360595703125 -56.234733581542969
v -5.2747769355773926 2.5948944091796875 -56.225078582763672
v -5.8318591117858887 2.2217025756835938 -56.232616424560547
v -6.3367037773132324 1.7978286743164063 -56.258460998535156
v -6.7781057357788086 1.32574462890625 -56.303585052490234
v -7.144129753112793 0.8099212646484375 -56.368602752685547
v -7.4336466789245605 0.23091888427734375 -56.457992553710938
v -7.6522908210754395 -0.4312591552734375 -56.5692138671875
v 5.0649218559265137 0.1495208740234375 -59.838798522949219
v 6.8225579261779785 -0.501434326171875 -57.206245422363281
v 6.3662786483764648 -0.97223663330078125 -58.120010375976563
v 4.7857298851013184 0.67716217041015625 -59.701427459716797
v 4.5064868927001953 1.132781982421875 -59.553085327148438
v 3.9553902149200439 1.7475967407226563 -59.322769165039063
v 3.3514800071716309 2.2137908935546875 -59.122512817382813
v 2.47088623046875 2.6998443603515625 -58.878768920898438
v 1.6426378488540649 3.003204345703125 -58.624721527099609
v 0.63975316286087036 3.2001495361328125 -58.464992523193359
v 0.06779816746711731 3.26275634765625 -58.359432220458984
v -0.49005922675132751 3.2846755981445313 -58.265388488769531
v -1.5046645402908325 3.2356033325195313 -58.113971710205078
v -2.6744914054870605 3.0119400024414063 -57.973518371582031
v -3.7686159610748291 2.6190032958984375 -57.882038116455078
v -4.5551977157592773 2.1904754638671875 -57.841537475585938
v -5.2844514846801758 1.5899734497070313 -57.885997772216797
v -5.6543593406677246 1.1893997192382813 -57.918178558349609
v -5.961151123046875 0.75234222412109375 -57.968738555908203
v -6.2038888931274414 0.26241302490234375 -58.041568756103516
v -6.3516511917114258 -0.2262725830078125 -58.129276275634766
v 4.0002017021179199 0.8372802734375 -61.139247894287109
v 4.1721839904785156 0.39096832275390625 -61.363246917724609
v 3.6057536602020264 1.4679718017578125 -60.858253479003906
v 2.968742847442627 2.031494140625 -60.65740966796875
v 2.3317759037017822 2.4328460693359375 -60.396968841552734
v 1.5477843284606934 2.7332763671875 -60.220672607421875
v 0.95312565565109253 2.8981552124023438 -60.034049987792969
v 0.13839451968669891 2.9969711303710938 -59.902130126953125
v -0.31953743100166321 3.0131683349609375 -59.816242218017578
v -1.1530689001083374 2.965728759765625 -59.680881500244141
v -2.0890955924987793 2.7808151245117188 -59.558280944824219
v -3.0022408962249756 2.4403305053710938 -59.486427307128906
v -3.5301163196563721 2.1405258178710938 -59.464076995849609
v -4.0501666069030762 1.7872848510742188 -59.428195953369141
v -4.6855225563049316 1.1216201782226563 -59.480869293212891
v -5.0248069763183594 0.442962646484375 -59.627449035644531
v -5.2415018081665039 -0.10355377197265625 -59.661529541015625
v 3.4994869232177734 0.79573822021484375 -62.529762268066406
v 3.6157684326171875 0.29990386962890625 -62.681339263916016
v 3.2782144546508789 1.3616867065429688 -62.256221771240234
v 2.8042612075805664 1.9332351684570313 -62.008739471435547
v 2.2709980010986328 2.3527374267578125 -61.857799530029297
v 1.6765025854110718 2.6583023071289063 -61.581527709960938
v 1.0266398191452026 2.8584823608398438 -61.447391510009766
v 0.52558416128158569 2.9534378051757813 -61.283157348632813
v -0.10606427490711212 2.9875411987304688 -61.208274841308594
v -0.77073347568511963 2.9493789672851563 -61.094337463378906
v -1.5308489799499512 2.7915115356445313 -61.015262603759766
v -2.1763670444488525 2.554046630859375 -60.937042236328125
v -2.8552825450897217 2.1634368896484375 -60.940921783447266
v -3.4389023780822754 1.6460037231445313 -61.003925323486328
v -3.8605875968933105 1.0148849487304688 -61.14959716796875
v -4.1840605735778809 0.23348236083984375 -61.231216430664063
v 3.1256532669067383 1.1527786254882813 -64.097671508789063
v 2.9546372890472412 1.7357559204101563 -63.812084197998047
v 2.6974899768829346 2.2192535400390625 -63.623817443847656
v 2.3121762275695801 2.5202102661132813 -63.083168029785156
v 1.854486346244812 2.8172454833984375 -62.861598968505859
v 1.2061470746994019 3.1054611206054688 -62.710567474365234
v 0.49735134840011597 3.2245407104492188 -62.451793670654297
v -0.36321023106575012 3.2030868530273438 -62.408115386962891
v -1.2201677560806274 3.0040817260742188 -62.359683990478516
v -1.8940329551696777 2.666259765625 -62.42364501953125
v -2.4132258892059326 2.2610931396484375 -62.531242370605469
v -2.8295073509216309 1.7502212524414063 -62.7071533203125
v -3.0670459270477295 1.1673049926757813 -63.04705810546875
v 3.3451745510101318 1.6866989135742188 -65.474998474121094
v 3.160923957824707 2.3644943237304688 -65.036964416503906
v 2.5275402069091797 3.1558914184570313 -64.407142639160156
v 1.8311784267425537 3.6842117309570313 -64.183219909667969
v 0.82255488634109497 3.7555465698242188 -63.678218841552734
v 0.084352262318134308 3.8128738403320313 -63.6878662109375
v -0.64711117744445801 3.7134475708007813 -63.889293670654297
v -1.3094040155410767 3.4764785766601563 -64.2432861328125
v -1.9651092290878296 2.85198974609375 -64.37744140625
v -2.5533037185668945 1.83282470703125 -64.541877746582031
v 3.4705872535705566 3.3141632080078125 -65.804107666015625
v 7.4112124443054199 4.099456787109375 -30.816921234130859
v 6.4375123977661133 4.4967269897460938 -30.4971923828125
v 6.5635137557983398 2.964813232421875 -30.334928512573242
v 8.8754415512084961 3.4021377563476563 -31.226669311523438
v 6.9091873168945313 5.5009994506835938 -30.872411727905273
v 6.5917901992797852 6.0992889404296875 -30.884841918945313
v 5.453768253326416 6.5981063842773438 -30.607082366943359
v 5.4562005996704102 7.5697784423828125 -30.874147415161133
v 4.174046516418457 8.3501663208007813 -30.737222671508789
v 11.236405372619629 3.53564453125 -32.19378662109375
v 9.9047927856445313 2.4434738159179688 -31.517610549926758
v 12.118112564086914 2.3513031005859375 -32.497684478759766
v 3.4313788414001465 9.0133819580078125 -30.750022888183594
v 1.9022139310836792 9.5561294555664063 -30.602254867553711
v 2.466433048248291 8.8465728759765625 -30.474296569824219
v 1.2477951049804688 9.0356063842773438 -30.290191650390625
v 0.14352841675281525 9.2336044311523438 -30.206073760986328
v -0.68914812803268433 9.7100601196289063 -30.272098541259766
v -1.7896054983139038 8.6601181030273438 -29.788003921508789
v 14.064682960510254 2.6708755493164063 -33.673793792724609
v 15.484453201293945 1.545196533203125 -34.740291595458984
v 16.913846969604492 1.9834976196289063 -36.519882202148438
v 17.538566589355469 1.4900588989257813 -38.087600708007813
v 17.763454437255859 0.94428253173828125 -39.694614410400391
v 17.181560516357422 0.93144989013671875 -42.835128784179688
v 16.472286224365234 0.1331939697265625 -44.534622192382813
v 14.663362503051758 -1.121337890625 -47.684978485107422
v 15.510994911193848 -0.63513946533203125 -46.366680145263672
v -5.0428543090820313 7.7733154296875 -29.509904861450195
v -3.6339905261993408 7.9734344482421875 -29.541343688964844
v -7.0592527389526367 5.0382080078125 -29.020538330078125
v -6.6179909706115723 5.886077880859375 -29.14421272277832
v -6.078331470489502 6.6735382080078125 -29.279079437255859
v -4.768153190612793 6.840240478515625 -29.218658447265625
v -7.4734206199645996 3.8273849487304688 -28.872953414916992
v -6.5743536949157715 3.3096694946289063 -28.684503555297852
v -11.782772064208984 2.47442626953125 -29.441139221191406
v -13.153980255126953 2.3690948486328125 -29.919759750366211
v -17.604026794433594 1.56195068359375 -37.099212646484375
v -15.467337608337402 0.57320404052734375 -31.367563247680664
v -17.050422668457031 1.3061676025390625 -33.610527038574219
v -17.271306991577148 1.0449066162109375 -39.856040954589844
v -14.372940063476563 1.422515869140625 -30.514419555664063
v -17.476968765258789 0.84499359130859375 -35.142753601074219
v -16.6412353515625 0.74259185791015625 -42.163547515869141
v -15.990321159362793 0.404388427734375 -44.008430480957031
v 12.780300140380859 -1.6919403076171875 -50.109359741210938
v 11.044354438781738 -2.5763931274414063 -52.126544952392578
v 9.959965705871582 -1.7232666015625 -53.302974700927734
v 8.7764453887939453 -1.59912109375 -54.762096405029297
v 7.716315746307373 -1.4702606201171875 -56.188488006591797
v 4.1943144798278809 -0.7435302734375 -61.632740020751953
v 3.4509994983673096 -0.4473876953125 -62.940376281738281
v 3.1338520050048828 0.66109466552734375 -64.8658447265625
v 3.8577756881713867 2.61114501953125 -66.418952941894531
v 2.5706002712249756 4.2372207641601563 -65.211166381835938
v 3.8898177146911621 1.7195510864257813 -67.080680847167969
v 0.98971176147460938 4.7507781982421875 -64.889358520507813
v -14.220767021179199 -0.29340362548828125 -47.721260070800781
v -15.184941291809082 0.036956787109375 -45.845600128173828
v -13.193792343139648 -0.60977935791015625 -49.466766357421875
v -12.284067153930664 -0.76979827880859375 -50.840805053710938
v -7.6712179183959961 -1.4100189208984375 -56.794231414794922
v -4.1480779647827148 -0.52103424072265625 -61.453140258789063
v -3.1565544605255127 -0.1270904541015625 -63.342536926269531
v -2.592825174331665 0.8795013427734375 -65.152442932128906
v 0.13579180836677551 4.6832199096679688 -64.916336059570313
v -0.71371006965637207 4.4499588012695313 -65.071365356445313
v -1.6267304420471191 3.8901290893554688 -65.486228942871094
v -2.1814408302307129 3.2333221435546875 -65.942230224609375
v -2.5266273021697998 2.3265380859375 -66.643844604492188
v 3.3317732810974121 3.89727783203125 -27.06036376953125
v 1.8848727941513062 2.4384307861328125 -24.002647399902344
v 3.2474055290222168 2.6510772705078125 -26.289602279663086
v 1.6597453355789185 2.8078384399414063 -24
v 2.7239863872528076 4.4501876831054688 -26.786659240722656
v 1.3994071483612061 3.1207962036132813 -24
v 2.1075949668884277 4.7809677124023438 -26.521425247192383
v 1.0814540386199951 3.37432861328125 -24
v 1.5424407720565796 5.0805740356445313 -26.460744857788086
v 0.95947635173797607 5.3781890869140625 -26.542446136474609
v 0.72689896821975708 3.5551605224609375 -24
v 0.35708364844322205 6.0597152709960938 -27.350320816040039
v 0.35925659537315369 3.6594009399414063 -24
v -0.21915557980537415 5.3812789916992188 -26.366237640380859
v -2.4266444409448695E-10 3.6919326782226563 -24
v -0.55250388383865356 4.4747695922851563 -25.173067092895508
v -0.6046825647354126 3.6219940185546875 -24.01776123046875
v -1.3993211984634399 5.172515869140625 -26.46790885925293
v -1.1159056425094604 3.3516769409179688 -24
v -2.1762545108795166 4.6314697265625 -26.42713737487793
v -1.4927568435668945 3.0691452026367188 -24.001796722412109
v -3.1261937618255615 2.56890869140625 -26.051385879516602
v -2.0091018676757813 1.827178955078125 -24.002836227416992
v -1.9095401763916016 2.313018798828125 -24.001131057739258
v -0.87457901239395142 6.6123275756835938 -28.184394836425781
v 2.5636732578277588 1.8328475952148438 -24.986429214477539
v 1.9940484762191772 1.2479476928710938 -24.020561218261719
v -2.6793036460876465 3.82208251953125 -26.160249710083008
v -2.4726638793945313 2.82012939453125 -25.144802093505859
v -3.5506808757781982 1.477325439453125 -26.588417053222656
v 4.4143795967102051 2.7757644653320313 -28.257282257080078
v 2.0816740989685059 6.802001953125 -28.984785079956055
v 2.8346478939056396 6.5727996826171875 -29.202449798583984
v 3.8411054611206055 5.64813232421875 -29.177703857421875
v 4.955136775970459 3.3695526123046875 -29.105697631835938
v 4.4000835418701172 4.7632064819335938 -29.136026382446289
v 0.98494488000869751 7.02764892578125 -28.782516479492188
v -2.2668428421020508 5.98089599609375 -27.998622894287109
v 3.7595345973968506 1.7604141235351563 -27.11676025390625
v 6.2050108909606934 -12.841953277587891 -35.482784271240234
v 6.9271821975708008 -12.831813812255859 -36.824424743652344
v 7.4283833503723145 -11.290126800537109 -35.214012145996094
v -0.22659234702587128 -11.033702850341797 -31.834800720214844
v 1.7233973741531372 -11.062629699707031 -32.101341247558594
v 2.1183102130889893 -9.4366455078125 -31.040679931640625
v 1.7233973741531372 -11.062629699707031 -32.101341247558594
v 4.3570742607116699 -10.838119506835938 -32.712776184082031
v 3.7667171955108643 -9.4232063293457031 -31.428449630737305
v 6.1239995956420898 -9.4399375915527344 -32.319553375244141
v 4.3570742607116699 -10.838119506835938 -32.712776184082031
v 5.9137725830078125 -10.858642578125 -33.513072967529297
v -0.062454503029584885 -9.2346687316894531 -30.564470291137695
v 2.1183102130889893 -9.4366455078125 -31.040679931640625
v 8.2170419692993164 -11.370433807373047 -36.353923797607422
v 8.330082893371582 -11.736053466796875 -37.68408203125
v 7.411841869354248 -12.850898742675781 -39.205364227294922
v 8.4366827011108398 -11.985588073730469 -40.329174041748047
v 11.054862022399902 -10.219890594482422 -38.436691284179688
v 6.9271821975708008 -12.831813812255859 -36.824424743652344
v 3.5303719043731689 -11.899112701416016 -49.633312225341797
v 2.7297630310058594 -12.842327117919922 -48.646343231201172
v 1.4038959741592407 -11.765716552734375 -50.671794891357422
v 2.7297630310058594 -12.842327117919922 -48.646343231201172
v 1.2733618021011353 -12.825527191162109 -49.549877166748047
v 1.4038959741592407 -11.765716552734375 -50.671794891357422
v 8.4366827011108398 -11.985588073730469 -40.329174041748047
v 7.3388252258300781 -12.843791961669922 -40.601203918457031
v 8.0368022918701172 -12.104518890380859 -42.257194519042969
v 6.6468563079833984 -11.392673492431641 -48.467636108398438
v 4.1648674011230469 -12.817359924316406 -47.283622741699219
v 3.5303719043731689 -11.899112701416016 -49.633312225341797
v -0.37434661388397217 -12.852832794189453 -49.776782989501953
v -0.99587464332580566 -11.580863952636719 -50.985397338867188
v 2.9978275299072266 -12.836570739746094 -33.419219970703125
v 4.3570742607116699 -10.838119506835938 -32.712776184082031
v 1.7233973741531372 -11.062629699707031 -32.101341247558594
v -0.22659234702587128 -11.033702850341797 -31.834800720214844
v 0.97356182336807251 -12.837505340576172 -33.022609710693359
v 5.4291472434997559 -12.834518432617188 -34.638412475585938
v 6.6992254257202148 -11.164680480957031 -34.34124755859375
v 5.9137725830078125 -10.858642578125 -33.513072967529297
v 7.4283833503723145 -11.290126800537109 -35.214012145996094
v 6.2050108909606934 -12.841953277587891 -35.482784271240234
v 4.4073028564453125 -12.843925476074219 -33.986446380615234
v 6.7065315246582031 -12.781303405761719 -43.246086120605469
v 7.411841869354248 -12.850898742675781 -39.205364227294922
v -1.9091600179672241 1.5996475219726563 -67.209686279296875
v -2.4237756729125977 1.6701202392578125 -67.101364135742188
v -2.5266273021697998 2.3265380859375 -66.643844604492188
v -2.1360688209533691 0.97266387939453125 -67.610153198242188
v -0.66485202312469482 0.30623626708984375 -68.247215270996094
v -0.59033298492431641 -0.21903228759765625 -68.467506408691406
v -1.3440964221954346 0.1920166015625 -68.167564392089844
v -1.4515424966812134 0.83026123046875 -67.815971374511719
v -1.9861795902252197 2.5070037841796875 -66.513916015625
v 0.34695690870285034 0.01834869384765625 -68.50567626953125
v 0.50322884321212769 -0.43209075927734375 -68.650070190429688
v 1.4203016757965088 0.0969390869140625 -68.487861633300781
v 2.3312666416168213 -0.08898162841796875 -68.388343811035156
v 1.2982082366943359 -0.4019622802734375 -68.603988647460938
v 3.4005587100982666 1.5210418701171875 -67.506149291992188
v 3.6133742332458496 1.0501480102539063 -67.5518798828125
v 3.136106014251709 0.4517974853515625 -67.992446899414063
v 2.4362492561340332 0.49204254150390625 -68.233367919921875
v 3.8898177146911621 1.7195510864257813 -67.080680847167969
v 0.34364202618598938 4.3716583251953125 -65.213211059570313
v 0.98971176147460938 4.7507781982421875 -64.889358520507813
v 1.7851752042770386 4.2877883911132813 -65.365928649902344
v -1.4984040260314941 3.4500045776367188 -65.81591796875
v -1.6267304420471191 3.8901290893554688 -65.486228942871094
v -0.64489340782165527 4.056243896484375 -65.398452758789063
v 3.3954250812530518 2.85009765625 -66.522636413574219
v 3.8577756881713867 2.61114501953125 -66.418952941894531
v 3.8898177146911621 1.7195510864257813 -67.080680847167969
v 3.4705872535705566 3.3141632080078125 -65.804107666015625
v 2.9147214889526367 3.6305084228515625 -65.921546936035156
v 2.5706002712249756 4.2372207641601563 -65.211166381835938
v 3.4005587100982666 1.5210418701171875 -67.506149291992188
v -0.71371006965637207 4.4499588012695313 -65.071365356445313
v 0.13579180836677551 4.6832199096679688 -64.916336059570313
v -2.1814408302307129 3.2333221435546875 -65.942230224609375
v -1.9861795902252197 2.5070037841796875 -66.513916015625
v -2.5266273021697998 2.3265380859375 -66.643844604492188
v -6.9839706420898438 -12.846931457519531 -36.342662811279297
v -7.6218056678771973 -12.843730926513672 -38.026279449462891
v -7.0155301094055176 -12.483982086181641 -37.172466278076172
v -7.4477496147155762 -12.470554351806641 -38.99359130859375
v -7.7016921043395996 -12.845333099365234 -39.915542602539063
v -7.1255550384521484 -12.439620971679688 -41.692951202392578
v -7.1733155250549316 -12.812885284423828 -42.513446807861328
v -4.393254280090332 -12.426540374755859 -46.6881103515625
v -6.1557803153991699 -12.416984558105469 -44.280887603759766
v -5.8447995185852051 -12.846736907958984 -45.194278717041016
v -4.602048397064209 -12.850044250488281 -46.800426483154297
v -2.9404747486114502 -12.841606140136719 -48.437305450439453
v -2.3568296432495117 -12.4771728515625 -48.529266357421875
v -1.5922576189041138 -12.845817565917969 -49.353897094726563
v -0.43165794014930725 -12.516689300537109 -49.450885772705078
v -2.3529000282287598 -12.839008331298828 -33.164455413818359
v -0.47646751999855042 -12.5919189453125 -33.312671661376953
v -0.88903528451919556 -12.840015411376953 -32.953224182128906
v -5.7204899787902832 -12.834369659423828 -34.803909301757813
v -4.1898970603942871 -12.526630401611328 -34.196247100830078
v -4.1363091468811035 -12.834510803222656 -33.739536285400391
v 0.97356182336807251 -12.837505340576172 -33.022609710693359
v -2.6184482574462891 -12.556598663330078 -33.625682830810547
v -5.9926667213439941 -12.495567321777344 -35.495559692382813
v 1.3646218776702881 -12.501163482666016 -49.143306732177734
v 1.2733618021011353 -12.825527191162109 -49.549877166748047
v 2.7297630310058594 -12.842327117919922 -48.646343231201172
v 3.2253310680389404 -12.457134246826172 -47.864608764648438
v 4.1648674011230469 -12.817359924316406 -47.283622741699219
v 6.8109111785888672 -12.457218170166016 -42.068256378173828
v 5.9888176918029785 -12.43939208984375 -44.195587158203125
v 6.7065315246582031 -12.781303405761719 -43.246086120605469
v 7.085235595703125 -12.475452423095703 -39.900043487548828
v 7.3388252258300781 -12.843791961669922 -40.601203918457031
v 6.8824853897094727 -12.497013092041016 -37.82171630859375
v 7.411841869354248 -12.850898742675781 -39.205364227294922
v 6.2050108909606934 -12.841953277587891 -35.482784271240234
v 5.4291472434997559 -12.834518432617188 -34.638412475585938
v 6.051053524017334 -12.555667877197266 -35.913089752197266
v 4.7128658294677734 -12.605747222900391 -34.586765289306641
v 4.4073028564453125 -12.843925476074219 -33.986446380615234
v 2.9978275299072266 -12.836570739746094 -33.419219970703125
v 2.5471782684326172 -12.610610961914063 -33.728816986083984
v 0.97356182336807251 -12.837505340576172 -33.022609710693359
v -0.47646751999855042 -12.5919189453125 -33.312671661376953
v -0.43165794014930725 -12.516689300537109 -49.450885772705078
v -0.37434661388397217 -12.852832794189453 -49.776782989501953
v 5.5359892845153809 -12.818851470947266 -45.495227813720703
v 5.0145387649536133 -12.434329986572266 -45.814060211181641
v 6.9271821975708008 -12.831813812255859 -36.824424743652344
v 5.9137725830078125 -10.858642578125 -33.513072967529297
v 1.9022139310836792 9.5561294555664063 -30.602254867553711
v 3.4313788414001465 9.0133819580078125 -30.750022888183594
v -2.5717601776123047 9.9818344116210938 -30.199525833129883
v 4.955136775970459 3.3695526123046875 -29.105697631835938
v 4.4143795967102051 2.7757644653320313 -28.257282257080078
v -9.7662773132324219 2.6641159057617188 -29.007558822631836
v 5.9068546295166016 -1.3618621826171875 -58.870361328125
v -6.3867664337158203 -1.1835556030273438 -58.355800628662109
v -5.149132251739502 -0.75612640380859375 -59.966255187988281
v -0.37434661388397217 -12.852832794189453 -49.776782989501953
v 9.4550151824951172 0.301727294921875 -31.247018814086914
v 9.7548885345458984 1.3767242431640625 -31.39497184753418
v 9.4550151824951172 0.301727294921875 -31.247018814086914
v 11.905562400817871 1.0201263427734375 -32.340286254882813
v 11.905562400817871 1.0201263427734375 -32.340286254882813
v 13.946483612060547 1.3630828857421875 -33.545867919921875
v 12.118112564086914 2.3513031005859375 -32.497684478759766
v 11.905562400817871 1.0201263427734375 -32.340286254882813
v 13.946483612060547 1.3630828857421875 -33.545867919921875
v 15.484453201293945 1.545196533203125 -34.740291595458984
v 16.380733489990234 0.28502655029296875 -35.932029724121094
v 16.380733489990234 0.28502655029296875 -35.932029724121094
v 15.484453201293945 1.545196533203125 -34.740291595458984
v 17.763454437255859 0.94428253173828125 -39.694614410400391
v 17.538566589355469 1.4900588989257813 -38.087600708007813
v 17.538566589355469 1.4900588989257813 -38.087600708007813
v 16.913846969604492 1.9834976196289063 -36.519882202148438
v 17.763454437255859 0.94428253173828125 -39.694614410400391
v 3.1876964569091797 0.83502197265625 -66.035728454589844
v 3.1338520050048828 0.66109466552734375 -64.8658447265625
v 7.3585104942321777 0.19695281982421875 -30.513935089111328
v 9.4550151824951172 0.301727294921875 -31.247018814086914
v 7.5414190292358398 1.0309066772460938 -30.595712661743164
v 17.181560516357422 0.93144989013671875 -42.835128784179688
v 17.181560516357422 0.93144989013671875 -42.835128784179688
v 16.472286224365234 0.1331939697265625 -44.534622192382813
v 3.136106014251709 0.4517974853515625 -67.992446899414063
v 3.136106014251709 0.4517974853515625 -67.992446899414063
v 3.0303137302398682 0.4327850341796875 -66.797035217285156
v 5.0649218559265137 0.1495208740234375 -59.838798522949219
v 3.1338520050048828 0.66109466552734375 -64.8658447265625
v 3.1256532669067383 1.1527786254882813 -64.097671508789063
v 5.1736512184143066 0.23416900634765625 -29.330705642700195
v 4.303807258605957 0.4056396484375 -28.459196090698242
v 5.1736512184143066 0.23416900634765625 -29.330705642700195
v 3.0428259372711182 0.14502716064453125 -26.798744201660156
v 3.6460793018341064 0.76670074462890625 -27.343421936035156
v 7.5414190292358398 1.0309066772460938 -30.595712661743164
v 5.9492897987365723 1.2818527221679688 -29.840873718261719
v 1.6067562103271484 0.46175384521484375 -24.009950637817383
v 1.1075360774993896 0.017608642578125 -24.000724792480469
v 3.0428259372711182 0.14502716064453125 -26.798744201660156
v 1.6067562103271484 0.46175384521484375 -24.009950637817383
v 1.1075360774993896 0.017608642578125 -24.000724792480469
v 12.51396369934082 0.90301513671875 -49.645656585693359
v 13.94146728515625 1.6355819702148438 -47.868118286132813
v 11.114294052124023 0.49109649658203125 -51.238010406494141
v 12.51396369934082 0.90301513671875 -49.645656585693359
v 10.102533340454102 0.2911529541015625 -52.420230865478516
v 11.114294052124023 0.49109649658203125 -51.238010406494141
v 9.0521240234375 0.15239715576171875 -53.728858947753906
v 10.102533340454102 0.2911529541015625 -52.420230865478516
v 7.9921102523803711 0.06409454345703125 -55.170013427734375
v 9.0521240234375 0.15239715576171875 -53.728858947753906
v 6.9361753463745117 0.0318450927734375 -56.716888427734375
v 7.9921102523803711 0.06409454345703125 -55.170013427734375
v 5.0649218559265137 0.1495208740234375 -59.838798522949219
v 15.052645683288574 0.70232391357421875 -46.863201141357422
v 16.02092170715332 1.494171142578125 -45.198177337646484
v 16.472286224365234 0.1331939697265625 -44.534622192382813
v 15.052645683288574 0.70232391357421875 -46.863201141357422
v 15.052645683288574 0.70232391357421875 -46.863201141357422
v 3.6157684326171875 0.29990386962890625 -62.681339263916016
v 4.1721839904785156 0.39096832275390625 -61.363246917724609
v 3.6157684326171875 0.29990386962890625 -62.681339263916016
v 3.1256532669067383 1.1527786254882813 -64.097671508789063
v 0.34695690870285034 0.01834869384765625 -68.50567626953125
v 1.4203016757965088 0.0969390869140625 -68.487861633300781
v 1.4203016757965088 0.0969390869140625 -68.487861633300781
v 3.136106014251709 0.4517974853515625 -67.992446899414063
v 2.4362492561340332 0.49204254150390625 -68.233367919921875
v 1.4203016757965088 0.0969390869140625 -68.487861633300781
v 2.4362492561340332 0.49204254150390625 -68.233367919921875
v 16.380733489990234 0.28502655029296875 -35.932029724121094
v 16.913846969604492 1.9834976196289063 -36.519882202148438
v 16.380733489990234 0.28502655029296875 -35.932029724121094
v 3.1338520050048828 0.66109466552734375 -64.8658447265625
v 3.1876964569091797 0.83502197265625 -66.035728454589844
v 3.1876964569091797 0.83502197265625 -66.035728454589844
v 3.0303137302398682 0.4327850341796875 -66.797035217285156
v 4.303807258605957 0.4056396484375 -28.459196090698242
v 5.9492897987365723 1.2818527221679688 -29.840873718261719
v 5.1736512184143066 0.23416900634765625 -29.330705642700195
v 4.303807258605957 0.4056396484375 -28.459196090698242
v 3.6460793018341064 0.76670074462890625 -27.343421936035156
v 13.94146728515625 1.6355819702148438 -47.868118286132813
v 15.052645683288574 0.70232391357421875 -46.863201141357422
v 12.51396369934082 0.90301513671875 -49.645656585693359
v 11.114294052124023 0.49109649658203125 -51.238010406494141
v 6.9361753463745117 0.0318450927734375 -56.716888427734375
v 5.6868767738342285 0.6375579833984375 -58.141262054443359
v 6.9361753463745117 0.0318450927734375 -56.716888427734375
v 5.6868767738342285 0.6375579833984375 -58.141262054443359
v 5.0649218559265137 0.1495208740234375 -59.838798522949219
v 5.0649218559265137 0.1495208740234375 -59.838798522949219
v 0.34695690870285034 0.01834869384765625 -68.50567626953125
v 9.9047927856445313 2.4434738159179688 -31.517610549926758
v 12.118112564086914 2.3513031005859375 -32.497684478759766
v 14.064682960510254 2.6708755493164063 -33.673793792724609
v 12.118112564086914 2.3513031005859375 -32.497684478759766
v 14.064682960510254 2.6708755493164063 -33.673793792724609
v 9.9047927856445313 2.4434738159179688 -31.517610549926758
v 9.9047927856445313 2.4434738159179688 -31.517610549926758
v 4.4143795967102051 2.7757644653320313 -28.257282257080078
v 5.4392671585083008 2.3736648559570313 -29.447635650634766
v 6.5635137557983398 2.964813232421875 -30.334928512573242
v 5.4392671585083008 2.3736648559570313 -29.447635650634766
v 15.76056957244873 3.1739578247070313 -44.958980560302734
v 13.512346267700195 3.1290664672851563 -47.520221710205078
v 14.370386123657227 3.8790435791015625 -46.245635986328125
v 13.512346267700195 3.1290664672851563 -47.520221710205078
v 10.188387870788574 2.7340621948242188 -50.614925384521484
v 11.515873908996582 3.5718917846679688 -48.892230987548828
v 9.0357255935668945 2.667724609375 -51.707473754882813
v 10.188387870788574 2.7340621948242188 -50.614925384521484
v 9.0357255935668945 2.667724609375 -51.707473754882813
v 9.0357255935668945 2.667724609375 -51.707473754882813
v 7.4806580543518066 2.9306793212890625 -52.877346038818359
v 7.8549466133117676 3.9421157836914063 -51.334358215332031
v 7.4806580543518066 2.9306793212890625 -52.877346038818359
v 5.2810535430908203 2.4093780517578125 -55.993267059326172
v 5.9391698837280273 3.035491943359375 -54.237415313720703
v 5.2810535430908203 2.4093780517578125 -55.993267059326172
v 5.2810535430908203 2.4093780517578125 -55.993267059326172
v 3.8331630229949951 2.5918121337890625 -57.414615631103516
v 4.1626920700073242 3.1853866577148438 -55.718540191650391
v 3.8331630229949951 2.5918121337890625 -57.414615631103516
v 3.8331630229949951 2.5918121337890625 -57.414615631103516
v 2.47088623046875 2.6998443603515625 -58.878768920898438
v 2.6332731246948242 3.1941299438476563 -57.096027374267578
v 2.3317759037017822 2.4328460693359375 -60.396968841552734
v 2.47088623046875 2.6998443603515625 -58.878768920898438
v 2.2709980010986328 2.3527374267578125 -61.857799530029297
v 2.2709980010986328 2.3527374267578125 -61.857799530029297
v 2.3317759037017822 2.4328460693359375 -60.396968841552734
v 2.3121762275695801 2.5202102661132813 -63.083168029785156
v 2.3121762275695801 2.5202102661132813 -63.083168029785156
v 2.2709980010986328 2.3527374267578125 -61.857799530029297
v 3.160923957824707 2.3644943237304688 -65.036964416503906
v 3.160923957824707 2.3644943237304688 -65.036964416503906
v 2.5275402069091797 3.1558914184570313 -64.407142639160156
v 2.5275402069091797 3.1558914184570313 -64.407142639160156
v 2.3121762275695801 2.5202102661132813 -63.083168029785156
v 15.942901611328125 3.5572509765625 -35.350246429443359
v 14.751383781433105 4.7652206420898438 -34.442562103271484
v 14.064682960510254 2.6708755493164063 -33.673793792724609
v 17.312707901000977 3.7284317016601563 -37.560459136962891
v 16.364883422851563 4.9690475463867188 -36.163440704345703
v 15.942901611328125 3.5572509765625 -35.350246429443359
v 17.680143356323242 3.8909912109375 -39.560546875
v 16.866216659545898 2.4212875366210938 -43.340744018554688
v 17.680143356323242 3.8909912109375 -39.560546875
v 17.312707901000977 3.7284317016601563 -37.560459136962891
v 16.866216659545898 2.4212875366210938 -43.340744018554688
v 17.599660873413086 2.5887832641601563 -41.201438903808594
v 3.8577756881713867 2.61114501953125 -66.418952941894531
v 3.160923957824707 2.3644943237304688 -65.036964416503906
v 3.8577756881713867 2.61114501953125 -66.418952941894531
v 1.8848727941513062 2.4384307861328125 -24.002647399902344
v 3.2474055290222168 2.6510772705078125 -26.289602279663086
v 1.8848727941513062 2.4384307861328125 -24.002647399902344
v 4.4143795967102051 2.7757644653320313 -28.257282257080078
v 3.2474055290222168 2.6510772705078125 -26.289602279663086
v 3.3954250812530518 2.85009765625 -66.522636413574219
v 3.8577756881713867 2.61114501953125 -66.418952941894531
v 3.3954250812530518 2.85009765625 -66.522636413574219
v 15.76056957244873 3.1739578247070313 -44.958980560302734
v 16.866216659545898 2.4212875366210938 -43.340744018554688
v 14.370386123657227 3.8790435791015625 -46.245635986328125
v 15.76056957244873 3.1739578247070313 -44.958980560302734
v 11.515873908996582 3.5718917846679688 -48.892230987548828
v 13.512346267700195 3.1290664672851563 -47.520221710205078
v 5.9391698837280273 3.035491943359375 -54.237415313720703
v 7.4806580543518066 2.9306793212890625 -52.877346038818359
v 17.599660873413086 2.5887832641601563 -41.201438903808594
v 17.680143356323242 3.8909912109375 -39.560546875
v 3.2474055290222168 2.6510772705078125 -26.289602279663086
v 16.913846969604492 1.9834976196289063 -36.519882202148438
v 14.833957672119141 2.2810211181640625 -46.576759338378906
v 14.833957672119141 2.2810211181640625 -46.576759338378906
v 14.833957672119141 2.2810211181640625 -46.576759338378906
v 12.096745491027832 2.2160797119140625 -49.329074859619141
v 12.096745491027832 2.2160797119140625 -49.329074859619141
v 12.096745491027832 2.2160797119140625 -49.329074859619141
v 6.7196111679077148 2.2534027099609375 -54.538581848144531
v 6.7196111679077148 2.2534027099609375 -54.538581848144531
v 6.7196111679077148 2.2534027099609375 -54.538581848144531
v 14.833957672119141 2.2810211181640625 -46.576759338378906
v 12.096745491027832 2.2160797119140625 -49.329074859619141
v 8.5163850784301758 -1.5593490600585938 -30.931453704833984
v 10.384875297546387 -2.5456619262695313 -31.782951354980469
v 10.384875297546387 -2.5456619262695313 -31.782951354980469
v 12.935114860534668 -3.0304794311523438 -33.283164978027344
v 11.027792930603027 -1.4599685668945313 -31.97852897644043
v 10.384875297546387 -2.5456619262695313 -31.782951354980469
v 12.935114860534668 -3.0304794311523438 -33.283164978027344
v 14.189359664916992 -3.4513320922851563 -34.483642578125
v 14.692034721374512 -4.8600959777832031 -35.814071655273438
v 14.692034721374512 -4.8600959777832031 -35.814071655273438
v 15.483880043029785 -4.8952140808105469 -37.483589172363281
v 16.041885375976563 -4.6944961547851563 -41.311016082763672
v 16.473686218261719 -3.8744277954101563 -39.426662445068359
v 15.539946556091309 -4.7846717834472656 -43.671157836914063
v 16.041885375976563 -4.6944961547851563 -41.311016082763672
v 15.539946556091309 -4.7846717834472656 -43.671157836914063
v 14.310580253601074 -4.0824317932128906 -47.492515563964844
v 15.309084892272949 -3.6373214721679688 -45.731620788574219
v 13.36738109588623 -4.2982826232910156 -48.927570343017578
v 14.310580253601074 -4.0824317932128906 -47.492515563964844
v 13.36738109588623 -4.2982826232910156 -48.927570343017578
v 13.36738109588623 -4.2982826232910156 -48.927570343017578
v 12.924283981323242 -2.9705886840820313 -49.911270141601563
v 13.84378719329834 -2.818817138671875 -48.725334167480469
v 12.019049644470215 -2.99017333984375 -50.981838226318359
v 12.924283981323242 -2.9705886840820313 -49.911270141601563
v 11.044354438781738 -2.5763931274414063 -52.126544952392578
v 12.019049644470215 -2.99017333984375 -50.981838226318359
v 10.116306304931641 -2.74462890625 -53.157318115234375
v 11.044354438781738 -2.5763931274414063 -52.126544952392578
v 10.116306304931641 -2.74462890625 -53.157318115234375
v 3.3451745510101318 1.6866989135742188 -65.474998474121094
v 3.1876964569091797 0.83502197265625 -66.035728454589844
v 6.9358954429626465 -0.95441436767578125 -30.384233474731445
v 6.9358954429626465 -0.95441436767578125 -30.384233474731445
v 8.5163850784301758 -1.5593490600585938 -30.931453704833984
v 3.6133742332458496 1.0501480102539063 -67.5518798828125
v 3.6133742332458496 1.0501480102539063 -67.5518798828125
v 3.1876964569091797 0.83502197265625 -66.035728454589844
v 8.7764453887939453 -1.59912109375 -54.762096405029297
v 7.716315746307373 -1.4702606201171875 -56.188488006591797
v 10.116306304931641 -2.74462890625 -53.157318115234375
v 9.959965705871582 -1.7232666015625 -53.302974700927734
v 7.716315746307373 -1.4702606201171875 -56.188488006591797
v 8.7764453887939453 -1.59912109375 -54.762096405029297
v 6.3109426498413086 -0.13593292236328125 -30.106201171875
v 6.3109426498413086 -0.13593292236328125 -30.106201171875
v 3.7595345973968506 1.7604141235351563 -27.11676025390625
v 3.6460793018341064 0.76670074462890625 -27.343421936035156
v 6.8225579261779785 -0.501434326171875 -57.206245422363281
v 3.4994869232177734 0.79573822021484375 -62.529762268066406
v 4.1721839904785156 0.39096832275390625 -61.363246917724609
v 3.4994869232177734 0.79573822021484375 -62.529762268066406
v 3.1256532669067383 1.1527786254882813 -64.097671508789063
v 6.8225579261779785 -0.501434326171875 -57.206245422363281
v 7.716315746307373 -1.4702606201171875 -56.188488006591797
v 3.3451745510101318 1.6866989135742188 -65.474998474121094
v 3.1256532669067383 1.1527786254882813 -64.097671508789063
v 2.5636732578277588 1.8328475952148438 -24.986429214477539
v 3.4005587100982666 1.5210418701171875 -67.506149291992188
v 3.6133742332458496 1.0501480102539063 -67.5518798828125
v 14.189359664916992 -3.4513320922851563 -34.483642578125
v 14.692034721374512 -4.8600959777832031 -35.814071655273438
v 15.483880043029785 -4.8952140808105469 -37.483589172363281
v 14.692034721374512 -4.8600959777832031 -35.814071655273438
v 16.473686218261719 -3.8744277954101563 -39.426662445068359
v 15.483880043029785 -4.8952140808105469 -37.483589172363281
v 15.309084892272949 -3.6373214721679688 -45.731620788574219
v 15.539946556091309 -4.7846717834472656 -43.671157836914063
v 12.019049644470215 -2.99017333984375 -50.981838226318359
v 9.959965705871582 -1.7232666015625 -53.302974700927734
v 3.4005587100982666 1.5210418701171875 -67.506149291992188
v -0.041185259819030762 8.0155258178710938 -29.493246078491211
v -0.15252123773097992 7.2059783935546875 -28.77073860168457
v -0.041185259819030762 8.0155258178710938 -29.493246078491211
v -0.87457901239395142 6.6123275756835938 -28.184394836425781
v -0.15252123773097992 7.2059783935546875 -28.77073860168457
v -0.15252123773097992 7.2059783935546875 -28.77073860168457
v -1.7896054983139038 8.6601181030273438 -29.788003921508789
v 0.0018924039322882891 13.4622802734375 -31.7783203125
v 0.0022423854097723961 11.580451965332031 -30.989021301269531
v 0.0042031165212392807 15.080917358398438 -32.669868469238281
v 0.0018924039322882891 13.4622802734375 -31.7783203125
v -0.80624949932098389 16.4365234375 -33.673622131347656
v 0.0042031165212392807 15.080917358398438 -32.669868469238281
v -1.2048183679580688 17.3192138671875 -34.963081359863281
v -2.5497207641601563 16.514350891113281 -33.678310394287109
v -0.80624949932098389 16.4365234375 -33.673622131347656
v -0.86928236484527588 17.55364990234375 -36.099418640136719
v -1.2048183679580688 17.3192138671875 -34.963081359863281
v -0.57776206731796265 17.3319091796875 -37.239913940429688
v -0.86928236484527588 17.55364990234375 -36.099418640136719
v -0.57776206731796265 17.3319091796875 -37.239913940429688
v -0.17367403209209442 17.001640319824219 -38.010288238525391
v -0.80639290809631348 15.928466796875 -39.326358795166016
v -0.17367403209209442 17.001640319824219 -38.010288238525391
v -0.80639290809631348 15.928466796875 -39.326358795166016
v 0.075049892067909241 12.704124450683594 -42.884078979492188
v 0.075049892067909241 12.704124450683594 -42.884078979492188
v -1.5280708074569702 12.738746643066406 -42.600257873535156
v -2.3490760326385498 14.462081909179688 -40.583209991455078
v -0.24717457592487335 10.219612121582031 -45.662944793701172
v 0.075049892067909241 12.704124450683594 -42.884078979492188
v -0.42186599969863892 8.3270339965820313 -48.102027893066406
v -0.24717457592487335 10.219612121582031 -45.662944793701172
v -0.94851565361022949 7.3145294189453125 -49.544654846191406
v -0.42186599969863892 8.3270339965820313 -48.102027893066406
v -0.66423499584197998 6.1800155639648438 -51.377384185791016
v -0.94851565361022949 7.3145294189453125 -49.544654846191406
v -0.70468389987945557 5.2485809326171875 -53.10162353515625
v -0.66423499584197998 6.1800155639648438 -51.377384185791016
v -0.68636810779571533 4.4354248046875 -54.856258392333984
v -0.70468389987945557 5.2485809326171875 -53.10162353515625
v 0.052474096417427063 3.7397079467773438 -56.691062927246094
v 0.052474096417427063 3.7397079467773438 -56.691062927246094
v -0.61357849836349487 3.77001953125 -56.594303131103516
v -0.68636810779571533 4.4354248046875 -54.856258392333984
v 0.06779816746711731 3.26275634765625 -58.359432220458984
v 0.052474096417427063 3.7397079467773438 -56.691062927246094
v -0.31953743100166321 3.0131683349609375 -59.816242218017578
v 0.06779816746711731 3.26275634765625 -58.359432220458984
v -0.10606427490711212 2.9875411987304688 -61.208274841308594
v -0.10606427490711212 2.9875411987304688 -61.208274841308594
v -0.31953743100166321 3.0131683349609375 -59.816242218017578
v -0.10606427490711212 2.9875411987304688 -61.208274841308594
v -0.36321023106575012 3.2030868530273438 -62.408115386962891
v 0.0022423854097723961 11.580451965332031 -30.989021301269531
v -0.68914812803268433 9.7100601196289063 -30.272098541259766
v 0.0022423854097723961 11.580451965332031 -30.989021301269531
v -0.71371006965637207 4.4499588012695313 -65.071365356445313
v -0.64711117744445801 3.7134475708007813 -63.889293670654297
v -2.4266444409448695E-10 3.6919326782226563 -24
v -0.21915557980537415 5.3812789916992188 -26.366237640380859
v -2.4266444409448695E-10 3.6919326782226563 -24
v -0.87457901239395142 6.6123275756835938 -28.184394836425781
v -0.21915557980537415 5.3812789916992188 -26.366237640380859
v -0.64489340782165527 4.056243896484375 -65.398452758789063
v -0.71371006965637207 4.4499588012695313 -65.071365356445313
v -1.7896054983139038 8.6601181030273438 -29.788003921508789
v -0.041185259819030762 8.0155258178710938 -29.493246078491211
v -1.2048183679580688 17.3192138671875 -34.963081359863281
v -2.5497207641601563 16.514350891113281 -33.678310394287109
v -0.80624949932098389 16.4365234375 -33.673622131347656
v -0.86928236484527588 17.55364990234375 -36.099418640136719
v -2.3490760326385498 14.462081909179688 -40.583209991455078
v -0.80639290809631348 15.928466796875 -39.326358795166016
v -0.36321023106575012 3.2030868530273438 -62.408115386962891
v -0.10606427490711212 2.9875411987304688 -61.208274841308594
v -0.64711117744445801 3.7134475708007813 -63.889293670654297
v -0.36321023106575012 3.2030868530273438 -62.408115386962891
vt 0.28052854537963867 0.88717174530029297
vt 0.27915927767753601 0.89407378435134888
vt 0.26343119144439697 0.89260339736938477
vt 0.29777684807777405 0.88816297054290771
vt 0.29487067461013794 0.89540362358093262
vt 0.31584206223487854 0.88849681615829468
vt 0.31311500072479248 0.89568465948104858
vt 0.33376455307006836 0.88820087909698486
vt 0.33856886625289917 0.895832359790802
vt 0.36006161570549011 0.88986080884933472
vt 0.563454270362854 0.85761064291000366
vt 0.58354735374450684 0.85328060388565063
vt 0.58444869518280029 0.867381751537323
vt 0.60308718681335449 0.84875059127807617
vt 0.60409015417098999 0.86593437194824219
vt 0.62170314788818359 0.84413212537765503
vt 0.62429511547088623 0.86301809549331665
vt 0.63929456472396851 0.83950531482696533
vt 0.64045321941375732 0.85613161325454712
vt 0.65618300437927246 0.83485442399978638
vt 0.65741443634033203 0.85231411457061768
vt 0.67247366905212402 0.83022910356521606
vt 0.67377656698226929 0.84850740432739258
vt 0.68828248977661133 0.82569003105163574
vt 0.68965744972229004 0.84476053714752197
vt 0.70372700691223145 0.82130980491638184
vt 0.70517605543136597 0.84113258123397827
vt 0.71891880035400391 0.81717324256896973
vt 0.72044450044631958 0.8376929759979248
vt 0.73465579748153687 0.81320774555206299
vt 0.73626399040222168 0.83437937498092651
vt 0.75001019239425659 0.80968260765075684
vt 0.75129604339599609 0.83163273334503174
vt 0.28155699372291565 0.87537330389022827
vt 0.26437020301818848 0.88560283184051514
vt 0.29862836003303528 0.876270592212677
vt 0.31649681925773621 0.8764042854309082
vt 0.33421450853347778 0.87582534551620483
vt 0.35200598835945129 0.87464779615402222
vt 0.37594908475875854 0.86933374404907227
vt 0.39845675230026245 0.86620193719863892
vt 0.391172856092453 0.88416093587875366
vt 0.42204397916793823 0.8661840558052063
vt 0.4124068021774292 0.88184237480163574
vt 0.4423370361328125 0.85807454586029053
vt 0.4343736469745636 0.87912112474441528
vt 0.46760797500610352 0.85327994823455811
vt 0.45671945810317993 0.87606608867645264
vt 0.49772840738296509 0.85297960042953491
vt 0.4790155291557312 0.87275213003158569
vt 0.51595813035964966 0.86551749706268311
vt 0.53159552812576294 0.84231424331665039
vt 0.55559509992599487 0.83362960815429688
vt 0.54308110475540161 0.86168593168258667
vt 0.5718071460723877 0.8363075852394104
vt 0.59217369556427002 0.83050817251205444
vt 0.61014074087142944 0.8207206130027771
vt 0.62909621000289917 0.81353342533111572
vt 0.64661711454391479 0.80921477079391479
vt 0.66279041767120361 0.80252921581268311
vt 0.67906254529953003 0.7974698543548584
vt 0.69502323865890503 0.79209071397781372
vt 0.71005350351333618 0.79461514949798584
vt 0.72585499286651611 0.78992527723312378
vt 0.74026972055435181 0.78620707988739014
vt 0.753135085105896 0.78334200382232666
vt 0.265552818775177 0.87379354238510132
vt 0.25877588987350464 0.85410058498382568
vt 0.27559128403663635 0.85504794120788574
vt 0.29191035032272339 0.85591340065002441
vt 0.30709493160247803 0.84990900754928589
vt 0.32394960522651672 0.84940546751022339
vt 0.34260615706443787 0.84776723384857178
vt 0.35779181122779846 0.85160040855407715
vt 0.38262492418289185 0.84782177209854126
vt 0.41475647687911987 0.84830141067504883
vt 0.44814789295196533 0.83605802059173584
vt 0.5855754017829895 0.81367212533950806
vt 0.60032415390014648 0.78465992212295532
vt 0.61397379636764526 0.79393422603607178
vt 0.64063453674316406 0.7861248254776001
vt 0.66328942775726318 0.77630198001861572
vt 0.67926537990570068 0.77057576179504395
vt 0.69591909646987915 0.76520437002182007
vt 0.71259284019470215 0.77170246839523315
vt 0.72791653871536255 0.76482021808624268
vt 0.74285262823104858 0.7594563364982605
vt 0.26559117436408997 0.83499324321746826
vt 0.28958138823509216 0.83025336265563965
vt 0.31647112965583801 0.81190204620361328
vt 0.34168088436126709 0.81953513622283936
vt 0.36582398414611816 0.82421380281448364
vt 0.39860188961029053 0.81788927316665649
vt 0.61423516273498535 0.74655270576477051
vt 0.62621861696243286 0.77011984586715698
vt 0.64280706644058228 0.75083750486373901
vt 0.66265517473220825 0.74475377798080444
vt 0.68614321947097778 0.73540753126144409
vt 0.71244466304779053 0.74103045463562012
vt 0.70522689819335938 0.70305699110031128
vt 0.72456490993499756 0.69853997230529785
vt 0.73273134231567383 0.73276573419570923
vt 0.74701803922653198 0.71959996223449707
vt 0.76039499044418335 0.74579554796218872
vt 0.27655541896820068 0.77500438690185547
vt 0.26850810647010803 0.81279826164245605
vt 0.25833344459533691 0.78475898504257202
vt 0.29139336943626404 0.79603993892669678
vt 0.31492200493812561 0.77052867412567139
vt 0.34100770950317383 0.78462731838226318
vt 0.36217138171195984 0.78604751825332642
vt 0.38630717992782593 0.79090458154678345
vt 0.38008037209510803 0.76751244068145752
vt 0.42298814654350281 0.77736562490463257
vt 0.62293297052383423 0.72018814086914063
vt 0.59610801935195923 0.72331678867340088
vt 0.59518009424209595 0.69352608919143677
vt 0.62622809410095215 0.6766703724861145
vt 0.64653795957565308 0.7131417989730835
vt 0.65485477447509766 0.66866010427474976
vt 0.67085719108581543 0.70350885391235352
vt 0.67964267730712891 0.65854746103286743
vt 0.68883925676345825 0.69801640510559082
vt 0.69978100061416626 0.65449857711791992
vt 0.7188219428062439 0.65043264627456665
vt 0.73913681507110596 0.64849740266799927
vt 0.74326121807098389 0.68448871374130249
vt 0.27844297885894775 0.73960542678833008
vt 0.26171144843101501 0.75044262409210205
vt 0.29476931691169739 0.74759978055953979
vt 0.31509599089622498 0.72976171970367432
vt 0.33804726600646973 0.73692494630813599
vt 0.36132973432540894 0.73223721981048584
vt 0.38549557328224182 0.72403746843338013
vt 0.41400253772735596 0.74835032224655151
vt 0.64414620399475098 0.62304508686065674
vt 0.66065382957458496 0.61847007274627686
vt 0.69228100776672363 0.61229586601257324
vt 0.70842236280441284 0.61006218194961548
vt 0.72873342037200928 0.607807457447052
vt 0.27128669619560242 0.69500195980072021
vt 0.28514045476913452 0.69108355045318604
vt 0.29977524280548096 0.68611258268356323
vt 0.31495335698127747 0.68026375770568848
vt 0.32988303899765015 0.67404133081436157
vt 0.34478068351745605 0.66756695508956909
vt 0.36055359244346619 0.66060274839401245
vt 0.37962022423744202 0.66780591011047363
vt 0.40210902690887451 0.67677396535873413
vt 0.62330573797225952 0.63151490688323975
vt 0.61857575178146362 0.56873559951782227
vt 0.64128035306930542 0.56560885906219482
vt 0.65793687105178833 0.5626685619354248
vt 0.67659127712249756 0.61502236127853394
vt 0.67411035299301147 0.56057935953140259
vt 0.68988341093063354 0.55943727493286133
vt 0.70605844259262085 0.55934584140777588
vt 0.72123229503631592 0.56036365032196045
vt 0.28605252504348755 0.64393818378448486
vt 0.27277874946594238 0.64933896064758301
vt 0.30005505681037903 0.63748836517333984
vt 0.31455796957015991 0.63023418188095093
vt 0.3288063108921051 0.62277811765670776
vt 0.34300994873046875 0.61522877216339111
vt 0.35803735256195068 0.6072954535484314
vt 0.37932479381561279 0.60189521312713623
vt 0.57498353719711304 0.56895732879638672
vt 0.5630650520324707 0.51858466863632202
vt 0.60817891359329224 0.52229565382003784
vt 0.63277214765548706 0.51407420635223389
vt 0.64961117506027222 0.51231890916824341
vt 0.66594821214675903 0.51153594255447388
vt 0.68185257911682129 0.51180803775787354
vt 0.69812142848968506 0.51329034566879272
vt 0.71333992481231689 0.51586705446243286
vt 0.28758138418197632 0.59795588254928589
vt 0.27485814690589905 0.60437250137329102
vt 0.3010023832321167 0.59053832292556763
vt 0.31490272283554077 0.58241260051727295
vt 0.32855913043022156 0.57423865795135498
vt 0.34217336773872375 0.56610918045043945
vt 0.35657954216003418 0.55770093202590942
vt 0.37180089950561523 0.54917055368423462
vt 0.39451205730438232 0.53774428367614746
vt 0.59144771099090576 0.49691277742385864
vt 0.58073878288269043 0.45201349258422852
vt 0.60817605257034302 0.47162169218063354
vt 0.62561064958572388 0.4699876606464386
vt 0.6424945592880249 0.46930614113807678
vt 0.65886211395263672 0.46965709328651428
vt 0.6747705340385437 0.47110855579376221
vt 0.69100695848464966 0.47385266423225403
vt 0.70615637302398682 0.47763147950172424
vt 0.28980371356010437 0.55430418252944946
vt 0.27758198976516724 0.56118959188461304
vt 0.30271333456039429 0.54650688171386719
vt 0.31610280275344849 0.53811365365982056
vt 0.32927456498146057 0.52979522943496704
vt 0.34242132306098938 0.52162700891494751
vt 0.35634869337081909 0.51327741146087646
vt 0.37687951326370239 0.4998590350151062
vt 0.40286731719970703 0.48868176341056824
vt 0.60314995050430298 0.43515563011169434
vt 0.62048536539077759 0.43439355492591858
vt 0.63726598024368286 0.43459063768386841
vt 0.65351569652557373 0.4358144998550415
vt 0.66928374767303467 0.4381181001663208
vt 0.68534338474273682 0.44171261787414551
vt 0.70029383897781372 0.44624197483062744
vt 0.2925514280796051 0.5133126974105835
vt 0.28078684210777283 0.52025300264358521
vt 0.30500859022140503 0.50557118654251099
vt 0.3179599940776825 0.49734801054000854
vt 0.33072921633720398 0.48929211497306824
vt 0.34349948167800903 0.48146221041679382
vt 0.36230328679084778 0.46835830807685852
vt 0.38657084107398987 0.45797500014305115
vt 0.4103996753692627 0.44525212049484253
vt 0.54369693994522095 0.42590656876564026
vt 0.55997473001480103 0.39216426014900208
vt 0.57581990957260132 0.41073554754257202
vt 0.59984123706817627 0.40513840317726135
vt 0.61698102951049805 0.40509030222892761
vt 0.63355588912963867 0.40596330165863037
vt 0.64958363771438599 0.40781229734420776
vt 0.66510885953903198 0.41067609190940857
vt 0.68088829517364502 0.41477125883102417
vt 0.69554591178894043 0.41968131065368652
vt 0.29573321342468262 0.47446906566619873
vt 0.28439188003540039 0.48117369413375854
vt 0.30778101086616516 0.46708035469055176
vt 0.32034608721733093 0.45931744575500488
vt 0.33276963233947754 0.45178639888763428
vt 0.34522482752799988 0.44453063607215881
vt 0.36683443188667297 0.43200254440307617
vt 0.39412304759025574 0.41798141598701477
vt 0.4264284074306488 0.4059755802154541
vt 0.58060920238494873 0.3644292950630188
vt 0.59732609987258911 0.37169539928436279
vt 0.61415135860443115 0.37070801854133606
vt 0.63026726245880127 0.37194991111755371
vt 0.64581376314163208 0.37405043840408325
vt 0.66087698936462402 0.37704801559448242
vt 0.67604207992553711 0.38149672746658325
vt 0.69156938791275024 0.39570444822311401
vt 0.29940438270568848 0.43638384342193604
vt 0.28846916556358337 0.44263908267021179
vt 0.31106635928153992 0.42956012487411499
vt 0.32327410578727722 0.42245736718177795
vt 0.33538392186164856 0.4156251847743988
vt 0.35198631882667542 0.40449243783950806
vt 0.37434914708137512 0.39622306823730469
vt 0.39888489246368408 0.38484552502632141
vt 0.43067991733551025 0.37531733512878418
vt 0.45366558432579041 0.37003803253173828
vt 0.45673081278800964 0.40088039636611938
vt 0.54335141181945801 0.38020238280296326
vt 0.51729720830917358 0.40264829993247986
vt 0.52462959289550781 0.35778498649597168
vt 0.54244440793991089 0.33850699663162231
vt 0.56212490797042847 0.34185528755187988
vt 0.69132804870605469 0.37006717920303345
vt 0.30353614687919617 0.39917853474617004
vt 0.29298830032348633 0.40483886003494263
vt 0.31483393907546997 0.39305084943771362
vt 0.32670775055885315 0.38671854138374329
vt 0.33852702379226685 0.38066792488098145
vt 0.35239359736442566 0.35514399409294128
vt 0.36317867040634155 0.36922639608383179
vt 0.37675443291664124 0.36369505524635315
vt 0.40119177103042603 0.35323220491409302
vt 0.43269059062004089 0.34465885162353516
vt 0.46158736944198608 0.33960124850273132
vt 0.48913311958312988 0.33562925457954407
vt 0.47492808103561401 0.37584114074707031
vt 0.50741773843765259 0.32472795248031616
vt 0.50685930252075195 0.36187279224395752
vt 0.52459526062011719 0.31320929527282715
vt 0.57906836271286011 0.31100088357925415
vt 0.59521377086639404 0.3297971785068512
vt 0.61142051219940186 0.33089590072631836
vt 0.62702202796936035 0.33267363905906677
vt 0.64202886819839478 0.33515417575836182
vt 0.65647679567337036 0.33834627270698547
vt 0.67105948925018311 0.3424324095249176
vt 0.68450468778610229 0.34698158502578735
vt 0.30810073018074036 0.36297416687011719
vt 0.29792037606239319 0.36796262860298157
vt 0.32088705897331238 0.34688597917556763
vt 0.3321998119354248 0.34207108616828918
vt 0.34419679641723633 0.32613560557365417
vt 0.36630749702453613 0.33683818578720093
vt 0.37964248657226563 0.33205687999725342
vt 0.40382575988769531 0.32247084379196167
vt 0.43516907095909119 0.31492015719413757
vt 0.46799641847610474 0.31170392036437988
vt 0.49010887742042542 0.30815708637237549
vt 0.54305756092071533 0.30381977558135986
vt 0.56062740087509155 0.3032914400100708
vt 0.59346497058868408 0.2858797013759613
vt 0.60978913307189941 0.30488952994346619
vt 0.62500602006912231 0.30656781792640686
vt 0.6396210789680481 0.30885586142539978
vt 0.65366482734680176 0.31175878643989563
vt 0.66780412197113037 0.31543797254562378
vt 0.68080097436904907 0.31950420141220093
vt 0.31295651197433472 0.32858800888061523
vt 0.30311539769172668 0.33290934562683105
vt 0.35751867294311523 0.31009912490844727
vt 0.37191832065582275 0.29427596926689148
vt 0.38281247019767761 0.30156019330024719
vt 0.40660473704338074 0.29275223612785339
vt 0.43729931116104126 0.28612592816352844
vt 0.46939843893051147 0.28284531831741333
vt 0.49079236388206482 0.28027796745300293
vt 0.50762873888015747 0.27858695387840271
vt 0.52493363618850708 0.2772248387336731
vt 0.55451089143753052 0.27559149265289307
vt 0.57602649927139282 0.27559465169906616
vt 0.60588109493255615 0.25746148824691772
vt 0.62231498956680298 0.27819675207138062
vt 0.63656038045883179 0.28010812401771545
vt 0.65022945404052734 0.2825605571269989
vt 0.66396015882492065 0.2856934666633606
vt 0.67654144763946533 0.28917622566223145
vt 0.31815338134765625 0.29499959945678711
vt 0.30862295627593994 0.29870092868804932
vt 0.32848483324050903 0.29095858335494995
vt 0.33945131301879883 0.28674918413162231
vt 0.35044887661933899 0.2826974093914032
vt 0.36410447955131531 0.26549285650253296
vt 0.38629895448684692 0.27117618918418884
vt 0.40969634056091309 0.26292425394058228
vt 0.43960821628570557 0.25686207413673401
vt 0.47057515382766724 0.25349900126457214
vt 0.491181880235672 0.25136157870292664
vt 0.50747567415237427 0.24966688454151154
vt 0.53734785318374634 0.2478472888469696
vt 0.55775880813598633 0.24642674624919891
vt 0.57379823923110962 0.24609619379043579
vt 0.58937299251556396 0.24617275595664978
vt 0.61658316850662231 0.22722223401069641
vt 0.63278305530548096 0.24909268319606781
vt 0.64610415697097778 0.25102284550666809
vt 0.65946024656295776 0.2535577118396759
vt 0.67165982723236084 0.25643244385719299
vt 0.32363981008529663 0.26155737042427063
vt 0.3128923773765564 0.2655278742313385
vt 0.33371376991271973 0.25804552435874939
vt 0.34442439675331116 0.25434422492980957
vt 0.35800141096115112 0.2350447028875351
vt 0.37772426009178162 0.2437644898891449
vt 0.39015758037567139 0.24030667543411255
vt 0.40332111716270447 0.23695461452007294
vt 0.42153471708297729 0.2311844676733017
vt 0.44681465625762939 0.22670483589172363
vt 0.47573423385620117 0.22343283891677856
vt 0.4914911687374115 0.2213980108499527
vt 0.51121872663497925 0.21956892311573029
vt 0.54473268985748291 0.21325866878032684
vt 0.57114219665527344 0.21537208557128906
vt 0.58625614643096924 0.21515251696109772
vt 0.60088944435119629 0.21531741321086884
vt 0.62579309940338135 0.19715896248817444
vt 0.64155787229537964 0.21834865212440491
vt 0.65458106994628906 0.22034510970115662
vt 0.67025077342987061 0.21903008222579956
vt 0.3292384147644043 0.227680504322052
vt 0.31990647315979004 0.23055438697338104
vt 0.33914107084274292 0.22455981373786926
vt 0.35242235660552979 0.20599938929080963
vt 0.37090286612510681 0.21481633186340332
vt 0.38231304287910461 0.21160557866096497
vt 0.39444157481193542 0.20841175317764282
vt 0.4072403609752655 0.20529361069202423
vt 0.42324286699295044 0.18024386465549469
vt 0.43446311354637146 0.199491947889328
vt 0.45190665125846863 0.19678774476051331
vt 0.47696554660797119 0.19242353737354279
vt 0.49204477667808533 0.19042117893695831
vt 0.51915478706359863 0.18847821652889252
vt 0.55385583639144897 0.18387776613235474
vt 0.5831562876701355 0.18364991247653961
vt 0.59738034009933472 0.18360087275505066
vt 0.61113899946212769 0.18392433226108551
vt 0.63713550567626953 0.18577341735363007
vt 0.64990025758743286 0.1874021589756012
vt 0.66151702404022217 0.18936409056186676
vt 0.33451372385025024 0.19284319877624512
vt 0.32515820860862732 0.19448603689670563
vt 0.34442472457885742 0.18994095921516418
vt 0.36543568968772888 0.18384334444999695
vt 0.37792804837226868 0.15301516652107239
vt 0.38727793097496033 0.17794692516326904
vt 0.4008389413356781 0.1666686087846756
vt 0.41472166776657104 0.14753559231758118
vt 0.43811702728271484 0.16679923236370087
vt 0.45477154850959778 0.16398969292640686
vt 0.47895345091819763 0.16033382713794708
vt 0.50420922040939331 0.15850165486335754
vt 0.53382480144500732 0.15527732670307159
vt 0.562996506690979 0.15353503823280334
vt 0.58935660123825073 0.15202505886554718
vt 0.60827887058258057 0.1527944952249527
vt 0.62132656574249268 0.15349847078323364
vt 0.63391494750976563 0.15458188951015472
vt 0.64657318592071533 0.15612612664699554
vt 0.65866303443908691 0.15716280043125153
vt 0.35674872994422913 0.15311196446418762
vt 0.33411455154418945 0.16118519008159637
vt 0.39309778809547424 0.11277064681053162
vt 0.43875864148139954 0.13531312346458435
vt 0.46521830558776855 0.13059170544147491
vt 0.49241340160369873 0.12703050673007965
vt 0.51438385248184204 0.12404624372720718
vt 0.54278600215911865 0.12235838174819946
vt 0.57133632898330688 0.12171377241611481
vt 0.59885704517364502 0.12216341495513916
vt 0.62532734870910645 0.12421668320894241
vt 0.65136903524398804 0.12787647545337677
vt 0.36907458305358887 0.11027499288320541
vt 0.34264245629310608 0.11886953562498093
vt 0.40974998474121094 0.10003069043159485
vt 0.43133896589279175 0.10084044188261032
vt 0.45599460601806641 0.095475271344184875
vt 0.48249384760856628 0.091376081109046936
vt 0.50478696823120117 0.088984914124011993
vt 0.52642881870269775 0.088988505303859711
vt 0.55467367172241211 0.088556714355945587
vt 0.58331894874572754 0.089399956166744232
vt 0.61657577753067017 0.092472560703754425
vt 0.64881962537765503 0.097101792693138123
vt 0.37938264012336731 0.056715447455644608
vt 0.32034003734588623 0.078334197402000427
vt 0.42753148078918457 0.046079762279987335
vt 0.46866881847381592 0.04291984811425209
vt 0.5284876823425293 0.04863564670085907
vt 0.58628517389297485 0.046550512313842773
vt 0.63164466619491577 0.051580775529146194
vt 0.62810176610946655 0.073818758130073547
vt 0.68682569265365601 0.058551795780658722
vt 0.67935335636138916 0.084752954542636871
vt 0.72246706485748291 0.071110114455223083
vt 0.23037441074848175 0.89508408308029175
vt 0.23553812503814697 0.88919520378112793
vt 0.27936050295829773 0.89984214305877686
vt 0.24564148485660553 0.88784879446029663
vt 0.36886367201805115 0.89394456148147583
vt 0.23478716611862183 0.88525843620300293
vt 0.24856953322887421 0.87813818454742432
vt 0.24980679154396057 0.86741882562637329
vt 0.41423782706260681 0.89045000076293945
vt 0.45685467123985291 0.88609492778778076
vt 0.47942563891410828 0.88319838047027588
vt 0.50143629312515259 0.88030940294265747
vt 0.5388190746307373 0.87506377696990967
vt 0.4957643449306488 0.82452881336212158
vt 0.2468143105506897 0.81351202726364136
vt 0.40375074744224548 0.71899658441543579
vt 0.42466491460800171 0.82418465614318848
vt 0.46974471211433411 0.81916707754135132
vt 0.44708514213562012 0.80529183149337769
vt 0.44708514213562012 0.80529183149337769
vt 0.25609782338142395 0.70662504434585571
vt 0.56668609380722046 0.87160295248031616
vt 0.55741244554519653 0.80486536026000977
vt 0.65949273109436035 0.86054259538650513
vt 0.7663038969039917 0.83814877271652222
vt 0.76293748617172241 0.85812050104141235
vt 0.74107259511947632 0.85186642408370972
vt 0.6874735951423645 0.85701626539230347
vt 0.71035891771316528 0.8541114330291748
vt 0.69740504026412964 0.86324316263198853
vt 0.72598731517791748 0.8522799015045166
vt 0.76449602842330933 0.81648880243301392
vt 0.76872217655181885 0.78250569105148315
vt 0.58909094333648682 0.74884670972824097
vt 0.58241695165634155 0.76839345693588257
vt 0.76092433929443359 0.69629478454589844
vt 0.59483069181442261 0.634285569190979
vt 0.59064167737960815 0.59110492467880249
vt 0.75186163187026978 0.61475002765655518
vt 0.73866623640060425 0.57816129922866821
vt 0.40507364273071289 0.62680470943450928
vt 0.26028087735176086 0.64488208293914795
vt 0.41919371485710144 0.58536577224731445
vt 0.26312717795372009 0.59320223331451416
vt 0.26651015877723694 0.55188357830047607
vt 0.27062129974365234 0.51073759794235229
vt 0.27508676052093506 0.46872961521148682
vt 0.43224477767944336 0.52532482147216797
vt 0.42843487858772278 0.47784361243247986
vt 0.44383051991462708 0.43746137619018555
vt 0.4452492892742157 0.48935294151306152
vt 0.51729720830917358 0.40264829993247986
vt 0.48574557900428772 0.39562475681304932
vt 0.28014928102493286 0.42963659763336182
vt 0.28400436043739319 0.39886310696601868
vt 0.28574979305267334 0.34724900126457214
vt 0.29563397169113159 0.31515544652938843
vt 0.29774072766304016 0.27056747674942017
vt 0.31420868635177612 0.16615547239780426
vt 0.31007567048072815 0.20131078362464905
vt 0.2512531578540802 0.04493219405412674
vt 0.27664554119110107 0.092008642852306366
vt 0.3448767364025116 0.044549956917762756
vt 0.28652659058570862 0.034685410559177399
vt 0.32813215255737305 0.023290377110242844
vt 0.39583700895309448 0.010806383565068245
vt 0.52788782119750977 0
vt 0.45312854647636414 0.0040887682698667049
vt 0.57568234205245972 0.0010320597793906927
vt 0.54831784963607788 0.47853109240531921
vt 0.73157548904418945 0.54009878635406494
vt 0.57498353719711304 0.56895732879638672
vt 0.72376710176467896 0.49906730651855469
vt 0.71787023544311523 0.46954217553138733
vt 0.70749020576477051 0.41524481773376465
vt 0.72335124015808105 0.44843050837516785
vt 0.54369693994522095 0.42590656876564026
vt 0.6306459903717041 0.0058617237955331802
vt 0.67193102836608887 0.014728382229804993
vt 0.66890519857406616 0.041501276195049286
vt 0.7012367844581604 0.024595489725470543
vt 0.72749555110931396 0.035148642957210541
vt 0.70961719751358032 0.38446876406669617
vt 0.69075685739517212 0.31104037165641785
vt 0.68534982204437256 0.27909433841705322
vt 0.69578355550765991 0.34371939301490784
vt 0.68212008476257324 0.2358352392911911
vt 0.69226503372192383 0.19734060764312744
vt 0.68785107135772705 0.16319847106933594
vt 0.67639362812042236 0.13367797434329987
vt 0.69811910390853882 0.10195725411176682
vt 0.82424741983413696 0.86690467596054077
vt 0.82124227285385132 0.88497161865234375
vt 0.78883600234985352 0.86902898550033569
vt 0.84499329328536987 0.85202527046203613
vt 0.79495710134506226 0.85448640584945679
vt 0.87938147783279419 0.8667493462562561
vt 0.8527977466583252 0.88403815031051636
vt 0.89321941137313843 0.84911060333251953
vt 0.92435675859451294 0.86911404132843018
vt 0.92329525947570801 0.88835883140563965
vt 0.89667987823486328 0.88348394632339478
vt 0.93572396039962769 0.85499918460845947
vt 0.96808886528015137 0.85912245512008667
vt 0.96516746282577515 0.87329429388046265
vt 0.96475905179977417 0.89288896322250366
vt 0.0039498717524111271 0.87697118520736694
vt 0.0088450079783797264 0.89315271377563477
vt 0.99828380346298218 0.86100637912750244
vt 0.052816171199083328 0.87036967277526855
vt 0.047906067222356796 0.88284778594970703
vt 0.040550123900175095 0.90628468990325928
vt 0.092383943498134613 0.8896172046661377
vt 0.10425423830747604 0.87589395046234131
vt 0.10259987413883209 0.91044533252716064
vt 0.14129811525344849 0.89742255210876465
vt 0.1485266387462616 0.9155043363571167
vt 0.14297765493392944 0.88312095403671265
vt 0.18197707831859589 0.90371721982955933
vt 0.18990705907344818 0.92340046167373657
vt 0.19112321734428406 0.89272969961166382
vt 0.21298113465309143 0.90846806764602661
vt 0.23581796884536743 0.93127608299255371
vt 0.23037441074848175 0.89508408308029175
vt 0.24937547743320465 0.90923911333084106
vt 0.28244942426681519 0.94202882051467896
vt 0.24068492650985718 0.95405638217926025
vt 0.270020991563797 0.91536307334899902
vt 0.30494818091392517 0.91780030727386475
vt 0.32260370254516602 0.9404560923576355
vt 0.30261644721031189 0.90292304754257202
vt 0.32274296879768372 0.90315872430801392
vt 0.33733779191970825 0.91835260391235352
vt 0.35924619436264038 0.94523042440414429
vt 0.36736485362052917 0.91833406686782837
vt 0.38078641891479492 0.95368736982345581
vt 0.35002374649047852 0.90052372217178345
vt 0.38896909356117249 0.91749948263168335
vt 0.37887975573539734 0.89792823791503906
vt 0.4227922260761261 0.9158141016960144
vt 0.41711831092834473 0.94011068344116211
vt 0.41032275557518005 0.89931035041809082
vt 0.43499037623405457 0.89728111028671265
vt 0.46112242341041565 0.91213107109069824
vt 0.45787778496742249 0.93663787841796875
vt 0.4726426899433136 0.89412325620651245
vt 0.50465738773345947 0.90763771533966064
vt 0.4981893002986908 0.93122273683547974
vt 0.51131677627563477 0.88963109254837036
vt 0.55638056993484497 0.9012836217880249
vt 0.55332648754119873 0.92484563589096069
vt 0.55643004179000854 0.88405716419219971
vt 0.60636615753173828 0.89403271675109863
vt 0.60802561044692993 0.91604429483413696
vt 0.60375094413757324 0.87799227237701416
vt 0.65275788307189941 0.88703864812850952
vt 0.65006923675537109 0.90871042013168335
vt 0.65231889486312866 0.87116378545761108
vt 0.69540238380432129 0.88061147928237915
vt 0.69001501798629761 0.90013015270233154
vt 0.69740504026412964 0.86324316263198853
vt 0.72529053688049316 0.86918556690216064
vt 0.7243037223815918 0.89466011524200439
vt 0.98619192838668823 0.92496496438980103
vt 0.77830052375793457 0.8856508731842041
vt 0.75059372186660767 0.87799268960952759
vt 0.76293748617172241 0.85812050104141235
vt 0.78219658136367798 0.84732562303543091
vt 0.1361105740070343 0.9456409215927124
vt 0.1815682053565979 0.95161819458007813
vt 0.087128788232803345 0.94472777843475342
vt 0.81009423732757568 0.84608286619186401
vt 0.82314503192901611 0.84580445289611816
vt 0.86069047451019287 0.84604394435882568
vt 1.0192452669143677 0.85952770709991455
vt 0.089921779930591583 0.86701232194900513
vt 0.13248203694820404 0.876598060131073
vt 0.16357409954071045 0.88176774978637695
vt 0.18219251930713654 0.88478827476501465
vt 0.20017769932746887 0.88755810260772705
vt 0.22349143028259277 0.89086347818374634
vt 0.30143961310386658 0.97245794534683228
vt 0.34330713748931885 0.97387796640396118
vt 0.42065966129302979 0.96934521198272705
vt 0.4880003035068512 0.96782791614532471
vt 0.53301858901977539 0.95593482255935669
vt 0.57019537687301636 0.95198076963424683
vt 0.61009204387664795 0.94559204578399658
vt 0.6594046950340271 0.93731826543807983
vt 0.69195616245269775 0.92511945962905884
vt 0.76339530944824219 0.90465229749679565
vt 0.7281990647315979 0.93019586801528931
vt 0.75059372186660767 0.87799268960952759
vt 0.27936050295829773 0.89984214305877686
vt 0.26343119144439697 0.89260339736938477
vt 0.29487067461013794 0.89540362358093262
vt 0.31311500072479248 0.89568465948104858
vt 0.33856886625289917 0.895832359790802
vt 0.41423782706260681 0.89045000076293945
vt 0.36886367201805115 0.89394456148147583
vt 0.45685467123985291 0.88609492778778076
vt 0.47942563891410828 0.88319838047027588
vt 0.50143629312515259 0.88030940294265747
vt 0.5388190746307373 0.87506377696990967
vt 0.62429511547088623 0.86301809549331665
vt 0.65949273109436035 0.86054259538650513
vt 0.60409015417098999 0.86593437194824219
vt 0.71035891771316528 0.8541114330291748
vt 0.56668609380722046 0.87160295248031616
vt 0.74107259511947632 0.85186642408370972
vt 0.72598731517791748 0.8522799015045166
vt 0.6874735951423645 0.85701626539230347
vt 0.72529053688049316 0.86918556690216064
vt 0.76293748617172241 0.85812050104141235
vt 0.75059372186660767 0.87799268960952759
vt 0.74107259511947632 0.85186642408370972
vt 0.30143961310386658 0.97245794534683228
vt 0.32589149475097656 0.99996304512023926
vt 0.28375917673110962 0.99993646144866943
vt 0.40574124455451965 0.99993228912353516
vt 0.37053388357162476 0.99970996379852295
vt 0.38078641891479492 0.95368736982345581
vt 0.61009204387664795 0.94559204578399658
vt 0.6201174259185791 0.99977713823318481
vt 0.57537311315536499 0.99998378753662109
vt 0.6594046950340271 0.93731826543807983
vt 0.28244942426681519 0.94202882051467896
vt 0.34330713748931885 0.97387796640396118
vt 0.42065966129302979 0.96934521198272705
vt 0.45864370465278625 0.99992620944976807
vt 0.52918505668640137 0.99997174739837646
vt 0.4880003035068512 0.96782791614532471
vt 0.57019537687301636 0.95198076963424683
vt 0.67683118581771851 0.99953949451446533
vt 0.7281990647315979 0.93019586801528931
vt 0.72178906202316284 0.97790753841400146
vt 0.53301858901977539 0.95593482255935669
vt 0.69195616245269775 0.92511945962905884
vt 0.64884293079376221 0.99984616041183472
vt 0.46974471211433411 0.81916707754135132
vt 0.44814789295196533 0.83605802059173584
vt 0.44708514213562012 0.80529183149337769
vt 0.4957643449306488 0.82452881336212158
vt 0.46760797500610352 0.85327994823455811
vt 0.46974471211433411 0.81916707754135132
vt 0.44708514213562012 0.80529183149337769
vt 0.47068831324577332 0.79474937915802002
vt 0.4502844512462616 0.78186964988708496
vt 0.42298814654350281 0.77736562490463257
vt 0.41521531343460083 0.68586212396621704
vt 0.40210902690887451 0.67677396535873413
vt 0.41450235247612 0.64354944229125977
vt 0.40375074744224548 0.71899658441543579
vt 0.41400253772735596 0.74835032224655151
vt 0.43345722556114197 0.75803154706954956
vt 0.4957643449306488 0.82452881336212158
vt 0.48821568489074707 0.79948019981384277
vt 0.42111924290657043 0.72356903553009033
vt 0.40507364273071289 0.62680470943450928
vt 0.44383051991462708 0.43746137619018555
vt 0.45673081278800964 0.40088039636611938
vt 0.46383321285247803 0.45269277691841125
vt 0.47974199056625366 0.43216446042060852
vt 0.47492808103561401 0.37584114074707031
vt 0.48574557900428772 0.39562475681304932
vt 0.41919371485710144 0.58536577224731445
vt 0.51087796688079834 0.79792618751525879
vt 0.49447336792945862 0.42269334197044373
vt 0.4452492892742157 0.48935294151306152
vt 0.43224477767944336 0.52532482147216797
vt 0.42843487858772278 0.47784361243247986
vt 0.069587528705596924 0.85669970512390137
vt 0.089921779930591583 0.86701232194900513
vt 0.061125122010707855 0.86115306615829468
vt 0.085761964321136475 0.85889464616775513
vt 0.10729559510946274 0.86658984422683716
vt 0.79315030574798584 0.80451524257659912
vt 0.79505127668380737 0.82702279090881348
vt 0.78040593862533569 0.82838529348373413
vt 0.80860114097595215 0.8035241961479187
vt 0.81055814027786255 0.82612067461013794
vt 0.82463926076889038 0.8031851053237915
vt 0.82663339376449585 0.82574760913848877
vt 0.84038567543029785 0.80347120761871338
vt 0.84239041805267334 0.8258892297744751
vt 0.85603630542755127 0.80428498983383179
vt 0.85802125930786133 0.82646632194519043
vt 0.87250381708145142 0.80562245845794678
vt 0.87443172931671143 0.82747179269790649
vt 0.88975733518600464 0.80745977163314819
vt 0.8915829062461853 0.8288877010345459
vt 0.90771394968032837 0.80975449085235596
vt 0.90938597917556763 0.83068108558654785
vt 0.92623138427734375 0.81244927644729614
vt 0.92769688367843628 0.83280640840530396
vt 0.94510906934738159 0.81547600030899048
vt 0.94631814956665039 0.8352089524269104
vt 0.96409940719604492 0.81876015663146973
vt 0.96501165628433228 0.83782881498336792
vt 0.98293042182922363 0.82222616672515869
vt 0.98351949453353882 0.84060466289520264
vt 0.0012964637717232108 0.82579374313354492
vt 0.0015537536237388849 0.8434712290763855
vt 0.020573142915964127 0.82973235845565796
vt 0.020477117970585823 0.84664499759674072
vt 0.0394105464220047 0.83377456665039063
vt 0.038976967334747314 0.84991109371185303
vt 0.058500152081251144 0.83807021379470825
vt 0.077572546899318695 0.84256494045257568
vt 0.096204645931720734 0.84714794158935547
vt 0.11420067399740219 0.85173976421356201
vt 0.13179546594619751 0.85635614395141602
vt 0.13017110526561737 0.86829257011413574
vt 0.14901772141456604 0.86094760894775391
vt 0.14729656279087067 0.87205773591995239
vt 0.16591942310333252 0.86545401811599731
vt 0.16414421796798706 0.87576389312744141
vt 0.18256936967372894 0.86980348825454712
vt 0.18077763915061951 0.87935250997543335
vt 0.19904530048370361 0.87391167879104614
vt 0.19726939499378204 0.88275504112243652
vt 0.21618929505348206 0.87785094976425171
vt 0.21445842087268829 0.88603317737579346
vt 0.23478716611862183 0.88525843620300293
vt 0.23553812503814697 0.88919520378112793
vt 0.77857112884521484 0.80607879161834717
vt 0.78373068571090698 0.77995193004608154
vt 0.79691922664642334 0.7719389796257019
vt 0.81583750247955322 0.77790236473083496
vt 0.83830082416534424 0.77849346399307251
vt 0.85399025678634644 0.77965110540390015
vt 0.87053292989730835 0.78140997886657715
vt 0.88790607452392578 0.78373819589614868
vt 0.90603286027908325 0.78658324480056763
vt 0.92477333545684814 0.78987598419189453
vt 0.94392299652099609 0.79353487491607666
vt 0.96322458982467651 0.79747259616851807
vt 0.98239105939865112 0.80160075426101685
vt 0.0010980293154716492 0.80582630634307861
vt 0.020733576267957687 0.81046813726425171
vt 0.039908960461616516 0.81521010398864746
vt 0.05931498110294342 0.82022750377655029
vt 0.078665658831596375 0.82545500993728638
vt 0.097524076700210571 0.83076262474060059
vt 0.11569039523601532 0.83605778217315674
vt 0.13340292870998383 0.84135770797729492
vt 0.1506933718919754 0.8466041088104248
vt 0.16761854290962219 0.85172665119171143
vt 0.18425244092941284 0.85664135217666626
vt 0.20067842304706573 0.86125105619430542
vt 0.21773925423622131 0.8656318187713623
vt 0.23394331336021423 0.86926788091659546
vt 0.77237236499786377 0.76612436771392822
vt 0.76872217655181885 0.78250569105148315
vt 0.78008085489273071 0.74783164262771606
vt 0.80268579721450806 0.75456994771957397
vt 0.82176423072814941 0.75005090236663818
vt 0.84197288751602173 0.74776953458786011
vt 0.85821998119354248 0.74962043762207031
vt 0.87555849552154541 0.75244510173797607
vt 0.89295667409896851 0.75569117069244385
vt 0.91168558597564697 0.75925570726394653
vt 0.9314233660697937 0.76360362768173218
vt 0.95060449838638306 0.76808643341064453
vt 0.97033584117889404 0.772674560546875
vt 0.99100333452224731 0.77794778347015381
vt 0.011622768826782703 0.78334587812423706
vt 0.033846911042928696 0.78324085474014282
vt 0.05371519923210144 0.79059267044067383
vt 0.070240490138530731 0.7998538613319397
vt 0.090349219739437103 0.80608576536178589
vt 0.10833337903022766 0.80677062273025513
vt 0.12646858394145966 0.81249594688415527
vt 0.14550764858722687 0.82374846935272217
vt 0.16281203925609589 0.82494455575942993
vt 0.17921043932437897 0.83478331565856934
vt 0.19710603356361389 0.83617901802062988
vt 0.2111278772354126 0.84414279460906982
vt 0.22640518844127655 0.84817171096801758
vt 0.24308866262435913 0.84761959314346313
vt 0.77186357975006104 0.72758293151855469
vt 0.76039499044418335 0.74579554796218872
vt 0.77627658843994141 0.69553995132446289
vt 0.78953254222869873 0.72729897499084473
vt 0.79573100805282593 0.69661080837249756
vt 0.80584090948104858 0.72664415836334229
vt 0.81937062740325928 0.70038807392120361
vt 0.82200479507446289 0.72744882106781006
vt 0.8415299654006958 0.73077625036239624
vt 0.86559951305389404 0.7338712215423584
vt 0.84818369150161743 0.70419108867645264
vt 0.87355023622512817 0.7095826268196106
vt 0.89256513118743896 0.7389264702796936
vt 0.92728835344314575 0.73964625597000122
vt 0.9611014723777771 0.74946403503417969
vt 0.98386877775192261 0.7392001748085022
vt 0.99619776010513306 0.76447576284408569
vt 0.015833605080842972 0.75446665287017822
vt 0.052223742008209229 0.75610452890396118
vt 0.08299582451581955 0.78176957368850708
vt 0.1167898029088974 0.77844339609146118
vt 0.14319416880607605 0.79987931251525879
vt 0.17114549875259399 0.79609411954879761
vt 0.18584147095680237 0.81749296188354492
vt 0.19735608994960785 0.80131983757019043
vt 0.21764667332172394 0.82526803016662598
vt 0.23369155824184418 0.82902342081069946
vt 0.2468143105506897 0.81351202726364136
vt 0.76195436716079712 0.65150004625320435
vt 0.76092433929443359 0.69629478454589844
vt 0.78680813312530518 0.65133655071258545
vt 0.80614972114562988 0.66574394702911377
vt 0.82953071594238281 0.67056334018707275
vt 0.8575279712677002 0.67696064710617065
vt 0.88041001558303833 0.67552423477172852
vt 0.89659965038299561 0.71349889039993286
vt 0.91612976789474487 0.70163178443908691
vt 0.95063638687133789 0.71242457628250122
vt 0.98471492528915405 0.71312189102172852
vt 0.011535195633769035 0.72901678085327148
vt 0.042458567768335342 0.72194916009902954
vt 0.075371101498603821 0.73215407133102417
vt 0.092189989984035492 0.76295411586761475
vt 0.10776986181735992 0.74273353815078735
vt 0.13447651267051697 0.75099122524261475
vt 0.14728175103664398 0.7813873291015625
vt 0.15649953484535217 0.75749987363815308
vt 0.17614693939685822 0.76244103908538818
vt 0.2006465345621109 0.77062767744064331
vt 0.22366157174110413 0.79325836896896362
vt 0.24022902548313141 0.79441624879837036
vt 0.76775079965591431 0.6153261661529541
vt 0.79876750707626343 0.62202686071395874
vt 0.81392878293991089 0.63380926847457886
vt 0.84709978103637695 0.64414268732070923
vt 0.87325179576873779 0.64371287822723389
vt 0.90400856733322144 0.66120713949203491
vt 0.93130660057067871 0.67125958204269409
vt 0.96753126382827759 0.68113213777542114
vt 0.0081171914935112 0.70347386598587036
vt 0.0032011878211051226 0.68622022867202759
vt 0.037073977291584015 0.69580191373825073
vt 0.068307086825370789 0.70483595132827759
vt 0.10812228173017502 0.71732336282730103
vt 0.13940544426441193 0.72629779577255249
vt 0.1628374308347702 0.73175805807113647
vt 0.18780581653118134 0.73921054601669312
vt 0.2055535763502121 0.74253779649734497
vt 0.2250312864780426 0.75108957290649414
vt 0.24226319789886475 0.75732892751693726
vt 0.75186163187026978 0.61475002765655518
vt 0.75057774782180786 0.56683731079101563
vt 0.76515352725982666 0.57070070505142212
vt 0.78259247541427612 0.61807334423065186
vt 0.78062039613723755 0.57561564445495605
vt 0.79677736759185791 0.58141100406646729
vt 0.81282764673233032 0.58758562803268433
vt 0.82984077930450439 0.63596254587173462
vt 0.82904648780822754 0.59401857852935791
vt 0.84648030996322632 0.6009448766708374
vt 0.86522793769836426 0.60823589563369751
vt 0.8853222131729126 0.61575138568878174
vt 0.90668922662734985 0.62334740161895752
vt 0.94147229194641113 0.6350824236869812
vt 0.97550451755523682 0.64530247449874878
vt 0.012057974934577942 0.65674501657485962
vt 0.045300915837287903 0.66515594720840454
vt 0.080371290445327759 0.67518317699432373
vt 0.11989860981702805 0.68636804819107056
vt 0.14862166345119476 0.69222080707550049
vt 0.16590686142444611 0.69594800472259521
vt 0.18235808610916138 0.69892716407775879
vt 0.19813211262226105 0.70105987787246704
vt 0.21338094770908356 0.70224988460540771
vt 0.22892811894416809 0.70239561796188354
vt 0.24346336722373962 0.70143288373947144
vt 0.75718134641647339 0.53059470653533936
vt 0.77258676290512085 0.53700125217437744
vt 0.78869372606277466 0.54421579837799072
vt 0.80473589897155762 0.55163758993148804
vt 0.82101643085479736 0.55915874242782593
vt 0.84698945283889771 0.56302696466445923
vt 0.87345552444458008 0.56926822662353516
vt 0.90057796239852905 0.59162461757659912
vt 0.92412805557250977 0.59958875179290771
vt 0.97344088554382324 0.61442756652832031
vt 0.99786382913589478 0.62111419439315796
vt 0.036470986902713776 0.62859612703323364
vt 0.071628853678703308 0.63980889320373535
vt 0.1048479899764061 0.64584046602249146
vt 0.13534042239189148 0.65427857637405396
vt 0.1535855233669281 0.65773820877075195
vt 0.17068469524383545 0.66040903329849243
vt 0.18682985007762909 0.66220128536224365
vt 0.20221170783042908 0.6630244255065918
vt 0.21700699627399445 0.6627953052520752
vt 0.23203250765800476 0.66136050224304199
vt 0.24603776633739471 0.65883052349090576
vt 0.74935650825500488 0.49436229467391968
vt 0.74265575408935547 0.5252375602722168
vt 0.76459532976150513 0.501778244972229
vt 0.77635985612869263 0.49560931324958801
vt 0.79648709297180176 0.51807636022567749
vt 0.81274658441543579 0.52620631456375122
vt 0.83046221733093262 0.5346149206161499
vt 0.89211076498031616 0.54626679420471191
vt 0.91799831390380859 0.55613499879837036
vt 0.94485479593276978 0.56379455327987671
vt 0.94861447811126709 0.60722309350967407
vt 0.97238284349441528 0.5709189772605896
vt 8.3389961218927056E-05 0.57706499099731445
vt 0.02834738977253437 0.58342152833938599
vt 0.080148324370384216 0.59408003091812134
vt 0.10334227979183197 0.59919846057891846
vt 0.14644095301628113 0.60052579641342163
vt 0.12522806227207184 0.60097414255142212
vt 0.16427639126777649 0.60232007503509521
vt 0.1808512955904007 0.60321629047393799
vt 0.1963268518447876 0.60302406549453735
vt 0.20719714462757111 0.62266302108764648
vt 0.22144673764705658 0.62121105194091797
vt 0.23587746918201447 0.61846697330474854
vt 0.24930500984191895 0.61468851566314697
vt 0.74294853210449219 0.46544051170349121
vt 0.73498368263244629 0.487947016954422
vt 0.75792515277862549 0.47323215007781982
vt 0.78547197580337524 0.47628423571586609
vt 0.80167865753173828 0.48372146487236023
vt 0.81944853067398071 0.49101227521896362
vt 0.8398582935333252 0.50016719102859497
vt 0.86299759149551392 0.51228064298629761
vt 0.21257412433624268 0.58426296710968018
vt 0.22930866479873657 0.56751722097396851
vt 0.24378630518913269 0.55444139242172241
vt 0.25666812062263489 0.54751211404800415
vt 0.73412531614303589 0.42563009262084961
vt 0.72335124015808105 0.44843050837516785
vt 0.74847054481506348 0.43272039294242859
vt 0.76457381248474121 0.44250410795211792
vt 0.88203978538513184 0.48571905493736267
vt 0.91126137971878052 0.49853307008743286
vt 0.94242745637893677 0.5047035813331604
vt 0.97488582134246826 0.5103721022605896
vt 0.0076840324327349663 0.51482844352722168
vt 0.035559244453907013 0.53126227855682373
vt 0.064783811569213867 0.53555095195770264
vt 0.054810043424367905 0.58889341354370117
vt 0.091997034847736359 0.5393560528755188
vt 0.11662471294403076 0.54256778955459595
vt 0.14392207562923431 0.53150933980941772
vt 0.16411341726779938 0.52363580465316772
vt 0.18071424961090088 0.52481359243392944
vt 0.19590367376804352 0.52483105659484863
vt 0.20996472239494324 0.5238686203956604
vt 0.22320687770843506 0.52185577154159546
vt 0.7734641432762146 0.42333659529685974
vt 0.78997600078582764 0.43411290645599365
vt 0.80732667446136475 0.44123640656471252
vt 0.82722848653793335 0.44834908843040466
vt 0.85065531730651855 0.4562515914440155
vt 0.061628822237253189 0.49915811419487
vt 0.1020086482167244 0.50487262010574341
vt 0.1267576664686203 0.50734966993331909
vt 0.23739819228649139 0.50325596332550049
vt 0.24997767806053162 0.49894186854362488
vt 0.26173126697540283 0.49393528699874878
vt 0.72710353136062622 0.38996714353561401
vt 0.71865588426589966 0.40810078382492065
vt 0.74079048633575439 0.39680367708206177
vt 0.75519126653671265 0.40392199158668518
vt 0.86903142929077148 0.42024397850036621
vt 0.90356737375259399 0.43513736128807068
vt 0.94118267297744751 0.43976026773452759
vt 0.97782456874847412 0.45650482177734375
vt 0.015487035736441612 0.46020179986953735
vt 0.052768107503652573 0.46360066533088684
vt 0.10457549244165421 0.46541088819503784
vt 0.1384008526802063 0.47064483165740967
vt 0.15916436910629272 0.47184202075004578
vt 0.17688634991645813 0.4723736047744751
vt 0.19944779574871063 0.43905174732208252
vt 0.20665213465690613 0.47132745385169983
vt 0.21966676414012909 0.46966588497161865
vt 0.23084545135498047 0.4519365131855011
vt 0.24154290556907654 0.45045983791351318
vt 0.25333681702613831 0.44331154227256775
vt 0.26674917340278625 0.45472452044487
vt 0.72217434644699097 0.36348965764045715
vt 0.70961719751358032 0.38446876406669617
vt 0.7352941632270813 0.36963075399398804
vt 0.75484645366668701 0.37945285439491272
vt 0.77772724628448486 0.38780927658081055
vt 0.79438203573226929 0.39351886510848999
vt 0.81379282474517822 0.39906695485115051
vt 0.83695435523986816 0.40435394644737244
vt 0.98203802108764648 0.42142847180366516
vt 0.037627633661031723 0.42789217829704285
vt 0.11003823578357697 0.42916217446327209
vt 0.15140050649642944 0.4326322078704834
vt 0.17118026316165924 0.4333893358707428
vt 0.18784983456134796 0.43355450034141541
vt 0.21564188599586487 0.43200886249542236
vt 0.26958408951759338 0.40028643608093262
vt 0.26030921936035156 0.40314435958862305
vt 0.71696293354034424 0.33418112993240356
vt 0.70976608991622925 0.35781753063201904
vt 0.72946691513061523 0.33957433700561523
vt 0.74258124828338623 0.3451293408870697
vt 0.76071196794509888 0.35325193405151367
vt 0.79082155227661133 0.36289966106414795
vt 0.82759267091751099 0.36972877383232117
vt 0.85641127824783325 0.37396618723869324
vt 0.89287084341049194 0.37782958149909973
vt 0.93751859664916992 0.38127759099006653
vt 0.9872812032699585 0.3842867910861969
vt 0.035368308424949646 0.38684564828872681
vt 0.10632803291082382 0.39030152559280396
vt 0.15866731107234955 0.39148283004760742
vt 0.18396501243114471 0.3940204381942749
vt 0.19938166439533234 0.39403301477432251
vt 0.21286377310752869 0.3935086727142334
vt 0.22501605749130249 0.39241853356361389
vt 0.23626978695392609 0.39073604345321655
vt 0.24694135785102844 0.38844254612922668
vt 0.71124690771102905 0.30190449953079224
vt 0.70509648323059082 0.32918119430541992
vt 0.72458398342132568 0.29928144812583923
vt 0.73550564050674438 0.31142687797546387
vt 0.7480010986328125 0.31604626774787903
vt 0.76594454050064087 0.32279130816459656
vt 0.79942798614501953 0.33081454038619995
vt 0.84529483318328857 0.33674752712249756
vt 0.88400071859359741 0.34017324447631836
vt 0.93448722362518311 0.34324157238006592
vt 0.99299615621566772 0.34593072533607483
vt 0.048540502786636353 0.34822893142700195
vt 0.1232827827334404 0.35128292441368103
vt 0.1711074560880661 0.35264542698860168
vt 0.19692894816398621 0.35488572716712952
vt 0.2109806090593338 0.35498270392417908
vt 0.22327931225299835 0.35461199283599854
vt 0.2344139963388443 0.35374730825424194
vt 0.24479198455810547 0.35236454010009766
vt 0.25470635294914246 0.35044598579406738
vt 0.26437470316886902 0.34798544645309448
vt 0.27660864591598511 0.36091378331184387
vt 0.7049710750579834 0.2672601044178009
vt 0.69991713762283325 0.29757359623908997
vt 0.71620577573776245 0.2713085412979126
vt 0.73944783210754395 0.27958422899246216
vt 0.75155127048492432 0.28346657752990723
vt 0.77769899368286133 0.28961947560310364
vt 0.82268798351287842 0.29643389582633972
vt 0.87099814414978027 0.30133634805679321
vt 0.92815983295440674 0.30419519543647766
vt 0.99886018037796021 0.30673167109489441
vt 0.064278878271579742 0.30893146991729736
vt 0.14247773587703705 0.312122642993927
vt 0.1807866096496582 0.31541961431503296
vt 0.20998066663742065 0.31588324904441833
vt 0.22259724140167236 0.3162100613117218
vt 0.23370102047920227 0.31612873077392578
vt 0.24383716285228729 0.31561362743377686
vt 0.25337409973144531 0.31464061141014099
vt 0.26257377862930298 0.31319025158882141
vt 0.27162963151931763 0.31125274300575256
vt 0.28111043572425842 0.30870985984802246
vt 0.29563397169113159 0.31515544652938843
vt 0.28574979305267334 0.34724900126457214
vt 0.70912480354309082 0.23535928130149841
vt 0.71999084949493408 0.23906572163105011
vt 0.73072165250778198 0.24267126619815826
vt 0.74175405502319336 0.24615386128425598
vt 0.75879132747650146 0.25163352489471436
vt 0.79404973983764648 0.25876873731613159
vt 0.85292994976043701 0.26264801621437073
vt 0.916126549243927 0.26538008451461792
vt 0.0036290225107222795 0.26783847808837891
vt 0.082218475639820099 0.27000555396080017
vt 0.16200250387191772 0.27337154746055603
vt 0.19215066730976105 0.27531245350837708
vt 0.2126445472240448 0.2774355411529541
vt 0.23377206921577454 0.27805861830711365
vt 0.2437555342912674 0.27827486395835876
vt 0.25297871232032776 0.27810603380203247
vt 0.26176232099533081 0.27752721309661865
vt 0.27033320069313049 0.27651658654212952
vt 0.27885860204696655 0.27506041526794434
vt 0.28786814212799072 0.27305841445922852
vt 0.29774072766304016 0.27056747674942017
vt 0.69226503372192383 0.19734060764312744
vt 0.69449406862258911 0.25630027055740356
vt 0.68212008476257324 0.2358352392911911
vt 0.70278501510620117 0.20041722059249878
vt 0.71304243803024292 0.20373953878879547
vt 0.7288433313369751 0.20889778435230255
vt 0.74428892135620117 0.21338281035423279
vt 0.76989156007766724 0.2188417911529541
vt 0.80486840009689331 0.22453153133392334
vt 0.89590597152709961 0.22810888290405273
vt 0.0024175872094929218 0.23047305643558502
vt 0.098195828497409821 0.23257929086685181
vt 0.17873197793960571 0.23597048223018646
vt 0.21759033203125 0.2391161322593689
vt 0.24046134948730469 0.24116495251655579
vt 0.25472009181976318 0.24207201600074768
vt 0.26930215954780579 0.2410762757062912
vt 0.27742990851402283 0.24035553634166718
vt 0.28559198975563049 0.2392231822013855
vt 0.29428800940513611 0.23759204149246216
vt 0.30279445648193359 0.23562771081924438
vt 0.6990092396736145 0.16821524500846863
vt 0.68785107135772705 0.16319847106933594
vt 0.71627068519592285 0.17450849711894989
vt 0.73494064807891846 0.1790066659450531
vt 0.75500708818435669 0.18483960628509521
vt 0.78510427474975586 0.18878799676895142
vt 0.82870012521743774 0.19296766817569733
vt 0.98326069116592407 0.19592219591140747
vt 0.097274109721183777 0.19784578680992126
vt 0.18548600375652313 0.20087736845016479
vt 0.22310461103916168 0.20362317562103271
vt 0.24600854516029358 0.20523244142532349
vt 0.25794896483421326 0.20573300123214722
vt 0.26857250928878784 0.20653660595417023
vt 0.28472217917442322 0.20535692572593689
vt 0.2994728684425354 0.20207406580448151
vt 0.31007567048072815 0.20131078362464905
vt 0.69070076942443848 0.13707275688648224
vt 0.67639362812042236 0.13367797434329987
vt 0.70865857601165771 0.14319907128810883
vt 0.72916877269744873 0.14874178171157837
vt 0.75014543533325195 0.15212228894233704
vt 0.77614593505859375 0.15830977261066437
vt 0.81878703832626343 0.16131393611431122
vt 0.88695508241653442 0.16499218344688416
vt 0.052041109651327133 0.16666927933692932
vt 0.16334652900695801 0.16922107338905334
vt 0.21319517493247986 0.17099206149578094
vt 0.23767414689064026 0.17274391651153564
vt 0.25870797038078308 0.17265702784061432
vt 0.27712678909301758 0.17124597728252411
vt 0.29512760043144226 0.16798345744609833
vt 0.31420868635177612 0.16615547239780426
vt 0.69811910390853882 0.10195725411176682
vt 0.72106891870498657 0.1083533763885498
vt 0.7431488037109375 0.11256987601518631
vt 0.76039254665374756 0.12467846274375916
vt 0.7853965163230896 0.12964080274105072
vt 0.83320558071136475 0.13302336633205414
vt 0.91927206516265869 0.13881896436214447
vt 0.086501240730285645 0.13979719579219818
vt 0.18505431711673737 0.14088188111782074
vt 0.22824017703533173 0.13944938778877258
vt 0.254900723695755 0.13703960180282593
vt 0.27793824672698975 0.13309983909130096
vt 0.29975765943527222 0.12548719346523285
vt 0.72246706485748291 0.071110114455223083
vt 0.75062549114227295 0.080920495092868805
vt 0.79387879371643066 0.095026224851608276
vt 0.84225940704345703 0.10004128515720367
vt 0.91225564479827881 0.11135148257017136
vt 0.99941283464431763 0.11113541573286057
vt 0.08835785835981369 0.10662416368722916
vt 0.15312847495079041 0.098696015775203705
vt 0.21692115068435669 0.095691420137882233
vt 0.27664554119110107 0.092008642852306366
vt 0.78814250230789185 0.063739262521266937
vt 0.78219658136367798 0.84732562303543091
vt 0.79495710134506226 0.85448640584945679
vt 0.76293748617172241 0.85812050104141235
vt 0.7663038969039917 0.83814877271652222
vt 0.81009423732757568 0.84608286619186401
vt 0.82314503192901611 0.84580445289611816
vt 0.84499329328536987 0.85202527046203613
vt 0.86069047451019287 0.84604394435882568
vt 0.89321941137313843 0.84911060333251953
vt 0.76449602842330933 0.81648880243301392
vt 0.75129604339599609 0.83163273334503174
vt 0.75001019239425659 0.80968260765075684
vt 0.91574466228485107 0.8488239049911499
vt 0.95446288585662842 0.85213339328765869
vt 0.93572396039962769 0.85499918460845947
vt 0.96808886528015137 0.85912245512008667
vt 0.99828380346298218 0.86100637912750244
vt 0.019245320931077003 0.85952770709991455
vt 0.052816171199083328 0.87036967277526855
vt 0.753135085105896 0.78334200382232666
vt 0.74285262823104858 0.7594563364982605
vt 0.74701803922653198 0.71959996223449707
vt 0.74326121807098389 0.68448871374130249
vt 0.73913681507110596 0.64849740266799927
vt 0.73866623640060425 0.57816129922866821
vt 0.73157548904418945 0.54009878635406494
vt 0.71787023544311523 0.46954217553138733
vt 0.72376710176467896 0.49906730651855469
vt 0.13248203694820404 0.876598060131073
vt 0.10425423830747604 0.87589395046234131
vt 0.20017769932746887 0.88755810260772705
vt 0.18219251930713654 0.88478827476501465
vt 0.16357409954071045 0.88176774978637695
vt 0.14297765493392944 0.88312095403671265
vt 0.22349143028259277 0.89086347818374634
vt 0.23037441074848175 0.89508408308029175
vt 0.24856953322887421 0.87813818454742432
vt 0.24980679154396057 0.86741882562637329
vt 0.25609782338142395 0.70662504434585571
vt 0.26559117436408997 0.83499324321746826
vt 0.25833344459533691 0.78475898504257202
vt 0.26028087735176086 0.64488208293914795
vt 0.25877588987350464 0.85410058498382568
vt 0.26171144843101501 0.75044262409210205
vt 0.26312717795372009 0.59320223331451416
vt 0.26651015877723694 0.55188357830047607
vt 0.70749020576477051 0.41524481773376465
vt 0.69132804870605469 0.37006717920303345
vt 0.69578355550765991 0.34371939301490784
vt 0.69075685739517212 0.31104037165641785
vt 0.68534982204437256 0.27909433841705322
vt 0.65866303443908691 0.15716280043125153
vt 0.65136903524398804 0.12787647545337677
vt 0.67935335636138916 0.084752954542636871
vt 0.75943207740783691 0.049968954175710678
vt 0.84187090396881104 0.077018998563289642
vt 0.72749555110931396 0.035148642957210541
vt 0.93390107154846191 0.084226332604885101
vt 0.27508676052093506 0.46872961521148682
vt 0.27062129974365234 0.51073759794235229
vt 0.28014928102493286 0.42963659763336182
vt 0.28400436043739319 0.39886310696601868
vt 0.3128923773765564 0.2655278742313385
vt 0.33411455154418945 0.16118519008159637
vt 0.34264245629310608 0.11886953562498093
vt 0.32034003734588623 0.078334197402000427
vt 0.99555104970932007 0.08362213522195816
vt 0.065911971032619476 0.080150038003921509
vt 0.14499476552009583 0.070858597755432129
vt 0.19845320284366608 0.06064581498503685
vt 0.2512531578540802 0.04493219405412674
vt 0.81178194284439087 0.93145895004272461
vt 0.75666815042495728 0.99994069337844849
vt 0.762958824634552 0.94872117042541504
vt 0.78882437944412231 1
vt 0.84533703327178955 0.93758893013000488
vt 0.82403075695037842 1
vt 0.87738639116287231 0.94352918863296509
vt 0.86474412679672241 1
vt 0.91130483150482178 0.94488823413848877
vt 0.94812846183776855 0.94305843114852905
vt 0.91111445426940918 1
vt 0.98619192838668823 0.92496496438980103
vt 0.9612504243850708 1
vt 0.018175169825553894 0.94700485467910767
vt 0.010982547886669636 1
vt 0.053038284182548523 0.9737275242805481
vt 0.08902248740196228 0.99960219860076904
vt 0.087128788232803345 0.94472777843475342
vt 0.15068589150905609 1
vt 0.1361105740070343 0.9456409215927124
vt 0.19040866196155548 0.99995976686477661
vt 0.24068492650985718 0.95405638217926025
vt 0.28375917673110962 0.99993646144866943
vt 0.25257161259651184 0.99997466802597046
vt 0.040550123900175095 0.90628468990325928
vt 0.72178906202316284 0.97790753841400146
vt 0.67683118581771851 0.99953949451446533
vt 0.1815682053565979 0.95161819458007813
vt 0.22502578794956207 0.97436058521270752
vt 0.28244942426681519 0.94202882051467896
vt 0.76339530944824219 0.90465229749679565
vt 0.92329525947570801 0.88835883140563965
vt 0.89667987823486328 0.88348394632339478
vt 0.8527977466583252 0.88403815031051636
vt 0.77830052375793457 0.8856508731842041
vt 0.82124227285385132 0.88497161865234375
vt 0.96475905179977417 0.89288896322250366
vt 0.10259987413883209 0.91044533252716064
vt 0.7281990647315979 0.93019586801528931
vt 0.56979137659072876 0.74282717704772949
vt 0.57689374685287476 0.71277928352355957
vt 0.58909094333648682 0.74884670972824097
vt 0.4957643449306488 0.82452881336212158
vt 0.52253377437591553 0.81855928897857666
vt 0.53159552812576294 0.84231424331665039
vt 0.52253377437591553 0.81855928897857666
vt 0.55741244554519653 0.80486536026000977
vt 0.55559509992599487 0.83362960815429688
vt 0.5855754017829895 0.81367212533950806
vt 0.55741244554519653 0.80486536026000977
vt 0.57553064823150635 0.78694158792495728
vt 0.49772840738296509 0.85297960042953491
vt 0.53159552812576294 0.84231424331665039
vt 0.59610801935195923 0.72331678867340088
vt 0.59518009424209595 0.69352608919143677
vt 0.58137160539627075 0.65945488214492798
vt 0.59483069181442261 0.634285569190979
vt 0.62622809410095215 0.6766703724861145
vt 0.57689374685287476 0.71277928352355957
vt 0.54369693994522095 0.42590656876564026
vt 0.53185814619064331 0.44801110029220581
vt 0.51729720830917358 0.40264829993247986
vt 0.53185814619064331 0.44801110029220581
vt 0.51452016830444336 0.42777520418167114
vt 0.51729720830917358 0.40264829993247986
vt 0.59483069181442261 0.634285569190979
vt 0.58072531223297119 0.62819308042526245
vt 0.59064167737960815 0.59110492467880249
vt 0.58073878288269043 0.45201349258422852
vt 0.54831784963607788 0.47853109240531921
vt 0.54369693994522095 0.42590656876564026
vt 0.49447336792945862 0.42269334197044373
vt 0.48574557900428772 0.39562475681304932
vt 0.53499531745910645 0.78904354572296143
vt 0.55741244554519653 0.80486536026000977
vt 0.52253377437591553 0.81855928897857666
vt 0.4957643449306488 0.82452881336212158
vt 0.51087796688079834 0.79792618751525879
vt 0.56189447641372681 0.76173806190490723
vt 0.58241695165634155 0.76839345693588257
vt 0.57553064823150635 0.78694158792495728
vt 0.58909094333648682 0.74884670972824097
vt 0.56979137659072876 0.74282717704772949
vt 0.55091464519500732 0.77633970975875854
vt 0.57498353719711304 0.56895732879638672
vt 0.58137160539627075 0.65945488214492798
vt 0.29994407296180725 0.032259386032819748
vt 0.28652659058570862 0.034685410559177399
vt 0.2512531578540802 0.04493219405412674
vt 0.32813215255737305 0.023290377110242844
vt 0.43622022867202759 0.0090224919840693474
vt 0.45312854647636414 0.0040887682698667049
vt 0.39583700895309448 0.010806383565068245
vt 0.3624458909034729 0.018680796027183533
vt 0.23964287340641022 0.047842122614383698
vt 0.52108979225158691 0.0032339012250304222
vt 0.52788782119750977 0
vt 0.59633809328079224 0.0036328847054392099
vt 0.6306459903717041 0.0058617237955331802
vt 0.57568234205245972 0.0010320597793906927
vt 0.71633833646774292 0.025619689375162125
vt 0.7012367844581604 0.024595489725470543
vt 0.67193102836608887 0.014728382229804993
vt 0.65517598390579224 0.0093326233327388763
vt 0.72749555110931396 0.035148642957210541
vt 0.97601068019866943 0.076973207294940948
vt 0.93390107154846191 0.084226332604885101
vt 0.8731192946434021 0.073552884161472321
vt 0.16410195827484131 0.063474752008914948
vt 0.14499476552009583 0.070858597755432129
vt 0.073037177324295044 0.072824463248252869
vt 0.77050656080245972 0.047646816819906235
vt 0.75943207740783691 0.049968954175710678
vt 0.72749555110931396 0.035148642957210541
vt 0.78814250230789185 0.063739262521266937
vt 0.80893343687057495 0.061109047383069992
vt 0.84187090396881104 0.077018998563289642
vt 0.71633833646774292 0.025619689375162125
vt 0.065911971032619476 0.080150038003921509
vt 0.99555104970932007 0.08362213522195816
vt 0.19845320284366608 0.06064581498503685
vt 0.23964287340641022 0.047842122614383698
vt 0.2512531578540802 0.04493219405412674
vt 0.42111924290657043 0.72356903553009033
vt 0.41521531343460083 0.68586212396621704
vt 0.41919812560081482 0.70498442649841309
vt 0.41507545113563538 0.66419780254364014
vt 0.41450235247612 0.64354944229125977
vt 0.41794916987419128 0.60374194383621216
vt 0.41919371485710144 0.58536577224731445
vt 0.44612094759941101 0.49186843633651733
vt 0.42734032869338989 0.54578149318695068
vt 0.43224477767944336 0.52532482147216797
vt 0.4452492892742157 0.48935294151306152
vt 0.46383321285247803 0.45269277691841125
vt 0.46994233131408691 0.45063319802284241
vt 0.47974199056625366 0.43216446042060852
vt 0.49363589286804199 0.42999225854873657
vt 0.47068831324577332 0.79474937915802002
vt 0.49311372637748718 0.79142987728118896
vt 0.48821568489074707 0.79948019981384277
vt 0.43345722556114197 0.75803154706954956
vt 0.44872239232063293 0.77164095640182495
vt 0.4502844512462616 0.78186964988708496
vt 0.51087796688079834 0.79792618751525879
vt 0.46697527170181274 0.78441953659057617
vt 0.42932429909706116 0.74254107475280762
vt 0.51596242189407349 0.43688091635704041
vt 0.51452016830444336 0.42777520418167114
vt 0.53185814619064331 0.44801110029220581
vt 0.53855383396148682 0.46551913022994995
vt 0.54831784963607788 0.47853109240531921
vt 0.57740926742553711 0.5953364372253418
vt 0.56923758983612061 0.5476919412612915
vt 0.57498353719711304 0.56895732879638672
vt 0.5799829363822937 0.64389657974243164
vt 0.58072531223297119 0.62819308042526245
vt 0.57792955636978149 0.69044357538223267
vt 0.58137160539627075 0.65945488214492798
vt 0.56979137659072876 0.74282717704772949
vt 0.56189447641372681 0.76173806190490723
vt 0.56939870119094849 0.73318988084793091
vt 0.55504268407821655 0.76289474964141846
vt 0.55091464519500732 0.77633970975875854
vt 0.53499531745910645 0.78904354572296143
vt 0.53016501665115356 0.78210967779159546
vt 0.51087796688079834 0.79792618751525879
vt 0.49311372637748718 0.79142987728118896
vt 0.49363589286804199 0.42999225854873657
vt 0.49447336792945862 0.42269334197044373
vt 0.5630650520324707 0.51858466863632202
vt 0.55893892049789429 0.51144397258758545
vt 0.57689374685287476 0.71277928352355957
vt 0.57553064823150635 0.78694158792495728
vt 0.95446288585662842 0.85213339328765869
vt 0.91574466228485107 0.8488239049911499
vt 0.061125122010707855 0.86115306615829468
vt 0.77830052375793457 0.8856508731842041
vt 0.76339530944824219 0.90465229749679565
vt 0.24564148485660553 0.88784879446029663
vt 0.67025077342987061 0.21903008222579956
vt 0.31990647315979004 0.23055438697338104
vt 0.32515820860862732 0.19448603689670563
vt 0.49447336792945862 0.42269334197044373
vt 0.72044450044631958 0.8376929759979248
vt 0.73626399040222168 0.83437937498092651
vt 0.72044450044631958 0.8376929759979248
vt 0.73465579748153687 0.81320774555206299
vt 0.73465579748153687 0.81320774555206299
vt 0.74026972055435181 0.78620707988739014
vt 0.75001019239425659 0.80968260765075684
vt 0.73465579748153687 0.81320774555206299
vt 0.74026972055435181 0.78620707988739014
vt 0.74285262823104858 0.7594563364982605
vt 0.73273134231567383 0.73276573419570923
vt 0.73273134231567383 0.73276573419570923
vt 0.74285262823104858 0.7594563364982605
vt 0.73913681507110596 0.64849740266799927
vt 0.74326121807098389 0.68448871374130249
vt 0.74326121807098389 0.68448871374130249
vt 0.74701803922653198 0.71959996223449707
vt 0.73913681507110596 0.64849740266799927
vt 0.68682569265365601 0.058551795780658722
vt 0.67935335636138916 0.084752954542636871
vt 0.71035891771316528 0.8541114330291748
vt 0.72044450044631958 0.8376929759979248
vt 0.72598731517791748 0.8522799015045166
vt 0.73866623640060425 0.57816129922866821
vt 0.73866623640060425 0.57816129922866821
vt 0.73157548904418945 0.54009878635406494
vt 0.67193102836608887 0.014728382229804993
vt 0.67193102836608887 0.014728382229804993
vt 0.66890519857406616 0.041501276195049286
vt 0.69226503372192383 0.19734060764312744
vt 0.67935335636138916 0.084752954542636871
vt 0.69811910390853882 0.10195725411176682
vt 0.69540238380432129 0.88061147928237915
vt 0.69001501798629761 0.90013015270233154
vt 0.69540238380432129 0.88061147928237915
vt 0.6594046950340271 0.93731826543807983
vt 0.69195616245269775 0.92511945962905884
vt 0.72598731517791748 0.8522799015045166
vt 0.72529053688049316 0.86918556690216064
vt 0.6201174259185791 0.99977713823318481
vt 0.57537311315536499 0.99998378753662109
vt 0.6594046950340271 0.93731826543807983
vt 0.6201174259185791 0.99977713823318481
vt 0.57537311315536499 0.99998378753662109
vt 0.73412531614303589 0.42563009262084961
vt 0.74294853210449219 0.46544051170349121
vt 0.72710353136062622 0.38996714353561401
vt 0.73412531614303589 0.42563009262084961
vt 0.72217434644699097 0.36348965764045715
vt 0.72710353136062622 0.38996714353561401
vt 0.71696293354034424 0.33418112993240356
vt 0.72217434644699097 0.36348965764045715
vt 0.71124690771102905 0.30190449953079224
vt 0.71696293354034424 0.33418112993240356
vt 0.7049710750579834 0.2672601044178009
vt 0.71124690771102905 0.30190449953079224
vt 0.69226503372192383 0.19734060764312744
vt 0.73498368263244629 0.487947016954422
vt 0.74265575408935547 0.5252375602722168
vt 0.73157548904418945 0.54009878635406494
vt 0.73498368263244629 0.487947016954422
vt 0.73498368263244629 0.487947016954422
vt 0.67639362812042236 0.13367797434329987
vt 0.68785107135772705 0.16319847106933594
vt 0.67639362812042236 0.13367797434329987
vt 0.69811910390853882 0.10195725411176682
vt 0.52108979225158691 0.0032339012250304222
vt 0.59633809328079224 0.0036328847054392099
vt 0.59633809328079224 0.0036328847054392099
vt 0.67193102836608887 0.014728382229804993
vt 0.65517598390579224 0.0093326233327388763
vt 0.59633809328079224 0.0036328847054392099
vt 0.65517598390579224 0.0093326233327388763
vt 0.73273134231567383 0.73276573419570923
vt 0.74701803922653198 0.71959996223449707
vt 0.73273134231567383 0.73276573419570923
vt 0.67935335636138916 0.084752954542636871
vt 0.68682569265365601 0.058551795780658722
vt 0.68682569265365601 0.058551795780658722
vt 0.66890519857406616 0.041501276195049286
vt 0.69001501798629761 0.90013015270233154
vt 0.72529053688049316 0.86918556690216064
vt 0.69540238380432129 0.88061147928237915
vt 0.69001501798629761 0.90013015270233154
vt 0.69195616245269775 0.92511945962905884
vt 0.74294853210449219 0.46544051170349121
vt 0.73498368263244629 0.487947016954422
vt 0.73412531614303589 0.42563009262084961
vt 0.72710353136062622 0.38996714353561401
vt 0.7049710750579834 0.2672601044178009
vt 0.70912480354309082 0.23535928130149841
vt 0.7049710750579834 0.2672601044178009
vt 0.70912480354309082 0.23535928130149841
vt 0.69226503372192383 0.19734060764312744
vt 0.69226503372192383 0.19734060764312744
vt 0.52108979225158691 0.0032339012250304222
vt 0.75129604339599609 0.83163273334503174
vt 0.75001019239425659 0.80968260765075684
vt 0.753135085105896 0.78334200382232666
vt 0.75001019239425659 0.80968260765075684
vt 0.753135085105896 0.78334200382232666
vt 0.75129604339599609 0.83163273334503174
vt 0.75129604339599609 0.83163273334503174
vt 0.76339530944824219 0.90465229749679565
vt 0.75059372186660767 0.87799268960952759
vt 0.76293748617172241 0.85812050104141235
vt 0.75059372186660767 0.87799268960952759
vt 0.75718134641647339 0.53059470653533936
vt 0.75792515277862549 0.47323215007781982
vt 0.76459532976150513 0.501778244972229
vt 0.75792515277862549 0.47323215007781982
vt 0.75519126653671265 0.40392199158668518
vt 0.76457381248474121 0.44250410795211792
vt 0.75484645366668701 0.37945285439491272
vt 0.75519126653671265 0.40392199158668518
vt 0.75484645366668701 0.37945285439491272
vt 0.75484645366668701 0.37945285439491272
vt 0.76071196794509888 0.35325193405151367
vt 0.77772724628448486 0.38780927658081055
vt 0.76071196794509888 0.35325193405151367
vt 0.75155127048492432 0.28346657752990723
vt 0.76594454050064087 0.32279130816459656
vt 0.75155127048492432 0.28346657752990723
vt 0.75155127048492432 0.28346657752990723
vt 0.75879132747650146 0.25163352489471436
vt 0.77769899368286133 0.28961947560310364
vt 0.75879132747650146 0.25163352489471436
vt 0.75879132747650146 0.25163352489471436
vt 0.76989156007766724 0.2188417911529541
vt 0.79404973983764648 0.25876873731613159
vt 0.75500708818435669 0.18483960628509521
vt 0.76989156007766724 0.2188417911529541
vt 0.75014543533325195 0.15212228894233704
vt 0.75014543533325195 0.15212228894233704
vt 0.75500708818435669 0.18483960628509521
vt 0.76039254665374756 0.12467846274375916
vt 0.76039254665374756 0.12467846274375916
vt 0.75014543533325195 0.15212228894233704
vt 0.75062549114227295 0.080920495092868805
vt 0.75062549114227295 0.080920495092868805
vt 0.79387879371643066 0.095026224851608276
vt 0.79387879371643066 0.095026224851608276
vt 0.76039254665374756 0.12467846274375916
vt 0.76039499044418335 0.74579554796218872
vt 0.77237236499786377 0.76612436771392822
vt 0.753135085105896 0.78334200382232666
vt 0.76092433929443359 0.69629478454589844
vt 0.77186357975006104 0.72758293151855469
vt 0.76039499044418335 0.74579554796218872
vt 0.76195436716079712 0.65150004625320435
vt 0.75057774782180786 0.56683731079101563
vt 0.76195436716079712 0.65150004625320435
vt 0.76092433929443359 0.69629478454589844
vt 0.75057774782180786 0.56683731079101563
vt 0.75186163187026978 0.61475002765655518
vt 0.75943207740783691 0.049968954175710678
vt 0.75062549114227295 0.080920495092868805
vt 0.75943207740783691 0.049968954175710678
vt 0.75666815042495728 0.99994069337844849
vt 0.762958824634552 0.94872117042541504
vt 0.75666815042495728 0.99994069337844849
vt 0.76339530944824219 0.90465229749679565
vt 0.762958824634552 0.94872117042541504
vt 0.77050656080245972 0.047646816819906235
vt 0.75943207740783691 0.049968954175710678
vt 0.77050656080245972 0.047646816819906235
vt 0.75718134641647339 0.53059470653533936
vt 0.75057774782180786 0.56683731079101563
vt 0.76459532976150513 0.501778244972229
vt 0.75718134641647339 0.53059470653533936
vt 0.76457381248474121 0.44250410795211792
vt 0.75792515277862549 0.47323215007781982
vt 0.76594454050064087 0.32279130816459656
vt 0.76071196794509888 0.35325193405151367
vt 0.75186163187026978 0.61475002765655518
vt 0.76195436716079712 0.65150004625320435
vt 0.762958824634552 0.94872117042541504
vt 0.74701803922653198 0.71959996223449707
vt 0.74935650825500488 0.49436229467391968
vt 0.74935650825500488 0.49436229467391968
vt 0.74935650825500488 0.49436229467391968
vt 0.74847054481506348 0.43272039294242859
vt 0.74847054481506348 0.43272039294242859
vt 0.74847054481506348 0.43272039294242859
vt 0.7480010986328125 0.31604626774787903
vt 0.7480010986328125 0.31604626774787903
vt 0.7480010986328125 0.31604626774787903
vt 0.74935650825500488 0.49436229467391968
vt 0.74847054481506348 0.43272039294242859
vt 0.68965744972229004 0.84476053714752197
vt 0.68828248977661133 0.82569003105163574
vt 0.68828248977661133 0.82569003105163574
vt 0.69502323865890503 0.79209071397781372
vt 0.70372700691223145 0.82130980491638184
vt 0.68828248977661133 0.82569003105163574
vt 0.69502323865890503 0.79209071397781372
vt 0.69591909646987915 0.76520437002182007
vt 0.68614321947097778 0.73540753126144409
vt 0.68614321947097778 0.73540753126144409
vt 0.68883925676345825 0.69801640510559082
vt 0.69228100776672363 0.61229586601257324
vt 0.69978100061416626 0.65449857711791992
vt 0.68988341093063354 0.55943727493286133
vt 0.69228100776672363 0.61229586601257324
vt 0.68988341093063354 0.55943727493286133
vt 0.69100695848464966 0.47385266423225403
vt 0.69812142848968506 0.51329034566879272
vt 0.68534338474273682 0.44171261787414551
vt 0.69100695848464966 0.47385266423225403
vt 0.68534338474273682 0.44171261787414551
vt 0.68534338474273682 0.44171261787414551
vt 0.69554591178894043 0.41968131065368652
vt 0.70029383897781372 0.44624197483062744
vt 0.69156938791275024 0.39570444822311401
vt 0.69554591178894043 0.41968131065368652
vt 0.69132804870605469 0.37006717920303345
vt 0.69156938791275024 0.39570444822311401
vt 0.68450468778610229 0.34698158502578735
vt 0.69132804870605469 0.37006717920303345
vt 0.68450468778610229 0.34698158502578735
vt 0.72246706485748291 0.071110114455223083
vt 0.68682569265365601 0.058551795780658722
vt 0.6874735951423645 0.85701626539230347
vt 0.6874735951423645 0.85701626539230347
vt 0.68965744972229004 0.84476053714752197
vt 0.7012367844581604 0.024595489725470543
vt 0.7012367844581604 0.024595489725470543
vt 0.68682569265365601 0.058551795780658722
vt 0.69075685739517212 0.31104037165641785
vt 0.68534982204437256 0.27909433841705322
vt 0.68450468778610229 0.34698158502578735
vt 0.69578355550765991 0.34371939301490784
vt 0.68534982204437256 0.27909433841705322
vt 0.69075685739517212 0.31104037165641785
vt 0.69740504026412964 0.86324316263198853
vt 0.69740504026412964 0.86324316263198853
vt 0.7281990647315979 0.93019586801528931
vt 0.69195616245269775 0.92511945962905884
vt 0.69449406862258911 0.25630027055740356
vt 0.69070076942443848 0.13707275688648224
vt 0.68785107135772705 0.16319847106933594
vt 0.69070076942443848 0.13707275688648224
vt 0.69811910390853882 0.10195725411176682
vt 0.69449406862258911 0.25630027055740356
vt 0.68534982204437256 0.27909433841705322
vt 0.72246706485748291 0.071110114455223083
vt 0.69811910390853882 0.10195725411176682
vt 0.72178906202316284 0.97790753841400146
vt 0.71633833646774292 0.025619689375162125
vt 0.7012367844581604 0.024595489725470543
vt 0.69591909646987915 0.76520437002182007
vt 0.68614321947097778 0.73540753126144409
vt 0.68883925676345825 0.69801640510559082
vt 0.68614321947097778 0.73540753126144409
vt 0.69978100061416626 0.65449857711791992
vt 0.68883925676345825 0.69801640510559082
vt 0.69812142848968506 0.51329034566879272
vt 0.68988341093063354 0.55943727493286133
vt 0.69156938791275024 0.39570444822311401
vt 0.69578355550765991 0.34371939301490784
vt 0.71633833646774292 0.025619689375162125
vt 1.0039498805999756 0.87697118520736694
vt 1.0088449716567993 0.89315271377563477
vt 1.0039498805999756 0.87697118520736694
vt 1.0405501127243042 0.90628468990325928
vt 1.0088449716567993 0.89315271377563477
vt 1.0088449716567993 0.89315271377563477
vt 1.0528161525726318 0.87036967277526855
vt 1.0012965202331543 0.82579374313354492
vt 1.0015537738800049 0.8434712290763855
vt 1.0010980367660522 0.80582630634307861
vt 1.0012965202331543 0.82579374313354492
vt 1.0116227865219116 0.78334587812423706
vt 1.0010980367660522 0.80582630634307861
vt 1.0158336162567139 0.75446665287017822
vt 1.0338468551635742 0.78324085474014282
vt 1.0116227865219116 0.78334587812423706
vt 1.0115351676940918 0.72901678085327148
vt 1.0158336162567139 0.75446665287017822
vt 1.0081171989440918 0.70347386598587036
vt 1.0115351676940918 0.72901678085327148
vt 1.0081171989440918 0.70347386598587036
vt 1.0032012462615967 0.68622022867202759
vt 1.0120580196380615 0.65674501657485962
vt 1.0032012462615967 0.68622022867202759
vt 1.0120580196380615 0.65674501657485962
vt 1.0000834465026855 0.57706499099731445
vt 1.0000834465026855 0.57706499099731445
vt 1.028347373008728 0.58342152833938599
vt 1.0364710092544556 0.62859612703323364
vt 1.0076839923858643 0.51482844352722168
vt 1.0000834465026855 0.57706499099731445
vt 1.0154870748519897 0.46020179986953735
vt 1.0076839923858643 0.51482844352722168
vt 1.0376275777816772 0.42789217829704285
vt 1.0154870748519897 0.46020179986953735
vt 1.0353683233261108 0.38684564828872681
vt 1.0376275777816772 0.42789217829704285
vt 1.048540472984314 0.34822893142700195
vt 1.0353683233261108 0.38684564828872681
vt 1.0642788410186768 0.30893146991729736
vt 1.048540472984314 0.34822893142700195
vt 1.0036289691925049 0.26783847808837891
vt 1.0036289691925049 0.26783847808837891
vt 1.0822185277938843 0.27000555396080017
vt 1.0642788410186768 0.30893146991729736
vt 1.0024175643920898 0.23047305643558502
vt 1.0036289691925049 0.26783847808837891
vt 1.0972740650177002 0.19784578680992126
vt 1.0024175643920898 0.23047305643558502
vt 1.0520410537719727 0.16666927933692932
vt 1.0520410537719727 0.16666927933692932
vt 1.0972740650177002 0.19784578680992126
vt 1.0520410537719727 0.16666927933692932
vt 1.0865012407302856 0.13979719579219818
vt 1.0015537738800049 0.8434712290763855
vt 1.0192452669143677 0.85952770709991455
vt 1.0015537738800049 0.8434712290763855
vt 1.0659120082855225 0.080150038003921509
vt 1.0883578062057495 0.10662416368722916
vt 1.0109825134277344 1
vt 1.0181751251220703 0.94700485467910767
vt 1.0109825134277344 1
vt 1.0405501127243042 0.90628468990325928
vt 1.0181751251220703 0.94700485467910767
vt 1.0730371475219727 0.072824463248252869
vt 1.0659120082855225 0.080150038003921509
vt 1.0528161525726318 0.87036967277526855
vt 1.0039498805999756 0.87697118520736694
vt 1.0158336162567139 0.75446665287017822
vt 1.0338468551635742 0.78324085474014282
vt 1.0116227865219116 0.78334587812423706
vt 1.0115351676940918 0.72901678085327148
vt 1.0364710092544556 0.62859612703323364
vt 1.0120580196380615 0.65674501657485962
vt 1.0865012407302856 0.13979719579219818
vt 1.0520410537719727 0.16666927933692932
vt 1.0883578062057495 0.10662416368722916
vt 1.0865012407302856 0.13979719579219818
vn -0.21024151146411896 -0.024013364687561989 0.97735452651977539
vn -0.11138605326414108 0.013613879680633545 0.99368393421173096
vn -0.11406379193067551 0.04642791673541069 0.99238795042037964
vn -0.19785337150096893 -0.072055526077747345 0.97757971286773682
vn -0.089392527937889099 -0.010337172076106071 0.99594283103942871
vn -0.17971350252628326 -0.11856026202440262 0.97654825448989868
vn -0.079161845147609711 -0.043144669383764267 0.99592769145965576
vn -0.15751518309116364 -0.15996912121772766 0.97447365522384644
vn -0.054357845336198807 -0.0796971395611763 0.99533593654632568
vn -0.095964826643466949 -0.18173724412918091 0.97865331172943115
vn 0.2258172482252121 -0.30421873927116394 0.9254499077796936
vn 0.26061555743217468 -0.28865772485733032 0.9212796688079834
vn 0.22682896256446838 -0.17048095166683197 0.95889770984649658
vn 0.29415002465248108 -0.26848593354225159 0.91727370023727417
vn 0.24251262843608856 -0.1370084285736084 0.96042507886886597
vn 0.32541221380233765 -0.24418123066425323 0.91350007057189941
vn 0.26134085655212402 -0.11367105692625046 0.95853006839752197
vn 0.35380277037620544 -0.21627108752727509 0.90997272729873657
vn 0.29302853345870972 -0.12045168876647949 0.94848597049713135
vn 0.37935987114906311 -0.18471352756023407 0.9066239595413208
vn 0.31136056780815125 -0.098570406436920166 0.94516587257385254
vn 0.40170922875404358 -0.1497931182384491 0.90343332290649414
vn 0.3275282084941864 -0.074290178716182709 0.94191628694534302
vn 0.42047420144081116 -0.11186168342828751 0.90038233995437622
vn 0.34127229452133179 -0.047821473330259323 0.93874722719192505
vn 0.43528866767883301 -0.071360521018505096 0.89745831489562988
vn 0.35233184695243835 -0.019432457163929939 0.93567335605621338
vn 0.44582065939903259 -0.028841858729720116 0.89465749263763428
vn 0.36045756936073303 0.010532751679420471 0.93271613121032715
vn 0.45197328925132751 0.017081527039408684 0.89186787605285645
vn 0.36558744311332703 0.043108321726322174 0.92977821826934814
vn 0.45425975322723389 0.062539234757423401 0.88867145776748657
vn 0.36720237135887146 0.074802465736865997 0.9271283745765686
vn -0.33944103121757507 -0.075295522809028625 0.93760883808135986
vn -0.21679554879665375 0.023152930662035942 0.97594243288040161
vn -0.3229958713054657 -0.14109231531620026 0.93582403659820557
vn -0.29868900775909424 -0.20472852885723114 0.9321325421333313
vn -0.26882663369178772 -0.2613128125667572 0.92706412076950073
vn -0.23452760279178619 -0.31100687384605408 0.92101657390594482
vn -0.20304177701473236 -0.39452329277992249 0.89617264270782471
vn -0.14946049451828003 -0.43875902891159058 0.88608807325363159
vn -0.06962711364030838 -0.25809818506240845 0.96360647678375244
vn -0.078967876732349396 -0.44008675217628479 0.89447623491287231
vn -0.034023135900497437 -0.28189939260482788 0.95884054899215698
vn -0.046143725514411926 -0.50548142194747925 0.86160272359848022
vn 0.0033780657686293125 -0.30038124322891235 0.95381325483322144
vn 0.01653507724404335 -0.52536845207214355 0.85071414709091187
vn 0.041665203869342804 -0.31339913606643677 0.9487069845199585
vn 0.097297631204128265 -0.48718813061714172 0.86785995960235596
vn 0.079958505928516388 -0.32105755805969238 0.94367825984954834
vn 0.14336039125919342 -0.33661353588104248 0.93066596984863281
vn 0.17759974300861359 -0.50892734527587891 0.84228932857513428
vn 0.23988263309001923 -0.5160943865776062 0.82225477695465088
vn 0.19048449397087097 -0.31512820720672607 0.9297364354133606
vn 0.27270624041557312 -0.45130246877670288 0.84968078136444092
vn 0.32221004366874695 -0.43058466911315918 0.84307622909545898
vn 0.37652763724327087 -0.43249216675758362 0.81925421953201294
vn 0.4269583523273468 -0.40148070454597473 0.81025910377502441
vn 0.46455532312393188 -0.35050663352012634 0.81322413682937622
vn 0.50496256351470947 -0.30928218364715576 0.80582708120346069
vn 0.53568214178085327 -0.25289511680603027 0.8056604266166687
vn 0.56259608268737793 -0.19340254366397858 0.80379170179367065
vn 0.55021929740905762 -0.11421651393175125 0.82717186212539673
vn 0.56281483173370361 -0.05158078670501709 0.82497203350067139
vn 0.56752532720565796 0.0079072965309023857 0.8233180046081543
vn 0.56720495223999023 0.06154986098408699 0.82127350568771362
vn -0.34792110323905945 -0.010687061585485935 0.93746292591094971
vn -0.52887433767318726 -0.012779773212969303 0.84860390424728394
vn -0.52522629499435425 -0.10832424461841583 0.84403979778289795
vn -0.50570034980773926 -0.19655531644821167 0.84001976251602173
vn -0.52381604909896851 -0.30032318830490112 0.79713404178619385
vn -0.48274049162864685 -0.38169366121292114 0.78820782899856567
vn -0.43085941672325134 -0.45981442928314209 0.77648621797561646
vn -0.35554125905036926 -0.4816095232963562 0.80102598667144775
vn -0.28318133950233459 -0.55441641807556152 0.78257954120635986
vn -0.1659475564956665 -0.58287280797958374 0.79543739557266235
vn -0.078813940286636353 -0.66054219007492065 0.74664068222045898
vn 0.33661866188049316 -0.56019097566604614 0.75688433647155762
vn 0.41486608982086182 -0.66097855567932129 0.62529474496841431
vn 0.44050714373588562 -0.56553149223327637 0.69722849130630493
vn 0.52123516798019409 -0.48890748620033264 0.69948792457580566
vn 0.59305894374847412 -0.41720762848854065 0.68863552808761597
vn 0.63585793972015381 -0.35081905126571655 0.68746685981750488
vn 0.67262035608291626 -0.27122050523757935 0.6884920597076416
vn 0.65066534280776978 -0.15764619410037994 0.74282050132751465
vn 0.67712664604187012 -0.082843005657196045 0.73118847608566284
vn 0.69120919704437256 -0.0068422374315559864 0.7226223349571228
vn -0.68154340982437134 -0.083873994648456573 0.7269551157951355
vn -0.68230515718460083 -0.25719520449638367 0.68433201313018799
vn -0.68225830793380737 -0.46533337235450745 0.56390464305877686
vn -0.55306977033615112 -0.56667244434356689 0.61073416471481323
vn -0.43659153580665588 -0.63445210456848145 0.63785451650619507
vn -0.3142152726650238 -0.72747981548309326 0.60995239019393921
vn 0.49989494681358337 -0.74118411540985107 0.44805261492729187
vn 0.51526039838790894 -0.6193353533744812 0.59239381551742554
vn 0.59894055128097534 -0.61197894811630249 0.51648038625717163
vn 0.67075008153915405 -0.52856528759002686 0.52030098438262939
vn 0.75251865386962891 -0.4133988618850708 0.5126568078994751
vn 0.77539360523223877 -0.2257014662027359 0.58976566791534424
vn 0.86995387077331543 -0.34124979376792908 0.3559899628162384
vn 0.91559749841690063 -0.19829559326171875 0.34980005025863647
vn 0.81396174430847168 -0.099431604146957397 0.57234573364257813
vn 0.86285960674285889 -0.0070824245922267437 0.50539404153823853
vn 0.73433130979537964 0.087382890284061432 0.67314320802688599
vn -0.91819989681243896 -0.20991341769695282 0.33592462539672852
vn -0.80831652879714966 -0.12865197658538818 0.57451987266540527
vn -0.9243927001953125 -0.048758562654256821 0.37831306457519531
vn -0.82388883829116821 -0.32227587699890137 0.46620321273803711
vn -0.79011708498001099 -0.50855475664138794 0.34217983484268188
vn -0.64446002244949341 -0.63895022869110107 0.42001652717590332
vn -0.5410308837890625 -0.7212873101234436 0.43246987462043762
vn -0.41903555393218994 -0.77979004383087158 0.46512007713317871
vn -0.47907698154449463 -0.80221325159072876 0.35628524422645569
vn -0.27190318703651428 -0.87116861343383789 0.40882021188735962
vn 0.55097281932830811 -0.7653343677520752 0.33270454406738281
vn 0.43469366431236267 -0.84506285190582275 0.31130409240722656
vn 0.43346080183982849 -0.88062083721160889 0.19136007130146027
vn 0.57757872343063354 -0.80211788415908813 0.15168952941894531
vn 0.65470671653747559 -0.67989963293075562 0.33029627799987793
vn 0.71288931369781494 -0.687813401222229 0.1367536187171936
vn 0.75989782810211182 -0.56800562143325806 0.31610894203186035
vn 0.82628703117370605 -0.55357766151428223 0.10393054783344269
vn 0.8305816650390625 -0.46270191669464111 0.30990490317344666
vn 0.90590161085128784 -0.41458317637443542 0.086389362812042236
vn 0.96366715431213379 -0.26080888509750366 0.057656995952129364
vn 0.9966551661491394 -0.078637786209583282 0.022238390520215034
vn 0.96336907148361206 -0.047379650175571442 0.26396065950393677
vn -0.96307659149169922 -0.21586160361766815 0.16089500486850739
vn -0.98349171876907349 -0.063553385436534882 0.16942548751831055
vn -0.90514713525772095 -0.36472469568252563 0.21836793422698975
vn -0.83529657125473022 -0.51906836032867432 0.1812392920255661
vn -0.71824193000793457 -0.66058504581451416 0.21853132545948029
vn -0.60283511877059937 -0.76906251907348633 0.21244436502456665
vn -0.48530837893486023 -0.85152995586395264 0.19842498004436493
vn -0.33529341220855713 -0.89804071187973022 0.28478279709815979
vn 0.66906720399856567 -0.74302226305007935 -0.016339180991053581
vn 0.74810528755187988 -0.66254359483718872 -0.037073846906423569
vn 0.88434606790542603 -0.45888733863830566 -0.085757724940776825
vn 0.9369804859161377 -0.32826897501945496 -0.11961199343204498
vn 0.97473394870758057 -0.14208869636058807 -0.17235003411769867
vn -0.99426013231277466 -0.10427867621183395 -0.023931059986352921
vn -0.97005641460418701 -0.24280489981174469 0.0060265245847404003
vn -0.92508804798126221 -0.37874603271484375 0.027632955461740494
vn -0.86292374134063721 -0.50369346141815186 0.040688134729862213
vn -0.7919766902923584 -0.60879123210906982 0.04632660374045372
vn -0.71611016988754272 -0.69641238451004028 0.046861071139574051
vn -0.63390457630157471 -0.7721741795539856 0.043726611882448196
vn -0.53233158588409424 -0.84399950504302979 0.065482065081596375
vn -0.41671967506408691 -0.90478920936584473 0.087756559252738953
vn 0.56752455234527588 -0.82328110933303833 0.01114220917224884
vn 0.55017417669296265 -0.8268926739692688 -0.11643408983945847
vn 0.66083407402038574 -0.73698252439498901 -0.14196860790252686
vn 0.73965519666671753 -0.65166968107223511 -0.16803810000419617
vn 0.82051211595535278 -0.56855028867721558 -0.059248745441436768
vn 0.81087899208068848 -0.55047798156738281 -0.19861847162246704
vn 0.87036252021789551 -0.43312609195709229 -0.23424528539180756
vn 0.9146232008934021 -0.29446250200271606 -0.27704918384552002
vn 0.93444579839706421 -0.15119746327400208 -0.32241332530975342
vn -0.97219711542129517 -0.20220428705215454 -0.11809379607439041
vn -0.98676919937133789 -0.062105610966682434 -0.14976459741592407
vn -0.93526184558868408 -0.3414338231086731 -0.093317985534667969
vn -0.87912309169769287 -0.47044944763183594 -0.076288335025310516
vn -0.81227880716323853 -0.57945191860198975 -0.066623188555240631
vn -0.73926210403442383 -0.67053204774856567 -0.062276262789964676
vn -0.65922504663467407 -0.74940532445907593 -0.061757180839776993
vn -0.54454612731933594 -0.83694106340408325 -0.054765217006206512
vn 0.34248679876327515 -0.93546998500823975 -0.087170250713825226
vn 0.29363924264907837 -0.94114989042282104 -0.16737039387226105
vn 0.5059581995010376 -0.84182488918304443 -0.1879817396402359
vn 0.62639045715332031 -0.7449643611907959 -0.22948436439037323
vn 0.70612329244613647 -0.65970885753631592 -0.25724330544471741
vn 0.77791374921798706 -0.55745083093643188 -0.28999787569046021
vn 0.83705884218215942 -0.43780675530433655 -0.32811233401298523
vn 0.87926614284515381 -0.29569730162620544 -0.37343558669090271
vn 0.89499586820602417 -0.1489444375038147 -0.42047348618507385
vn -0.96061223745346069 -0.15980006754398346 -0.22734999656677246
vn -0.96689367294311523 -0.020694971084594727 -0.25433894991874695
vn -0.93166089057922363 -0.29977434873580933 -0.20528845489025116
vn -0.882393479347229 -0.43076115846633911 -0.18927903473377228
vn -0.82086408138275146 -0.54219019412994385 -0.17947697639465332
vn -0.75196564197540283 -0.63572347164154053 -0.17436537146568298
vn -0.67533737421035767 -0.71699970960617065 -0.17271597683429718
vn -0.59364074468612671 -0.78571599721908569 -0.17389951646327972
vn -0.47389590740203857 -0.86263537406921387 -0.17686964571475983
vn 0.42849272489547729 -0.87448352575302124 -0.22731584310531616
vn 0.37247270345687866 -0.86515206098556519 -0.33582136034965515
vn 0.50794196128845215 -0.80743002891540527 -0.30008614063262939
vn 0.5924307107925415 -0.7383347749710083 -0.32231599092483521
vn 0.67236685752868652 -0.65288829803466797 -0.34879747033119202
vn 0.74398767948150635 -0.54955905675888062 -0.38008841872215271
vn 0.80217880010604858 -0.42801311612129211 -0.41630998253822327
vn 0.84213513135910034 -0.28344899415969849 -0.4587647020816803
vn 0.85446643829345703 -0.13474303483963013 -0.50172841548919678
vn -0.93852972984313965 -0.12416882812976837 -0.32209327816963196
vn -0.93968498706817627 0.012146205641329288 -0.34182536602020264
vn -0.91523075103759766 -0.26242688298225403 -0.30575290322303772
vn -0.87146967649459839 -0.39268821477890015 -0.29383078217506409
vn -0.81471848487854004 -0.50405097007751465 -0.28664684295654297
vn -0.74993270635604858 -0.59783363342285156 -0.28318887948989868
vn -0.67705202102661133 -0.67950475215911865 -0.28261950612068176
vn -0.56798690557479858 -0.77022582292556763 -0.29007419943809509
vn -0.43485346436500549 -0.85130506753921509 -0.29356804490089417
vn 0.47473558783531189 -0.78132188320159912 -0.40516945719718933
vn 0.55810129642486572 -0.71273493766784668 -0.42489036917686462
vn 0.63683629035949707 -0.62743544578552246 -0.44806724786758423
vn 0.70700931549072266 -0.52393895387649536 -0.47500079870223999
vn 0.76337552070617676 -0.40214991569519043 -0.50550299882888794
vn 0.80108511447906494 -0.25776848196983337 -0.54020190238952637
vn 0.81140220165252686 -0.11027530580759048 -0.57399111986160278
vn -0.91108262538909912 -0.09776557981967926 -0.40046265721321106
vn -0.91007155179977417 0.035303287208080292 -0.41294485330581665
vn -0.89069640636444092 -0.23312091827392578 -0.39027494192123413
vn -0.8502383828163147 -0.36094281077384949 -0.38316443562507629
vn -0.79675137996673584 -0.47035312652587891 -0.37941429018974304
vn -0.73511552810668945 -0.56249886751174927 -0.37841805815696716
vn -0.6372600793838501 -0.66730290651321411 -0.38549503684043884
vn -0.51222574710845947 -0.76623094081878662 -0.38796254992485046
vn -0.39388659596443176 -0.82665884494781494 -0.40185639262199402
vn 0.19310145080089569 -0.89083796739578247 -0.41124147176742554
vn 0.25410690903663635 -0.81372827291488647 -0.52275806665420532
vn 0.33378309011459351 -0.81795042753219604 -0.46855729818344116
vn 0.44510772824287415 -0.74176484346389771 -0.50166124105453491
vn 0.52628850936889648 -0.67438209056854248 -0.51790851354598999
vn 0.60304087400436401 -0.59047108888626099 -0.53636330366134644
vn 0.67149496078491211 -0.48865810036659241 -0.55705273151397705
vn 0.72656792402267456 -0.3690447211265564 -0.57957321405410767
vn 0.76373887062072754 -0.22771605849266052 -0.60402673482894897
vn 0.77482187747955322 -0.08396611362695694 -0.62657856941223145
vn -0.88157665729522705 -0.080092109739780426 -0.46519660949707031
vn -0.88055986166000366 0.049942567944526672 -0.47129619121551514
vn -0.86193394660949707 -0.21224397420883179 -0.46045884490013123
vn -0.82286250591278076 -0.33688804507255554 -0.45760655403137207
vn -0.77116715908050537 -0.44338017702102661 -0.45685359835624695
vn -0.71159982681274414 -0.53284049034118652 -0.45793741941452026
vn -0.60021686553955078 -0.6513742208480835 -0.46416738629341125
vn -0.46243187785148621 -0.74693387746810913 -0.47775149345397949
vn -0.31104019284248352 -0.81321483850479126 -0.4918694794178009
vn 0.33913686871528625 -0.72477251291275024 -0.59974241256713867
vn 0.41642618179321289 -0.68625742197036743 -0.59635555744171143
vn 0.4941965639591217 -0.61868762969970703 -0.61073344945907593
vn 0.56814849376678467 -0.53829121589660645 -0.62245470285415649
vn 0.63497382402420044 -0.44081810116767883 -0.63441914319992065
vn 0.69019013643264771 -0.32595902681350708 -0.64605593681335449
vn 0.72949808835983276 -0.1918177604675293 -0.65653520822525024
vn 0.75229501724243164 -0.062354043126106262 -0.65586906671524048
vn -0.85101675987243652 -0.069650515913963318 -0.52049905061721802
vn -0.85144633054733276 0.057692095637321472 -0.5212588906288147
vn -0.83067655563354492 -0.19866164028644562 -0.52010577917098999
vn -0.79172539710998535 -0.31996345520019531 -0.52037894725799561
vn -0.74084687232971191 -0.4232647716999054 -0.52152931690216064
vn -0.65940451622009277 -0.53502011299133301 -0.52814692258834839
vn -0.54695767164230347 -0.64715677499771118 -0.53106063604354858
vn -0.42525914311408997 -0.72502684593200684 -0.54174786806106567
vn -0.28155028820037842 -0.78384852409362793 -0.55345368385314941
vn -0.18496011197566986 -0.80597233772277832 -0.56231516599655151
vn -0.18022355437278748 -0.84854519367218018 -0.49748417735099792
vn 0.17907364666461945 -0.8169560432434082 -0.54819291830062866
vn 0.070321790874004364 -0.86975103616714478 -0.48845472931861877
vn 0.10027517378330231 -0.80042564868927002 -0.59098529815673828
vn 0.17373132705688477 -0.76353639364242554 -0.62195628881454468
vn 0.25575974583625793 -0.73577594757080078 -0.62707310914993286
vn 0.74691587686538696 -0.009815538302063942 -0.66484606266021729
vn -0.82052105665206909 -0.064898476004600525 -0.56792020797729492
vn -0.82322609424591064 0.059963185340166092 -0.56453806161880493
vn -0.79878789186477661 -0.19093051552772522 -0.57051151990890503
vn -0.75945234298706055 -0.30908980965614319 -0.57244706153869629
vn -0.70906990766525269 -0.40949848294258118 -0.5740477442741394
vn -0.63412779569625854 -0.4854692816734314 -0.60183179378509521
vn -0.58815246820449829 -0.56587934494018555 -0.5778038501739502
vn -0.52004081010818481 -0.62660306692123413 -0.58045339584350586
vn -0.40096196532249451 -0.70298761129379272 -0.58739924430847168
vn -0.26172187924385071 -0.75951850414276123 -0.59551090002059937
vn -0.14426816999912262 -0.78472685813903809 -0.60281872749328613
vn -0.035743046551942825 -0.7914087176322937 -0.61024147272109985
vn -0.10092443972826004 -0.82722735404968262 -0.55272883176803589
vn 0.038205813616514206 -0.78212612867355347 -0.6219477653503418
vn 0.028818599879741669 -0.81347209215164185 -0.58088952302932739
vn 0.10687949508428574 -0.77149057388305664 -0.62719935178756714
vn 0.33803984522819519 -0.69090431928634644 -0.63904643058776855
vn 0.40684479475021362 -0.65085148811340332 -0.64099115133285522
vn 0.48359721899032593 -0.59060198068618774 -0.64600545167922974
vn 0.55819189548492432 -0.51491540670394897 -0.65060269832611084
vn 0.62743699550628662 -0.42211601138114929 -0.65432471036911011
vn 0.68689060211181641 -0.31174597144126892 -0.65650266408920288
vn 0.73289275169372559 -0.17938357591629028 -0.6562696099281311
vn 0.75619047880172729 -0.042332656681537628 -0.6529807448387146
vn -0.79066997766494751 -0.062919840216636658 -0.60900086164474487
vn -0.79580008983612061 0.05915982648730278 -0.60266268253326416
vn -0.75596773624420166 -0.18899944424629211 -0.62673121690750122
vn -0.71716314554214478 -0.30225011706352234 -0.62795054912567139
vn -0.66511350870132446 -0.38898459076881409 -0.6374284029006958
vn -0.56178224086761475 -0.55315303802490234 -0.61516052484512329
vn -0.4959293007850647 -0.61341184377670288 -0.61463809013366699
vn -0.38039708137512207 -0.69088077545166016 -0.61480230093002319
vn -0.24391563236713409 -0.74941432476043701 -0.61553496122360229
vn -0.11192361265420914 -0.77894872426986694 -0.61701864004135132
vn -0.025973692536354065 -0.78416210412979126 -0.62001222372055054
vn 0.18447291851043701 -0.75718241930007935 -0.6266135573387146
vn 0.25906145572662354 -0.73270559310913086 -0.62930887937545776
vn 0.41875520348548889 -0.65886962413787842 -0.62492787837982178
vn 0.48893749713897705 -0.59507602453231812 -0.63782811164855957
vn 0.56498074531555176 -0.52068537473678589 -0.64006519317626953
vn 0.63655930757522583 -0.428627610206604 -0.6411479115486145
vn 0.69923323392868042 -0.31811431050300598 -0.64021569490432739
vn 0.74933397769927979 -0.18428970873355865 -0.63603132963180542
vn 0.77676087617874146 -0.044400062412023544 -0.62822860479354858
vn -0.76648736000061035 -0.062056731432676315 -0.63925433158874512
vn -0.77383160591125488 0.056890383362770081 -0.63083130121231079
vn -0.60300016403198242 -0.47268697619438171 -0.64261794090270996
vn -0.53510534763336182 -0.54520756006240845 -0.64529913663864136
vn -0.47999817132949829 -0.60528182983398438 -0.63500839471817017
vn -0.36821824312210083 -0.6858065128326416 -0.62776166200637817
vn -0.23487557470798492 -0.74810129404067993 -0.62062698602676392
vn -0.10468369722366333 -0.78071224689483643 -0.61605978012084961
vn -0.020747223868966103 -0.78826051950454712 -0.61499178409576416
vn 0.045815795660018921 -0.78784310817718506 -0.61416947841644287
vn 0.11546742171049118 -0.78090828657150269 -0.6138806939125061
vn 0.23881258070468903 -0.75201839208602905 -0.61435896158218384
vn 0.33828878402709961 -0.71115434169769287 -0.61629551649093628
vn 0.49823704361915588 -0.61677026748657227 -0.60938847064971924
vn 0.57243287563323975 -0.53572297096252441 -0.62074267864227295
vn 0.64662647247314453 -0.44351133704185486 -0.62062215805053711
vn 0.71262180805206299 -0.33181607723236084 -0.61811673641204834
vn 0.76667320728302002 -0.19531744718551636 -0.6116071343421936
vn 0.79779613018035889 -0.051394905894994736 -0.60073280334472656
vn -0.75480294227600098 -0.064101606607437134 -0.65281194448471069
vn -0.76442432403564453 0.052262209355831146 -0.64259171485900879
vn -0.73014634847640991 -0.18111187219619751 -0.65885108709335327
vn -0.69183015823364258 -0.29151177406311035 -0.66059964895248413
vn -0.64519840478897095 -0.38671037554740906 -0.65891891717910767
vn -0.58925914764404297 -0.47013089060783386 -0.65707731246948242
vn -0.47373619675636292 -0.60157722234725952 -0.64317870140075684
vn -0.36417120695114136 -0.68516898155212402 -0.63081121444702148
vn -0.23261728882789612 -0.75047063827514648 -0.61861377954483032
vn -0.10412400960922241 -0.78554809093475342 -0.6099773645401001
vn -0.021280109882354736 -0.79470038414001465 -0.60662877559661865
vn 0.044887207448482513 -0.79553097486495972 -0.60424792766571045
vn 0.16896165907382965 -0.78048312664031982 -0.60191196203231812
vn 0.26118630170822144 -0.75467145442962646 -0.60187435150146484
vn 0.3371812105178833 -0.72331917285919189 -0.60259288549423218
vn 0.41539362072944641 -0.68035793304443359 -0.60378903150558472
vn 0.57733261585235596 -0.55652105808258057 -0.59747081995010376
vn 0.65131562948226929 -0.45798614621162415 -0.60500961542129517
vn 0.72045803070068359 -0.34545257687568665 -0.6013340950012207
vn 0.77835476398468018 -0.20679350197315216 -0.59279024600982666
vn 0.8131745457649231 -0.059403695166110992 -0.57898044586181641
vn -0.75637584924697876 -0.066855266690254211 -0.65071189403533936
vn -0.76819419860839844 0.064285546541213989 -0.63698118925094604
vn -0.73078042268753052 -0.181955486536026 -0.65791505575180054
vn -0.69246888160705566 -0.29090350866317749 -0.66019845008850098
vn -0.64959514141082764 -0.386971116065979 -0.65443068742752075
vn -0.53846275806427002 -0.53906649351119995 -0.64766132831573486
vn -0.47740578651428223 -0.60201281309127808 -0.64005023241043091
vn -0.41372236609458923 -0.65537601709365845 -0.63191461563110352
vn -0.33047059178352356 -0.71090984344482422 -0.62080299854278564
vn -0.21607872843742371 -0.7638242244720459 -0.60817968845367432
vn -0.092012397944927216 -0.79546219110488892 -0.59897714853286743
vn -0.025643400847911835 -0.80331319570541382 -0.59500443935394287
vn 0.058273818343877792 -0.80469727516174316 -0.59081846475601196
vn 0.2060733288526535 -0.78257369995117188 -0.58746248483657837
vn 0.3343561589717865 -0.73461872339248657 -0.59037387371063232
vn 0.41326659917831421 -0.69207775592803955 -0.59180998802185059
vn 0.49400770664215088 -0.63560700416564941 -0.59326225519180298
vn 0.65663433074951172 -0.47486048936843872 -0.58595126867294312
vn 0.72582662105560303 -0.35732558369636536 -0.58778750896453857
vn 0.78732216358184814 -0.21722668409347534 -0.57700639963150024
vn 0.83512014150619507 -0.011895440518856049 -0.54993897676467896
vn -0.77172702550888062 -0.066478081047534943 -0.63246983289718628
vn -0.78448301553726196 0.048998910933732986 -0.61821150779724121
vn -0.74554651975631714 -0.18090587854385376 -0.64143079519271851
vn -0.71618598699569702 -0.28910747170448303 -0.63521218299865723
vn -0.60994994640350342 -0.46714723110198975 -0.64010512828826904
vn -0.55275297164916992 -0.54105961322784424 -0.63381278514862061
vn -0.49109610915184021 -0.60571730136871338 -0.62604409456253052
vn -0.42651265859603882 -0.66081005334854126 -0.61758971214294434
vn -0.37248274683952332 -0.71160888671875 -0.59570920467376709
vn -0.29369938373565674 -0.74315202236175537 -0.60122019052505493
vn -0.21078434586524963 -0.77764600515365601 -0.59231460094451904
vn -0.098287768661975861 -0.80599534511566162 -0.58370453119277954
vn -0.030588539317250252 -0.81402796506881714 -0.58001971244812012
vn 0.090484060347080231 -0.81249487400054932 -0.57590335607528687
vn 0.25862765312194824 -0.77532708644866943 -0.57617670297622681
vn 0.41469144821166992 -0.69997364282608032 -0.58143603801727295
vn 0.49638581275939941 -0.64282095432281494 -0.5834229588508606
vn 0.57859706878662109 -0.56919503211975098 -0.58415961265563965
vn 0.73253661394119263 -0.36316832900047302 -0.5757594108581543
vn 0.79661154747009277 -0.22269102931022644 -0.5619775652885437
vn 0.83819496631622314 -0.072167180478572845 -0.54057478904724121
vn -0.80113661289215088 -0.057840842753648758 -0.59567993879318237
vn -0.81501764059066772 0.059951771050691605 -0.57632637023925781
vn -0.77510243654251099 -0.1731962114572525 -0.60763418674468994
vn -0.69002151489257813 -0.38143730163574219 -0.61512261629104614
vn -0.68090462684631348 -0.44781818985939026 -0.57950645685195923
vn -0.57872569561004639 -0.54363095760345459 -0.60789960622787476
vn -0.51912176609039307 -0.61321073770523071 -0.59538662433624268
vn -0.47136896848678589 -0.67405658960342407 -0.56873452663421631
vn -0.30715093016624451 -0.75544816255569458 -0.57875418663024902
vn -0.22024214267730713 -0.79105204343795776 -0.5707276463508606
vn -0.1012294739484787 -0.81963264942169189 -0.56387495994567871
vn 0.021612487733364105 -0.82763594388961792 -0.56084901094436646
vn 0.16967388987541199 -0.80979639291763306 -0.56164091825485229
vn 0.32431980967521667 -0.7570948600769043 -0.5671190619468689
vn 0.4763176441192627 -0.66723066568374634 -0.5726470947265625
vn 0.59368222951889038 -0.56337571144104004 -0.57458615303039551
vn 0.6734696626663208 -0.46907752752304077 -0.57131856679916382
vn 0.74679458141326904 -0.35535290837287903 -0.56215846538543701
vn 0.81081539392471313 -0.21625205874443054 -0.54388731718063354
vn 0.8554961085319519 -0.062303509563207626 -0.51404738426208496
vn -0.79252469539642334 -0.24723941087722778 -0.55747401714324951
vn -0.84974968433380127 0.0047817681916058064 -0.52716463804244995
vn -0.67199516296386719 -0.54163604974746704 -0.50502759218215942
vn -0.34166526794433594 -0.76545768976211548 -0.5452883243560791
vn -0.19025219976902008 -0.82357263565063477 -0.53435212373733521
vn -0.037193357944488525 -0.84876066446304321 -0.52746754884719849
vn 0.088712595403194427 -0.84724771976470947 -0.52373790740966797
vn 0.25013211369514465 -0.81347107887268066 -0.5250701904296875
vn 0.41845989227294922 -0.73870730400085449 -0.52839642763137817
vn 0.5876537561416626 -0.61391860246658325 -0.52703601121902466
vn 0.74674808979034424 -0.42533046007156372 -0.51133286952972412
vn 0.87379258871078491 -0.15375395119190216 -0.46135261654853821
vn -0.81248182058334351 -0.35435524582862854 -0.46293154358863831
vn -0.90073758363723755 -0.092858403921127319 -0.42432188987731934
vn -0.58463174104690552 -0.65424424409866333 -0.4797605574131012
vn -0.44130751490592957 -0.75496131181716919 -0.48505783081054688
vn -0.28079959750175476 -0.83556830883026123 -0.47220462560653687
vn -0.10991661250591278 -0.88269311189651489 -0.45691484212875366
vn 0.029504554346203804 -0.89510327577590942 -0.44488158822059631
vn 0.16598121821880341 -0.88400530815124512 -0.43701815605163574
vn 0.34500017762184143 -0.83907920122146606 -0.42061969637870789
vn 0.52704685926437378 -0.75053113698959351 -0.39865347743034363
vn 0.7332497239112854 -0.57868897914886475 -0.3570207953453064
vn 0.90460413694381714 -0.32184547185897827 -0.27947592735290527
vn -0.77909547090530396 -0.53936702013015747 -0.31952065229415894
vn -0.97442448139190674 -0.064153172075748444 -0.2153632789850235
vn -0.51861023902893066 -0.77939969301223755 -0.35153883695602417
vn -0.27229112386703491 -0.8960919976234436 -0.35053768754005432
vn 0.10369038581848145 -0.94088065624237061 -0.32247775793075562
vn 0.43784418702125549 -0.87194395065307617 -0.21910327672958374
vn 0.69366741180419922 -0.7126152515411377 -0.10490472614765167
vn 0.76809108257293701 -0.60404759645462036 -0.21251507103443146
vn 0.90561604499816895 -0.40937250852584839 0.11078685522079468
vn 0.97720611095428467 -0.20889294147491455 -0.037841137498617172
vn 0.95611345767974854 -0.12404558062553406 0.26544257998466492
vn -0.032349530607461929 0.10700955241918564 0.99373155832290649
vn -0.1217481940984726 0.10472710430622101 0.98702055215835571
vn -0.034615397453308105 0.033658735454082489 0.99883377552032471
vn -0.15916289389133453 0.082044206559658051 0.98383736610412598
vn -0.029925450682640076 -0.12435831129550934 0.99178600311279297
vn -0.16797642409801483 0.11253152042627335 0.97934699058532715
vn -0.27703514695167542 0.064833909273147583 0.95866996049880981
vn -0.3903774619102478 0.050039984285831451 0.91929399967193604
vn 0.022138236090540886 -0.16453757882118225 0.98612236976623535
vn 0.073294244706630707 -0.18294194340705872 0.98038780689239502
vn 0.099699966609477997 -0.19079242646694183 0.97655421495437622
vn 0.12609785795211792 -0.19262313842773438 0.9731370210647583
vn 0.17071829736232758 -0.18634597957134247 0.96753835678100586
vn 0.065692014992237091 -0.69733321666717529 0.7137303352355957
vn -0.81107473373413086 0.046950280666351318 0.58305525779724121
vn -0.39817500114440918 -0.8971792459487915 0.19111789762973785
vn -0.19166797399520874 -0.72329413890838623 0.6634070873260498
vn -0.031976502388715744 -0.75189852714538574 0.65850293636322021
vn -0.13533453643321991 -0.81532645225524902 0.56296300888061523
vn -0.13880985975265503 -0.81854784488677979 0.55741477012634277
vn -0.9984513521194458 0.03893611952662468 -0.039734698832035065
vn 0.20275497436523438 -0.16757108271121979 0.96478515863418579
vn 0.26479426026344299 -0.69292432069778442 0.67062646150588989
vn 0.27889057993888855 -0.057672690600156784 0.95858955383300781
vn 0.33572453260421753 0.10405471175909042 0.93619531393051147
vn 0.27524220943450928 0.093727581202983856 0.9567950963973999
vn 0.30087640881538391 0.062372151762247086 0.95162129402160645
vn 0.29228785634040833 -0.01809932105243206 0.95615911483764648
vn 0.30047661066055298 0.015373962931334972 0.95366525650024414
vn 0.2699567973613739 0.011347867548465729 0.96280556917190552
vn 0.30396175384521484 0.038842819631099701 0.95189207792282104
vn 0.41264396905899048 0.10442203283309937 0.90488725900650024
vn 0.54224294424057007 0.12029977142810822 0.83156514167785645
vn 0.40010786056518555 -0.81507647037506104 0.41900360584259033
vn 0.36775565147399902 -0.77966141700744629 0.50683712959289551
vn 0.93292480707168579 0.10461284965276718 0.34453946352005005
vn 0.43192371726036072 -0.90177148580551147 0.015815278515219688
vn 0.4153900146484375 -0.90744638442993164 -0.06318403035402298
vn 0.97491830587387085 0.073411315679550171 -0.21010735630989075
vn 0.94495308399200439 -0.0061604506336152554 -0.32714790105819702
vn -0.40855783224105835 -0.91273224353790283 0.00060526741435751319
vn -0.973838210105896 0.083537183701992035 -0.211330845952034
vn -0.34025460481643677 -0.93874627351760864 -0.054609969258308411
vn -0.93825852870941162 0.13180197775363922 -0.31984248757362366
vn -0.90678805112838745 0.15750227868556976 -0.39106076955795288
vn -0.87664198875427246 0.1715058833360672 -0.44953814148902893
vn -0.8460313081741333 0.18349801003932953 -0.50055921077728271
vn -0.28536006808280945 -0.94226557016372681 -0.17522905766963959
vn -0.31065219640731812 -0.90137100219726563 -0.30170437693595886
vn -0.24013054370880127 -0.88263505697250366 -0.40409490466117859
vn -0.23249097168445587 -0.93818485736846924 -0.25643160939216614
vn 0.071060359477996826 -0.86604422330856323 -0.49489173293113708
vn -0.061205361038446426 -0.85861849784851074 -0.50894808769226074
vn -0.82062309980392456 0.18220871686935425 -0.54164355993270874
vn -0.80005663633346558 0.18477174639701843 -0.57076156139373779
vn -0.75404840707778931 0.25542294979095459 -0.60511988401412964
vn -0.75739520788192749 0.19064021110534668 -0.62450683116912842
vn -0.75427627563476563 0.25176176428794861 -0.60636895895004272
vn -0.8452911376953125 0.2468690425157547 -0.47385501861572266
vn -0.8036571741104126 0.2383238673210144 -0.54528605937957764
vn -0.99627935886383057 0.038300976157188416 0.077204026281833649
vn -0.94491308927536011 0.32437250018119812 -0.043837632983922958
vn -0.88780456781387329 -0.4043315052986145 -0.21981602907180786
vn -0.97980600595474243 -0.19626647233963013 -0.038206271827220917
vn -0.88371312618255615 -0.44338199496269226 -0.14987823367118835
vn -0.63393509387969971 -0.73101484775543213 -0.25247496366500854
vn -0.062714219093322754 -0.96586990356445313 -0.25132098793983459
vn -0.39098319411277771 -0.87770771980285645 -0.27705836296081543
vn 0.16613982617855072 -0.96624886989593506 -0.19687739014625549
vn 0.22536639869213104 -0.9421238899230957 -0.24821867048740387
vn 0.90641552209854126 -0.0092105763033032417 -0.42228671908378601
vn 0.34242650866508484 -0.9353107213973999 -0.089095421135425568
vn 0.86110299825668335 0.0014500780962407589 -0.50842845439910889
vn 0.82217484712600708 0.017334679141640663 -0.56897097826004028
vn 0.7501106858253479 0.063397817313671112 -0.65826642513275146
vn 0.76038479804992676 0.14311625063419342 -0.63350820541381836
vn 0.19304384291172028 -0.88922256231307983 -0.41474965214729309
vn 0.4503905177116394 -0.88888311386108398 -0.083876200020313263
vn 0.66040146350860596 -0.74863916635513306 0.058389816433191299
vn 0.7849423885345459 -0.61796528100967407 0.044546421617269516
vn 0.78629118204116821 -0.58855760097503662 0.18800581991672516
vn 0.85357779264450073 -0.4088577926158905 0.32286259531974792
vn 0.7303960919380188 0.16171799600124359 -0.66360288858413696
vn 0.79251998662948608 0.093255415558815002 -0.60267364978790283
vn 0.81328386068344116 0.081837967038154602 -0.57608324289321899
vn 0.76361531019210815 0.092419900000095367 -0.6390228271484375
vn 0.83494508266448975 0.12487607449293137 -0.53597819805145264
vn 0.83250641822814941 0.35141167044639587 -0.42830228805541992
vn 0.85469061136245728 0.31610742211341858 -0.41180095076560974
vn 0.90717071294784546 0.16316965222358704 -0.3878362774848938
vn 0.99093014001846313 0.12935629487037659 -0.036392886191606522
vn 0.53331238031387329 0.31889727711677551 0.78350651264190674
vn 0.66408622264862061 0.37310314178466797 0.64790701866149902
vn 0.58957916498184204 0.20558519661426544 0.78110891580581665
vn 0.36050191521644592 0.27750793099403381 0.89052104949951172
vn 0.42941763997077942 0.18672946095466614 0.88359075784683228
vn 0.40866020321846008 0.46068575978279114 0.78788667917251587
vn 0.57280826568603516 0.4953213632106781 0.6531059741973877
vn 0.2462916225194931 0.29132643342018127 0.92437511682510376
vn 0.29396304488182068 0.52899426221847534 0.7960847020149231
vn 0.33706590533256531 0.67946779727935791 0.65169787406921387
vn 0.42604243755340576 0.6056562066078186 0.67206281423568726
vn 0.21108412742614746 0.366973876953125 0.90596556663513184
vn 0.16866625845432281 0.40057900547981262 0.90060430765151978
vn 0.18480049073696136 0.57630819082260132 0.79606384038925171
vn 0.17460650205612183 0.73594439029693604 0.65413945913314819
vn 0.082668446004390717 0.58314484357833862 0.8081510066986084
vn 0.025501692667603493 0.71659928560256958 0.69701874256134033
vn 0.12027138471603394 0.38251540064811707 0.91608774662017822
vn 0.019561970606446266 0.42067140340805054 0.90700215101242065
vn -0.032141417264938354 0.57999891042709351 0.81398290395736694
vn -0.13443595170974731 0.75593346357345581 0.64069610834121704
vn -0.16268447041511536 0.54523801803588867 0.82234376668930054
vn -0.047992032021284103 0.35608536005020142 0.93322020769119263
vn -0.31704714894294739 0.65577811002731323 0.68515413999557495
vn -0.29706355929374695 0.4685019850730896 0.83202111721038818
vn -0.45249056816101074 0.53766858577728271 0.71145260334014893
vn -0.12781770527362823 0.32741144299507141 0.93619674444198608
vn -0.39707791805267334 0.36682713031768799 0.84128886461257935
vn -0.5833432674407959 0.4002240002155304 0.70677536725997925
vn -0.23967656493186951 0.26242309808731079 0.93471348285675049
vn -0.46471425890922546 0.26795312762260437 0.84394419193267822
vn -0.68992000818252563 0.19088162481784821 0.6982654333114624
vn -0.23855087161064148 0.14287005364894867 0.96056318283081055
vn -0.46903532743453979 0.10052104294300079 0.87744021415710449
vn -0.758686363697052 -0.072044923901557922 0.64746004343032837
vn -0.82799768447875977 0.1677154004573822 0.53506201505661011
vn -0.53494113683700562 0.0089916316792368889 0.84484148025512695
vn -0.52055221796035767 -0.16249972581863403 0.83822387456893921
vn -0.67757868766784668 -0.30514568090438843 0.66915857791900635
vn -0.30225867033004761 -0.090334191918373108 0.94893592596054077
vn -0.28182283043861389 -0.15854173898696899 0.94627714157104492
vn -0.46522161364555359 -0.30728548765182495 0.83014726638793945
vn -0.59118235111236572 -0.51474690437316895 0.6209179162979126
vn -0.37937253713607788 -0.43583035469055176 0.81616687774658203
vn -0.54827344417572021 -0.63518708944320679 0.54399782419204712
vn -0.20902107656002045 -0.22262610495090485 0.95223307609558105
vn -0.30559709668159485 -0.5043870210647583 0.80759155750274658
vn -0.13365116715431213 -0.26985558867454529 0.95358026027679443
vn -0.17420181632041931 -0.5857471227645874 0.79155164957046509
vn -0.32031598687171936 -0.71595627069473267 0.62032598257064819
vn -0.10164342820644379 -0.36876603960990906 0.92394816875457764
vn -0.038309894502162933 -0.39640849828720093 0.9172745943069458
vn -0.029053440317511559 -0.62025034427642822 0.78386569023132324
vn -0.12134871631860733 -0.78477346897125244 0.60778701305389404
vn 0.065194472670555115 -0.42185559868812561 0.90431606769561768
vn 0.13162833452224731 -0.61911094188690186 0.77419352531433105
vn 0.083904311060905457 -0.78955972194671631 0.60791075229644775
vn 0.15477868914604187 -0.40547600388526917 0.90090662240982056
vn 0.31102520227432251 -0.55956923961639404 0.76820933818817139
vn 0.32797050476074219 -0.73130339384078979 0.59802234172821045
vn 0.25387561321258545 -0.36238759756088257 0.89678448438644409
vn 0.45524236559867859 -0.44764032959938049 0.7696574330329895
vn 0.53372573852539063 -0.58911031484603882 0.6067008376121521
vn 0.34606271982192993 -0.29012921452522278 0.89222508668899536
vn 0.55787384510040283 -0.30732214450836182 0.77092796564102173
vn 0.66065102815628052 -0.43154186010360718 0.61425715684890747
vn 0.41791576147079468 -0.18638119101524353 0.88916164636611938
vn 0.61607545614242554 -0.15379050374031067 0.77252799272537231
vn 0.73246932029724121 -0.24617855250835419 0.63473206758499146
vn 0.43797972798347473 -0.063495784997940063 0.896739661693573
vn 0.56454706192016602 -0.017028715461492538 0.82522523403167725
vn 0.7630268931388855 -0.083120539784431458 0.64099997282028198
vn 0.029322940856218338 0.89366441965103149 0.44777676463127136
vn 0.72560900449752808 0.18193246424198151 0.6636204719543457
vn 0.68513351678848267 0.074357867240905762 0.72461229562759399
vn 0.47876828908920288 0.10603353381156921 0.87151467800140381
vn 0.30108177661895752 0.12365543097257614 0.94554698467254639
vn -0.61378461122512817 0.62307500839233398 0.48481544852256775
vn -0.74228739738464355 0.45350664854049683 0.49329617619514465
vn -0.49757865071296692 0.75337696075439453 0.42992866039276123
vn 0.29033103585243225 0.16316764056682587 0.94291263818740845
vn 0.28330698609352112 0.18038167059421539 0.94191271066665649
vn 0.2571927011013031 0.2238045334815979 0.9400869607925415
vn 0.10486462712287903 0.29391488432884216 0.95006179809570313
vn 0.069088704884052277 0.19815953075885773 0.97773182392120361
vn -0.0057192896492779255 0.23843620717525482 0.97114133834838867
vn -0.031665090471506119 0.20587138831615448 0.97806662321090698
vn -0.045258864760398865 0.1825672835111618 0.9821510910987854
vn -0.056605353951454163 0.15745857357978821 0.98590195178985596
vn -0.073746003210544586 0.11738622188568115 0.99034440517425537
vn -0.87766730785369873 -0.216755211353302 0.42745447158813477
vn -0.77976256608963013 -0.46568456292152405 0.41845938563346863
vn -0.4237920343875885 -0.80943810939788818 0.40646067261695862
vn -0.064840465784072876 -0.93270617723464966 0.35476031899452209
vn 0.2054537832736969 -0.89465236663818359 0.396718829870224
vn 0.39142587780952454 -0.834617018699646 0.3875567615032196
vn 0.57419794797897339 -0.71932822465896606 0.39097782969474792
vn 0.75576722621917725 -0.52102530002593994 0.3966718316078186
vn 0.83080530166625977 -0.32478880882263184 0.45196771621704102
vn 0.84867459535598755 0.092277839779853821 0.52080345153808594
vn 0.91091626882553101 -0.16365434229373932 0.37874630093574524
vn 0.67566186189651489 0.061263218522071838 0.73466169834136963
vn -0.259661465883255 -0.0038654557429254055 0.96569198369979858
vn 0.062365896999835968 0.078692682087421417 0.9949461817741394
vn -0.0052832756191492081 0.010890040546655655 0.99992674589157104
vn -0.013606567867100239 -0.016890088096261024 0.99976474046707153
vn -0.039735417813062668 -0.071217194199562073 0.99666905403137207
vn 0.023102404549717903 -0.16245318949222565 0.98644578456878662
vn -0.014283541589975357 -0.108055479824543 0.99404227733612061
vn 0.072436921298503876 -0.18484145402908325 0.98009514808654785
vn 0.10096999257802963 -0.17199301719665527 0.97990989685058594
vn 0.1249331533908844 -0.15935908257961273 0.97928363084793091
vn 0.1666858047246933 -0.1256837397813797 0.97796696424484253
vn 0.20367097854614258 -0.049142483621835709 0.97780525684356689
vn 0.27127426862716675 -0.059351924806833267 0.96067041158676147
vn 0.19987703859806061 -0.065083973109722137 0.9776570200920105
vn 0.30048233270645142 0.015381339937448502 0.95366334915161133
vn 0.17732426524162292 -0.11489512026309967 0.97742271423339844
vn 0.33464527130126953 0.062086146324872971 0.9402967095375061
vn 0.30395808815956116 0.038819748908281326 0.95189416408538818
vn 0.29227840900421143 -0.01810876838862896 0.95616179704666138
vn 0.58423310518264771 -0.00029938985244370997 0.81158584356307983
vn 0.47187289595603943 0.10899912565946579 0.87490296363830566
vn 0.66816389560699463 0.06503884494304657 0.74116593599319458
vn 0.33570989966392517 0.055247664451599121 0.94034385681152344
vn -0.85993367433547974 -0.1912560760974884 0.47321787476539612
vn -0.84987169504165649 -0.24261745810508728 0.46781927347183228
vn -0.86659139394760132 0.04288119450211525 0.49717256426811218
vn -0.55348175764083862 -0.72233450412750244 0.41459709405899048
vn -0.72007113695144653 -0.5403519868850708 0.43533584475517273
vn -0.59425151348114014 -0.68687117099761963 0.41841745376586914
vn 0.57915592193603516 -0.70031565427780151 0.41729655861854553
vn 0.71428871154785156 -0.54886406660079956 0.43421173095703125
vn 0.50360262393951416 -0.76010966300964355 0.41063079237937927
vn 0.75513684749603271 -0.48474365472793579 0.44135242700576782
vn -0.86097937822341919 -0.1828216016292572 0.47464805841445923
vn -0.77146452665328979 -0.45455864071846008 0.4452177882194519
vn -0.42379528284072876 -0.80943566560745239 0.40646213293075562
vn -0.23349277675151825 -0.88958430290222168 0.39258235692977905
vn 0.22396592795848846 -0.89111286401748657 0.39466071128845215
vn -0.050151117146015167 -0.91976392269134521 0.38925465941429138
vn 0.39608815312385559 -0.82465630769729614 0.40380212664604187
vn 0.85948282480239868 -0.18869630992412567 0.47506099939346313
vn 0.86971485614776611 -0.084284305572509766 0.4863046407699585
vn 0.86824315786361694 0 0.49613893032073975
vn 0.20539760589599609 -0.89466190338134766 0.39672651886940002
vn 0.82720094919204712 -0.32104793190956116 0.46115809679031372
vn 0.80937570333480835 -0.37149214744567871 0.45486763119697571
vn -0.078004747629165649 -0.58707529306411743 0.80576539039611816
vn -0.030042430385947227 -0.79170423746109009 0.61016541719436646
vn -0.22907064855098724 -0.64826065301895142 0.72614377737045288
vn 0.056822970509529114 -0.53530508279800415 0.84274530410766602
vn 0.062359001487493515 -0.8286706805229187 0.55625194311141968
vn -0.08401171863079071 -0.56144946813583374 0.82323539257049561
vn -0.23863023519515991 -0.62484192848205566 0.74338966608047485
vn -0.17568416893482208 -0.58509558439254761 0.7917059063911438
vn -0.32578477263450623 -0.6505541205406189 0.6860346794128418
vn -0.4274660050868988 -0.70025885105133057 0.57176077365875244
vn -0.63934224843978882 -0.75923949480056763 0.12164226919412613
vn -0.63395506143569946 -0.76750850677490234 0.095035441219806671
vn -0.60224252939224243 -0.79670655727386475 -0.050621747970581055
vn -0.60576260089874268 -0.7469480037689209 0.27408087253570557
vn -0.53300535678863525 -0.73113143444061279 0.42585462331771851
vn -0.46698367595672607 -0.70921421051025391 0.5281490683555603
vn 0.050669614225625992 -0.51687377691268921 0.8545607328414917
vn -0.048848822712898254 -0.53847736120223999 0.84122288227081299
vn -0.58214575052261353 -0.74081045389175415 0.33512124419212341
vn -0.58096194267272949 -0.81246274709701538 -0.048861946910619736
vn -0.27186256647109985 -0.84765195846557617 -0.45560604333877563
vn -0.19255277514457703 -0.7753523588180542 -0.60145831108093262
vn -0.4004872739315033 -0.78471481800079346 -0.47310948371887207
vn -0.31918436288833618 -0.71358203887939453 -0.62363618612289429
vn -0.079137668013572693 -0.69227480888366699 -0.71728157997131348
vn -0.10888754576444626 -0.69244611263275146 -0.71320533752441406
vn -0.48937076330184937 -0.85603523254394531 -0.16649296879768372
vn 0.10313663631677628 -0.49722099304199219 0.86147207021713257
vn -0.11095987260341644 -0.68163901567459106 -0.72322618961334229
vn -0.37329444289207458 -0.8682868480682373 -0.32669433951377869
vn -0.38408917188644409 -0.88956981897354126 -0.24726726114749908
vn -0.33224770426750183 -0.88686990737915039 -0.3210502564907074
vn 0.03693949431180954 0.32484295964241028 0.94504630565643311
vn 0.028172692283987999 0.28269284963607788 0.95879667997360229
vn 0.056761633604764938 0.30180078744888306 0.9516797661781311
vn 0.015066578984260559 0.32012912631034851 0.94725412130355835
vn 3.0169620004016906E-05 0.28721931576728821 0.95786482095718384
vn 0.42655318975448608 0.18390564620494843 0.88556820154190063
vn 0.35005706548690796 0.1635189950466156 0.92234569787979126
vn 0.35750579833984375 0.13492500782012939 0.92411303520202637
vn 0.41105052828788757 0.22242271900177002 0.88406199216842651
vn 0.33944240212440491 0.19194677472114563 0.9208340048789978
vn 0.39179572463035583 0.25875556468963623 0.88291656970977783
vn 0.32594650983810425 0.21898356080055237 0.91967660188674927
vn 0.37048104405403137 0.29055464267730713 0.88222545385360718
vn 0.31074991822242737 0.24282515048980713 0.91895073652267456
vn 0.34757667779922485 0.31831413507461548 0.88196742534637451
vn 0.29420724511146545 0.2637743353843689 0.91862136125564575
vn 0.32221391797065735 0.34350273013114929 0.88214743137359619
vn 0.27569663524627686 0.28289180994033813 0.91867488622665405
vn 0.29477220773696899 0.36572375893592834 0.88281112909317017
vn 0.25549423694610596 0.29983994364738464 0.91914021968841553
vn 0.26569744944572449 0.38466760516166687 0.88398849964141846
vn 0.23393745720386505 0.31434622406959534 0.92003244161605835
vn 0.23547971248626709 0.400128573179245 0.88568979501724243
vn 0.21140731871128082 0.32621988654136658 0.92135095596313477
vn 0.20462693274021149 0.41201397776603699 0.88790333271026611
vn 0.18830643594264984 0.33536189794540405 0.92307806015014648
vn 0.17363779246807098 0.4203440248966217 0.89059579372406006
vn 0.16503554582595825 0.34176716208457947 0.92518025636672974
vn 0.14297676086425781 0.42524302005767822 0.89371472597122192
vn 0.14197163283824921 0.34551817178726196 0.92761051654815674
vn 0.11311551928520203 0.42692285776138306 0.89718544483184814
vn 0.11949609965085983 0.34677228331565857 0.93030619621276855
vn 0.081775136291980743 0.42542672157287598 0.90129071474075317
vn 0.095918819308280945 0.34555724263191223 0.9334825873374939
vn 0.051110796630382538 0.42066863179206848 0.90577346086502075
vn 0.072887606918811798 0.34181320667266846 0.93693709373474121
vn 0.019985323771834373 0.41234540939331055 0.91080832481384277
vn -0.011118778958916664 0.40022879838943481 0.91634780168533325
vn -0.04138309508562088 0.3843633234500885 0.92225390672683716
vn -0.070270262658596039 0.36486443877220154 0.92840510606765747
vn -0.097838617861270905 0.34144243597984314 0.93479657173156738
vn -0.037407796829938889 0.2807152271270752 0.95906186103820801
vn -0.12370049208402634 0.3140026330947876 0.94132912158966064
vn -0.056031797081232071 0.25986900925636292 0.96401685476303101
vn -0.14739549160003662 0.28249850869178772 0.94787615537643433
vn -0.072835728526115417 0.23611412942409515 0.96899175643920898
vn -0.16838604211807251 0.24697205424308777 0.9542803168296814
vn -0.087426461279392242 0.20954841375350952 0.97388195991516113
vn -0.18606559932231903 0.20760659873485565 0.96035361289978027
vn -0.099379338324069977 0.18037684261798859 0.97856420278549194
vn -0.20031999051570892 0.16271689534187317 0.96612375974655151
vn -0.10859590023756027 0.14743587374687195 0.98309183120727539
vn -0.17022250592708588 0.10935517400503159 0.97931903600692749
vn -0.1222924068570137 0.1050318107008934 0.98692089319229126
vn 0.4378160834312439 0.14483834803104401 0.88732123374938965
vn 0.53902167081832886 0.18133127689361572 0.82254153490066528
vn 0.55105102062225342 0.24036160111427307 0.79910516738891602
vn 0.49517214298248291 0.29144895076751709 0.81845098733901978
vn 0.45404261350631714 0.35543543100357056 0.8170134425163269
vn 0.42242753505706787 0.39347666501998901 0.81653600931167603
vn 0.38748583197593689 0.42788797616958618 0.81655776500701904
vn 0.3497600257396698 0.4581432044506073 0.81717360019683838
vn 0.30987736582756042 0.4838402271270752 0.8184586763381958
vn 0.26851832866668701 0.50472182035446167 0.82045948505401611
vn 0.22638076543807983 0.52068579196929932 0.82318770885467529
vn 0.18414303660392761 0.53178304433822632 0.826618492603302
vn 0.14243106544017792 0.53820395469665527 0.83069241046905518
vn 0.10187556594610214 0.54025506973266602 0.83531183004379272
vn 0.059375505894422531 0.53799080848693848 0.84085696935653687
vn 0.017846021801233292 0.53132224082946777 0.84698182344436646
vn -0.024266298860311508 0.51984059810638428 0.85391855239868164
vn -0.066324122250080109 0.50324821472167969 0.86159294843673706
vn -0.10724222660064697 0.48161369562149048 0.86979728937149048
vn -0.14631877839565277 0.45509269833564758 0.87834018468856812
vn -0.18365867435932159 0.42328217625617981 0.88718754053115845
vn -0.21876336634159088 0.38603705167770386 0.89616852998733521
vn -0.25103211402893066 0.34326848387718201 0.90506887435913086
vn -0.27975142002105713 0.29500007629394531 0.91362690925598145
vn -0.30410096049308777 0.24144318699836731 0.92153555154800415
vn -0.32393515110015869 0.1802619993686676 0.92874735593795776
vn -0.33653807640075684 0.11800765246152878 0.93424636125564575
vn 0.6209900975227356 0.14617143571376801 0.77006834745407104
vn 0.55085092782974243 0.12375363707542419 0.8253777027130127
vn 0.69528746604919434 0.19689053297042847 0.69123762845993042
vn 0.61866253614425659 0.29472717642784119 0.72828054428100586
vn 0.59949320554733276 0.38676705956459045 0.70072758197784424
vn 0.56299036741256714 0.47881117463111877 0.67363321781158447
vn 0.51623761653900146 0.53305846452713013 0.67033380270004272
vn 0.46332785487174988 0.5804937481880188 0.66959267854690552
vn 0.40884074568748474 0.6202731728553772 0.66941052675247192
vn 0.3509371280670166 0.65555769205093384 0.66864579916000366
vn 0.28956401348114014 0.68257468938827515 0.67100256681442261
vn 0.2299538254737854 0.70142489671707153 0.67462903261184692
vn 0.16986358165740967 0.71505355834960938 0.67811852693557739
vn 0.10760543495416641 0.72049528360366821 0.68506026268005371
vn 0.04573386162519455 0.71935325860977173 0.69313728809356689
vn -0.035581182688474655 0.75479787588119507 0.6549917459487915
vn -0.093085087835788727 0.72588878870010376 0.6814841628074646
vn -0.12943388521671295 0.67750561237335205 0.72403937578201294
vn -0.18866467475891113 0.64797872304916382 0.73792225122451782
vn -0.26713564991950989 0.64532178640365601 0.71568030118942261
vn -0.32437464594841003 0.60198509693145752 0.72965407371520996
vn -0.3487689197063446 0.51863491535186768 0.78062671422958374
vn -0.4275534451007843 0.48197641968727112 0.76478546857833862
vn -0.43404883146286011 0.39538770914077759 0.80948758125305176
vn -0.50599920749664307 0.32920354604721069 0.79723888635635376
vn -0.49595043063163757 0.2473798543214798 0.83236795663833618
vn -0.51392924785614014 0.16714239120483398 0.84139180183410645
vn -0.56241399049758911 0.074958622455596924 0.82345110177993774
vn 0.80411672592163086 0.16679577529430389 0.57059222459793091
vn 0.73628973960876465 0.089055299758911133 0.67078059911727905
vn 0.91593271493911743 0.22383879125118256 0.33311173319816589
vn 0.77316379547119141 0.2776811420917511 0.57018494606018066
vn 0.87163442373275757 0.37086594104766846 0.32048690319061279
vn 0.73972392082214355 0.37464648485183716 0.55897092819213867
vn 0.79140502214431763 0.52716195583343506 0.30948081612586975
vn 0.69561874866485596 0.46057283878326416 0.55135035514831543
vn 0.62894129753112793 0.54679399728775024 0.55267459154129028
vn 0.54677700996398926 0.64103835821151733 0.53861367702484131
vn 0.67715871334075928 0.68377679586410522 0.27185544371604919
vn 0.5638771653175354 0.78720897436141968 0.24968892335891724
vn 0.44901639223098755 0.71877068281173706 0.5308040976524353
vn 0.3243328332901001 0.83222848176956177 0.4496709406375885
vn 0.19510082900524139 0.86205953359603882 0.46774891018867493
vn 0.082389488816261292 0.96623146533966064 0.24414904415607452
vn 0.071978777647018433 0.83530795574188232 0.54505020380020142
vn -0.032368674874305725 0.93415153026580811 0.35540574789047241
vn -0.20298737287521362 0.9469984769821167 0.24897792935371399
vn -0.26555246114730835 0.81565392017364502 0.51399469375610352
vn -0.45925366878509521 0.80770277976989746 0.36973264813423157
vn -0.49269655346870422 0.6543353796005249 0.57366830110549927
vn -0.66368228197097778 0.57714760303497314 0.4758429229259491
vn -0.60006958246231079 0.43833127617835999 0.66916531324386597
vn -0.75489193201065063 0.42186012864112854 0.50216752290725708
vn -0.67579567432403564 0.24783259630203247 0.69417518377304077
vn -0.69250482320785522 0.13888125121593475 0.70791882276535034
vn -0.8107074499130249 0.045661084353923798 0.58366811275482178
vn 0.99092799425125122 0.13439367711544037 0.00032052854658104479
vn 0.93261682987213135 0.099395580589771271 0.34690976142883301
vn 0.93152457475662231 0.35664090514183044 -0.071198582649230957
vn 0.86765140295028687 0.49711927771568298 -0.0073109525255858898
vn 0.76069647073745728 0.64729851484298706 -0.048430919647216797
vn 0.61648571491241455 0.7810436487197876 -0.099580086767673492
vn 0.47556811571121216 0.85010641813278198 -0.22617249190807343
vn 0.45881545543670654 0.86249244213104248 0.21353024244308472
vn 0.34432417154312134 0.93795186281204224 -0.041075453162193298
vn 0.19009988009929657 0.98123323917388916 -0.032300844788551331
vn 0.023862799629569054 0.98723286390304565 -0.15748609602451324
vn -0.069378532469272614 0.99735438823699951 -0.021699914708733559
vn -0.21775074303150177 0.94963181018829346 -0.22535322606563568
vn -0.34997403621673584 0.92001426219940186 -0.17632892727851868
vn -0.38274022936820984 0.89650547504425049 0.22313204407691956
vn -0.4857124388217926 0.86822432279586792 -0.10134089738130569
vn -0.60267966985702515 0.79731464385986328 -0.032659042626619339
vn -0.6070515513420105 0.7174345850944519 0.34172502160072327
vn -0.70046842098236084 0.71290981769561768 0.033220361918210983
vn -0.78418558835983276 0.61396592855453491 0.089993052184581757
vn -0.8712037205696106 0.45185226202011108 0.19192095100879669
vn -0.87440735101699829 0.24714051187038422 0.41753247380256653
vn -0.89453107118606567 0.10810144990682602 0.43373757600784302
vn 0.93759661912918091 0.22591450810432434 -0.26433911919593811
vn 0.80758565664291382 0.47390702366828918 -0.35102352499961853
vn 0.75257384777069092 0.56479740142822266 -0.33858007192611694
vn 0.56998056173324585 0.71682578325271606 -0.40160048007965088
vn 0.39748439192771912 0.77154219150543213 -0.49671801924705505
vn 0.28075310587882996 0.83524352312088013 -0.4728064239025116
vn 0.17014540731906891 0.8634687066078186 -0.47483927011489868
vn 0.03208986297249794 0.87441956996917725 -0.48410815000534058
vn -0.095779992640018463 0.93073314428329468 -0.35293343663215637
vn -0.095368534326553345 0.85811585187911987 -0.50452154874801636
vn -0.20521233975887299 0.85278713703155518 -0.48025202751159668
vn -0.31141635775566101 0.83993983268737793 -0.44443327188491821
vn -0.46166881918907166 0.80760538578033447 -0.36692705750465393
vn -0.59691816568374634 0.7499423623085022 -0.2850879430770874
vn -0.70383930206298828 0.67713832855224609 -0.21469505131244659
vn -0.82223570346832275 0.55893337726593018 -0.10734021663665771
vn -0.89557838439941406 0.44351515173912048 -0.035123206675052643
vn -0.95730042457580566 0.27990007400512695 0.072331570088863373
vn -0.97985845804214478 0.11737824231386185 0.16155433654785156
vn 0.97493147850036621 0.074742555618286133 -0.20957605540752411
vn 0.90110564231872559 0.13256555795669556 -0.4128376841545105
vn 0.84850180149078369 0.26320526003837585 -0.45909437537193298
vn 0.88371795415878296 0.35338255763053894 -0.30686047673225403
vn 0.77385199069976807 0.38354623317718506 -0.50402909517288208
vn 0.68397533893585205 0.4854009747505188 -0.54457658529281616
vn 0.59116411209106445 0.56282222270965576 -0.57771635055541992
vn 0.65534508228302002 0.64680993556976318 -0.39007660746574402
vn 0.50010079145431519 0.62028855085372925 -0.60426926612854004
vn 0.40927597880363464 0.66380465030670166 -0.62598448991775513
vn 0.32152184844017029 0.69529300928115845 -0.64279961585998535
vn 0.23861175775527954 0.71712011098861694 -0.65483063459396362
vn 0.16135077178478241 0.73166632652282715 -0.66229170560836792
vn 0.054206427186727524 0.74468564987182617 -0.66521042585372925
vn -0.038360234349966049 0.75038677453994751 -0.65988492965698242
vn -0.13004690408706665 0.7546115517616272 -0.64315569400787354
vn -0.21585264801979065 0.75207287073135376 -0.62273108959197998
vn -0.31342998147010803 0.74718397855758667 -0.58606976270675659
vn -0.44685417413711548 0.72749519348144531 -0.52064579725265503
vn -0.56289929151535034 0.68806707859039307 -0.45793896913528442
vn -0.64277523756027222 0.64888393878936768 -0.40717270970344543
vn -0.72393053770065308 0.59395939111709595 -0.35090857744216919
vn -0.80305296182632446 0.52032577991485596 -0.2904600203037262
vn -0.87544941902160645 0.42616316676139832 -0.22797642648220062
vn -0.93788284063339233 0.30596664547920227 -0.16358549892902374
vn -0.97891676425933838 0.17419801652431488 -0.10666318237781525
vn 0.78938615322113037 0.2655198872089386 -0.55350577831268311
vn 0.70976895093917847 0.38069736957550049 -0.59270358085632324
vn 0.61806845664978027 0.47547486424446106 -0.62603116035461426
vn 0.52683329582214355 0.54563426971435547 -0.65171307325363159
vn 0.44000634551048279 0.59660869836807251 -0.67115753889083862
vn 0.29650655388832092 0.64451688528060913 -0.70475655794143677
vn 0.19733871519565582 0.6728166937828064 -0.71300429105758667
vn 0.13279822468757629 0.69446110725402832 -0.7071692943572998
vn 0.06977815181016922 0.70356225967407227 -0.70719951391220093
vn -0.042746450752019882 0.71446579694747925 -0.69836336374282837
vn -0.093840152025222778 0.71771532297134399 -0.68998456001281738
vn -0.1730092465877533 0.72025096416473389 -0.67179334163665771
vn -0.25556111335754395 0.72038251161575317 -0.64477717876434326
vn -0.34180775284767151 0.71359091997146606 -0.6115189790725708
vn -0.44504642486572266 0.69605332612991333 -0.56342118978500366
vn -0.51658844947814941 0.6745944619178772 -0.52731263637542725
vn -0.59256422519683838 0.64214026927947998 -0.48633685708045959
vn -0.67173618078231812 0.59546059370040894 -0.44067808985710144
vn -0.75157451629638672 0.53130525350570679 -0.39096099138259888
vn -0.8280036449432373 0.44708496332168579 -0.33841538429260254
vn -0.89832383394241333 0.33646410703659058 -0.28249993920326233
vn -0.94965547323226929 0.21163617074489594 -0.23100785911083221
vn 0.73781299591064453 0.27604818344116211 -0.61597836017608643
vn 0.84864282608032227 0.13723960518836975 -0.5108528733253479
vn 0.65882331132888794 0.38652887940406799 -0.64540475606918335
vn 0.55710595846176147 0.47483640909194946 -0.68129533529281616
vn 0.48533186316490173 0.54264265298843384 -0.68555957078933716
vn 0.40546923875808716 0.59116435050964355 -0.69722265005111694
vn 0.32871884107589722 0.62816148996353149 -0.70523548126220703
vn 0.12641683220863342 0.69468039274215698 -0.7081228494644165
vn 0.070343144237995148 0.7061581015586853 -0.70455127954483032
vn 0.018443528562784195 0.71568715572357178 -0.69817745685577393
vn 0.011544525623321533 0.7099224328994751 -0.70418524742126465
vn -0.030812496319413185 0.72305577993392944 -0.69010210037231445
vn -0.078626438975334167 0.72887974977493286 -0.68011188507080078
vn -0.12842170894145966 0.7328789234161377 -0.66812896728515625
vn -0.23034024238586426 0.73450124263763428 -0.63831913471221924
vn -0.28577515482902527 0.73066943883895874 -0.62004417181015015
vn -0.40672129392623901 0.70939552783966064 -0.57561773061752319
vn -0.34322002530097961 0.72302341461181641 -0.59953075647354126
vn -0.47307872772216797 0.68749982118606567 -0.55094510316848755
vn -0.54411768913269043 0.655448317527771 -0.52375900745391846
vn -0.6184542179107666 0.61077398061752319 -0.49443861842155457
vn -0.70927274227142334 0.5477977991104126 -0.44367757439613342
vn -0.78517913818359375 0.46899625658988953 -0.40439614653587341
vn -0.85764467716217041 0.36504438519477844 -0.36219918727874756
vn -0.91388243436813354 0.24649450182914734 -0.32258233428001404
vn 0.69806277751922607 0.28952521085739136 -0.6548919677734375
vn 0.79906415939331055 0.15102563798427582 -0.58196884393692017
vn 0.62399309873580933 0.39588862657546997 -0.67372459173202515
vn 0.45887282490730286 0.54946208000183105 -0.69823145866394043
vn 0.38706821203231812 0.59948724508285522 -0.70056635141372681
vn 0.3184792697429657 0.63896584510803223 -0.70020967721939087
vn 0.25315865874290466 0.66948741674423218 -0.69835329055786133
vn 0.19131311774253845 0.69032925367355347 -0.69774264097213745
vn -0.67788702249526978 0.56036102771759033 -0.47588303685188293
vn -0.74679714441299438 0.48165500164031982 -0.45858743786811829
vn -0.80896162986755371 0.38502436876296997 -0.44422668218612671
vn -0.86390101909637451 0.27122008800506592 -0.42439916729927063
vn 0.66445761919021606 0.3107677698135376 -0.67964661121368408
vn 0.75729984045028687 0.14006777107715607 -0.63786989450454712
vn 0.60044556856155396 0.41469389200210571 -0.68373537063598633
vn 0.52662146091461182 0.50316566228866577 -0.6851963996887207
vn 0.1492203027009964 0.73385828733444214 -0.66271054744720459
vn 0.094353944063186646 0.74282938241958618 -0.66279852390289307
vn 0.043825089931488037 0.75402987003326416 -0.65537643432617188
vn -0.0046363379806280136 0.7621619701385498 -0.64736980199813843
vn -0.052067205309867859 0.76816213130950928 -0.63813471794128418
vn -0.10344884544610977 0.76389098167419434 -0.63699990510940552
vn -0.15266682207584381 0.76476353406906128 -0.62596291303634644
vn -0.17785942554473877 0.73494607210159302 -0.65438538789749146
vn -0.20467357337474823 0.76258313655853271 -0.61365765333175659
vn -0.25976434350013733 0.75655549764633179 -0.60012185573577881
vn -0.31738960742950439 0.75004106760025024 -0.5802605152130127
vn -0.37179481983184814 0.7358056902885437 -0.56600230932235718
vn -0.43546256422996521 0.71025842428207397 -0.55308711528778076
vn -0.50249963998794556 0.675567626953125 -0.5395391583442688
vn -0.57225501537322998 0.62949573993682861 -0.52560371160507202
vn -0.64334362745285034 0.56963902711868286 -0.51148837804794312
vn 0.47166326642036438 0.58852577209472656 -0.65663629770278931
vn 0.40452858805656433 0.63568305969238281 -0.65746760368347168
vn 0.34173184633255005 0.67634421586990356 -0.65251654386520386
vn 0.28023248910903931 0.70876270532608032 -0.64739882946014404
vn 0.219854936003685 0.7334740161895752 -0.64317935705184937
vn -0.119758240878582 0.78614240884780884 -0.60633170604705811
vn -0.19371934235095978 0.7806733250617981 -0.59415650367736816
vn -0.24878756701946259 0.77266919612884521 -0.58402663469314575
vn -0.70110976696014404 0.50161302089691162 -0.50678342580795288
vn -0.76805680990219116 0.40523606538772583 -0.49585533142089844
vn -0.8221207857131958 0.29630008339881897 -0.48613131046295166
vn 0.67581439018249512 0.33126336336135864 -0.65843713283538818
vn 0.7132149338722229 0.20211884379386902 -0.67117244005203247
vn 0.61904120445251465 0.43666929006576538 -0.65276944637298584
vn 0.55327117443084717 0.52559971809387207 -0.64624756574630737
vn 0.18432913720607758 0.79430055618286133 -0.57888638973236084
vn 0.12517987191677094 0.79885071516036987 -0.58836007118225098
vn 0.071372009813785553 0.80890190601348877 -0.58359551429748535
vn 0.017396789044141769 0.80467677116394043 -0.59345817565917969
vn -0.031386334449052811 0.80829709768295288 -0.58793771266937256
vn -0.082499019801616669 0.8089708685874939 -0.58203095197677612
vn -0.16598129272460938 0.80449527502059937 -0.57029604911804199
vn -0.24155327677726746 0.78988009691238403 -0.56368559598922729
vn -0.29885196685791016 0.77455788850784302 -0.55744737386703491
vn -0.35786885023117065 0.75357657670974731 -0.55140930414199829
vn -0.40699565410614014 0.73712462186813354 -0.53944587707519531
vn -0.48377221822738647 0.68858635425567627 -0.54019743204116821
vn -0.55009430646896362 0.64096450805664063 -0.53531372547149658
vn -0.58930510282516479 0.60382223129272461 -0.53676646947860718
vn -0.65131258964538574 0.53695428371429443 -0.53616410493850708
vn -0.71245813369750977 0.45116791129112244 -0.53744852542877197
vn -0.79772520065307617 0.30042940378189087 -0.52285438776016235
vn 0.69764220714569092 0.34432342648506165 -0.62828075885772705
vn 0.72746670246124268 0.16082304716110229 -0.66702932119369507
vn 0.64324098825454712 0.45362734794616699 -0.61681705713272095
vn 0.55072140693664551 0.57799309492111206 -0.6021876335144043
vn 0.44717699289321899 0.67493677139282227 -0.58693534135818481
vn 0.38146916031837463 0.72028160095214844 -0.57937526702880859
vn 0.31664976477622986 0.75606578588485718 -0.57279795408248901
vn 0.25365915894508362 0.78360366821289063 -0.56711751222610474
vn 0.026377180591225624 0.83416104316711426 -0.55088984966278076
vn -0.042566966265439987 0.83419585227966309 -0.54982304573059082
vn -0.14749448001384735 0.82846981287002563 -0.54026216268539429
vn -0.23890350759029388 0.8079877495765686 -0.53859156370162964
vn -0.29630836844444275 0.78972524404525757 -0.5371549129486084
vn -0.35492247343063354 0.7657783031463623 -0.53629624843597412
vn -0.47831520438194275 0.69502061605453491 -0.53680622577667236
vn -0.74544209241867065 0.35332450270652771 -0.56522375345230103
vn -0.69922900199890137 0.44620132446289063 -0.55855453014373779
vn 0.72620785236358643 0.3563724160194397 -0.58789527416229248
vn 0.73607933521270752 0.22445940971374512 -0.63859623670578003
vn 0.67226016521453857 0.47095206379890442 -0.57120084762573242
vn 0.60687166452407837 0.56867033243179321 -0.55526643991470337
vn 0.51511454582214355 0.66629886627197266 -0.53916865587234497
vn 0.38388273119926453 0.76231616735458374 -0.5210644006729126
vn 0.26981008052825928 0.81735742092132568 -0.50904750823974609
vn 0.20612436532974243 0.83807796239852905 -0.5051119327545166
vn 0.145096555352211 0.85231775045394897 -0.50249522924423218
vn 0.086835473775863647 0.8610917329788208 -0.50097966194152832
vn 0.031314127147197723 0.86524283885955811 -0.50037413835525513
vn -0.021460946649312973 0.86545932292938232 -0.50051933526992798
vn -0.11560891568660736 0.85742336511611938 -0.50145763158798218
vn -0.222365602850914 0.8335566520690918 -0.50570428371429443
vn -0.29941010475158691 0.80488872528076172 -0.51235502958297729
vn -0.35768353939056396 0.77748250961303711 -0.51728469133377075
vn -0.41737931966781616 0.74292737245559692 -0.52331000566482544
vn -0.47832739353179932 0.69979780912399292 -0.53055250644683838
vn -0.53993099927902222 0.646415114402771 -0.5390937328338623
vn -0.60095673799514771 0.58098191022872925 -0.54891806840896606
vn 0.75283092260360718 0.36595892906188965 -0.54710114002227783
vn 0.76299566030502319 0.23132787644863129 -0.60359346866607666
vn 0.68802094459533691 0.51723217964172363 -0.50901675224304199
vn 0.63138991594314575 0.58858978748321533 -0.50488495826721191
vn 0.56143289804458618 0.6685224175453186 -0.48772010207176208
vn 0.46804130077362061 0.74769926071166992 -0.47104477882385254
vn 0.33163762092590332 0.82733774185180664 -0.45335283875465393
vn 0.21450509130954742 0.86949115991592407 -0.44494125247001648
vn 0.15058307349681854 0.88355320692062378 -0.44346192479133606
vn 0.089575313031673431 0.89167368412017822 -0.44372773170471191
vn 0.031513169407844543 0.89475053548812866 -0.4454529881477356
vn -0.023544851690530777 0.8935355544090271 -0.44837462902069092
vn -0.12056554108858109 0.88213199377059937 -0.45530992746353149
vn -0.22250926494598389 0.85619175434112549 -0.46628886461257935
vn -0.30874809622764587 0.81972408294677734 -0.48241788148880005
vn -0.36698862910270691 0.78873693943023682 -0.49316665530204773
vn -0.42592781782150269 0.75044119358062744 -0.50539439916610718
vn -0.48528352379798889 0.70354694128036499 -0.51915472745895386
vn -0.5443645715713501 0.6465727686882019 -0.53442573547363281
vn -0.60189688205718994 0.57799160480499268 -0.55104070901870728
vn -0.65585809946060181 0.49652776122093201 -0.56860387325286865
vn -0.73138874769210815 0.34122154116630554 -0.59045606851577759
vn 0.77405691146850586 0.37296894192695618 -0.51159560680389404
vn 0.78899258375167847 0.23515912890434265 -0.56761860847473145
vn 0.7191469669342041 0.49813222885131836 -0.48445010185241699
vn 0.57899695634841919 0.68829900026321411 -0.43704348802566528
vn 0.50715851783752441 0.75278913974761963 -0.41964125633239746
vn 0.37878075242042542 0.83674407005310059 -0.39545482397079468
vn 0.23788046836853027 0.89302617311477661 -0.38199096918106079
vn 0.1530144065618515 0.91134697198867798 -0.38214302062988281
vn 0.089377768337726593 0.91933715343475342 -0.38318502902984619
vn 0.028783164918422699 0.92192929983139038 -0.38628727197647095
vn -0.028661970049142838 0.91990160942077637 -0.39110040664672852
vn -0.1302209198474884 0.90588486194610596 -0.40300753712654114
vn -0.22104765474796295 0.87952572107315063 -0.42139345407485962
vn -0.32362738251686096 0.83580845594406128 -0.44349700212478638
vn -0.38268768787384033 0.80154317617416382 -0.45943295955657959
vn -0.44179514050483704 0.75964254140853882 -0.47724232077598572
vn -0.50052142143249512 0.70893281698226929 -0.49688282608985901
vn -0.55803924798965454 0.64812326431274414 -0.51819729804992676
vn -0.61298811435699463 0.57596719264984131 -0.54083949327468872
vn -0.66336923837661743 0.49155455827713013 -0.5641944408416748
vn -0.7083430290222168 0.38994878530502319 -0.58837920427322388
vn -0.75843662023544312 0.19282382726669312 -0.62256956100463867
vn -0.75281727313995361 0.25435182452201843 -0.6071007251739502
vn 0.739429771900177 0.50682723522186279 -0.44313624501228333
vn 0.67044979333877563 0.61772751808166504 -0.41098633408546448
vn 0.59724539518356323 0.70426309108734131 -0.38381174206733704
vn 0.5236506462097168 0.77134066820144653 -0.36169546842575073
vn 0.42431163787841797 0.83928507566452026 -0.33994144201278687
vn 0.27929115295410156 0.90520739555358887 -0.3203062117099762
vn 0.15695652365684509 0.93707114458084106 -0.31186902523040771
vn 0.090448714792728424 0.94548928737640381 -0.31284019351005554
vn 0.02697465568780899 0.94818103313446045 -0.31658339500427246
vn -0.033299665898084641 0.94592577219009399 -0.32266947627067566
vn -0.13999165594577789 0.93045991659164429 -0.33859515190124512
vn -0.21770508587360382 0.90862458944320679 -0.35637879371643066
vn -0.29760012030601501 0.87626916170120239 -0.37892818450927734
vn -0.40291887521743774 0.81689733266830444 -0.41271674633026123
vn -0.46327409148216248 0.77153217792510986 -0.43602204322814941
vn -0.52245712280273438 0.71701806783676147 -0.46143648028373718
vn -0.57948029041290283 0.65226393938064575 -0.48862498998641968
vn -0.63287979364395142 0.57632160186767578 -0.51702672243118286
vn -0.68067330121994019 0.48866495490074158 -0.54579335451126099
vn -0.72204816341400146 0.38468673825263977 -0.57503271102905273
vn -0.75344926118850708 0.25960174202919006 -0.60408705472946167
vn 0.8209158182144165 0.35834783315658569 -0.44461670517921448
vn 0.80892181396484375 0.26043987274169922 -0.52708309888839722
vn 0.83413314819335938 0.12576785683631897 -0.5370328426361084
vn 0.76312267780303955 0.51056379079818726 -0.39619234204292297
vn 0.69508481025695801 0.62470442056655884 -0.35581099987030029
vn 0.57969194650650024 0.75564557313919067 -0.30488860607147217
vn 0.47045814990997314 0.84058612585067749 -0.26848480105400085
vn 0.3347834050655365 0.91183972358703613 -0.23763087391853333
vn 0.21926693618297577 0.94877511262893677 -0.22748136520385742
vn 0.098707892000675201 0.96988862752914429 -0.22264960408210754
vn 0.031620629131793976 0.9735216498374939 -0.22639741003513336
vn -0.032337326556444168 0.97185128927230835 -0.2333652526140213
vn -0.14560045301914215 0.95645254850387573 -0.25298020243644714
vn -0.27824681997299194 0.91579544544219971 -0.28965047001838684
vn -0.40684875845909119 0.84837055206298828 -0.33873513340950012
vn -0.50619769096374512 0.77076214551925659 -0.38689744472503662
vn -0.60669392347335815 0.66097581386566162 -0.44162586331367493
vn -0.65973299741744995 0.58144998550415039 -0.47609689831733704
vn -0.70614081621170044 0.49074000120162964 -0.51043063402175903
vn -0.74523144960403442 0.38451662659645081 -0.5447724461555481
vn -0.771187424659729 0.27437210083007813 -0.57444751262664795
vn 0.79488492012023926 0.50521624088287354 -0.33602756261825562
vn 0.85124295949935913 0.34698846936225891 -0.39368060231208801
vn 0.67882674932479858 0.688823401927948 -0.25439450144767761
vn 0.54077070951461792 0.82180899381637573 -0.17943522334098816
vn 0.40645486116409302 0.90362966060638428 -0.13508474826812744
vn 0.27409479022026062 0.95601779222488403 -0.10441260784864426
vn 0.17392954230308533 0.97977060079574585 -0.098985433578491211
vn 0.05083155632019043 0.99389499425888062 -0.09792289137840271
vn -0.018402967602014542 0.99420642852783203 -0.10590033233165741
vn -0.14159666001796722 0.98135775327682495 -0.12995132803916931
vn -0.28321447968482971 0.9427332878112793 -0.17619173228740692
vn -0.42575949430465698 0.87245368957519531 -0.23990289866924286
vn -0.51344096660614014 0.80785465240478516 -0.28939452767372131
vn -0.59589821100234985 0.72549021244049072 -0.34433895349502563
vn -0.70535099506378174 0.56624430418014526 -0.42643570899963379
vn -0.77619558572769165 0.39342328906059265 -0.49268501996994019
vn -0.8040086030960083 0.24967953562736511 -0.5396575927734375
vn 0.89336460828781128 0.34911158680915833 -0.28287935256958008
vn 0.91411930322647095 0.15997888147830963 -0.37254884839057922
vn 0.80862337350845337 0.55983078479766846 -0.18088041245937347
vn 0.67359894514083862 0.73623210191726685 -0.06501365453004837
vn 0.53791290521621704 0.84263360500335693 0.024866851046681404
vn 0.38910600543022156 0.91896730661392212 0.063996851444244385
vn 0.25122568011283875 0.96334069967269897 0.094129562377929688
vn 0.14176028966903687 0.98586380481719971 0.089311942458152771
vn 0.012758229859173298 0.9965590238571167 0.081898175179958344
vn -0.12326870858669281 0.99121862649917603 0.047859035432338715
vn -0.28271999955177307 0.95910358428955078 -0.013772916980087757
vn -0.41791737079620361 0.90398377180099487 -0.090323954820632935
vn -0.56350308656692505 0.80565017461776733 -0.18273499608039856
vn -0.69180059432983398 0.66485852003097534 -0.2817358672618866
vn -0.79233795404434204 0.48027929663658142 -0.37620791792869568
vn -0.84631729125976563 0.24808597564697266 -0.47138133645057678
vn 0.99170809984207153 0.12665534019470215 -0.021760132163763046
vn 0.93073457479476929 0.35059547424316406 0.10399958491325378
vn 0.83363437652587891 0.50669193267822266 0.2198113352060318
vn 0.67862606048583984 0.69483292102813721 0.23806288838386536
vn 0.53308677673339844 0.79384416341781616 0.29262590408325195
vn 0.34496039152145386 0.87402540445327759 0.3421722948551178
vn 0.14284181594848633 0.93708568811416626 0.31853824853897095
vn -0.099477782845497131 0.9575924277305603 0.27040883898735046
vn -0.34042268991470337 0.92600357532501221 0.1631862074136734
vn -0.53593206405639648 0.84294646978378296 0.047096852213144302
vn -0.6849861741065979 0.72585403919219971 -0.062689028680324554
vn -0.80748844146728516 0.56423920392990112 -0.17203642427921295
vn -0.89744681119918823 0.35077351331710815 -0.26748302578926086
vn 0.95471292734146118 -0.11299533396959305 0.27523678541183472
vn 0.90800648927688599 0.13238425552845001 0.39749038219451904
vn 0.71436202526092529 0.46379762887954712 0.52400249242782593
vn 0.47795477509498596 0.64440739154815674 0.59690731763839722
vn 0.17457503080368042 0.82348942756652832 0.53980433940887451
vn -0.075418755412101746 0.86355739831924438 0.49857863783836365
vn -0.33549010753631592 0.83917373418807983 0.42805823683738708
vn -0.57951104640960693 0.74240487813949585 0.33615756034851074
vn -0.78704982995986938 0.59453278779983521 0.16457018256187439
vn -0.94890457391738892 0.30898308753967285 -0.064105398952960968
vn 0.79928779602050781 0.098135292530059814 0.59288150072097778
vn 0.30108341574668884 0.12364870309829712 0.94554734230041504
vn 0.27753040194511414 0.13430708646774292 0.9512825608253479
vn 0.27937370538711548 0.092169173061847687 0.95574849843978882
vn 0.33572453260421753 0.10405471175909042 0.93619531393051147
vn 0.29033130407333374 0.16316792368888855 0.94291245937347412
vn 0.28330573439598083 0.18038295209407806 0.94191288948059082
vn 0.25725856423377991 0.19500596821308136 0.94646221399307251
vn 0.25719532370567322 0.22380116581916809 0.94008702039718628
vn 0.22701036930084229 0.24812085926532745 0.94175493717193604
vn 0.41264396905899048 0.10442203283309937 0.90488725900650024
vn 0.36541295051574707 0.075489938259124756 0.9277794361114502
vn 0.44834163784980774 0.063314475119113922 0.89161711931228638
vn 0.20836363732814789 0.26849997043609619 0.94047456979751587
vn 0.17039160430431366 0.28646966814994812 0.94281589984893799
vn 0.18549814820289612 0.26517397165298462 0.94618874788284302
vn 0.15496458113193512 0.27225610613822937 0.94966447353363037
vn 0.12685725092887878 0.27937200665473938 0.95176601409912109
vn 0.10486329346895218 0.29391440749168396 0.950062096118927
vn 0.077885039150714874 0.26328572630882263 0.96156877279281616
vn 0.56419461965560913 0.059872239828109741 0.82346814870834351
vn 0.6836739182472229 0.0020430926233530045 0.72978478670120239
vn 0.8594667911529541 -0.0081412987783551216 0.51112675666809082
vn 0.96096569299697876 -0.052042998373508453 0.27172869443893433
vn 0.99645930528640747 -0.078339867293834686 0.030524920672178268
vn 0.94461303949356079 -0.00553903728723526 -0.32813951373100281
vn 0.90641552209854126 -0.0092105763033032417 -0.42228671908378601
vn 0.82217484712600708 0.017334679141640663 -0.56897097826004028
vn 0.86122649908065796 0.00058801553677767515 -0.50822103023529053
vn -0.0057156500406563282 0.23843821883201599 0.97114086151123047
vn 0.030222587287425995 0.24398377537727356 0.96930825710296631
vn -0.056603971868753433 0.15746229887008667 0.98590141534805298
vn -0.04525921493768692 0.18256804347038269 0.98215097188949585
vn -0.0316651351749897 0.20586879551410675 0.97806715965270996
vn 0.0053679798729717731 0.2079528421163559 0.97812414169311523
vn -0.067688651382923126 0.12142689526081085 0.99028974771499634
vn -0.03389991819858551 0.1060643196105957 0.99378126859664917
vn -0.27879473567008972 0.064243882894515991 0.95819944143295288
vn -0.3903774619102478 0.050039984285831451 0.91929399967193604
vn -0.99825137853622437 0.038712318986654282 -0.044671937823295593
vn -0.6789783239364624 -0.079672321677207947 0.72982245683670044
vn -0.92293703556060791 -0.048769824206829071 0.3818490207195282
vn -0.97388458251953125 0.083723142743110657 -0.21104338765144348
vn -0.52353036403656006 -0.014497154392302036 0.85188370943069458
vn -0.9823228120803833 -0.061500884592533112 0.17680360376834869
vn -0.93825852870941162 0.13180197775363922 -0.31984248757362366
vn -0.90689373016357422 0.15736694633960724 -0.39087006449699402
vn 0.75188630819320679 0.063274189829826355 -0.65624946355819702
vn 0.74918967485427856 -0.01088156271725893 -0.66226613521575928
vn 0.76361531019210815 0.092419900000095367 -0.6390228271484375
vn 0.79244327545166016 0.092960886657238007 -0.60281997919082642
vn 0.81367748975753784 0.082444526255130768 -0.57544058561325073
vn 0.85598260164260864 -0.056808575987815857 -0.5138741135597229
vn 0.86816400289535522 -0.12106700241565704 -0.48128372430801392
vn 0.97986531257629395 -0.19648893177509308 -0.03544042631983757
vn 0.86306947469711304 -0.15200687944889069 0.48166894912719727
vn 0.55044543743133545 0.42627549171447754 0.71784329414367676
vn 0.85877323150634766 -0.40337803959846497 0.31590291857719421
vn 0.083324983716011047 0.68403476476669312 0.72467470169067383
vn -0.8460991382598877 0.18369270861148834 -0.50037312507629395
vn -0.87665259838104248 0.17176936566829681 -0.44941684603691101
vn -0.82068336009979248 0.18262630701065063 -0.54141151905059814
vn -0.80005663633346558 0.18477174639701843 -0.57076156139373779
vn -0.76724857091903687 0.055318731814622879 -0.63895964622497559
vn -0.83845382928848267 0.0093367919325828552 -0.54489260911941528
vn -0.90370643138885498 -0.081163786351680756 -0.42038923501968384
vn -0.97815275192260742 -0.043564584106206894 -0.20327146351337433
vn -0.18079666793346405 0.72456121444702148 0.66507411003112793
vn -0.44702178239822388 0.69310754537582397 0.56548517942428589
vn -0.73442995548248291 0.54127782583236694 0.40942761301994324
vn -0.9048457145690918 0.33948653936386108 0.25691080093383789
vn -0.99665683507919312 0.028228804469108582 0.076669998466968536
vn 0.74595308303833008 0.39539983868598938 0.5359225869178772
vn 0.79135018587112427 0.30974051356315613 0.52709168195724487
vn 0.84217274188995361 0.16391682624816895 0.51368898153305054
vn 0.69544017314910889 0.46756911277770996 0.5456574559211731
vn 0.62706691026687622 0.54842305183410645 0.55319005250930786
vn 0.58035433292388916 0.59257155656814575 0.5586124062538147
vn 0.50145846605300903 0.65564024448394775 0.56451326608657837
vn 0.44472885131835938 0.69185566902160645 0.56881630420684814
vn 0.37080630660057068 0.73101592063903809 0.57281625270843506
vn 0.22729858756065369 0.78399336338043213 0.57765889167785645
vn 0.29711765050888062 0.761588454246521 0.57593756914138794
vn 0.071940243244171143 0.81116968393325806 0.58036917448043823
vn 0.14633020758628845 0.80137753486633301 0.57998412847518921
vn -0.050896003842353821 0.8125649094581604 0.58064436912536621
vn 0 0.81373345851898193 0.58123821020126343
vn -0.16973350942134857 0.79732102155685425 0.5791974663734436
vn -0.24867992103099823 0.7778363823890686 0.57717317342758179
vn -0.32963511347770691 0.75020688772201538 0.57317560911178589
vn -0.4592437744140625 0.68305748701095581 0.56791514158248901
vn -0.53209710121154785 0.63334208726882935 0.5619167685508728
vn -0.61491537094116211 0.56214797496795654 0.55305403470993042
vn -0.84505677223205566 0.15702258050441742 0.51109981536865234
vn -0.86278653144836426 0.060716010630130768 0.50190931558609009
vn -0.8103564977645874 0.26304611563682556 0.52357339859008789
vn -0.16063915193080902 0.800179123878479 0.57784813642501831
vn 0.86824315786361694 0 0.49613893032073975
vn 0.86982136964797974 -0.18121761083602905 0.45888009667396545
vn -0.69157916307449341 0.47464808821678162 0.54445153474807739
vn -0.7905927300453186 0.30843308568000793 0.52899163961410522
vn -0.86873090267181396 -0.16984616219997406 0.46525144577026367
vn 0.85843390226364136 0.08855283260345459 0.5052223801612854
vn 0.34873056411743164 0.74199074506759644 0.57257026433944702
vn 0.45902594923973083 0.68381702899932861 0.5671766996383667
vn 0.6358177661895752 0.53970414400100708 0.55177456140518188
vn 0.85017955303192139 0.14448224008083344 0.50628018379211426
vn 0.74631714820861816 0.39166763424873352 0.53815168142318726
vn 0.16687518358230591 0.79764699935913086 0.57957911491394043
vn -0.43851414322853088 0.69711178541183472 0.56722176074981689
vn 0.8724362850189209 -0.087964937090873718 0.48074641823768616
vn 0.76141828298568726 -0.4197978675365448 0.49397563934326172
vn 0.78857159614562988 -0.53164464235305786 0.30904498696327209
vn 0.54932749271392822 -0.67895621061325073 0.48709118366241455
vn 0.061678368598222733 -0.54807329177856445 0.83415311574935913
vn 0.16229307651519775 -0.49462276697158813 0.85382038354873657
vn 0.18863546848297119 -0.72908633947372437 0.6579132080078125
vn 0.17193470895290375 -0.49237558245658875 0.85323196649551392
vn 0.30181890726089478 -0.5170295238494873 0.8009905219078064
vn 0.21374945342540741 -0.74252456426620483 0.63479799032211304
vn 0.23175212740898132 -0.77663809061050415 0.58576804399490356
vn 0.31761810183525085 -0.51809066534042358 0.79416674375534058
vn 0.40808665752410889 -0.58904850482940674 0.6974862813949585
vn 0.10940419137477875 -0.80117738246917725 0.58834129571914673
vn 0.14914500713348389 -0.74973887205123901 0.64470720291137695
vn 0.55388826131820679 -0.76176196336746216 0.33604532480239868
vn 0.60376882553100586 -0.77113515138626099 0.20202411711215973
vn 0.77235245704650879 -0.63350635766983032 0.046275105327367783
vn 0.60315334796905518 -0.79727357625961304 -0.023682832717895508
vn 0.15592624247074127 -0.97861760854721069 0.13414396345615387
vn 0.79815727472305298 -0.53940463066101074 0.26830512285232544
vn 0.25826233625411987 -0.84724980592727661 -0.4641856849193573
vn 0.44503730535507202 -0.68974548578262329 -0.5711330771446228
vn 0.1825515478849411 -0.74384611845016479 -0.64293694496154785
vn 0.39678338170051575 -0.77065283060073853 -0.49865534901618958
vn 0.27901795506477356 -0.70437824726104736 -0.65268701314926147
vn 0.17738650739192963 -0.70068114995956421 -0.69107162952423096
vn 0.64302486181259155 -0.76579910516738892 -0.0084128463640809059
vn 0.62434095144271851 -0.77843856811523438 -0.065052270889282227
vn 0.59380650520324707 -0.79559969902038574 -0.12006236612796783
vn 0.29019543528556824 -0.9118579626083374 -0.29034742712974548
vn 0.41113889217376709 -0.83356946706771851 -0.3689536452293396
vn 0.29076898097991943 -0.80992549657821655 -0.50938594341278076
vn -0.049025289714336395 -0.66401457786560059 -0.74611067771911621
vn -0.16568699479103088 -0.63610899448394775 -0.75360012054443359
vn 0.24693921208381653 -0.48420244455337524 0.83938610553741455
vn 0.31909900903701782 -0.4844994843006134 0.81451582908630371
vn 0.16252557933330536 -0.49283075332641602 0.85481184720993042
vn 0.04964987188577652 -0.51576060056686401 0.85529285669326782
vn 0.1008748859167099 -0.50278669595718384 0.85850441455841064
vn 0.54775154590606689 -0.51859241724014282 0.65652883052825928
vn 0.55308663845062256 -0.5384984016418457 0.63570016622543335
vn 0.46797934174537659 -0.50856655836105347 0.72274154424667358
vn 0.63228529691696167 -0.58309477567672729 0.51011353731155396
vn 0.66149359941482544 -0.57795393466949463 0.47790741920471191
vn 0.39184358716011047 -0.49090731143951416 0.77811861038208008
vn 0.53050106763839722 -0.81864500045776367 -0.21997500956058502
vn 0.65675026178359985 -0.75342434644699097 0.032107159495353699
vn -0.10201998800039291 0.58761125802993774 -0.80268603563308716
vn -0.082890875637531281 0.57255393266677856 -0.8156660795211792
vn -0.041204430162906647 0.59071916341781616 -0.80582445859909058
vn -0.12779982388019562 0.53148806095123291 -0.83736944198608398
vn -0.16646529734134674 0.39515268802642822 -0.90340667963027954
vn -0.12117042392492294 0.34719195961952209 -0.92993307113647461
vn -0.15303631126880646 0.43219289183616638 -0.88870084285736084
vn -0.16679985821247101 0.51439964771270752 -0.84117227792739868
vn -0.025039512664079666 0.62072283029556274 -0.7836301326751709
vn -0.087104268372058868 0.27330246567726135 -0.95797628164291382
vn -0.029781859368085861 0.25002244114875793 -0.96778190135955811
vn 0.078512229025363922 0.20057578384876251 -0.97652709484100342
vn 0.23094925284385681 0.19719983637332916 -0.95277208089828491
vn 0.074242867529392242 0.2111857533454895 -0.97462224960327148
vn 0.47213578224182129 0.36819407343864441 -0.80095005035400391
vn 0.45343324542045593 0.33506470918655396 -0.82591158151626587
vn 0.37261280417442322 0.2547261118888855 -0.89234203100204468
vn 0.27216026186943054 0.20791818201541901 -0.93952053785324097
vn 0.49248859286308289 0.44211626052856445 -0.74965870380401611
vn -0.060803379863500595 0.67339962720870972 -0.73677396774291992
vn 0.014135251753032207 0.72970902919769287 -0.68361169099807739
vn 0.050890792161226273 0.78796517848968506 -0.6136130690574646
vn -0.0091261770576238632 0.59005659818649292 -0.80731028318405151
vn -0.0090753696858882904 0.59477657079696655 -0.80383986234664917
vn -0.044561684131622314 0.60911351442337036 -0.79183018207550049
vn 0.44873389601707458 0.63151752948760986 -0.632315993309021
vn 0.47120404243469238 0.58585572242736816 -0.65934807062149048
vn 0.51498806476593018 0.43075138330459595 -0.74110764265060425
vn 0.38189795613288879 0.70307886600494385 -0.59986168146133423
vn 0.30367320775985718 0.76169115304946899 -0.57237148284912109
vn 0.18880888819694519 0.78192239999771118 -0.59409475326538086
vn 0.53687262535095215 0.3641960620880127 -0.7610052227973938
vn -0.025862937793135643 0.62273609638214111 -0.78200441598892212
vn -0.020425122231245041 0.67270416021347046 -0.73962962627410889
vn -0.010643932968378067 0.59071445465087891 -0.80681043863296509
vn -0.030438784509897232 0.60417228937149048 -0.7962721586227417
vn -0.044212538748979568 0.5885048508644104 -0.80728393793106079
vn 0.6427498459815979 -0.66768956184387207 -0.37558397650718689
vn 0.74889290332794189 -0.64736664295196533 -0.14168927073478699
vn 0.69284301996231079 -0.66150212287902832 -0.28702527284622192
vn 0.7776566743850708 -0.62745010852813721 -0.039451714605093002
vn 0.79591310024261475 -0.60167205333709717 0.067179113626480103
vn 0.81946319341659546 -0.53889578580856323 0.19511896371841431
vn 0.8159186840057373 -0.50884550809860229 0.2745048999786377
vn 0.636027991771698 -0.49462899565696716 0.59229260683059692
vn 0.78345370292663574 -0.45664158463478088 0.42151954770088196
vn 0.74651432037353516 -0.45174619555473328 0.48850977420806885
vn 0.65245020389556885 -0.49614834785461426 0.57283985614776611
vn 0.50558590888977051 -0.61771887540817261 0.60233408212661743
vn 0.43258374929428101 -0.64651739597320557 0.62840002775192261
vn 0.32677996158599854 -0.69821268320083618 0.63695675134658813
vn 0.12091032415628433 -0.7291291356086731 0.67361074686050415
vn 0.12614923715591431 -0.81005764007568359 -0.57261943817138672
vn -0.0060633150860667229 -0.84782230854034424 -0.53024578094482422
vn 0.030601663514971733 -0.84181028604507446 -0.53890538215637207
vn 0.46912097930908203 -0.70180046558380127 -0.53609848022460938
vn 0.28349021077156067 -0.74916696548461914 -0.59865027666091919
vn 0.27980843186378479 -0.75580120086669922 -0.59200656414031982
vn -0.062880039215087891 -0.86619776487350464 -0.49572932720184326
vn 0.13243266940116882 -0.80042260885238647 -0.58462399244308472
vn 0.52939361333847046 -0.68513017892837524 -0.50033897161483765
vn -0.29247793555259705 -0.69681233167648315 0.65491163730621338
vn -0.27582764625549316 -0.7044830322265625 0.65392875671386719
vn -0.48057621717453003 -0.63611572980880737 0.60365825891494751
vn -0.53556126356124878 -0.59256440401077271 0.60169893503189087
vn -0.61991685628890991 -0.55132818222045898 0.55833709239959717
vn -0.78177928924560547 -0.59240663051605225 0.19461649656295776
vn -0.75481498241424561 -0.53856033086776733 0.374442458152771
vn -0.7704010009765625 -0.56350284814834595 0.29823955893516541
vn -0.76766109466552734 -0.64079582691192627 0.0087806833907961845
vn -0.77458047866821289 -0.62736213207244873 0.080260999500751495
vn -0.69205379486083984 -0.69758611917495728 -0.1855669766664505
vn -0.75622385740280151 -0.65325778722763062 -0.0371442511677742
vn -0.47147059440612793 -0.81451255083084106 -0.33806025981903076
vn -0.33188021183013916 -0.85396182537078857 -0.40075516700744629
vn -0.48520129919052124 -0.79962056875228882 -0.35381719470024109
vn -0.24993927776813507 -0.86657744646072388 -0.43194204568862915
vn -0.22122043371200562 -0.87095004320144653 -0.43875685334205627
vn -0.13585317134857178 -0.87441384792327881 -0.4657728374004364
vn -0.12549346685409546 -0.87342369556427002 -0.4705129861831665
vn -0.059066757559776306 -0.86429363489151001 -0.49950739741325378
vn -0.014516837894916534 -0.85263633728027344 -0.52230304479598999
vn 0.10026106983423233 -0.72334963083267212 0.68316400051116943
vn 0.091681040823459625 -0.72394841909408569 0.68373477458953857
vn -0.71366959810256958 -0.52187931537628174 0.4672447144985199
vn -0.69351065158843994 -0.52199506759643555 0.49655225872993469
vn -0.63187342882156372 -0.73745435476303101 -0.23853099346160889
vn 0.33367115259170532 -0.72708100080490112 0.60001403093338013
vn 0.17039215564727783 0.28646880388259888 0.94281607866287231
vn 0.2083631157875061 0.26849997043609619 0.94047462940216064
vn 0.10825503617525101 0.17648756504058838 0.97833174467086792
vn 0.73021531105041504 0.18366633355617523 0.65806710720062256
vn 0.83768272399902344 0.091766908764839172 0.53839254379272461
vn -0.15928830206394196 0.082090623676776886 0.98381316661834717
vn 0.83712810277938843 -0.012315315194427967 -0.54686826467514038
vn -0.78749436140060425 0.052008833736181259 -0.61412352323532104
vn -0.81650441884994507 0.063068367540836334 -0.57388406991958618
vn 0.10013402998447418 -0.72924739122390747 0.67688357830047607
vn 0.36045756936073303 0.010532751679420471 0.93271613121032715
vn 0.36558744311332703 0.043108321726322174 0.92977821826934814
vn 0.36045756936073303 0.010532751679420471 0.93271613121032715
vn 0.45197328925132751 0.017081527039408684 0.89186787605285645
vn 0.45197328925132751 0.017081527039408684 0.89186787605285645
vn 0.56752532720565796 0.0079072965309023857 0.8233180046081543
vn 0.45425975322723389 0.062539234757423401 0.88867145776748657
vn 0.45197328925132751 0.017081527039408684 0.89186787605285645
vn 0.56752532720565796 0.0079072965309023857 0.8233180046081543
vn 0.69120919704437256 -0.0068422374315559864 0.7226223349571228
vn 0.81396174430847168 -0.099431604146957397 0.57234573364257813
vn 0.81396174430847168 -0.099431604146957397 0.57234573364257813
vn 0.69120919704437256 -0.0068422374315559864 0.7226223349571228
vn 0.9966551661491394 -0.078637786209583282 0.022238390520215034
vn 0.96336907148361206 -0.047379650175571442 0.26396065950393677
vn 0.96336907148361206 -0.047379650175571442 0.26396065950393677
vn 0.86285960674285889 -0.0070824245922267437 0.50539404153823853
vn 0.9966551661491394 -0.078637786209583282 0.022238390520215034
vn 0.90561604499816895 -0.40937250852584839 0.11078685522079468
vn 0.97720611095428467 -0.20889294147491455 -0.037841137498617172
vn 0.30047661066055298 0.015373962931334972 0.95366525650024414
vn 0.36045756936073303 0.010532751679420471 0.93271613121032715
vn 0.30396175384521484 0.038842819631099701 0.95189207792282104
vn 0.94495308399200439 -0.0061604506336152554 -0.32714790105819702
vn 0.94495308399200439 -0.0061604506336152554 -0.32714790105819702
vn 0.90641552209854126 -0.0092105763033032417 -0.42228671908378601
vn 0.66040146350860596 -0.74863916635513306 0.058389816433191299
vn 0.66040146350860596 -0.74863916635513306 0.058389816433191299
vn 0.7849423885345459 -0.61796528100967407 0.044546421617269516
vn 0.83250641822814941 0.35141167044639587 -0.42830228805541992
vn 0.97720611095428467 -0.20889294147491455 -0.037841137498617172
vn 0.99093014001846313 0.12935629487037659 -0.036392886191606522
vn 0.61607545614242554 -0.15379050374031067 0.77252799272537231
vn 0.73246932029724121 -0.24617855250835419 0.63473206758499146
vn 0.61607545614242554 -0.15379050374031067 0.77252799272537231
vn 0.75576722621917725 -0.52102530002593994 0.3966718316078186
vn 0.83080530166625977 -0.32478880882263184 0.45196771621704102
vn 0.30395808815956116 0.038819748908281326 0.95189416408538818
vn 0.56454706192016602 -0.017028715461492538 0.82522523403167725
vn 0.71428871154785156 -0.54886406660079956 0.43421173095703125
vn 0.50360262393951416 -0.76010966300964355 0.41063079237937927
vn 0.75513684749603271 -0.48474365472793579 0.44135242700576782
vn 0.71428871154785156 -0.54886406660079956 0.43421173095703125
vn 0.50360262393951416 -0.76010966300964355 0.41063079237937927
vn 0.66445761919021606 0.3107677698135376 -0.67964661121368408
vn 0.69806277751922607 0.28952521085739136 -0.6548919677734375
vn 0.67581439018249512 0.33126336336135864 -0.65843713283538818
vn 0.66445761919021606 0.3107677698135376 -0.67964661121368408
vn 0.69764220714569092 0.34432342648506165 -0.62828075885772705
vn 0.67581439018249512 0.33126336336135864 -0.65843713283538818
vn 0.72620785236358643 0.3563724160194397 -0.58789527416229248
vn 0.69764220714569092 0.34432342648506165 -0.62828075885772705
vn 0.75283092260360718 0.36595892906188965 -0.54710114002227783
vn 0.72620785236358643 0.3563724160194397 -0.58789527416229248
vn 0.77405691146850586 0.37296894192695618 -0.51159560680389404
vn 0.75283092260360718 0.36595892906188965 -0.54710114002227783
vn 0.8209158182144165 0.35834783315658569 -0.44461670517921448
vn 0.79906415939331055 0.15102563798427582 -0.58196884393692017
vn 0.84864282608032227 0.13723960518836975 -0.5108528733253479
vn 0.90641552209854126 -0.0092105763033032417 -0.42228671908378601
vn 0.79906415939331055 0.15102563798427582 -0.58196884393692017
vn 0.79906415939331055 0.15102563798427582 -0.58196884393692017
vn 0.91411930322647095 0.15997888147830963 -0.37254884839057922
vn 0.85124295949935913 0.34698846936225891 -0.39368060231208801
vn 0.91411930322647095 0.15997888147830963 -0.37254884839057922
vn 0.99170809984207153 0.12665534019470215 -0.021760132163763046
vn -0.087104268372058868 0.27330246567726135 -0.95797628164291382
vn 0.078512229025363922 0.20057578384876251 -0.97652709484100342
vn 0.078512229025363922 0.20057578384876251 -0.97652709484100342
vn 0.37261280417442322 0.2547261118888855 -0.89234203100204468
vn 0.27216026186943054 0.20791818201541901 -0.93952053785324097
vn 0.078512229025363922 0.20057578384876251 -0.97652709484100342
vn 0.27216026186943054 0.20791818201541901 -0.93952053785324097
vn 0.81396174430847168 -0.099431604146957397 0.57234573364257813
vn 0.86285960674285889 -0.0070824245922267437 0.50539404153823853
vn 0.81396174430847168 -0.099431604146957397 0.57234573364257813
vn 0.97720611095428467 -0.20889294147491455 -0.037841137498617172
vn 0.90561604499816895 -0.40937250852584839 0.11078685522079468
vn 0.90561604499816895 -0.40937250852584839 0.11078685522079468
vn 0.7849423885345459 -0.61796528100967407 0.044546421617269516
vn 0.73246932029724121 -0.24617855250835419 0.63473206758499146
vn 0.56454706192016602 -0.017028715461492538 0.82522523403167725
vn 0.61607545614242554 -0.15379050374031067 0.77252799272537231
vn 0.73246932029724121 -0.24617855250835419 0.63473206758499146
vn 0.83080530166625977 -0.32478880882263184 0.45196771621704102
vn 0.69806277751922607 0.28952521085739136 -0.6548919677734375
vn 0.79906415939331055 0.15102563798427582 -0.58196884393692017
vn 0.66445761919021606 0.3107677698135376 -0.67964661121368408
vn 0.67581439018249512 0.33126336336135864 -0.65843713283538818
vn 0.77405691146850586 0.37296894192695618 -0.51159560680389404
vn 0.739429771900177 0.50682723522186279 -0.44313624501228333
vn 0.77405691146850586 0.37296894192695618 -0.51159560680389404
vn 0.739429771900177 0.50682723522186279 -0.44313624501228333
vn 0.8209158182144165 0.35834783315658569 -0.44461670517921448
vn 0.8209158182144165 0.35834783315658569 -0.44461670517921448
vn -0.087104268372058868 0.27330246567726135 -0.95797628164291382
vn 0.36720237135887146 0.074802465736865997 0.9271283745765686
vn 0.45425975322723389 0.062539234757423401 0.88867145776748657
vn 0.56720495223999023 0.06154986098408699 0.82127350568771362
vn 0.45425975322723389 0.062539234757423401 0.88867145776748657
vn 0.56720495223999023 0.06154986098408699 0.82127350568771362
vn 0.36720237135887146 0.074802465736865997 0.9271283745765686
vn 0.36720237135887146 0.074802465736865997 0.9271283745765686
vn 0.84867459535598755 0.092277839779853821 0.52080345153808594
vn 0.67566186189651489 0.061263218522071838 0.73466169834136963
vn 0.47187289595603943 0.10899912565946579 0.87490296363830566
vn 0.66816389560699463 0.06503884494304657 0.74116593599319458
vn 0.78938615322113037 0.2655198872089386 -0.55350577831268311
vn 0.62399309873580933 0.39588862657546997 -0.67372459173202515
vn 0.65882331132888794 0.38652887940406799 -0.64540475606918335
vn 0.62399309873580933 0.39588862657546997 -0.67372459173202515
vn 0.55327117443084717 0.52559971809387207 -0.64624756574630737
vn 0.52662146091461182 0.50316566228866577 -0.6851963996887207
vn 0.55072140693664551 0.57799309492111206 -0.6021876335144043
vn 0.55327117443084717 0.52559971809387207 -0.64624756574630737
vn 0.55072140693664551 0.57799309492111206 -0.6021876335144043
vn 0.55072140693664551 0.57799309492111206 -0.6021876335144043
vn 0.51511454582214355 0.66629886627197266 -0.53916865587234497
vn 0.44717699289321899 0.67493677139282227 -0.58693534135818481
vn 0.51511454582214355 0.66629886627197266 -0.53916865587234497
vn 0.50715851783752441 0.75278913974761963 -0.41964125633239746
vn 0.46804130077362061 0.74769926071166992 -0.47104477882385254
vn 0.50715851783752441 0.75278913974761963 -0.41964125633239746
vn 0.50715851783752441 0.75278913974761963 -0.41964125633239746
vn 0.42431163787841797 0.83928507566452026 -0.33994144201278687
vn 0.37878075242042542 0.83674407005310059 -0.39545482397079468
vn 0.42431163787841797 0.83928507566452026 -0.33994144201278687
vn 0.42431163787841797 0.83928507566452026 -0.33994144201278687
vn 0.3347834050655365 0.91183972358703613 -0.23763087391853333
vn 0.27929115295410156 0.90520739555358887 -0.3203062117099762
vn 0.40645486116409302 0.90362966060638428 -0.13508474826812744
vn 0.3347834050655365 0.91183972358703613 -0.23763087391853333
vn 0.53791290521621704 0.84263360500335693 0.024866851046681404
vn 0.53791290521621704 0.84263360500335693 0.024866851046681404
vn 0.40645486116409302 0.90362966060638428 -0.13508474826812744
vn 0.67862606048583984 0.69483292102813721 0.23806288838386536
vn 0.67862606048583984 0.69483292102813721 0.23806288838386536
vn 0.53791290521621704 0.84263360500335693 0.024866851046681404
vn 0.90800648927688599 0.13238425552845001 0.39749038219451904
vn 0.90800648927688599 0.13238425552845001 0.39749038219451904
vn 0.71436202526092529 0.46379762887954712 0.52400249242782593
vn 0.71436202526092529 0.46379762887954712 0.52400249242782593
vn 0.67862606048583984 0.69483292102813721 0.23806288838386536
vn 0.73628973960876465 0.089055299758911133 0.67078059911727905
vn 0.6209900975227356 0.14617143571376801 0.77006834745407104
vn 0.56419461965560913 0.059872239828109741 0.82346814870834351
vn 0.93261682987213135 0.099395580589771271 0.34690976142883301
vn 0.80411672592163086 0.16679577529430389 0.57059222459793091
vn 0.73628973960876465 0.089055299758911133 0.67078059911727905
vn 0.99092799425125122 0.13439367711544037 0.00032052854658104479
vn 0.90110564231872559 0.13256555795669556 -0.4128376841545105
vn 0.99092799425125122 0.13439367711544037 0.00032052854658104479
vn 0.93261682987213135 0.099395580589771271 0.34690976142883301
vn 0.90110564231872559 0.13256555795669556 -0.4128376841545105
vn 0.97493147850036621 0.074742555618286133 -0.20957605540752411
vn 0.86306947469711304 -0.15200687944889069 0.48166894912719727
vn 0.90800648927688599 0.13238425552845001 0.39749038219451904
vn 0.86306947469711304 -0.15200687944889069 0.48166894912719727
vn 0.79135018587112427 0.30974051356315613 0.52709168195724487
vn 0.84217274188995361 0.16391682624816895 0.51368898153305054
vn 0.79135018587112427 0.30974051356315613 0.52709168195724487
vn 0.85843390226364136 0.08855283260345459 0.5052223801612854
vn 0.84217274188995361 0.16391682624816895 0.51368898153305054
vn 0.44873389601707458 0.63151752948760986 -0.632315993309021
vn 0.47120404243469238 0.58585572242736816 -0.65934807062149048
vn 0.44873389601707458 0.63151752948760986 -0.632315993309021
vn 0.78938615322113037 0.2655198872089386 -0.55350577831268311
vn 0.90110564231872559 0.13256555795669556 -0.4128376841545105
vn 0.65882331132888794 0.38652887940406799 -0.64540475606918335
vn 0.78938615322113037 0.2655198872089386 -0.55350577831268311
vn 0.52662146091461182 0.50316566228866577 -0.6851963996887207
vn 0.62399309873580933 0.39588862657546997 -0.67372459173202515
vn 0.46804130077362061 0.74769926071166992 -0.47104477882385254
vn 0.51511454582214355 0.66629886627197266 -0.53916865587234497
vn 0.97493147850036621 0.074742555618286133 -0.20957605540752411
vn 0.99092799425125122 0.13439367711544037 0.00032052854658104479
vn 0.84217274188995361 0.16391682624816895 0.51368898153305054
vn 0.86285960674285889 -0.0070824245922267437 0.50539404153823853
vn 0.73781299591064453 0.27604818344116211 -0.61597836017608643
vn 0.73781299591064453 0.27604818344116211 -0.61597836017608643
vn 0.73781299591064453 0.27604818344116211 -0.61597836017608643
vn 0.60044556856155396 0.41469389200210571 -0.68373537063598633
vn 0.60044556856155396 0.41469389200210571 -0.68373537063598633
vn 0.60044556856155396 0.41469389200210571 -0.68373537063598633
vn 0.56143289804458618 0.6685224175453186 -0.48772010207176208
vn 0.56143289804458618 0.6685224175453186 -0.48772010207176208
vn 0.56143289804458618 0.6685224175453186 -0.48772010207176208
vn 0.73781299591064453 0.27604818344116211 -0.61597836017608643
vn 0.60044556856155396 0.41469389200210571 -0.68373537063598633
vn 0.34127229452133179 -0.047821473330259323 0.93874722719192505
vn 0.42047420144081116 -0.11186168342828751 0.90038233995437622
vn 0.42047420144081116 -0.11186168342828751 0.90038233995437622
vn 0.56259608268737793 -0.19340254366397858 0.80379170179367065
vn 0.43528866767883301 -0.071360521018505096 0.89745831489562988
vn 0.42047420144081116 -0.11186168342828751 0.90038233995437622
vn 0.56259608268737793 -0.19340254366397858 0.80379170179367065
vn 0.67262035608291626 -0.27122050523757935 0.6884920597076416
vn 0.75251865386962891 -0.4133988618850708 0.5126568078994751
vn 0.75251865386962891 -0.4133988618850708 0.5126568078994751
vn 0.8305816650390625 -0.46270191669464111 0.30990490317344666
vn 0.88434606790542603 -0.45888733863830566 -0.085757724940776825
vn 0.90590161085128784 -0.41458317637443542 0.086389362812042236
vn 0.87036252021789551 -0.43312609195709229 -0.23424528539180756
vn 0.88434606790542603 -0.45888733863830566 -0.085757724940776825
vn 0.87036252021789551 -0.43312609195709229 -0.23424528539180756
vn 0.84213513135910034 -0.28344899415969849 -0.4587647020816803
vn 0.87926614284515381 -0.29569730162620544 -0.37343558669090271
vn 0.80108511447906494 -0.25776848196983337 -0.54020190238952637
vn 0.84213513135910034 -0.28344899415969849 -0.4587647020816803
vn 0.80108511447906494 -0.25776848196983337 -0.54020190238952637
vn 0.80108511447906494 -0.25776848196983337 -0.54020190238952637
vn 0.77482187747955322 -0.08396611362695694 -0.62657856941223145
vn 0.81140220165252686 -0.11027530580759048 -0.57399111986160278
vn 0.75229501724243164 -0.062354043126106262 -0.65586906671524048
vn 0.77482187747955322 -0.08396611362695694 -0.62657856941223145
vn 0.74691587686538696 -0.009815538302063942 -0.66484606266021729
vn 0.75229501724243164 -0.062354043126106262 -0.65586906671524048
vn 0.75619047880172729 -0.042332656681537628 -0.6529807448387146
vn 0.74691587686538696 -0.009815538302063942 -0.66484606266021729
vn 0.75619047880172729 -0.042332656681537628 -0.6529807448387146
vn 0.95611345767974854 -0.12404558062553406 0.26544257998466492
vn 0.90561604499816895 -0.40937250852584839 0.11078685522079468
vn 0.29228785634040833 -0.01809932105243206 0.95615911483764648
vn 0.29228785634040833 -0.01809932105243206 0.95615911483764648
vn 0.34127229452133179 -0.047821473330259323 0.93874722719192505
vn 0.78629118204116821 -0.58855760097503662 0.18800581991672516
vn 0.78629118204116821 -0.58855760097503662 0.18800581991672516
vn 0.90561604499816895 -0.40937250852584839 0.11078685522079468
vn 0.79251998662948608 0.093255415558815002 -0.60267364978790283
vn 0.81328386068344116 0.081837967038154602 -0.57608324289321899
vn 0.75619047880172729 -0.042332656681537628 -0.6529807448387146
vn 0.76361531019210815 0.092419900000095367 -0.6390228271484375
vn 0.81328386068344116 0.081837967038154602 -0.57608324289321899
vn 0.79251998662948608 0.093255415558815002 -0.60267364978790283
vn 0.43797972798347473 -0.063495784997940063 0.896739661693573
vn 0.43797972798347473 -0.063495784997940063 0.896739661693573
vn 0.86971485614776611 -0.084284305572509766 0.4863046407699585
vn 0.82720094919204712 -0.32104793190956116 0.46115809679031372
vn 0.80892181396484375 0.26043987274169922 -0.52708309888839722
vn 0.89336460828781128 0.34911158680915833 -0.28287935256958008
vn 0.85124295949935913 0.34698846936225891 -0.39368060231208801
vn 0.89336460828781128 0.34911158680915833 -0.28287935256958008
vn 0.99170809984207153 0.12665534019470215 -0.021760132163763046
vn 0.80892181396484375 0.26043987274169922 -0.52708309888839722
vn 0.81367748975753784 0.082444526255130768 -0.57544058561325073
vn 0.95471292734146118 -0.11299533396959305 0.27523678541183472
vn 0.99170809984207153 0.12665534019470215 -0.021760132163763046
vn 0.86824315786361694 0 0.49613893032073975
vn 0.47213578224182129 0.36819407343864441 -0.80095005035400391
vn 0.45343324542045593 0.33506470918655396 -0.82591158151626587
vn 0.67262035608291626 -0.27122050523757935 0.6884920597076416
vn 0.75251865386962891 -0.4133988618850708 0.5126568078994751
vn 0.8305816650390625 -0.46270191669464111 0.30990490317344666
vn 0.75251865386962891 -0.4133988618850708 0.5126568078994751
vn 0.90590161085128784 -0.41458317637443542 0.086389362812042236
vn 0.8305816650390625 -0.46270191669464111 0.30990490317344666
vn 0.87926614284515381 -0.29569730162620544 -0.37343558669090271
vn 0.87036252021789551 -0.43312609195709229 -0.23424528539180756
vn 0.75229501724243164 -0.062354043126106262 -0.65586906671524048
vn 0.76361531019210815 0.092419900000095367 -0.6390228271484375
vn 0.47213578224182129 0.36819407343864441 -0.80095005035400391
vn 0.082668446004390717 0.58314484357833862 0.8081510066986084
vn 0.025501692667603493 0.71659928560256958 0.69701874256134033
vn 0.082668446004390717 0.58314484357833862 0.8081510066986084
vn -0.13443595170974731 0.75593346357345581 0.64069610834121704
vn 0.025501692667603493 0.71659928560256958 0.69701874256134033
vn 0.025501692667603493 0.71659928560256958 0.69701874256134033
vn 0.019561970606446266 0.42067140340805054 0.90700215101242065
vn 0.11311551928520203 0.42692285776138306 0.89718544483184814
vn 0.11949609965085983 0.34677228331565857 0.93030619621276855
vn 0.10187556594610214 0.54025506973266602 0.83531183004379272
vn 0.11311551928520203 0.42692285776138306 0.89718544483184814
vn 0.04573386162519455 0.71935325860977173 0.69313728809356689
vn 0.10187556594610214 0.54025506973266602 0.83531183004379272
vn -0.032368674874305725 0.93415153026580811 0.35540574789047241
vn -0.035581182688474655 0.75479787588119507 0.6549917459487915
vn 0.04573386162519455 0.71935325860977173 0.69313728809356689
vn -0.069378532469272614 0.99735438823699951 -0.021699914708733559
vn -0.032368674874305725 0.93415153026580811 0.35540574789047241
vn -0.095779992640018463 0.93073314428329468 -0.35293343663215637
vn -0.069378532469272614 0.99735438823699951 -0.021699914708733559
vn -0.095779992640018463 0.93073314428329468 -0.35293343663215637
vn -0.095368534326553345 0.85811585187911987 -0.50452154874801636
vn -0.13004690408706665 0.7546115517616272 -0.64315569400787354
vn -0.095368534326553345 0.85811585187911987 -0.50452154874801636
vn -0.13004690408706665 0.7546115517616272 -0.64315569400787354
vn -0.078626438975334167 0.72887974977493286 -0.68011188507080078
vn -0.078626438975334167 0.72887974977493286 -0.68011188507080078
vn -0.12842170894145966 0.7328789234161377 -0.66812896728515625
vn -0.1730092465877533 0.72025096416473389 -0.67179334163665771
vn -0.052067205309867859 0.76816213130950928 -0.63813471794128418
vn -0.078626438975334167 0.72887974977493286 -0.68011188507080078
vn -0.031386334449052811 0.80829709768295288 -0.58793771266937256
vn -0.052067205309867859 0.76816213130950928 -0.63813471794128418
vn -0.042566966265439987 0.83419585227966309 -0.54982304573059082
vn -0.031386334449052811 0.80829709768295288 -0.58793771266937256
vn -0.021460946649312973 0.86545932292938232 -0.50051933526992798
vn -0.042566966265439987 0.83419585227966309 -0.54982304573059082
vn -0.023544851690530777 0.8935355544090271 -0.44837462902069092
vn -0.021460946649312973 0.86545932292938232 -0.50051933526992798
vn -0.028661970049142838 0.91990160942077637 -0.39110040664672852
vn -0.023544851690530777 0.8935355544090271 -0.44837462902069092
vn 0.02697465568780899 0.94818103313446045 -0.31658339500427246
vn 0.02697465568780899 0.94818103313446045 -0.31658339500427246
vn -0.033299665898084641 0.94592577219009399 -0.32266947627067566
vn -0.028661970049142838 0.91990160942077637 -0.39110040664672852
vn 0.031620629131793976 0.9735216498374939 -0.22639741003513336
vn 0.02697465568780899 0.94818103313446045 -0.31658339500427246
vn -0.018402967602014542 0.99420642852783203 -0.10590033233165741
vn 0.031620629131793976 0.9735216498374939 -0.22639741003513336
vn 0.012758229859173298 0.9965590238571167 0.081898175179958344
vn 0.012758229859173298 0.9965590238571167 0.081898175179958344
vn -0.018402967602014542 0.99420642852783203 -0.10590033233165741
vn 0.012758229859173298 0.9965590238571167 0.081898175179958344
vn -0.099477782845497131 0.9575924277305603 0.27040883898735046
vn 0.11949609965085983 0.34677228331565857 0.93030619621276855
vn 0.10486329346895218 0.29391440749168396 0.950062096118927
vn 0.11949609965085983 0.34677228331565857 0.93030619621276855
vn -0.44702178239822388 0.69310754537582397 0.56548517942428589
vn -0.33549010753631592 0.83917373418807983 0.42805823683738708
vn 0 0.81373345851898193 0.58123821020126343
vn -0.050896003842353821 0.8125649094581604 0.58064436912536621
vn 0 0.81373345851898193 0.58123821020126343
vn -0.16063915193080902 0.800179123878479 0.57784813642501831
vn -0.050896003842353821 0.8125649094581604 0.58064436912536621
vn -0.044561684131622314 0.60911351442337036 -0.79183018207550049
vn -0.025862937793135643 0.62273609638214111 -0.78200441598892212
vn 0.019561970606446266 0.42067140340805054 0.90700215101242065
vn 0.082668446004390717 0.58314484357833862 0.8081510066986084
vn -0.032368674874305725 0.93415153026580811 0.35540574789047241
vn -0.035581182688474655 0.75479787588119507 0.6549917459487915
vn 0.04573386162519455 0.71935325860977173 0.69313728809356689
vn -0.069378532469272614 0.99735438823699951 -0.021699914708733559
vn -0.1730092465877533 0.72025096416473389 -0.67179334163665771
vn -0.13004690408706665 0.7546115517616272 -0.64315569400787354
vn -0.099477782845497131 0.9575924277305603 0.27040883898735046
vn 0.012758229859173298 0.9965590238571167 0.081898175179958344
vn -0.33549010753631592 0.83917373418807983 0.42805823683738708
vn -0.099477782845497131 0.9575924277305603 0.27040883898735046
f 3/3/3 35/35/35 1/1/1 2/2/2
f 4/4/4 5/5/5 2/2/2
f 5/5/5 4/4/4 6/6/6 7/7/7
f 7/7/7 6/6/6 8/8/8 9/9/9
f 10/10/10 9/9/9 8/8/8
f 11/11/11 12/12/12 13/13/13
f 15/15/15 13/13/13 12/12/12 14/14/14
f 17/17/17 15/15/15 14/14/14 16/16/16
f 18/18/18 19/19/19 16/16/16
f 21/21/21 19/19/19 18/18/18 20/20/20
f 23/23/23 21/21/21 20/20/20 22/22/22
f 1656/1656/1656 23/23/23 22/22/22 1657/1657/1657
f 27/27/27 25/25/25 24/24/24 26/26/26
f 1467/1467/1467 27/27/27 26/26/26 28/28/28
f 1468/1468/1468 1469/1469/1469 28/28/28 1470/1470/1470
f 1563/1563/1563 31/31/31 30/30/30 1564/1564/1564
f 35/35/35 67/67/67 34/34/34 1/1/1
f 1/1/1 34/34/34 36/36/36 4/4/4
f 4/4/4 36/36/36 37/37/37 6/6/6
f 6/6/6 37/37/37 38/38/38 8/8/8
f 39/39/39 10/10/10 8/8/8
f 40/40/40 42/42/42 10/10/10 39/39/39
f 40/40/40 41/41/41 42/42/42
f 44/44/44 42/42/42 41/41/41 43/43/43
f 43/43/43 45/45/45 46/46/46
f 46/46/46 44/44/44 43/43/43
f 47/47/47 50/50/50 48/48/48 45/45/45
f 48/48/48 46/46/46 45/45/45
f 47/47/47 49/49/49 50/50/50
f 49/49/49 51/51/51 50/50/50
f 52/52/52 54/54/54 51/51/51 49/49/49
f 53/53/53 11/11/11 54/54/54 52/52/52
f 56/56/56 14/14/14 12/12/12 55/55/55
f 11/11/11 53/53/53 55/55/55
f 12/12/12 11/11/11 55/55/55
f 57/57/57 16/16/16 14/14/14 56/56/56
f 58/58/58 18/18/18 16/16/16 57/57/57
f 59/59/59 20/20/20 18/18/18 58/58/58
f 60/60/60 22/22/22 20/20/20 59/59/59
f 61/61/61 1658/1658/1658 22/22/22 60/60/60
f 1659/1659/1659 1660/1660/1660 1661/1661/1661 61/61/61
f 26/26/26 62/62/62 63/63/63
f 28/28/28 26/26/26 63/63/63
f 64/64/64 1471/1471/1471 28/28/28 63/63/63
f 65/65/65 1565/1565/1565 1566/1566/1566
f 1472/1472/1472 1473/1473/1473 1474/1474/1474 64/64/64
f 69/69/69 34/34/34 67/67/67 68/68/68
f 34/34/34 69/69/69 70/70/70
f 36/36/36 34/34/34 70/70/70
f 37/37/37 36/36/36 71/71/71 72/72/72
f 36/36/36 70/70/70 71/71/71
f 38/38/38 37/37/37 72/72/72 73/73/73
f 39/39/39 38/38/38 73/73/73 74/74/74
f 74/74/74 75/75/75 40/40/40
f 74/74/74 40/40/40 39/39/39
f 75/75/75 41/41/41 40/40/40
f 76/76/76 43/43/43 41/41/41
f 47/47/47 45/45/45 77/77/77
f 56/56/56 55/55/55 53/53/53 78/78/78
f 79/79/79 80/80/80 57/57/57 78/78/78
f 57/57/57 56/56/56 78/78/78
f 81/81/81 58/58/58 80/80/80
f 60/60/60 59/59/59 81/81/81 82/82/82
f 61/61/61 60/60/60 82/82/82 83/83/83
f 1662/1662/1662 61/61/61 83/83/83 1663/1663/1663
f 85/85/85 63/63/63 62/62/62
f 64/64/64 63/63/63 85/85/85 86/86/86
f 87/87/87 1567/1567/1567 65/65/65
f 1475/1475/1475 64/64/64 86/86/86 1476/1476/1476
f 88/88/88 69/69/69 68/68/68
f 89/89/89 70/70/70 69/69/69
f 90/90/90 72/72/72 71/71/71
f 91/91/91 73/73/73 72/72/72
f 92/92/92 75/75/75 74/74/74
f 93/93/93 76/76/76 75/75/75
f 79/79/79 94/94/94 95/95/95
f 95/95/95 80/80/80 79/79/79
f 96/96/96 95/95/95 94/94/94
f 96/96/96 81/81/81 95/95/95
f 82/82/82 81/81/81 96/96/96 97/97/97
f 1664/1664/1664 83/83/83 97/97/97
f 99/99/99 85/85/85 84/84/84
f 100/100/100 99/99/99 98/98/98
f 99/99/99 100/100/100 101/101/101 1477/1477/1477
f 99/99/99 86/86/86 85/85/85
f 1478/1478/1478 1479/1479/1479 86/86/86
f 87/87/87 102/102/102 1644/1644/1644 104/104/104
f 105/105/105 106/106/106 107/107/107
f 108/108/108 89/89/89 106/106/106
f 109/109/109 90/90/90 108/108/108
f 110/110/110 91/91/91 90/90/90
f 91/91/91 110/110/110 111/111/111 92/92/92
f 112/112/112 93/93/93 92/92/92
f 113/113/113 112/112/112 111/111/111
f 112/112/112 135/135/135 114/114/114 93/93/93
f 115/115/115 96/96/96 94/94/94
f 94/94/94 116/116/116 115/115/115
f 118/118/118 115/115/115 116/116/116 117/117/117
f 118/118/118 119/119/119 115/115/115
f 120/120/120 121/121/121 119/119/119
f 119/119/119 97/97/97 96/96/96
f 121/121/121 1665/1665/1665 97/97/97
f 122/122/122 1666/1666/1666 121/121/121
f 124/124/124 100/100/100 123/123/123
f 100/100/100 124/124/124 125/125/125 101/101/101
f 101/101/101 125/125/125 1480/1480/1480 1481/1481/1481
f 1482/1482/1482 1483/1483/1483 101/101/101
f 128/128/128 105/105/105 129/129/129
f 130/130/130 108/108/108 105/105/105
f 131/131/131 109/109/109 130/130/130
f 132/132/132 110/110/110 109/109/109
f 110/110/110 132/132/132 133/133/133 111/111/111
f 133/133/133 134/134/134 113/113/113 111/111/111
f 134/134/134 135/135/135 113/113/113
f 136/136/136 120/120/120 118/118/118
f 137/137/137 122/122/122 120/120/120
f 122/122/122 154/154/154 1667/1667/1667 1668/1668/1668
f 139/139/139 125/125/125 124/124/124
f 140/140/140 1484/1484/1484 125/125/125
f 141/141/141 142/142/142 128/128/128
f 130/130/130 128/128/128 142/142/142
f 142/142/142 143/143/143 130/130/130
f 131/131/131 130/130/130 143/143/143
f 143/143/143 144/144/144 131/131/131
f 131/131/131 144/144/144 145/145/145 132/132/132
f 145/145/145 146/146/146 132/132/132
f 146/146/146 147/147/147 133/133/133 132/132/132
f 133/133/133 147/147/147 148/148/148 134/134/134
f 149/149/149 459/459/459 134/134/134 148/148/148
f 151/151/151 152/152/152 136/136/136 150/150/150
f 152/152/152 153/153/153 137/137/137 136/136/136
f 153/153/153 155/155/155 154/154/154 137/137/137
f 155/155/155 1669/1669/1669 1670/1670/1670 154/154/154
f 156/156/156 157/157/157 139/139/139 138/138/138
f 157/157/157 158/158/158 140/140/140 139/139/139
f 142/142/142 141/141/141 160/160/160 159/159/159
f 143/143/143 142/142/142 159/159/159 161/161/161
f 144/144/144 143/143/143 161/161/161 162/162/162
f 145/145/145 144/144/144 162/162/162 163/163/163
f 146/146/146 145/145/145 163/163/163 164/164/164
f 147/147/147 146/146/146 164/164/164 165/165/165
f 147/147/147 165/165/165 166/166/166 148/148/148
f 168/168/168 185/185/185 169/169/169 167/167/167
f 170/170/170 152/152/152 151/151/151 169/169/169
f 152/152/152 170/170/170 171/171/171 153/153/153
f 153/153/153 171/171/171 172/172/172 155/155/155
f 173/173/173 1671/1671/1671 155/155/155
f 174/174/174 157/157/157 156/156/156
f 175/175/175 158/158/158 157/157/157
f 159/159/159 160/160/160 177/177/177 176/176/176
f 161/161/161 159/159/159 176/176/176 178/178/178
f 162/162/162 161/161/161 178/178/178 179/179/179
f 163/163/163 162/162/162 179/179/179 180/180/180
f 164/164/164 163/163/163 180/180/180 181/181/181
f 165/165/165 164/164/164 181/181/181 182/182/182
f 166/166/166 165/165/165 182/182/182 183/183/183
f 184/184/184 166/166/166 183/183/183
f 186/186/186 203/203/203 187/187/187 185/185/185
f 169/169/169 185/185/185 187/187/187
f 169/169/169 187/187/187 188/188/188 170/170/170
f 170/170/170 188/188/188 189/189/189 171/171/171
f 171/171/171 189/189/189 190/190/190 172/172/172
f 172/172/172 190/190/190 191/191/191 173/173/173
f 173/173/173 191/191/191 1672/1672/1672 1673/1673/1673
f 193/193/193 175/175/175 174/174/174
f 176/176/176 177/177/177 195/195/195 194/194/194
f 178/178/178 176/176/176 194/194/194 196/196/196
f 179/179/179 178/178/178 196/196/196 197/197/197
f 180/180/180 179/179/179 197/197/197 198/198/198
f 181/181/181 180/180/180 198/198/198 199/199/199
f 182/182/182 181/181/181 199/199/199 200/200/200
f 201/201/201 183/183/183 200/200/200
f 201/201/201 217/217/217 202/202/202 184/184/184
f 187/187/187 203/203/203 204/204/204 188/188/188
f 188/188/188 204/204/204 205/205/205 189/189/189
f 189/189/189 205/205/205 206/206/206 190/190/190
f 190/190/190 206/206/206 207/207/207 191/191/191
f 191/191/191 207/207/207 1674/1674/1674 1675/1675/1675
f 192/192/192 208/208/208 209/209/209 193/193/193
f 194/194/194 195/195/195 211/211/211 210/210/210
f 196/196/196 194/194/194 210/210/210 212/212/212
f 197/197/197 196/196/196 212/212/212 213/213/213
f 198/198/198 197/197/197 213/213/213 214/214/214
f 199/199/199 198/198/198 214/214/214 215/215/215
f 216/216/216 200/200/200 215/215/215
f 216/216/216 235/235/235 217/217/217 201/201/201
f 217/217/217 236/236/236 218/218/218 202/202/202
f 219/219/219 220/220/220 221/221/221
f 186/186/186 221/221/221 222/222/222 203/203/203
f 203/203/203 222/222/222 223/223/223 204/204/204
f 204/204/204 223/223/223 224/224/224 205/205/205
f 205/205/205 224/224/224 225/225/225 206/206/206
f 206/206/206 225/225/225 226/226/226 207/207/207
f 207/207/207 226/226/226 227/227/227 1676/1676/1676
f 1677/1677/1677 227/227/227 1678/1678/1678 1679/1679/1679
f 210/210/210 211/211/211 230/230/230 229/229/229
f 212/212/212 210/210/210 229/229/229 231/231/231
f 213/213/213 212/212/212 231/231/231 232/232/232
f 214/214/214 213/213/213 232/232/232 233/233/233
f 215/215/215 214/214/214 233/233/233 234/234/234
f 234/234/234 251/251/251 235/235/235 216/216/216
f 235/235/235 252/252/252 236/236/236 217/217/217
f 236/236/236 253/253/253 237/237/237 218/218/218
f 238/238/238 221/221/221 220/220/220
f 221/221/221 238/238/238 239/239/239 222/222/222
f 222/222/222 239/239/239 240/240/240 223/223/223
f 223/223/223 240/240/240 241/241/241 224/224/224
f 224/224/224 241/241/241 242/242/242 225/225/225
f 225/225/225 242/242/242 243/243/243 226/226/226
f 226/226/226 243/243/243 244/244/244 227/227/227
f 1680/1680/1680 1681/1681/1681 227/227/227
f 246/246/246 229/229/229 247/247/247
f 248/248/248 231/231/231 246/246/246
f 249/249/249 232/232/232 248/248/248
f 250/250/250 233/233/233 249/249/249
f 251/251/251 234/234/234 250/250/250
f 252/252/252 235/235/235 251/251/251
f 252/252/252 270/270/270 253/253/253 236/236/236
f 253/253/253 271/271/271 254/254/254 237/237/237
f 255/255/255 256/256/256 254/254/254
f 258/258/258 277/277/277 259/259/259 257/257/257
f 259/259/259 260/260/260 257/257/257
f 261/261/261 238/238/238 220/220/220 257/257/257
f 260/260/260 261/261/261 257/257/257
f 1682/1682/1682 1683/1683/1683 244/244/244
f 263/263/263 246/246/246 264/264/264
f 265/265/265 248/248/248 263/263/263
f 266/266/266 249/249/249 265/265/265
f 267/267/267 250/250/250 266/266/266
f 268/268/268 269/269/269 251/251/251 267/267/267
f 270/270/270 252/252/252 269/269/269
f 271/271/271 253/253/253 270/270/270
f 272/272/272 254/254/254 271/271/271
f 255/255/255 254/254/254 272/272/272 273/273/273
f 274/274/274 277/277/277 275/275/275 273/273/273
f 276/276/276 277/277/277 274/274/274
f 278/278/278 260/260/260 259/259/259 276/276/276
f 279/279/279 280/280/280 238/238/238 261/261/261
f 280/280/280 239/239/239 238/238/238
f 239/239/239 280/280/280 281/281/281 240/240/240
f 240/240/240 281/281/281 282/282/282 241/241/241
f 241/241/241 282/282/282 283/283/283 242/242/242
f 242/242/242 283/283/283 284/284/284 243/243/243
f 243/243/243 284/284/284 285/285/285 244/244/244
f 244/244/244 285/285/285 1684/1684/1684 1685/1685/1685
f 287/287/287 263/263/263 288/288/288
f 289/289/289 265/265/265 287/287/287
f 290/290/290 266/266/266 289/289/289
f 291/291/291 268/268/268 267/267/267 290/290/290
f 292/292/292 270/270/270 269/269/269 268/268/268
f 293/293/293 270/270/270 292/292/292
f 294/294/294 271/271/271 293/293/293
f 295/295/295 272/272/272 294/294/294
f 273/273/273 272/272/272 295/295/295 296/296/296
f 274/274/274 273/273/273 296/296/296 297/297/297
f 298/298/298 260/260/260 278/278/278
f 261/261/261 260/260/260 298/298/298 299/299/299
f 300/300/300 280/280/280 279/279/279
f 301/301/301 281/281/281 280/280/280
f 281/281/281 301/301/301 302/302/302 282/282/282
f 282/282/282 302/302/302 303/303/303 283/283/283
f 283/283/283 303/303/303 304/304/304 284/284/284
f 284/284/284 304/304/304 305/305/305 285/285/285
f 285/285/285 305/305/305 306/306/306 1686/1686/1686
f 307/307/307 287/287/287 308/308/308
f 309/309/309 292/292/292 268/268/268 291/291/291
f 310/310/310 293/293/293 292/292/292 309/309/309
f 311/311/311 293/293/293 310/310/310
f 294/294/294 293/293/293 311/311/311 312/312/312
f 295/295/295 294/294/294 312/312/312 313/313/313
f 296/296/296 295/295/295 313/313/313 314/314/314
f 297/297/297 296/296/296 314/314/314 315/315/315
f 276/276/276 297/297/297 315/315/315 316/316/316
f 317/317/317 278/278/278 316/316/316
f 318/318/318 298/298/298 317/317/317
f 319/319/319 279/279/279 299/299/299
f 320/320/320 301/301/301 300/300/300
f 321/321/321 302/302/302 301/301/301
f 302/302/302 321/321/321 322/322/322 303/303/303
f 303/303/303 322/322/322 323/323/323 304/304/304
f 304/304/304 323/323/323 324/324/324 305/305/305
f 305/305/305 324/324/324 325/325/325 306/306/306
f 326/326/326 307/307/307 327/327/327
f 328/328/328 289/289/289 326/326/326
f 329/329/329 291/291/291 290/290/290 328/328/328
f 330/330/330 291/291/291 329/329/329
f 331/331/331 310/310/310 309/309/309 330/330/330
f 332/332/332 311/311/311 310/310/310
f 333/333/333 312/312/312 332/332/332
f 313/313/313 312/312/312 333/333/333 334/334/334
f 314/314/314 313/313/313 334/334/334 335/335/335
f 315/315/315 314/314/314 335/335/335 336/336/336
f 316/316/316 315/315/315 336/336/336 337/337/337
f 317/317/317 316/316/316 337/337/337 338/338/338
f 318/318/318 317/317/317 338/338/338 339/339/339
f 318/318/318 339/339/339 340/340/340 319/319/319
f 341/341/341 300/300/300 319/319/319
f 342/342/342 321/321/321 320/320/320
f 343/343/343 322/322/322 321/321/321
f 322/322/322 343/343/343 344/344/344 323/323/323
f 323/323/323 344/344/344 345/345/345 324/324/324
f 324/324/324 345/345/345 346/346/346 325/325/325
f 347/347/347 326/326/326 348/348/348
f 349/349/349 328/328/328 347/347/347
f 350/350/350 329/329/329 349/349/349
f 351/351/351 330/330/330 350/350/350
f 352/352/352 310/310/310 331/331/331
f 353/353/353 332/332/332 352/352/352
f 354/354/354 333/333/333 353/353/353
f 355/355/355 333/333/333 354/354/354
f 356/356/356 334/334/334 355/355/355
f 335/335/335 334/334/334 356/356/356 357/357/357
f 358/358/358 336/336/336 357/357/357
f 337/337/337 336/336/336 358/358/358 359/359/359
f 338/338/338 337/337/337 359/359/359 360/360/360
f 361/361/361 340/340/340 339/339/339
f 340/340/340 361/361/361 362/362/362 341/341/341
f 363/363/363 320/320/320 341/341/341
f 364/364/364 343/343/343 342/342/342
f 365/365/365 344/344/344 343/343/343
f 344/344/344 365/365/365 366/366/366 345/345/345
f 345/345/345 366/366/366 367/367/367 346/346/346
f 368/368/368 347/347/347 369/369/369
f 370/370/370 349/349/349 368/368/368
f 371/371/371 350/350/350 370/370/370
f 372/372/372 331/331/331 351/351/351
f 373/373/373 352/352/352 372/372/372
f 374/374/374 353/353/353 373/373/373
f 375/375/375 354/354/354 374/374/374
f 376/376/376 355/355/355 375/375/375
f 377/377/377 355/355/355 376/376/376
f 378/378/378 356/356/356 377/377/377
f 357/357/357 356/356/356 378/378/378 379/379/379
f 380/380/380 358/358/358 379/379/379
f 359/359/359 358/358/358 380/380/380 381/381/381
f 382/382/382 360/360/360 381/381/381
f 383/383/383 362/362/362 361/361/361
f 362/362/362 383/383/383 384/384/384 363/363/363
f 385/385/385 342/342/342 363/363/363
f 386/386/386 365/365/365 364/364/364
f 365/365/365 386/386/386 387/387/387 366/366/366
f 366/366/366 387/387/387 388/388/388 367/367/367
f 389/389/389 368/368/368 390/390/390
f 391/391/391 370/370/370 389/389/389
f 392/392/392 351/351/351 371/371/371
f 393/393/393 372/372/372 392/392/392
f 394/394/394 373/373/373 393/393/393
f 395/395/395 374/374/374 394/394/394
f 396/396/396 375/375/375 395/395/395
f 397/397/397 377/377/377 376/376/376
f 398/398/398 378/378/378 397/397/397
f 399/399/399 379/379/379 398/398/398
f 400/400/400 381/381/381 380/380/380 399/399/399
f 401/401/401 381/381/381 400/400/400
f 402/402/402 382/382/382 401/401/401
f 383/383/383 382/382/382 402/402/402 403/403/403
f 384/384/384 403/403/403 404/404/404 385/385/385
f 405/405/405 364/364/364 385/385/385
f 364/364/364 405/405/405 406/406/406 386/386/386
f 386/386/386 406/406/406 407/407/407 387/387/387
f 387/387/387 407/407/407 408/408/408 388/388/388
f 409/409/409 391/391/391 410/410/410
f 393/393/393 392/392/392 409/409/409
f 411/411/411 394/394/394 393/393/393
f 412/412/412 376/376/376 396/396/396
f 413/413/413 398/398/398 412/412/412
f 414/414/414 400/400/400 399/399/399 413/413/413
f 415/415/415 401/401/401 400/400/400 414/414/414
f 416/416/416 401/401/401 415/415/415
f 417/417/417 402/402/402 416/416/416
f 418/418/418 403/403/403 417/417/417
f 405/405/405 404/404/404 418/418/418 419/419/419
f 407/407/407 406/406/406 419/419/419 420/420/420
f 421/421/421 409/409/409 422/422/422
f 411/411/411 393/393/393 421/421/421
f 423/423/423 395/395/395 411/411/411
f 424/424/424 396/396/396 423/423/423
f 425/425/425 412/412/412 424/424/424
f 426/426/426 413/413/413 425/425/425
f 427/427/427 415/415/415 414/414/414 426/426/426
f 428/428/428 415/415/415 427/427/427
f 429/429/429 416/416/416 428/428/428
f 430/430/430 417/417/417 429/429/429
f 431/431/431 418/418/418 430/430/430
f 419/419/419 418/418/418 431/431/431
f 419/419/419 431/431/431 432/432/432
f 420/420/420 419/419/419 432/432/432
f 433/433/433 422/422/422 434/434/434
f 421/421/421 422/422/422 433/433/433
f 411/411/411 421/421/421 433/433/433
f 423/423/423 411/411/411 433/433/433
f 423/423/423 433/433/433 435/435/435
f 424/424/424 423/423/423 435/435/435
f 436/436/436 425/425/425 424/424/424 435/435/435
f 437/437/437 427/427/427 436/436/436
f 438/438/438 429/429/429 428/428/428 437/437/437
f 430/430/430 429/429/429 438/438/438
f 438/438/438 439/439/439 430/430/430
f 440/440/440 431/431/431 430/430/430
f 439/439/439 440/440/440 430/430/430
f 1485/1485/1485 440/440/440 439/439/439
f 1486/1486/1486 432/432/432 440/440/440
f 1687/1687/1687 442/442/442 1688/1688/1688
f 3/3/3 2/2/2 5/5/5
f 445/445/445 3/3/3 446/446/446 444/444/444
f 447/447/447 3/3/3 445/445/445
f 9/9/9 10/10/10 448/448/448
f 449/449/449 450/450/450 35/35/35 447/447/447
f 447/447/447 35/35/35 3/3/3
f 451/451/451 68/68/68 67/67/67
f 450/450/450 451/451/451 67/67/67
f 35/35/35 450/450/450 67/67/67
f 452/452/452 448/448/448 42/42/42 44/44/44
f 10/10/10 42/42/42 448/448/448
f 44/44/44 46/46/46 452/452/452
f 46/46/46 48/48/48 453/453/453 452/452/452
f 454/454/454 453/453/453 48/48/48 50/50/50
f 455/455/455 454/454/454 50/50/50
f 51/51/51 54/54/54 456/456/456 455/455/455
f 47/47/47 457/457/457 49/49/49
f 458/458/458 107/107/107 106/106/106
f 458/458/458 106/106/106 88/88/88
f 129/129/129 464/464/464 141/141/141 128/128/128
f 460/460/460 77/77/77 76/76/76
f 47/47/47 77/77/77 461/461/461
f 93/93/93 462/462/462 460/460/460
f 77/77/77 460/460/460 463/463/463
f 135/135/135 134/134/134 459/459/459
f 462/462/462 93/93/93 114/114/114
f 465/465/465 456/456/456 54/54/54 11/11/11
f 465/465/465 13/13/13 15/15/15
f 465/465/465 11/11/11 13/13/13
f 53/53/53 466/466/466 78/78/78
f 17/17/17 19/19/19 467/467/467
f 19/19/19 21/21/21 467/467/467
f 469/469/469 470/470/470 1568/1568/1568 468/468/468
f 23/23/23 1689/1689/1689 467/467/467
f 473/473/473 25/25/25 27/27/27 1487/1487/1487
f 471/471/471 25/25/25 473/473/473
f 472/472/472 27/27/27 1488/1488/1488 1489/1489/1489
f 31/31/31 470/470/470 474/474/474
f 467/467/467 21/21/21 23/23/23
f 1690/1690/1690 23/23/23 1691/1691/1691
f 470/470/470 31/31/31 1569/1569/1569
f 33/33/33 32/32/32 475/475/475
f 66/66/66 476/476/476 32/32/32
f 474/474/474 29/29/29 31/31/31
f 94/94/94 79/79/79 477/477/477
f 478/478/478 477/477/477 79/79/79
f 94/94/94 477/477/477 116/116/116
f 103/103/103 127/127/127 479/479/479
f 150/150/150 118/118/118 480/480/480
f 151/151/151 150/150/150 480/480/480 481/481/481
f 482/482/482 126/126/126 140/140/140 1490/1490/1490
f 140/140/140 158/158/158 1491/1491/1491
f 148/148/148 166/166/166 484/484/484 149/149/149
f 160/160/160 141/141/141 485/485/485
f 486/486/486 484/484/484 166/166/166 184/184/184
f 195/195/195 177/177/177 487/487/487 488/488/488
f 177/177/177 485/485/485 487/487/487
f 211/211/211 195/195/195 488/488/488 489/489/489
f 230/230/230 211/211/211 489/489/489
f 490/490/490 247/247/247 230/230/230
f 490/490/490 230/230/230 489/489/489
f 485/485/485 177/177/177 160/160/160
f 184/184/184 202/202/202 491/491/491 486/486/486
f 492/492/492 491/491/491 202/202/202
f 492/492/492 493/493/493 494/494/494
f 218/218/218 237/237/237 493/493/493 492/492/492
f 255/255/255 275/275/275 256/256/256
f 237/237/237 254/254/254 256/256/256 493/493/493
f 277/277/277 495/495/495 496/496/496
f 264/264/264 247/247/247 497/497/497
f 264/264/264 497/497/497 498/498/498
f 308/308/308 499/499/499 500/500/500
f 288/288/288 498/498/498 499/499/499
f 288/288/288 264/264/264 498/498/498
f 327/327/327 308/308/308 500/500/500
f 348/348/348 327/327/327 501/501/501
f 410/410/410 390/390/390 502/502/502
f 369/369/369 503/503/503 390/390/390
f 504/504/504 434/434/434 505/505/505
f 433/433/433 434/434/434 506/506/506
f 507/507/507 506/506/506 434/434/434
f 507/507/507 508/508/508 506/506/506
f 507/507/507 434/434/434 504/504/504
f 509/509/509 433/433/433 506/506/506
f 496/496/496 275/275/275 277/277/277
f 436/436/436 510/510/510 437/437/437
f 433/433/433 509/509/509 435/435/435
f 509/509/509 506/506/506 508/508/508
f 511/511/511 435/435/435 509/509/509
f 436/436/436 435/435/435 511/511/511
f 510/510/510 512/512/512 437/437/437
f 436/436/436 511/511/511 510/510/510
f 438/438/438 437/437/437 512/512/512
f 497/497/497 247/247/247 490/490/490
f 513/513/513 186/186/186 185/185/185 168/168/168
f 186/186/186 219/219/219 221/221/221
f 1492/1492/1492 483/483/483 158/158/158
f 169/169/169 481/481/481 515/515/515
f 175/175/175 516/516/516 514/514/514 158/158/158
f 169/169/169 151/151/151 481/481/481
f 193/193/193 517/517/517 516/516/516 175/175/175
f 209/209/209 228/228/228 518/518/518
f 209/209/209 518/518/518 519/519/519 517/517/517
f 193/193/193 209/209/209 517/517/517
f 520/520/520 258/258/258 257/257/257
f 521/521/521 1493/1493/1493 439/439/439 438/438/438
f 1494/1494/1494 1495/1495/1495 439/439/439
f 1692/1692/1692 523/523/523 522/522/522
f 1693/1693/1693 1694/1694/1694 523/523/523
f 524/524/524 525/525/525 441/441/441
f 521/521/521 438/438/438 512/512/512
f 526/526/526 518/518/518 245/245/245 262/262/262
f 306/306/306 325/325/325 1695/1695/1695
f 325/325/325 346/346/346 1696/1696/1696
f 1697/1697/1697 306/306/306 1698/1698/1698
f 346/346/346 367/367/367 530/530/530
f 1496/1496/1496 367/367/367 388/388/388
f 1699/1699/1699 1700/1700/1700 325/325/325
f 532/532/532 531/531/531 388/388/388 408/408/408
f 408/408/408 420/420/420 533/533/533
f 443/443/443 441/441/441 525/525/525
f 432/432/432 1497/1497/1497 1498/1498/1498
f 534/534/534 420/420/420 432/432/432
f 536/536/536 608/608/608 537/537/537 535/535/535
f 538/538/538 535/535/535 539/539/539
f 540/540/540 541/541/541 535/535/535
f 542/542/542 540/540/540 538/538/538
f 543/543/543 544/544/544 545/545/545
f 540/540/540 542/542/542 546/546/546 543/543/543
f 543/543/543 546/546/546 547/547/547 548/548/548
f 544/544/544 543/543/543 548/548/548 549/549/549
f 549/549/549 548/548/548 1728/1728/1728 1729/1729/1729
f 548/548/548 547/547/547 552/552/552 1730/1730/1730
f 553/553/553 554/554/554 550/550/550
f 554/554/554 555/555/555 551/551/551
f 556/556/556 558/558/558 555/555/555 554/554/554
f 556/556/556 553/553/553 557/557/557
f 554/554/554 553/553/553 556/556/556
f 559/559/559 560/560/560 558/558/558
f 556/556/556 557/557/557 561/561/561 559/559/559
f 560/560/560 559/559/559 562/562/562 563/563/563
f 559/559/559 561/561/561 564/564/564 562/562/562
f 564/564/564 565/565/565 562/562/562
f 565/565/565 566/566/566 563/563/563
f 565/565/565 567/567/567 568/568/568
f 566/566/566 569/569/569 570/570/570
f 566/566/566 571/571/571 569/569/569
f 571/571/571 566/566/566 568/568/568
f 569/569/569 571/571/571 572/572/572 573/573/573
f 574/574/574 572/572/572 571/571/571
f 572/572/572 574/574/574 575/575/575 576/576/576
f 576/576/576 577/577/577 573/573/573
f 577/577/577 578/578/578 579/579/579
f 578/578/578 577/577/577 576/576/576
f 576/576/576 580/580/580 578/578/578
f 581/581/581 579/579/579 578/578/578
f 582/582/582 581/581/581 578/578/578 580/580/580
f 583/583/583 584/584/584 581/581/581
f 585/585/585 583/583/583 581/581/581
f 586/586/586 583/583/583 585/585/585
f 588/588/588 584/584/584 583/583/583 587/587/587
f 587/587/587 583/583/583 586/586/586 589/589/589
f 591/591/591 588/588/588 587/587/587 590/590/590
f 590/590/590 587/587/587 589/589/589 592/592/592
f 594/594/594 591/591/591 590/590/590 593/593/593
f 593/593/593 590/590/590 592/592/592 595/595/595
f 597/597/597 594/594/594 593/593/593 596/596/596
f 596/596/596 593/593/593 595/595/595 598/598/598
f 600/600/600 597/597/597 596/596/596 599/599/599
f 599/599/599 596/596/596 598/598/598 601/601/601
f 1499/1499/1499 1500/1500/1500 599/599/599
f 1501/1501/1501 599/599/599 601/601/601 1701/1701/1701
f 605/605/605 606/606/606 602/602/602
f 1731/1731/1731 607/607/607 1732/1732/1732
f 537/537/537 608/608/608 609/609/609
f 610/610/610 539/539/539 537/537/537
f 537/537/537 609/609/609 610/610/610
f 611/611/611 539/539/539 610/610/610
f 1733/1733/1733 607/607/607 549/549/549
f 612/612/612 560/560/560 563/563/563
f 566/566/566 570/570/570 613/613/613 563/563/563
f 560/560/560 612/612/612 614/614/614 558/558/558
f 539/539/539 615/615/615 616/616/616
f 538/538/538 617/617/617 542/542/542
f 552/552/552 618/618/618 1734/1734/1734
f 553/553/553 1459/1459/1459 619/619/619 557/557/557
f 620/620/620 561/561/561 557/557/557
f 561/561/561 621/621/621 564/564/564
f 564/564/564 622/622/622 623/623/623
f 564/564/564 623/623/623 624/624/624 567/567/567
f 625/625/625 573/573/573 626/626/626
f 626/626/626 577/577/577 579/579/579
f 584/584/584 588/588/588 628/628/628 627/627/627
f 573/573/573 577/577/577 626/626/626
f 573/573/573 625/625/625 569/569/569
f 579/579/579 584/584/584 627/627/627
f 591/591/591 628/628/628 588/588/588
f 629/629/629 594/594/594 630/630/630
f 628/628/628 591/591/591 629/629/629
f 594/594/594 597/597/597 631/631/631 630/630/630
f 597/597/597 600/600/600 1502/1502/1502 631/631/631
f 632/632/632 600/600/600 1503/1503/1503
f 1570/1570/1570 635/635/635 606/606/606
f 603/603/603 606/606/606 635/635/635 633/633/633
f 594/594/594 629/629/629 591/591/591
f 634/634/634 606/606/606 1571/1571/1571
f 637/637/637 638/638/638 639/639/639
f 574/574/574 640/640/640 575/575/575
f 580/580/580 575/575/575 641/641/641
f 585/585/585 642/642/642 586/586/586
f 642/642/642 585/585/585 582/582/582
f 580/580/580 641/641/641 643/643/643 582/582/582
f 586/586/586 642/642/642 644/644/644
f 639/639/639 640/640/640 574/574/574
f 582/582/582 643/643/643 642/642/642
f 646/646/646 592/592/592 589/589/589 645/645/645
f 592/592/592 646/646/646 647/647/647 595/595/595
f 601/601/601 598/598/598 648/648/648 649/649/649
f 598/598/598 650/650/650 648/648/648
f 651/651/651 1504/1504/1504 1505/1505/1505 604/604/604
f 652/652/652 650/650/650 598/598/598 595/595/595
f 653/653/653 605/605/605 654/654/654
f 1702/1702/1702 601/601/601 649/649/649 655/655/655
f 656/656/656 1572/1572/1572 1573/1573/1573
f 657/657/657 656/656/656 659/659/659
f 660/660/660 661/661/661 662/662/662
f 663/663/663 664/664/664 665/665/665
f 666/666/666 1506/1506/1506 1507/1507/1507
f 1508/1508/1508 1509/1509/1509 666/666/666
f 660/660/660 662/662/662 670/670/670
f 664/664/664 661/661/661 671/671/671
f 663/663/663 672/672/672 673/673/673
f 674/674/674 673/673/673 675/675/675
f 1510/1510/1510 674/674/674 676/676/676
f 677/677/677 1703/1703/1703 679/679/679
f 675/675/675 673/673/673 672/672/672
f 664/664/664 671/671/671 665/665/665
f 665/665/665 672/672/672 663/663/663
f 680/680/680 676/676/676 674/674/674
f 666/666/666 668/668/668 676/676/676
f 680/680/680 674/674/674 675/675/675
f 1704/1704/1704 677/677/677 682/682/682 669/669/669
f 677/677/677 681/681/681 678/678/678
f 683/683/683 684/684/684 685/685/685
f 683/683/683 686/686/686 687/687/687
f 688/688/688 689/689/689 690/690/690
f 691/691/691 689/689/689 692/692/692
f 693/693/693 694/694/694 695/695/695
f 693/693/693 701/701/701 696/696/696 694/694/694
f 692/692/692 697/697/697 698/698/698
f 699/699/699 688/688/688 700/700/700
f 697/697/697 696/696/696 701/701/701
f 694/694/694 702/702/702 695/695/695
f 703/703/703 704/704/704 705/705/705
f 706/706/706 707/707/707 708/708/708
f 705/705/705 704/704/704 707/707/707
f 689/689/689 691/691/691 690/690/690
f 695/695/695 702/702/702 709/709/709
f 710/710/710 699/699/699 700/700/700
f 691/691/691 692/692/692 698/698/698
f 698/698/698 697/697/697 701/701/701
f 706/706/706 708/708/708 711/711/711
f 712/712/712 713/713/713 714/714/714
f 705/705/705 712/712/712 703/703/703
f 705/705/705 707/707/707 706/706/706
f 715/715/715 718/718/718 716/716/716 717/717/717
f 718/718/718 719/719/719 716/716/716
f 722/722/722 769/769/769 720/720/720 721/721/721
f 721/721/721 720/720/720 723/723/723 724/724/724
f 724/724/724 723/723/723 725/725/725 726/726/726
f 726/726/726 725/725/725 727/727/727 728/728/728
f 728/728/728 727/727/727 729/729/729 730/730/730
f 730/730/730 729/729/729 731/731/731 732/732/732
f 732/732/732 731/731/731 733/733/733 734/734/734
f 734/734/734 733/733/733 735/735/735 736/736/736
f 736/736/736 735/735/735 737/737/737 738/738/738
f 738/738/738 737/737/737 739/739/739 740/740/740
f 740/740/740 739/739/739 741/741/741 742/742/742
f 742/742/742 741/741/741 743/743/743 744/744/744
f 744/744/744 743/743/743 1735/1735/1735 1736/1736/1736
f 746/746/746 745/745/745 747/747/747 748/748/748
f 748/748/748 747/747/747 749/749/749 750/750/750
f 751/751/751 752/752/752 715/715/715 750/750/750
f 718/718/718 715/715/715 752/752/752
f 753/753/753 754/754/754 719/719/719 718/718/718
f 752/752/752 753/753/753 718/718/718
f 755/755/755 756/756/756 754/754/754
f 758/758/758 756/756/756 755/755/755 757/757/757
f 760/760/760 758/758/758 757/757/757 759/759/759
f 762/762/762 760/760/760 759/759/759 761/761/761
f 764/764/764 762/762/762 761/761/761 763/763/763
f 764/764/764 763/763/763 765/765/765 766/766/766
f 767/767/767 768/768/768 766/766/766
f 766/766/766 765/765/765 767/767/767
f 720/720/720 769/769/769 770/770/770
f 720/720/720 770/770/770 771/771/771
f 771/771/771 772/772/772 723/723/723 720/720/720
f 725/725/725 723/723/723 772/772/772
f 725/725/725 772/772/772 773/773/773 727/727/727
f 727/727/727 773/773/773 774/774/774 729/729/729
f 729/729/729 774/774/774 775/775/775 731/731/731
f 731/731/731 775/775/775 776/776/776 733/733/733
f 733/733/733 776/776/776 777/777/777 735/735/735
f 735/735/735 777/777/777 778/778/778 737/737/737
f 737/737/737 778/778/778 779/779/779 739/739/739
f 739/739/739 779/779/779 780/780/780 741/741/741
f 741/741/741 780/780/780 781/781/781 743/743/743
f 743/743/743 781/781/781 1737/1737/1737 1738/1738/1738
f 745/745/745 782/782/782 783/783/783 747/747/747
f 747/747/747 783/783/783 784/784/784 749/749/749
f 749/749/749 784/784/784 785/785/785 751/751/751
f 751/751/751 785/785/785 786/786/786 752/752/752
f 752/752/752 786/786/786 787/787/787 753/753/753
f 754/754/754 753/753/753 787/787/787 788/788/788
f 755/755/755 754/754/754 788/788/788 789/789/789
f 757/757/757 755/755/755 789/789/789 790/790/790
f 759/759/759 757/757/757 790/790/790 791/791/791
f 761/761/761 759/759/759 791/791/791 792/792/792
f 763/763/763 761/761/761 792/792/792 793/793/793
f 765/765/765 763/763/763 793/793/793 794/794/794
f 795/795/795 1248/1248/1248 767/767/767 765/765/765
f 796/796/796 770/770/770 797/797/797
f 771/771/771 770/770/770 796/796/796 798/798/798
f 799/799/799 800/800/800 772/772/772 771/771/771
f 773/773/773 772/772/772 800/800/800 801/801/801
f 774/774/774 773/773/773 801/801/801 802/802/802
f 775/775/775 774/774/774 802/802/802 803/803/803
f 776/776/776 775/775/775 803/803/803 804/804/804
f 777/777/777 776/776/776 804/804/804 805/805/805
f 778/778/778 777/777/777 805/805/805 806/806/806
f 779/779/779 778/778/778 806/806/806 807/807/807
f 780/780/780 779/779/779 807/807/807 808/808/808
f 781/781/781 780/780/780 808/808/808 809/809/809
f 809/809/809 1739/1739/1739 1740/1740/1740 781/781/781
f 783/783/783 782/782/782 810/810/810
f 811/811/811 784/784/784 783/783/783 810/810/810
f 784/784/784 811/811/811 812/812/812
f 785/785/785 784/784/784 812/812/812
f 786/786/786 785/785/785 813/813/813 814/814/814
f 785/785/785 812/812/812 813/813/813
f 787/787/787 786/786/786 814/814/814
f 787/787/787 814/814/814 815/815/815
f 788/788/788 787/787/787 815/815/815
f 816/816/816 789/789/789 788/788/788 815/815/815
f 789/789/789 816/816/816 817/817/817
f 790/790/790 789/789/789 817/817/817
f 818/818/818 791/791/791 790/790/790 817/817/817
f 791/791/791 818/818/818 819/819/819
f 792/792/792 791/791/791 819/819/819
f 820/820/820 793/793/793 792/792/792 819/819/819
f 821/821/821 822/822/822 794/794/794
f 793/793/793 820/820/820 821/821/821
f 794/794/794 793/793/793 821/821/821
f 823/823/823 1249/1249/1249 795/795/795 822/822/822
f 795/795/795 794/794/794 822/822/822
f 798/798/798 796/796/796 825/825/825 824/824/824
f 826/826/826 827/827/827 824/824/824
f 828/828/828 829/829/829 827/827/827
f 827/827/827 799/799/799 798/798/798
f 830/830/830 831/831/831 829/829/829
f 829/829/829 831/831/831 800/800/800 799/799/799
f 830/830/830 832/832/832 831/831/831
f 800/800/800 831/831/831 832/832/832 801/801/801
f 832/832/832 802/802/802 801/801/801
f 833/833/833 803/803/803 802/802/802
f 834/834/834 833/833/833 832/832/832
f 835/835/835 836/836/836 833/833/833
f 836/836/836 804/804/804 803/803/803
f 836/836/836 805/805/805 804/804/804
f 837/837/837 806/806/806 805/805/805
f 837/837/837 807/807/807 806/806/806
f 838/838/838 808/808/808 807/807/807
f 839/839/839 840/840/840 838/838/838
f 840/840/840 809/809/809 808/808/808
f 1741/1741/1741 1742/1742/1742 840/840/840
f 840/840/840 1743/1743/1743 809/809/809
f 842/842/842 812/812/812 811/811/811
f 843/843/843 814/814/814 813/813/813
f 844/844/844 815/815/815 843/843/843
f 815/815/815 814/814/814 843/843/843
f 845/845/845 816/816/816 844/844/844
f 818/818/818 817/817/817 845/845/845
f 845/845/845 817/817/817 816/816/816
f 846/846/846 818/818/818 845/845/845
f 847/847/847 819/819/819 818/818/818
f 848/848/848 820/820/820 847/847/847
f 849/849/849 821/821/821 820/820/820
f 822/822/822 821/821/821 849/849/849 850/850/850
f 851/851/851 823/823/823 850/850/850
f 852/852/852 826/826/826 853/853/853
f 854/854/854 828/828/828 826/826/826
f 855/855/855 830/830/830 828/828/828
f 856/856/856 834/834/834 830/830/830
f 857/857/857 835/835/835 834/834/834
f 858/858/858 859/859/859 835/835/835
f 860/860/860 837/837/837 859/859/859
f 861/861/861 838/838/838 837/837/837
f 862/862/862 839/839/839 861/861/861
f 1744/1744/1744 1745/1745/1745 839/839/839
f 864/864/864 842/842/842 863/863/863
f 865/865/865 866/866/866 842/842/842
f 867/867/867 866/866/866 865/865/865
f 868/868/868 844/844/844 867/867/867
f 869/869/869 845/845/845 844/844/844
f 870/870/870 869/869/869 868/868/868
f 871/871/871 846/846/846 870/870/870
f 848/848/848 846/846/846 871/871/871 872/872/872
f 848/848/848 847/847/847 846/846/846
f 873/873/873 849/849/849 848/848/848
f 850/850/850 849/849/849 873/873/873 874/874/874
f 875/875/875 854/854/854 852/852/852
f 877/877/877 855/855/855 854/854/854 876/876/876
f 877/877/877 856/856/856 855/855/855
f 878/878/878 857/857/857 856/856/856
f 879/879/879 858/858/858 878/878/878
f 879/879/879 880/880/880 858/858/858
f 880/880/880 860/860/860 858/858/858
f 881/881/881 861/861/861 860/860/860
f 882/882/882 862/862/862 861/861/861
f 1746/1746/1746 1747/1747/1747 862/862/862
f 1748/1748/1748 862/862/862 882/882/882 1749/1749/1749
f 885/885/885 864/864/864 883/883/883
f 886/886/886 865/865/865 864/864/864
f 887/887/887 867/867/867 865/865/865
f 888/888/888 868/868/868 887/887/887
f 889/889/889 870/870/870 888/888/888
f 890/890/890 871/871/871 889/889/889
f 891/891/891 872/872/872 890/890/890
f 892/892/892 873/873/873 872/872/872
f 893/893/893 874/874/874 873/873/873 892/892/892
f 895/895/895 896/896/896 875/875/875 894/894/894
f 896/896/896 898/898/898 897/897/897 875/875/875
f 898/898/898 899/899/899 876/876/876 897/897/897
f 899/899/899 900/900/900 877/877/877 876/876/876
f 900/900/900 902/902/902 901/901/901 877/877/877
f 902/902/902 903/903/903 878/878/878 901/901/901
f 903/903/903 904/904/904 879/879/879 878/878/878
f 904/904/904 905/905/905 879/879/879
f 880/880/880 879/879/879 905/905/905
f 905/905/905 906/906/906 880/880/880
f 906/906/906 907/907/907 881/881/881 880/880/880
f 907/907/907 908/908/908 882/882/882 881/881/881
f 908/908/908 1750/1750/1750 1751/1751/1751 882/882/882
f 909/909/909 910/910/910 885/885/885 884/884/884
f 910/910/910 911/911/911 886/886/886 885/885/885
f 887/887/887 886/886/886 911/911/911
f 911/911/911 933/933/933 912/912/912 887/887/887
f 888/888/888 887/887/887 912/912/912
f 912/912/912 913/913/913 888/888/888
f 889/889/889 888/888/888 913/913/913
f 913/913/913 914/914/914 889/889/889
f 915/915/915 890/890/890 889/889/889
f 914/914/914 915/915/915 889/889/889
f 915/915/915 916/916/916 890/890/890
f 891/891/891 890/890/890 916/916/916
f 916/916/916 917/917/917 891/891/891
f 917/917/917 918/918/918 892/892/892 891/891/891
f 919/919/919 893/893/893 892/892/892
f 918/918/918 919/919/919 892/892/892
f 920/920/920 896/896/896 895/895/895
f 921/921/921 898/898/898 896/896/896
f 922/922/922 899/899/899 898/898/898
f 923/923/923 900/900/900 899/899/899
f 900/900/900 923/923/923 924/924/924 902/902/902
f 902/902/902 924/924/924 925/925/925 903/903/903
f 925/925/925 904/904/904 903/903/903
f 926/926/926 927/927/927 905/905/905 904/904/904
f 927/927/927 906/906/906 905/905/905
f 928/928/928 907/907/907 906/906/906
f 907/907/907 952/952/952 929/929/929 908/908/908
f 930/930/930 1752/1752/1752 908/908/908
f 931/931/931 910/910/910 909/909/909
f 932/932/932 911/911/911 910/910/910
f 934/934/934 912/912/912 933/933/933
f 935/935/935 913/913/913 934/934/934
f 914/914/914 913/913/913 935/935/935 936/936/936
f 915/915/915 914/914/914 936/936/936 937/937/937
f 916/916/916 915/915/915 937/937/937 938/938/938
f 917/917/917 916/916/916 938/938/938 939/939/939
f 918/918/918 917/917/917 939/939/939 940/940/940
f 919/919/919 918/918/918 940/940/940 941/941/941
f 1645/1645/1645 1574/1574/1574 943/943/943
f 944/944/944 921/921/921 920/920/920
f 945/945/945 922/922/922 921/921/921
f 946/946/946 923/923/923 922/922/922
f 923/923/923 946/946/946 947/947/947 924/924/924
f 948/948/948 925/925/925 924/924/924
f 949/949/949 927/927/927 926/926/926
f 927/927/927 949/949/949 950/950/950 928/928/928
f 928/928/928 950/950/950 951/951/951 952/952/952
f 952/952/952 951/951/951 953/953/953 929/929/929
f 929/929/929 953/953/953 1753/1753/1753 930/930/930
f 930/930/930 1754/1754/1754 1755/1755/1755 1756/1756/1756
f 931/931/931 990/990/990 956/956/956 932/932/932
f 932/932/932 956/956/956 957/957/957 933/933/933
f 934/934/934 933/933/933 959/959/959 958/958/958
f 935/935/935 934/934/934 958/958/958 960/960/960
f 936/936/936 935/935/935 960/960/960 961/961/961
f 937/937/937 936/936/936 961/961/961 962/962/962
f 938/938/938 937/937/937 962/962/962 963/963/963
f 939/939/939 938/938/938 963/963/963 964/964/964
f 940/940/940 939/939/939 964/964/964 965/965/965
f 941/941/941 940/940/940 965/965/965 966/966/966
f 967/967/967 1646/1646/1646 968/968/968
f 1647/1647/1647 967/967/967 1575/1575/1575 1576/1576/1576
f 970/970/970 946/946/946 945/945/945
f 971/971/971 947/947/947 946/946/946
f 947/947/947 971/971/971 972/972/972 948/948/948
f 973/973/973 925/925/925 948/948/948
f 925/925/925 973/973/973 974/974/974 926/926/926
f 975/975/975 963/963/963 962/962/962
f 976/976/976 964/964/964 975/975/975
f 977/977/977 965/965/965 976/976/976
f 978/978/978 966/966/966 977/977/977
f 1511/1511/1511 1512/1512/1512 980/980/980
f 1648/1648/1648 1577/1577/1577 967/967/967
f 982/982/982 945/945/945 969/969/969
f 983/983/983 949/949/949 974/974/974
f 984/984/984 950/950/950 949/949/949
f 950/950/950 984/984/984 985/985/985 951/951/951
f 951/951/951 985/985/985 986/986/986 953/953/953
f 953/953/953 986/986/986 1757/1757/1757 1758/1758/1758
f 988/988/988 955/955/955 954/954/954
f 955/955/955 988/988/988 989/989/989 990/990/990
f 990/990/990 989/989/989 991/991/991 956/956/956
f 956/956/956 991/991/991 992/992/992 957/957/957
f 993/993/993 959/959/959 992/992/992
f 994/994/994 958/958/958 993/993/993
f 960/960/960 958/958/958 994/994/994 995/995/995
f 961/961/961 960/960/960 995/995/995 996/996/996
f 962/962/962 961/961/961 996/996/996 997/997/997
f 998/998/998 975/975/975 997/997/997
f 999/999/999 970/970/970 982/982/982
f 1000/1000/1000 971/971/971 970/970/970
f 971/971/971 1000/1000/1000 1001/1001/1001 972/972/972
f 972/972/972 1001/1001/1001 1002/1002/1002 973/973/973
f 1003/1003/1003 974/974/974 973/973/973
f 1004/1004/1004 988/988/988 987/987/987
f 1004/1004/1004 989/989/989 988/988/988
f 989/989/989 1004/1004/1004 1005/1005/1005 991/991/991
f 991/991/991 1005/1005/1005 1006/1006/1006 992/992/992
f 1007/1007/1007 976/976/976 998/998/998
f 1008/1008/1008 977/977/977 1007/1007/1007
f 1009/1009/1009 978/978/978 1008/1008/1008
f 1513/1513/1513 1514/1514/1514 1011/1011/1011
f 979/979/979 1010/1010/1010 1012/1012/1012 1649/1649/1649
f 1650/1650/1650 1012/1012/1012 1578/1578/1578 1579/1579/1579
f 1014/1014/1014 983/983/983 1003/1003/1003
f 1015/1015/1015 984/984/984 983/983/983
f 984/984/984 1015/1015/1015 1016/1016/1016 985/985/985
f 1017/1017/1017 986/986/986 985/985/985
f 986/986/986 1017/1017/1017 1759/1759/1759 1760/1760/1760
f 987/987/987 1018/1018/1018 1019/1019/1019 1004/1004/1004
f 1004/1004/1004 1019/1019/1019 1020/1020/1020 1005/1005/1005
f 1005/1005/1005 1020/1020/1020 1021/1021/1021 1006/1006/1006
f 1022/1022/1022 994/994/994 993/993/993 1006/1006/1006
f 1023/1023/1023 994/994/994 1022/1022/1022
f 1024/1024/1024 995/995/995 1023/1023/1023
f 996/996/996 995/995/995 1024/1024/1024 1025/1025/1025
f 997/997/997 996/996/996 1025/1025/1025 1026/1026/1026
f 1027/1027/1027 998/998/998 1026/1026/1026
f 1028/1028/1028 1007/1007/1007 1027/1027/1027
f 1008/1008/1008 1007/1007/1007 1028/1028/1028 1029/1029/1029
f 1009/1009/1009 1008/1008/1008 1029/1029/1029 1030/1030/1030
f 1032/1032/1032 1049/1049/1049 1515/1515/1515 1516/1516/1516
f 1010/1010/1010 1031/1031/1031 1033/1033/1033 1012/1012/1012
f 1012/1012/1012 1033/1033/1033 1580/1580/1580 1581/1581/1581
f 1034/1034/1034 999/999/999 1013/1013/1013
f 1035/1035/1035 1000/1000/1000 999/999/999
f 1000/1000/1000 1035/1035/1035 1036/1036/1036 1001/1001/1001
f 1001/1001/1001 1036/1036/1036 1037/1037/1037 1002/1002/1002
f 1002/1002/1002 1037/1037/1037 1038/1038/1038 1003/1003/1003
f 1039/1039/1039 1017/1017/1017 1016/1016/1016
f 1017/1017/1017 1039/1039/1039 1761/1761/1761 1762/1762/1762
f 1040/1040/1040 1019/1019/1019 1018/1018/1018
f 1019/1019/1019 1040/1040/1040 1041/1041/1041 1020/1020/1020
f 1020/1020/1020 1041/1041/1041 1042/1042/1042 1021/1021/1021
f 1021/1021/1021 1042/1042/1042 1043/1043/1043 1022/1022/1022
f 1022/1022/1022 1043/1043/1043 1044/1044/1044 1023/1023/1023
f 1045/1045/1045 1025/1025/1025 1024/1024/1024
f 1026/1026/1026 1025/1025/1025 1045/1045/1045 1027/1027/1027
f 1030/1030/1030 1029/1029/1029 1047/1047/1047 1046/1046/1046
f 1049/1049/1049 1069/1069/1069 1517/1517/1517 1518/1518/1518
f 1031/1031/1031 1048/1048/1048 1050/1050/1050 1033/1033/1033
f 1033/1033/1033 1050/1050/1050 1051/1051/1051 1582/1582/1582
f 1583/1583/1583 1051/1051/1051 1584/1584/1584 1585/1585/1585
f 1035/1035/1035 1052/1052/1052 1053/1053/1053 1036/1036/1036
f 1053/1053/1053 1037/1037/1037 1036/1036/1036
f 1037/1037/1037 1053/1053/1053 1054/1054/1054 1038/1038/1038
f 1055/1055/1055 1014/1014/1014 1038/1038/1038
f 1056/1056/1056 1015/1015/1015 1014/1014/1014
f 1015/1015/1015 1056/1056/1056 1057/1057/1057 1016/1016/1016
f 1016/1016/1016 1057/1057/1057 1058/1058/1058 1039/1039/1039
f 1039/1039/1039 1058/1058/1058 1763/1763/1763 1764/1764/1764
f 1040/1040/1040 1059/1059/1059 1060/1060/1060 1041/1041/1041
f 1041/1041/1041 1060/1060/1060 1061/1061/1061 1042/1042/1042
f 1042/1042/1042 1061/1061/1061 1062/1062/1062 1043/1043/1043
f 1043/1043/1043 1062/1062/1062 1063/1063/1063 1044/1044/1044
f 1064/1064/1064 1024/1024/1024 1044/1044/1044
f 1024/1024/1024 1064/1064/1064 1065/1065/1065 1045/1045/1045
f 1066/1066/1066 1027/1027/1027 1045/1045/1045
f 1028/1028/1028 1027/1027/1027 1066/1066/1066 1067/1067/1067
f 1029/1029/1029 1028/1028/1028 1067/1067/1067 1047/1047/1047
f 1069/1069/1069 1091/1091/1091 1519/1519/1519 1520/1520/1520
f 1048/1048/1048 1068/1068/1068 1070/1070/1070 1050/1050/1050
f 1071/1071/1071 1051/1051/1051 1050/1050/1050
f 1051/1051/1051 1071/1071/1071 1651/1651/1651 1586/1586/1586
f 1073/1073/1073 1053/1053/1053 1052/1052/1052
f 1053/1053/1053 1073/1073/1073 1074/1074/1074 1054/1054/1054
f 1054/1054/1054 1074/1074/1074 1075/1075/1075 1055/1055/1055
f 1055/1055/1055 1075/1075/1075 1076/1076/1076 1056/1056/1056
f 1056/1056/1056 1076/1076/1076 1077/1077/1077 1057/1057/1057
f 1057/1057/1057 1077/1077/1077 1078/1078/1078 1058/1058/1058
f 1058/1058/1058 1078/1078/1078 1765/1765/1765 1766/1766/1766
f 1059/1059/1059 1079/1079/1079 1080/1080/1080 1060/1060/1060
f 1060/1060/1060 1080/1080/1080 1081/1081/1081 1061/1061/1061
f 1061/1061/1061 1081/1081/1081 1082/1082/1082 1062/1062/1062
f 1062/1062/1062 1082/1082/1082 1083/1083/1083 1063/1063/1063
f 1063/1063/1063 1083/1083/1083 1084/1084/1084 1064/1064/1064
f 1064/1064/1064 1084/1084/1084 1085/1085/1085 1065/1065/1065
f 1065/1065/1065 1085/1085/1085 1086/1086/1086 1066/1066/1066
f 1066/1066/1066 1086/1086/1086 1087/1087/1087 1067/1067/1067
f 1088/1088/1088 1047/1047/1047 1067/1067/1067
f 1046/1046/1046 1047/1047/1047 1088/1088/1088 1089/1089/1089
f 1521/1521/1521 1522/1522/1522 1091/1091/1091
f 1068/1068/1068 1090/1090/1090 1092/1092/1092 1070/1070/1070
f 1071/1071/1071 1070/1070/1070 1093/1093/1093 1652/1652/1652
f 1653/1653/1653 1093/1093/1093 1587/1587/1587 1588/1588/1588
f 1073/1073/1073 1094/1094/1094 1095/1095/1095 1074/1074/1074
f 1074/1074/1074 1095/1095/1095 1096/1096/1096 1075/1075/1075
f 1075/1075/1075 1096/1096/1096 1097/1097/1097 1076/1076/1076
f 1076/1076/1076 1097/1097/1097 1098/1098/1098 1077/1077/1077
f 1077/1077/1077 1098/1098/1098 1099/1099/1099 1078/1078/1078
f 1078/1078/1078 1099/1099/1099 1767/1767/1767 1768/1768/1768
f 1079/1079/1079 1100/1100/1100 1101/1101/1101 1080/1080/1080
f 1080/1080/1080 1101/1101/1101 1102/1102/1102 1081/1081/1081
f 1081/1081/1081 1102/1102/1102 1103/1103/1103 1082/1082/1082
f 1082/1082/1082 1103/1103/1103 1104/1104/1104 1083/1083/1083
f 1083/1083/1083 1104/1104/1104 1105/1105/1105 1084/1084/1084
f 1084/1084/1084 1105/1105/1105 1106/1106/1106 1085/1085/1085
f 1085/1085/1085 1106/1106/1106 1107/1107/1107 1086/1086/1086
f 1086/1086/1086 1107/1107/1107 1108/1108/1108 1087/1087/1087
f 1087/1087/1087 1108/1108/1108 1109/1109/1109 1088/1088/1088
f 1110/1110/1110 1089/1089/1089 1088/1088/1088
f 1111/1111/1111 1112/1112/1112 1110/1110/1110
f 1113/1113/1113 1092/1092/1092 1090/1090/1090
f 1114/1114/1114 1070/1070/1070 1092/1092/1092
f 1115/1115/1115 1093/1093/1093 1114/1114/1114
f 1589/1589/1589 1093/1093/1093 1115/1115/1115 1116/1116/1116
f 1590/1590/1590 1116/1116/1116 1591/1591/1591 1592/1592/1592
f 1095/1095/1095 1117/1117/1117 1118/1118/1118 1096/1096/1096
f 1096/1096/1096 1118/1118/1118 1119/1119/1119 1097/1097/1097
f 1097/1097/1097 1119/1119/1119 1120/1120/1120 1098/1098/1098
f 1098/1098/1098 1120/1120/1120 1769/1769/1769 1099/1099/1099
f 1099/1099/1099 1770/1770/1770 1771/1771/1771 1772/1772/1772
f 1100/1100/1100 1122/1122/1122 1123/1123/1123 1101/1101/1101
f 1124/1124/1124 1125/1125/1125 1102/1102/1102 1101/1101/1101
f 1125/1125/1125 1103/1103/1103 1102/1102/1102
f 1126/1126/1126 1127/1127/1127 1104/1104/1104 1103/1103/1103
f 1127/1127/1127 1105/1105/1105 1104/1104/1104
f 1128/1128/1128 1106/1106/1106 1105/1105/1105
f 1129/1129/1129 1107/1107/1107 1106/1106/1106
f 1130/1130/1130 1108/1108/1108 1107/1107/1107
f 1108/1108/1108 1130/1130/1130 1131/1131/1131 1109/1109/1109
f 1109/1109/1109 1131/1131/1131 1132/1132/1132 1110/1110/1110
f 1133/1133/1133 1111/1111/1111 1110/1110/1110
f 1523/1523/1523 1705/1705/1705 1136/1136/1136
f 1137/1137/1137 1113/1113/1113 1134/1134/1134
f 1114/1114/1114 1113/1113/1113 1137/1137/1137 1138/1138/1138
f 1115/1115/1115 1114/1114/1114 1138/1138/1138 1139/1139/1139
f 1116/1116/1116 1139/1139/1139 1140/1140/1140 1593/1593/1593
f 1594/1594/1594 1140/1140/1140 1595/1595/1595 1596/1596/1596
f 1142/1142/1142 1119/1119/1119 1118/1118/1118
f 1143/1143/1143 1120/1120/1120 1119/1119/1119
f 1120/1120/1120 1143/1143/1143 1773/1773/1773 1774/1774/1774
f 1145/1145/1145 1122/1122/1122 1121/1121/1121
f 1122/1122/1122 1145/1145/1145 1146/1146/1146 1123/1123/1123
f 1123/1123/1123 1146/1146/1146 1147/1147/1147 1124/1124/1124
f 1147/1147/1147 1125/1125/1125 1124/1124/1124
f 1148/1148/1148 1126/1126/1126 1125/1125/1125
f 1149/1149/1149 1127/1127/1127 1126/1126/1126
f 1149/1149/1149 1150/1150/1150 1128/1128/1128 1127/1127/1127
f 1150/1150/1150 1129/1129/1129 1128/1128/1128
f 1151/1151/1151 1130/1130/1130 1129/1129/1129
f 1152/1152/1152 1131/1131/1131 1130/1130/1130
f 1153/1153/1153 1132/1132/1132 1131/1131/1131
f 1132/1132/1132 1153/1153/1153 1154/1154/1154 1133/1133/1133
f 1137/1137/1137 1134/1134/1134 1156/1156/1156 1155/1155/1155
f 1138/1138/1138 1137/1137/1137 1155/1155/1155 1157/1157/1157
f 1158/1158/1158 1140/1140/1140 1139/1139/1139 1157/1157/1157
f 1140/1140/1140 1158/1158/1158 1597/1597/1597 1598/1598/1598
f 1141/1141/1141 1159/1159/1159 1160/1160/1160 1142/1142/1142
f 1161/1161/1161 1162/1162/1162 1143/1143/1143 1142/1142/1142
f 1162/1162/1162 1775/1775/1775 1776/1776/1776 1143/1143/1143
f 1163/1163/1163 1145/1145/1145 1144/1144/1144
f 1164/1164/1164 1146/1146/1146 1145/1145/1145
f 1165/1165/1165 1147/1147/1147 1146/1146/1146
f 1166/1166/1166 1148/1148/1148 1147/1147/1147
f 1167/1167/1167 1149/1149/1149 1148/1148/1148
f 1168/1168/1168 1150/1150/1150 1149/1149/1149
f 1169/1169/1169 1151/1151/1151 1150/1150/1150
f 1169/1169/1169 1152/1152/1152 1151/1151/1151
f 1170/1170/1170 1153/1153/1153 1152/1152/1152
f 1171/1171/1171 1154/1154/1154 1153/1153/1153
f 1706/1706/1706 1707/1707/1707 1173/1173/1173
f 1155/1155/1155 1156/1156/1156 1172/1172/1172 1174/1174/1174
f 1175/1175/1175 1157/1157/1157 1174/1174/1174
f 1599/1599/1599 1158/1158/1158 1175/1175/1175
f 1600/1600/1600 1601/1601/1601 1158/1158/1158
f 1177/1177/1177 1160/1160/1160 1159/1159/1159
f 1178/1178/1178 1179/1179/1179 1161/1161/1161 1160/1160/1160
f 1179/1179/1179 1777/1777/1777 1162/1162/1162 1161/1161/1161
f 1778/1778/1778 1779/1779/1779 1162/1162/1162
f 1181/1181/1181 1164/1164/1164 1163/1163/1163
f 1182/1182/1182 1165/1165/1165 1164/1164/1164
f 1183/1183/1183 1166/1166/1166 1165/1165/1165
f 1184/1184/1184 1167/1167/1167 1166/1166/1166
f 1184/1184/1184 1168/1168/1168 1167/1167/1167
f 1185/1185/1185 1169/1169/1169 1168/1168/1168
f 1186/1186/1186 1170/1170/1170 1169/1169/1169
f 1187/1187/1187 1171/1171/1171 1170/1170/1170
f 1189/1189/1189 1174/1174/1174 1172/1172/1172 1188/1188/1188
f 1708/1708/1708 1173/1173/1173 1709/1709/1709
f 1189/1189/1189 1190/1190/1190 1174/1174/1174
f 1175/1175/1175 1174/1174/1174 1190/1190/1190
f 1602/1602/1602 1175/1175/1175 1190/1190/1190
f 1603/1603/1603 1604/1604/1604 1175/1175/1175
f 1192/1192/1192 1177/1177/1177 1176/1176/1176
f 1193/1193/1193 1178/1178/1178 1177/1177/1177
f 1194/1194/1194 1179/1179/1179 1178/1178/1178
f 1194/1194/1194 1780/1780/1780 1179/1179/1179
f 1195/1195/1195 1181/1181/1181 1180/1180/1180
f 1196/1196/1196 1182/1182/1182 1181/1181/1181
f 1196/1196/1196 1183/1183/1183 1182/1182/1182
f 1197/1197/1197 1184/1184/1184 1183/1183/1183
f 1198/1198/1198 1185/1185/1185 1184/1184/1184
f 1199/1199/1199 1186/1186/1186 1185/1185/1185
f 1200/1200/1200 1187/1187/1187 1186/1186/1186
f 1201/1201/1201 1605/1605/1605 1189/1189/1189 1188/1188/1188
f 1606/1606/1606 1607/1607/1607 1190/1190/1190 1189/1189/1189
f 1190/1190/1190 1608/1608/1608 1609/1609/1609
f 1203/1203/1203 1204/1204/1204 1192/1192/1192 1191/1191/1191
f 1193/1193/1193 1192/1192/1192 1204/1204/1204
f 1205/1205/1205 1194/1194/1194 1193/1193/1193
f 1206/1206/1206 1781/1781/1781 1194/1194/1194
f 1207/1207/1207 1196/1196/1196 1195/1195/1195
f 1207/1207/1207 1208/1208/1208 1196/1196/1196
f 1197/1197/1197 1196/1196/1196 1208/1208/1208
f 1197/1197/1197 1208/1208/1208 1209/1209/1209
f 1198/1198/1198 1197/1197/1197 1209/1209/1209
f 1199/1199/1199 1198/1198/1198 1209/1209/1209
f 1210/1210/1210 1200/1200/1200 1199/1199/1199
f 1211/1211/1211 1203/1203/1203 1202/1202/1202
f 1212/1212/1212 721/721/721 1213/1213/1213
f 1212/1212/1212 1214/1214/1214 1215/1215/1215
f 721/721/721 1216/1216/1216 1213/1213/1213
f 724/724/724 726/726/726 1217/1217/1217 1216/1216/1216
f 726/726/726 728/728/728 1218/1218/1218 1217/1217/1217
f 1219/1219/1219 1218/1218/1218 728/728/728
f 732/732/732 734/734/734 1220/1220/1220 1219/1219/1219
f 1212/1212/1212 1215/1215/1215 722/722/722
f 722/722/722 1215/1215/1215 1222/1222/1222 1221/1221/1221
f 722/722/722 1221/1221/1221 769/769/769
f 1223/1223/1223 769/769/769 1221/1221/1221
f 1216/1216/1216 721/721/721 724/724/724
f 1219/1219/1219 728/728/728 730/730/730
f 1212/1212/1212 722/722/722 721/721/721
f 730/730/730 732/732/732 1219/1219/1219
f 1220/1220/1220 734/734/734 736/736/736 1224/1224/1224
f 740/740/740 1225/1225/1225 1226/1226/1226
f 738/738/738 740/740/740 1226/1226/1226 1224/1224/1224
f 742/742/742 744/744/744 1227/1227/1227 1225/1225/1225
f 1228/1228/1228 1782/1782/1782 1783/1783/1783
f 750/750/750 717/717/717 1230/1230/1230 1229/1229/1229
f 744/744/744 1228/1228/1228 1227/1227/1227
f 1224/1224/1224 736/736/736 738/738/738
f 1229/1229/1229 746/746/746 748/748/748
f 1229/1229/1229 748/748/748 750/750/750
f 1228/1228/1228 744/744/744 1784/1784/1784
f 1225/1225/1225 740/740/740 742/742/742
f 1232/1232/1232 1610/1610/1610 1611/1611/1611 1612/1612/1612
f 1233/1233/1233 1613/1613/1613 1614/1614/1614 1615/1615/1615
f 1616/1616/1616 1234/1234/1234 1235/1235/1235
f 1237/1237/1237 943/943/943 1617/1617/1617 1236/1236/1236
f 1618/1618/1618 1619/1619/1619 1234/1234/1234
f 797/797/797 770/770/770 769/769/769
f 1620/1620/1620 1621/1621/1621 1236/1236/1236
f 1238/1238/1238 1524/1524/1524 1239/1239/1239
f 1525/1525/1525 1526/1526/1526 1239/1239/1239 1527/1527/1527
f 980/980/980 1528/1528/1528 1238/1238/1238
f 1223/1223/1223 797/797/797 769/769/769
f 715/715/715 717/717/717 750/750/750
f 1241/1241/1241 716/716/716 719/719/719 1240/1240/1240
f 756/756/756 1240/1240/1240 719/719/719
f 1243/1243/1243 762/762/762 764/764/764 1242/1242/1242
f 1244/1244/1244 760/760/760 762/762/762 1243/1243/1243
f 1245/1245/1245 758/758/758 760/760/760 1244/1244/1244
f 1242/1242/1242 764/764/764 766/766/766 1246/1246/1246
f 1240/1240/1240 758/758/758 1245/1245/1245
f 766/766/766 768/768/768 1246/1246/1246
f 1247/1247/1247 1246/1246/1246 768/768/768
f 758/758/758 1240/1240/1240 756/756/756
f 919/919/919 941/941/941 1250/1250/1250
f 1250/1250/1250 893/893/893 919/919/919
f 851/851/851 1251/1251/1251 823/823/823
f 893/893/893 1252/1252/1252 874/874/874
f 941/941/941 966/966/966 1253/1253/1253
f 823/823/823 1254/1254/1254 1249/1249/1249
f 1249/1249/1249 1248/1248/1248 795/795/795
f 893/893/893 1255/1255/1255 1252/1252/1252
f 1250/1250/1250 1255/1255/1255 893/893/893
f 966/966/966 1256/1256/1256 1253/1253/1253
f 1256/1256/1256 978/978/978 1257/1257/1257
f 966/966/966 978/978/978 1256/1256/1256
f 1258/1258/1258 1032/1032/1032 1011/1011/1011
f 1049/1049/1049 1259/1259/1259 1260/1260/1260
f 1091/1091/1091 1261/1261/1261 1262/1262/1262
f 1260/1260/1260 1261/1261/1261 1069/1069/1069
f 1710/1710/1710 1711/1711/1711 1136/1136/1136
f 1263/1263/1263 1529/1529/1529 1530/1530/1530
f 1049/1049/1049 1032/1032/1032 1259/1259/1259
f 1091/1091/1091 1262/1262/1262 1135/1135/1135
f 1531/1531/1531 1264/1264/1264 1532/1532/1532
f 1712/1712/1712 1713/1713/1713 1265/1265/1265
f 1622/1622/1622 1623/1623/1623 1201/1201/1201
f 1266/1266/1266 1211/1211/1211 1202/1202/1202
f 1203/1203/1203 1211/1211/1211 1267/1267/1267
f 1268/1268/1268 1624/1624/1624 1201/1201/1201
f 1267/1267/1267 1204/1204/1204 1203/1203/1203
f 1204/1204/1204 1269/1269/1269 1205/1205/1205
f 1204/1204/1204 1267/1267/1267 1269/1269/1269
f 1269/1269/1269 1206/1206/1206 1205/1205/1205
f 1270/1270/1270 1271/1271/1271 1009/1009/1009
f 978/978/978 1009/1009/1009 1271/1271/1271
f 978/978/978 1271/1271/1271 1257/1257/1257
f 1009/1009/1009 1030/1030/1030 1270/1270/1270
f 1030/1030/1030 1046/1046/1046 1272/1272/1272
f 1046/1046/1046 1089/1089/1089 1273/1273/1273
f 1154/1154/1154 1464/1464/1464 1274/1274/1274 1133/1133/1133
f 1200/1200/1200 1276/1276/1276 1275/1275/1275 1187/1187/1187
f 1030/1030/1030 1272/1272/1272 1270/1270/1270
f 1046/1046/1046 1273/1273/1273 1272/1272/1272
f 1200/1200/1200 1210/1210/1210 1277/1277/1277 1276/1276/1276
f 1278/1278/1278 1785/1785/1785 1786/1786/1786 1206/1206/1206
f 1208/1208/1208 1207/1207/1207 1279/1279/1279
f 1279/1279/1279 1280/1280/1280 1208/1208/1208
f 1278/1278/1278 1206/1206/1206 1269/1269/1269
f 1209/1209/1209 1208/1208/1208 1280/1280/1280
f 1281/1281/1281 1209/1209/1209 1280/1280/1280
f 1281/1281/1281 1282/1282/1282 1210/1210/1210
f 1281/1281/1281 1210/1210/1210 1209/1209/1209
f 1283/1283/1283 1284/1284/1284 1285/1285/1285
f 1286/1286/1286 1284/1284/1284 1283/1283/1283
f 1286/1286/1286 1283/1283/1283 1287/1287/1287
f 1288/1288/1288 1286/1286/1286 1287/1287/1287
f 1288/1288/1288 1287/1287/1287 1289/1289/1289
f 1290/1290/1290 1288/1288/1288 1289/1289/1289
f 1291/1291/1291 1292/1292/1292 1293/1293/1293
f 1290/1290/1290 1289/1289/1289 1291/1291/1291
f 1293/1293/1293 1290/1290/1290 1291/1291/1291
f 1294/1294/1294 1787/1787/1787 1295/1295/1295 1292/1292/1292
f 1295/1295/1295 1293/1293/1293 1292/1292/1292
f 1294/1294/1294 1788/1788/1788 1789/1789/1789
f 1298/1298/1298 1299/1299/1299 1297/1297/1297
f 1296/1296/1296 1298/1298/1298 1297/1297/1297
f 1299/1299/1299 1298/1298/1298 1300/1300/1300
f 1299/1299/1299 1300/1300/1300 1301/1301/1301
f 1301/1301/1301 1300/1300/1300 1302/1302/1302
f 1303/1303/1303 1301/1301/1301 1302/1302/1302
f 1304/1304/1304 1305/1305/1305 1306/1306/1306
f 1790/1790/1790 1791/1791/1791 1294/1294/1294
f 1307/1307/1307 1298/1298/1298 1296/1296/1296
f 1714/1714/1714 1625/1625/1625 1309/1309/1309
f 1626/1626/1626 1627/1627/1627 1308/1308/1308
f 1307/1307/1307 1300/1300/1300 1298/1298/1298
f 1303/1303/1303 1302/1302/1302 1310/1310/1310
f 1311/1311/1311 1306/1306/1306 1303/1303/1303
f 1311/1311/1311 1303/1303/1303 1310/1310/1310
f 1305/1305/1305 1304/1304/1304 1312/1312/1312
f 1304/1304/1304 1311/1311/1311 1310/1310/1310
f 1283/1283/1283 1285/1285/1285 1313/1313/1313
f 1314/1314/1314 1291/1291/1291 1289/1289/1289
f 1289/1289/1289 1287/1287/1287 1315/1315/1315
f 1287/1287/1287 1283/1283/1283 1316/1316/1316
f 1283/1283/1283 1313/1313/1313 1317/1317/1317
f 1317/1317/1317 1318/1318/1318 1283/1283/1283
f 1316/1316/1316 1283/1283/1283 1318/1318/1318
f 1289/1289/1289 1315/1315/1315 1314/1314/1314
f 1315/1315/1315 1287/1287/1287 1316/1316/1316
f 1292/1292/1292 1291/1291/1291 1314/1314/1314
f 1294/1294/1294 1292/1292/1292 1319/1319/1319
f 1307/1307/1307 1320/1320/1320 1300/1300/1300
f 1292/1292/1292 1314/1314/1314 1319/1319/1319
f 1628/1628/1628 1629/1629/1629 1321/1321/1321
f 1322/1322/1322 1323/1323/1323 1324/1324/1324
f 1327/1327/1327 1334/1334/1334 1325/1325/1325 1326/1326/1326
f 1328/1328/1328 1329/1329/1329 1330/1330/1330
f 1331/1331/1331 1332/1332/1332 1333/1333/1333
f 1330/1330/1330 1335/1335/1335 1328/1328/1328
f 1324/1324/1324 1323/1323/1323 1336/1336/1336
f 1337/1337/1337 1338/1338/1338 1339/1339/1339
f 1337/1337/1337 1339/1339/1339 1340/1340/1340
f 1338/1338/1338 1337/1337/1337 1341/1341/1341
f 1342/1342/1342 1343/1343/1343 1344/1344/1344
f 1345/1345/1345 1346/1346/1346 1347/1347/1347
f 1348/1348/1348 1349/1349/1349 1350/1350/1350
f 1351/1351/1351 1352/1352/1352 1353/1353/1353
f 1354/1354/1354 1355/1355/1355 1347/1347/1347
f 1356/1356/1356 1357/1357/1357 1358/1358/1358
f 1359/1359/1359 1360/1360/1360 1358/1358/1358
f 1361/1361/1361 1362/1362/1362 1363/1363/1363
f 1364/1364/1364 1362/1362/1362 1365/1365/1365
f 1357/1357/1357 1366/1366/1366 1363/1363/1363
f 1346/1346/1346 1354/1354/1354 1347/1347/1347
f 1345/1345/1345 1353/1353/1353 1352/1352/1352
f 1367/1367/1367 1350/1350/1350 1349/1349/1349
f 1349/1349/1349 1348/1348/1348 1368/1368/1368
f 1362/1362/1362 1361/1361/1361 1365/1365/1365
f 1363/1363/1363 1366/1366/1366 1361/1361/1361
f 1357/1357/1357 1356/1356/1356 1366/1366/1366
f 1356/1356/1356 1358/1358/1358 1360/1360/1360
f 1369/1369/1369 1370/1370/1370 1371/1371/1371
f 1369/1369/1369 1372/1372/1372 1370/1370/1370
f 1373/1373/1373 1374/1374/1374 1375/1375/1375
f 1376/1376/1376 1375/1375/1375 1372/1372/1372
f 1376/1376/1376 1372/1372/1372 1369/1369/1369
f 1371/1371/1371 1377/1377/1377 1369/1369/1369
f 1533/1533/1533 1379/1379/1379 1374/1374/1374
f 1378/1378/1378 1374/1374/1374 1373/1373/1373
f 1534/1534/1534 1381/1381/1381 1382/1382/1382
f 1715/1715/1715 1716/1716/1716 1385/1385/1385
f 1535/1535/1535 1382/1382/1382 1379/1379/1379
f 1536/1536/1536 1381/1381/1381 1537/1537/1537
f 1538/1538/1538 1539/1539/1539 1381/1381/1381
f 1383/1383/1383 1387/1387/1387 1384/1384/1384
f 1388/1388/1388 1389/1389/1389 1390/1390/1390
f 1391/1391/1391 1392/1392/1392 1393/1393/1393
f 1630/1630/1630 1631/1631/1631 1396/1396/1396
f 1394/1394/1394 1397/1397/1397 1395/1395/1395
f 1398/1398/1398 1399/1399/1399 1397/1397/1397
f 1398/1398/1398 1397/1397/1397 1394/1394/1394
f 1396/1396/1396 1400/1400/1400 1632/1632/1632
f 1390/1390/1390 1389/1389/1389 1399/1399/1399
f 1388/1388/1388 1792/1792/1792 1793/1793/1793 1402/1402/1402
f 1391/1391/1391 1403/1403/1403 1392/1392/1392
f 1388/1388/1388 1402/1402/1402 1389/1389/1389
f 1392/1392/1392 1401/1401/1401 1393/1393/1393
f 1404/1404/1404 1405/1405/1405 1403/1403/1403
f 1406/1406/1406 1407/1407/1407 1408/1408/1408
f 1409/1409/1409 1408/1408/1408 1407/1407/1407
f 1409/1409/1409 1407/1407/1407 1410/1410/1410
f 1411/1411/1411 1409/1409/1409 1410/1410/1410
f 1410/1410/1410 1412/1412/1412 1411/1411/1411
f 1413/1413/1413 1414/1414/1414 1415/1415/1415
f 1413/1413/1413 1416/1416/1416 1417/1417/1417
f 1418/1418/1418 1413/1413/1413 1417/1417/1417
f 1417/1417/1417 1419/1419/1419 1418/1418/1418
f 1420/1420/1420 1418/1418/1418 1419/1419/1419
f 1421/1421/1421 1422/1422/1422 1423/1423/1423
f 1424/1424/1424 1425/1425/1425 1426/1426/1426
f 1423/1423/1423 1422/1422/1422 1427/1427/1427
f 1428/1428/1428 1422/1422/1422 1421/1421/1421
f 1425/1425/1425 1424/1424/1424 1429/1429/1429
f 1429/1429/1429 1424/1424/1424 1406/1406/1406
f 1415/1415/1415 1414/1414/1414 1412/1412/1412
f 1412/1412/1412 1414/1414/1414 1411/1411/1411
f 1430/1430/1430 1431/1431/1431 1432/1432/1432
f 1433/1433/1433 1430/1430/1430 1432/1432/1432
f 1432/1432/1432 1434/1434/1434 1433/1433/1433
f 1435/1435/1435 1436/1436/1436 1437/1437/1437
f 1438/1438/1438 1435/1435/1435 1439/1439/1439
f 1440/1440/1440 1438/1438/1438 1441/1441/1441
f 1442/1442/1442 1443/1443/1443 1444/1444/1444
f 1445/1445/1445 1444/1444/1444 1443/1443/1443
f 1443/1443/1443 1446/1446/1446 1445/1445/1445
f 1445/1445/1445 1446/1446/1446 1447/1447/1447
f 1448/1448/1448 1445/1445/1445 1447/1447/1447
f 1447/1447/1447 1449/1449/1449 1448/1448/1448
f 1450/1450/1450 1448/1448/1448 1449/1449/1449
f 1451/1451/1451 1452/1452/1452 1431/1431/1431
f 1434/1434/1434 1453/1453/1453 1454/1454/1454
f 1436/1436/1436 1453/1453/1453 1437/1437/1437
f 1430/1430/1430 1451/1451/1451 1431/1431/1431
f 1454/1454/1454 1453/1453/1453 1436/1436/1436
f 1455/1455/1455 1440/1440/1440 1441/1441/1441
f 1441/1441/1441 1438/1438/1438 1439/1439/1439
f 1437/1437/1437 1439/1439/1439 1435/1435/1435
f 1455/1455/1455 1442/1442/1442 1444/1444/1444
f 1455/1455/1455 1444/1444/1444 1440/1440/1440
f 4/4/4 2/2/2 1/1/1
f 19/19/19 17/17/17 16/16/16
f 39/39/39 8/8/8 38/38/38
f 76/76/76 41/41/41 75/75/75
f 45/45/45 43/43/43 76/76/76
f 77/77/77 45/45/45 76/76/76
f 58/58/58 57/57/57 80/80/80
f 59/59/59 58/58/58 81/81/81
f 85/85/85 62/62/62 84/84/84
f 89/89/89 88/88/88 106/106/106
f 89/89/89 69/69/69 88/88/88
f 71/71/71 70/70/70 89/89/89
f 90/90/90 71/71/71 89/89/89
f 91/91/91 72/72/72 90/90/90
f 92/92/92 74/74/74 73/73/73
f 92/92/92 73/73/73 91/91/91
f 93/93/93 75/75/75 92/92/92
f 460/460/460 76/76/76 93/93/93
f 79/79/79 1456/1456/1456 478/478/478
f 79/79/79 78/78/78 1456/1456/1456
f 81/81/81 80/80/80 95/95/95
f 83/83/83 82/82/82 97/97/97
f 1717/1717/1717 83/83/83 1718/1718/1718
f 99/99/99 84/84/84 98/98/98
f 1540/1540/1540 86/86/86 99/99/99
f 1541/1541/1541 1542/1542/1542 101/101/101
f 108/108/108 106/106/106 105/105/105
f 90/90/90 89/89/89 108/108/108
f 110/110/110 90/90/90 109/109/109
f 112/112/112 92/92/92 111/111/111
f 135/135/135 112/112/112 113/113/113
f 119/119/119 96/96/96 115/115/115
f 121/121/121 97/97/97 119/119/119
f 120/120/120 119/119/119 118/118/118
f 122/122/122 121/121/121 120/120/120
f 1719/1719/1719 1720/1720/1720 121/121/121
f 100/100/100 98/98/98 123/123/123
f 1721/1721/1721 1722/1722/1722 122/122/122
f 105/105/105 107/107/107 129/129/129
f 130/130/130 105/105/105 128/128/128
f 109/109/109 108/108/108 130/130/130
f 132/132/132 109/109/109 131/131/131
f 136/136/136 118/118/118 150/150/150
f 137/137/137 120/120/120 136/136/136
f 154/154/154 122/122/122 137/137/137
f 139/139/139 124/124/124 138/138/138
f 140/140/140 125/125/125 139/139/139
f 173/173/173 155/155/155 172/172/172
f 1723/1723/1723 1724/1724/1724 173/173/173
f 175/175/175 157/157/157 174/174/174
f 193/193/193 174/174/174 192/192/192
f 183/183/183 182/182/182 200/200/200
f 184/184/184 183/183/183 201/201/201
f 200/200/200 199/199/199 215/215/215
f 201/201/201 200/200/200 216/216/216
f 492/492/492 202/202/202 218/218/218
f 216/216/216 215/215/215 234/234/234
f 220/220/220 520/520/520 257/257/257
f 1725/1725/1725 227/227/227 244/244/244
f 229/229/229 230/230/230 247/247/247
f 231/231/231 229/229/229 246/246/246
f 232/232/232 231/231/231 248/248/248
f 233/233/233 232/232/232 249/249/249
f 234/234/234 233/233/233 250/250/250
f 246/246/246 247/247/247 264/264/264
f 248/248/248 246/246/246 263/263/263
f 249/249/249 248/248/248 265/265/265
f 250/250/250 249/249/249 266/266/266
f 251/251/251 250/250/250 267/267/267
f 252/252/252 251/251/251 269/269/269
f 275/275/275 255/255/255 273/273/273
f 259/259/259 277/277/277 276/276/276
f 263/263/263 264/264/264 288/288/288
f 265/265/265 263/263/263 287/287/287
f 266/266/266 265/265/265 289/289/289
f 267/267/267 266/266/266 290/290/290
f 271/271/271 270/270/270 293/293/293
f 272/272/272 271/271/271 294/294/294
f 276/276/276 274/274/274 297/297/297
f 279/279/279 261/261/261 299/299/299
f 301/301/301 280/280/280 300/300/300
f 287/287/287 288/288/288 308/308/308
f 289/289/289 287/287/287 307/307/307
f 278/278/278 276/276/276 316/316/316
f 298/298/298 278/278/278 317/317/317
f 299/299/299 298/298/298 318/318/318
f 319/319/319 299/299/299 318/318/318
f 300/300/300 279/279/279 319/319/319
f 321/321/321 301/301/301 320/320/320
f 307/307/307 308/308/308 327/327/327
f 289/289/289 307/307/307 326/326/326
f 290/290/290 289/289/289 328/328/328
f 309/309/309 291/291/291 330/330/330
f 312/312/312 311/311/311 332/332/332
f 341/341/341 319/319/319 340/340/340
f 320/320/320 300/300/300 341/341/341
f 343/343/343 321/321/321 342/342/342
f 326/326/326 327/327/327 348/348/348
f 328/328/328 326/326/326 347/347/347
f 329/329/329 328/328/328 349/349/349
f 330/330/330 329/329/329 350/350/350
f 331/331/331 330/330/330 351/351/351
f 332/332/332 310/310/310 352/352/352
f 333/333/333 332/332/332 353/353/353
f 334/334/334 333/333/333 355/355/355
f 336/336/336 335/335/335 357/357/357
f 339/339/339 338/338/338 360/360/360
f 361/361/361 339/339/339 360/360/360
f 363/363/363 341/341/341 362/362/362
f 342/342/342 320/320/320 363/363/363
f 365/365/365 343/343/343 364/364/364
f 347/347/347 348/348/348 369/369/369
f 349/349/349 347/347/347 368/368/368
f 350/350/350 349/349/349 370/370/370
f 351/351/351 350/350/350 371/371/371
f 352/352/352 331/331/331 372/372/372
f 353/353/353 352/352/352 373/373/373
f 354/354/354 353/353/353 374/374/374
f 355/355/355 354/354/354 375/375/375
f 356/356/356 355/355/355 377/377/377
f 358/358/358 357/357/357 379/379/379
f 360/360/360 359/359/359 381/381/381
f 382/382/382 383/383/383 361/361/361 360/360/360
f 385/385/385 363/363/363 384/384/384
f 364/364/364 342/342/342 385/385/385
f 368/368/368 369/369/369 390/390/390
f 370/370/370 368/368/368 389/389/389
f 371/371/371 370/370/370 391/391/391
f 372/372/372 351/351/351 392/392/392
f 373/373/373 372/372/372 393/393/393
f 374/374/374 373/373/373 394/394/394
f 375/375/375 374/374/374 395/395/395
f 376/376/376 375/375/375 396/396/396
f 378/378/378 377/377/377 397/397/397
f 379/379/379 378/378/378 398/398/398
f 380/380/380 379/379/379 399/399/399
f 382/382/382 381/381/381 401/401/401
f 384/384/384 383/383/383 403/403/403
f 405/405/405 385/385/385 404/404/404
f 389/389/389 390/390/390 410/410/410
f 391/391/391 389/389/389 410/410/410
f 371/371/371 391/391/391 409/409/409
f 392/392/392 371/371/371 409/409/409
f 395/395/395 394/394/394 411/411/411
f 397/397/397 376/376/376 412/412/412
f 398/398/398 397/397/397 412/412/412
f 399/399/399 398/398/398 413/413/413
f 402/402/402 401/401/401 416/416/416
f 403/403/403 402/402/402 417/417/417
f 404/404/404 403/403/403 418/418/418
f 406/406/406 405/405/405 419/419/419
f 408/408/408 407/407/407 420/420/420
f 409/409/409 410/410/410 422/422/422
f 393/393/393 409/409/409 421/421/421
f 396/396/396 395/395/395 423/423/423
f 412/412/412 396/396/396 424/424/424
f 413/413/413 412/412/412 425/425/425
f 414/414/414 413/413/413 426/426/426
f 416/416/416 415/415/415 428/428/428
f 417/417/417 416/416/416 429/429/429
f 418/418/418 417/417/417 430/430/430
f 426/426/426 425/425/425 436/436/436
f 427/427/427 426/426/426 436/436/436
f 428/428/428 427/427/427 437/437/437
f 432/432/432 431/431/431 440/440/440
f 1543/1543/1543 440/440/440 1544/1544/1544
f 1545/1545/1545 439/439/439 1546/1546/1546
f 455/455/455 50/50/50 51/51/51
f 141/141/141 464/464/464 485/485/485
f 499/499/499 308/308/308 288/288/288
f 327/327/327 500/500/500 501/501/501
f 518/518/518 228/228/228 245/245/245
f 286/286/286 529/529/529 262/262/262
f 306/306/306 527/527/527 1726/1726/1726
f 346/346/346 530/530/530 528/528/528
f 535/535/535 537/537/537 539/539/539
f 541/541/541 536/536/536 535/535/535
f 540/540/540 535/535/535 538/538/538
f 545/545/545 541/541/541 540/540/540
f 543/543/543 545/545/545 540/540/540
f 554/554/554 551/551/551 550/550/550
f 1794/1794/1794 1795/1795/1795 552/552/552
f 559/559/559 558/558/558 556/556/556
f 565/565/565 563/563/563 562/562/562
f 567/567/567 565/565/565 564/564/564
f 568/568/568 566/566/566 565/565/565
f 637/637/637 568/568/568 567/567/567
f 637/637/637 571/571/571 568/568/568
f 574/574/574 571/571/571 637/637/637
f 576/576/576 573/573/573 572/572/572
f 580/580/580 576/576/576 575/575/575
f 584/584/584 579/579/579 581/581/581
f 585/585/585 581/581/581 582/582/582
f 1547/1547/1547 600/600/600 599/599/599
f 606/606/606 603/603/603 602/602/602
f 1548/1548/1548 1549/1549/1549 604/604/604
f 612/612/612 563/563/563 613/613/613
f 539/539/539 616/616/616 538/538/538
f 546/546/546 1457/1457/1457 547/547/547
f 542/542/542 1458/1458/1458 546/546/546
f 621/621/621 622/622/622 564/564/564
f 600/600/600 1550/1550/1550 1551/1551/1551
f 605/605/605 636/636/636 606/606/606
f 637/637/637 639/639/639 574/574/574
f 640/640/640 641/641/641 575/575/575
f 586/586/586 644/644/644 589/589/589
f 644/644/644 645/645/645 589/589/589
f 647/647/647 652/652/652 595/595/595
f 658/658/658 1460/1460/1460 1461/1461/1461
f 682/682/682 667/667/667 669/669/669
f 661/661/661 660/660/660 671/671/671
f 688/688/688 690/690/690 700/700/700
f 751/751/751 750/750/750 749/749/749
f 756/756/756 719/719/719 754/754/754
f 1462/1462/1462 768/768/768 767/767/767
f 795/795/795 765/765/765 794/794/794
f 799/799/799 771/771/771 798/798/798
f 826/826/826 824/824/824 853/853/853
f 827/827/827 798/798/798 824/824/824
f 829/829/829 799/799/799 827/827/827
f 828/828/828 827/827/827 826/826/826
f 830/830/830 829/829/829 828/828/828
f 834/834/834 832/832/832 830/830/830
f 835/835/835 833/833/833 834/834/834
f 833/833/833 802/802/802 832/832/832
f 836/836/836 803/803/803 833/833/833
f 859/859/859 836/836/836 835/835/835
f 837/837/837 805/805/805 836/836/836
f 837/837/837 836/836/836 859/859/859
f 838/838/838 807/807/807 837/837/837
f 840/840/840 808/808/808 838/838/838
f 1796/1796/1796 840/840/840 839/839/839
f 1797/1797/1797 1798/1798/1798 840/840/840
f 842/842/842 811/811/811 841/841/841
f 843/843/843 813/813/813 812/812/812
f 843/843/843 812/812/812 842/842/842
f 816/816/816 815/815/815 844/844/844
f 847/847/847 818/818/818 846/846/846
f 820/820/820 819/819/819 847/847/847
f 849/849/849 820/820/820 848/848/848
f 823/823/823 822/822/822 850/850/850
f 854/854/854 826/826/826 852/852/852
f 855/855/855 828/828/828 854/854/854
f 856/856/856 830/830/830 855/855/855
f 857/857/857 834/834/834 856/856/856
f 858/858/858 835/835/835 857/857/857
f 860/860/860 859/859/859 858/858/858
f 861/861/861 837/837/837 860/860/860
f 839/839/839 838/838/838 861/861/861
f 1799/1799/1799 839/839/839 862/862/862
f 842/842/842 841/841/841 863/863/863
f 865/865/865 842/842/842 864/864/864
f 866/866/866 843/843/843 842/842/842
f 844/844/844 843/843/843 866/866/866
f 844/844/844 866/866/866 867/867/867
f 869/869/869 844/844/844 868/868/868
f 846/846/846 845/845/845 869/869/869
f 846/846/846 869/869/869 870/870/870
f 873/873/873 848/848/848 872/872/872
f 851/851/851 850/850/850 874/874/874
f 875/875/875 852/852/852 894/894/894
f 897/897/897 854/854/854 875/875/875
f 876/876/876 854/854/854 897/897/897
f 901/901/901 856/856/856 877/877/877
f 878/878/878 856/856/856 901/901/901
f 858/858/858 857/857/857 878/878/878
f 881/881/881 860/860/860 880/880/880
f 882/882/882 861/861/861 881/881/881
f 864/864/864 863/863/863 883/883/883
f 885/885/885 883/883/883 884/884/884
f 886/886/886 864/864/864 885/885/885
f 887/887/887 865/865/865 886/886/886
f 868/868/868 867/867/867 887/887/887
f 870/870/870 868/868/868 888/888/888
f 871/871/871 870/870/870 889/889/889
f 872/872/872 871/871/871 890/890/890
f 892/892/892 872/872/872 891/891/891
f 1633/1633/1633 1634/1634/1634 943/943/943
f 921/921/921 896/896/896 920/920/920
f 922/922/922 898/898/898 921/921/921
f 923/923/923 899/899/899 922/922/922
f 926/926/926 904/904/904 925/925/925
f 928/928/928 906/906/906 927/927/927
f 952/952/952 907/907/907 928/928/928
f 930/930/930 908/908/908 929/929/929
f 1800/1800/1800 1801/1801/1801 930/930/930
f 932/932/932 910/910/910 931/931/931
f 933/933/933 911/911/911 932/932/932
f 913/913/913 912/912/912 934/934/934
f 1654/1654/1654 943/943/943 968/968/968
f 1635/1635/1635 1636/1636/1636 942/942/942
f 945/945/945 921/921/921 944/944/944
f 946/946/946 922/922/922 945/945/945
f 948/948/948 924/924/924 947/947/947
f 990/990/990 931/931/931 955/955/955
f 959/959/959 933/933/933 957/957/957
f 1552/1552/1552 1553/1553/1553 980/980/980
f 945/945/945 944/944/944 969/969/969
f 971/971/971 946/946/946 970/970/970
f 973/973/973 948/948/948 972/972/972
f 949/949/949 926/926/926 974/974/974
f 964/964/964 963/963/963 975/975/975
f 965/965/965 964/964/964 976/976/976
f 966/966/966 965/965/965 977/977/977
f 1655/1655/1655 967/967/967 979/979/979
f 1637/1637/1637 1638/1638/1638 981/981/981
f 970/970/970 945/945/945 982/982/982
f 984/984/984 949/949/949 983/983/983
f 988/988/988 954/954/954 987/987/987
f 959/959/959 957/957/957 992/992/992
f 958/958/958 959/959/959 993/993/993
f 975/975/975 962/962/962 997/997/997
f 976/976/976 975/975/975 998/998/998
f 1554/1554/1554 980/980/980 1011/1011/1011
f 1000/1000/1000 970/970/970 999/999/999
f 1003/1003/1003 973/973/973 1002/1002/1002
f 983/983/983 974/974/974 1003/1003/1003
f 993/993/993 992/992/992 1006/1006/1006
f 977/977/977 976/976/976 1007/1007/1007
f 978/978/978 977/977/977 1008/1008/1008
f 1555/1555/1555 1011/1011/1011 1032/1032/1032
f 999/999/999 982/982/982 1013/1013/1013
f 1015/1015/1015 983/983/983 1014/1014/1014
f 1017/1017/1017 985/985/985 1016/1016/1016
f 1022/1022/1022 1006/1006/1006 1021/1021/1021
f 995/995/995 994/994/994 1023/1023/1023
f 998/998/998 997/997/997 1026/1026/1026
f 1007/1007/1007 998/998/998 1027/1027/1027
f 1035/1035/1035 999/999/999 1034/1034/1034
f 1014/1014/1014 1003/1003/1003 1038/1038/1038
f 1024/1024/1024 1023/1023/1023 1044/1044/1044
f 1055/1055/1055 1038/1038/1038 1054/1054/1054
f 1056/1056/1056 1014/1014/1014 1055/1055/1055
f 1064/1064/1064 1044/1044/1044 1063/1063/1063
f 1066/1066/1066 1045/1045/1045 1065/1065/1065
f 1071/1071/1071 1050/1050/1050 1070/1070/1070
f 1639/1639/1639 1640/1640/1640 1072/1072/1072
f 1088/1088/1088 1067/1067/1067 1087/1087/1087
f 1556/1556/1556 1091/1091/1091 1135/1135/1135
f 1110/1110/1110 1088/1088/1088 1109/1109/1109
f 1112/1112/1112 1089/1089/1089 1110/1110/1110
f 1557/1557/1557 1558/1558/1558 1135/1135/1135
f 1114/1114/1114 1092/1092/1092 1113/1113/1113
f 1093/1093/1093 1070/1070/1070 1114/1114/1114
f 1124/1124/1124 1101/1101/1101 1123/1123/1123
f 1126/1126/1126 1103/1103/1103 1125/1125/1125
f 1128/1128/1128 1105/1105/1105 1127/1127/1127
f 1129/1129/1129 1106/1106/1106 1128/1128/1128
f 1130/1130/1130 1107/1107/1107 1129/1129/1129
f 1133/1133/1133 1110/1110/1110 1132/1132/1132
f 1559/1559/1559 1135/1135/1135 1560/1560/1560
f 1116/1116/1116 1115/1115/1115 1139/1139/1139
f 1142/1142/1142 1118/1118/1118 1141/1141/1141
f 1143/1143/1143 1119/1119/1119 1142/1142/1142
f 1145/1145/1145 1121/1121/1121 1144/1144/1144
f 1148/1148/1148 1125/1125/1125 1147/1147/1147
f 1149/1149/1149 1126/1126/1126 1148/1148/1148
f 1151/1151/1151 1129/1129/1129 1150/1150/1150
f 1152/1152/1152 1130/1130/1130 1151/1151/1151
f 1153/1153/1153 1131/1131/1131 1152/1152/1152
f 1139/1139/1139 1138/1138/1138 1157/1157/1157
f 1161/1161/1161 1142/1142/1142 1160/1160/1160
f 1164/1164/1164 1145/1145/1145 1163/1163/1163
f 1165/1165/1165 1146/1146/1146 1164/1164/1164
f 1166/1166/1166 1147/1147/1147 1165/1165/1165
f 1167/1167/1167 1148/1148/1148 1166/1166/1166
f 1168/1168/1168 1149/1149/1149 1167/1167/1167
f 1169/1169/1169 1150/1150/1150 1168/1168/1168
f 1170/1170/1170 1152/1152/1152 1169/1169/1169
f 1171/1171/1171 1153/1153/1153 1170/1170/1170
f 1157/1157/1157 1155/1155/1155 1174/1174/1174
f 1158/1158/1158 1157/1157/1157 1175/1175/1175
f 1177/1177/1177 1159/1159/1159 1176/1176/1176
f 1178/1178/1178 1160/1160/1160 1177/1177/1177
f 1181/1181/1181 1163/1163/1163 1180/1180/1180
f 1182/1182/1182 1164/1164/1164 1181/1181/1181
f 1183/1183/1183 1165/1165/1165 1182/1182/1182
f 1184/1184/1184 1166/1166/1166 1183/1183/1183
f 1185/1185/1185 1168/1168/1168 1184/1184/1184
f 1186/1186/1186 1169/1169/1169 1185/1185/1185
f 1187/1187/1187 1170/1170/1170 1186/1186/1186
f 1192/1192/1192 1176/1176/1176 1191/1191/1191
f 1193/1193/1193 1177/1177/1177 1192/1192/1192
f 1194/1194/1194 1178/1178/1178 1193/1193/1193
f 1802/1802/1802 1803/1803/1803 1194/1194/1194
f 1196/1196/1196 1181/1181/1181 1195/1195/1195
f 1197/1197/1197 1183/1183/1183 1196/1196/1196
f 1198/1198/1198 1184/1184/1184 1197/1197/1197
f 1199/1199/1199 1185/1185/1185 1198/1198/1198
f 1200/1200/1200 1186/1186/1186 1199/1199/1199
f 1205/1205/1205 1193/1193/1193 1204/1204/1204
f 1206/1206/1206 1194/1194/1194 1205/1205/1205
f 1804/1804/1804 1805/1805/1805 1206/1206/1206
f 1210/1210/1210 1199/1199/1199 1209/1209/1209
f 1231/1231/1231 796/796/796 797/797/797
f 1235/1235/1235 1641/1641/1641 1642/1642/1642
f 823/823/823 1251/1251/1251 1254/1254/1254
f 941/941/941 1253/1253/1253 1250/1250/1250
f 874/874/874 1252/1252/1252 851/851/851
f 1258/1258/1258 1011/1011/1011 980/980/980
f 1261/1261/1261 1091/1091/1091 1069/1069/1069
f 1260/1260/1260 1069/1069/1069 1049/1049/1049
f 1463/1463/1463 1561/1561/1561 1136/1136/1136
f 1089/1089/1089 1112/1112/1112 1273/1273/1273
f 1154/1154/1154 1171/1171/1171 1464/1464/1464
f 1171/1171/1171 1187/1187/1187 1465/1465/1465
f 1304/1304/1304 1306/1306/1306 1311/1311/1311
f 1643/1643/1643 1308/1308/1308 1321/1321/1321
f 1336/1336/1336 1323/1323/1323 1337/1337/1337
f 1373/1373/1373 1375/1375/1375 1376/1376/1376
f 1380/1380/1380 1379/1379/1379 1562/1562/1562
f 1727/1727/1727 1385/1385/1385 1386/1386/1386
f 1390/1390/1390 1399/1399/1399 1398/1398/1398
f 1404/1404/1404 1403/1403/1403 1391/1391/1391
f 1428/1428/1428 1421/1421/1421 1426/1426/1426
f 1428/1428/1428 1426/1426/1426 1425/1425/1425
f 1408/1408/1408 1429/1429/1429 1406/1406/1406
f 1413/1413/1413 1415/1415/1415 1416/1416/1416
f 1420/1420/1420 1419/1419/1419 1466/1466/1466
f 1433/1433/1433 1434/1434/1434 1454/1454/1454
