# Rhino

mtllib female-interiorled-middle-260316.mtl
g Fem_virtual LED_support surf_lower_upper
o object_1
usemtl LED Support Middle
v -1.4139899015426636 1.5613555908203125 -46.836009979248047
v -0.8588671088218689 1.4275224208831787 -46.288383483886719
v -0.29454734921455383 1.3655884265899658 -45.744014739990234
v 0.27101373672485352 1.3742659091949463 -45.209026336669922
v 0.83607608079910278 1.4503006935119629 -44.683338165283203
v 1.4000236988067627 1.5907387733459473 -44.165863037109375
v 1.9612723588943481 1.7926708459854126 -43.656421661376953
v 2.5182383060455322 2.0531876087188721 -43.15484619140625
v 3.0693371295928955 2.369379997253418 -42.660968780517578
v 3.5953948497772217 2.7260444164276123 -42.189609527587891
v 4.0984683036804199 3.1232602596282959 -41.731441497802734
v 4.5774006843566895 3.5650930404663086 -41.277507781982422
v 5.0345330238342285 4.0668835639953613 -40.812526702880859
v 5.4329624176025391 4.604156494140625 -40.358821868896484
v 5.7588706016540527 5.1720271110534668 -39.917366027832031
v 5.998438835144043 5.7656106948852539 -39.489147186279297
v 6.1378493309020996 6.3800234794616699 -39.075141906738281
v 6.1628985404968262 7.0299429893493652 -38.664253234863281
v 6.0628538131713867 7.6978068351745605 -38.265571594238281
v 5.8459882736206055 8.3544092178344727 -37.892314910888672
v 5.5306239128112793 8.9730548858642578 -37.554698944091797
v 5.1197223663330078 9.5595035552978516 -37.245357513427734
v 4.6207337379455566 10.101091384887695 -36.967639923095703
v 4.0411076545715332 10.585156440734863 -36.724880218505859
v 3.3882944583892822 10.99903392791748 -36.520427703857422
v 2.685565710067749 11.324762344360352 -36.360370635986328
v 1.9479129314422607 11.563072204589844 -36.243297576904297
v 1.1761015653610229 11.72128963470459 -36.165584564208984
v 0.38832780718803406 11.799371719360352 -36.127246856689453
v -0.40615242719650269 11.798484802246094 -36.127712249755859
v -1.193611741065979 11.718623161315918 -36.166980743408203
v -1.9603230953216553 11.559782981872559 -36.245044708251953
v -2.6925590038299561 11.321959495544434 -36.361911773681641
v -3.3822650909423828 11.002147674560547 -36.519065856933594
v -4.0278263092041016 10.594527244567871 -36.720378875732422
v -4.6031527519226074 10.117300033569336 -36.959552764892578
v -5.1121125221252441 9.5682582855224609 -37.240890502929688
v -5.532555103302002 8.9689350128173828 -37.55694580078125
v -5.853118896484375 8.3360881805419922 -37.902523040771484
v -6.0658445358276367 7.6832585334777832 -38.274059295654297
v -6.1627740859985352 7.0239896774291992 -38.667984008789063
v -6.1314315795898438 6.3382935523986816 -39.102630615234375
v -5.9876656532287598 5.7339963912963867 -39.511604309082031
v -5.7322149276733398 5.1201610565185547 -39.956954956054688
v -5.4155054092407227 4.5795440673828125 -40.379726409912109
v -5.0305237770080566 4.0639019012451172 -40.816436767578125
v -4.5913496017456055 3.5810751914978027 -41.263561248779297
v -4.1102828979492188 3.1353824138641357 -41.720218658447266
v -3.5996229648590088 2.7311422824859619 -42.185539245605469
v -3.0717804431915283 2.3727476596832275 -42.658531188964844
v -2.5297508239746094 2.0607306957244873 -43.144271850585938
v -1.97887122631073 1.8011267185211182 -43.640296936035156
v -1.418002724647522 1.5969622135162354 -44.149265289306641
v -0.85075497627258301 1.4534544944763184 -44.66961669921875
v -0.28232851624488831 1.3751254081726074 -45.198284149169922
v 0.28567329049110413 1.364990234375 -45.735450744628906
v 0.85164719820022583 1.4260643720626831 -46.281299591064453
v 1.4139899015426636 1.5613632202148438 -46.836009979248047
v -0.70689457654953003 1.5556774139404297 -47.543106079101563
v -0.18092584609985352 1.4990227222442627 -47.020900726318359
v 0.34584477543830872 1.5078973770141602 -46.501602172851563
v 0.86667674779891968 1.5799751281738281 -45.990859985351563
v 1.3807657957077026 1.7118767499923706 -45.488410949707031
v 1.8883131742477417 1.9006202220916748 -44.993015289306641
v 2.388622522354126 2.1431529521942139 -44.504322052001953
v 2.880997896194458 2.43642258644104 -44.021976470947266
v 3.3647429943084717 2.777376651763916 -43.545623779296875
v 3.8237860202789307 3.1503236293792725 -43.089469909667969
v 4.2602219581604004 3.5564091205596924 -42.644657135009766
v 4.6729202270507813 4.0003023147583008 -42.20263671875
v 5.0634169578552246 4.4972567558288574 -41.748573303222656
v 5.3995976448059082 5.0229802131652832 -41.304332733154297
v 5.6693134307861328 5.5730342864990234 -40.871044158935547
v 5.8604154586791992 6.1429805755615234 -40.4498291015625
v 5.9607553482055664 6.7283797264099121 -40.041805267333984
v 5.9570164680480957 7.3432602882385254 -39.636161804199219
v 5.839745044708252 7.9712638854980469 -39.241966247558594
v 5.6165876388549805 8.5856161117553711 -38.872406005859375
v 5.30426025390625 9.1621522903442383 -38.537734985351563
v 4.9042644500732422 9.7069301605224609 -38.230777740478516
v 4.4229059219360352 10.208733558654785 -37.954952239990234
v 3.8664896488189697 10.656345367431641 -37.713676452636719
v 3.2413201332092285 11.038548469543457 -37.510368347167969
v 2.5688815116882324 11.339210510253906 -37.351181030273438
v 1.8631775379180908 11.559179306030273 -37.234737396240234
v 1.1248921155929565 11.705220222473145 -37.157436370849609
v 0.37139320373535156 11.777294158935547 -37.119297027587891
v -0.38850244879722595 11.776477813720703 -37.1197509765625
v -1.1417005062103271 11.702767372131348 -37.158794403076172
v -1.8751069307327271 11.556159019470215 -37.236427307128906
v -2.575627326965332 11.336648941040039 -37.352649688720703
v -3.2356009483337402 11.041461944580078 -37.508945465087891
v -3.8538062572479248 10.665058135986328 -37.709125518798828
v -4.406041145324707 10.22380542755127 -37.946842193603516
v -4.8969407081604004 9.7151374816894531 -38.226268768310547
v -5.3062028884887695 9.1584157943725586 -38.539894104003906
v -5.6238203048706055 8.568608283996582 -38.882457733154297
v -5.8430581092834473 7.957707405090332 -39.250301361083984
v -5.9571819305419922 7.3377079963684082 -39.639785766601563
v -5.9567446708679199 6.6887655258178711 -40.068855285644531
v -5.8521237373352051 6.1126875877380371 -40.471870422363281
v -5.6476216316223145 5.5228686332702637 -40.909866333007813
v -5.3851003646850586 4.9987993240356445 -41.324741363525391
v -5.0601592063903809 4.4940166473388672 -41.752304077148438
v -4.6850647926330566 4.0158500671386719 -42.188938140869141
v -4.2706289291381836 3.5682299137115479 -42.633647918701172
v -3.827662467956543 3.1550858020782471 -43.085430145263672
v -3.3670721054077148 2.7804272174835205 -43.543178558349609
v -2.8913073539733887 2.444218635559082 -44.01171875
v -2.4043805599212646 2.1525077819824219 -44.488784790039063
v -1.9045147895812988 1.9081099033355713 -44.977077484130859
v -1.3941088914871216 1.7163287401199341 -45.475265502929688
v -0.87705987691879272 1.5820497274398804 -45.980598449707031
v -0.35407289862632751 1.5084184408187866 -46.493434906005859
v 0.17414693534374237 1.4985804557800293 -47.014148712158203
v 0.70689457654953003 1.5556812286376953 -47.543106079101563
v 0.00020080804824829102 1.5499992370605469 -48.250198364257813
v 0.49701538681983948 1.5705230236053467 -47.753414154052734
v 0.98623692989349365 1.6502063274383545 -47.259189605712891
v 1.4623397588729858 1.7856842279434204 -46.772697448730469
v 1.9254555702209473 1.9734528064727783 -46.293483734130859
v 2.3766026496887207 2.2105016708374023 -45.820171356201172
v 2.8159728050231934 2.4936349391937256 -45.352226257324219
v 3.2437577247619629 2.8196573257446289 -44.889106750488281
v 3.660149097442627 3.185373067855835 -44.430274963378906
v 4.0521769523620605 3.5746028423309326 -43.989330291748047
v 4.4219756126403809 3.9895577430725098 -43.557872772216797
v 4.7684392929077148 4.435511589050293 -43.127761840820313
v 5.0923008918762207 4.9276294708251953 -42.684616088867188
v 5.3662328720092773 5.4418039321899414 -42.249847412109375
v 5.5797562599182129 5.9740419387817383 -41.824726104736328
v 5.7223925590515137 6.520350456237793 -41.410511016845703
v 5.7836618423461914 7.0767359733581543 -41.008468627929688
v 5.7511343955993652 7.6565780639648438 -40.608070373535156
v 5.6166362762451172 8.2447214126586914 -40.218360900878906
v 5.3871870040893555 8.8168230056762695 -39.852500915527344
v 5.0778961181640625 9.3512496948242188 -39.520774841308594
v 4.6888065338134766 9.8543567657470703 -39.216197967529297
v 4.2250785827636719 10.316375732421875 -38.942264556884766
v 3.6918714046478271 10.727534294128418 -38.702472686767578
v 3.0943460464477539 11.07806396484375 -38.500308990478516
v 2.4521973133087158 11.353658676147461 -38.341991424560547
v 1.7784421443939209 11.555286407470703 -38.226177215576172
v 1.0736827850341797 11.689150810241699 -38.149288177490234
v 0.35445857048034668 11.755216598510742 -38.111351013183594
v -0.37085247039794922 11.754471778869629 -38.111793518066406
v -1.0897892713546753 11.686911582946777 -38.150611877441406
v -1.7898907661437988 11.552535057067871 -38.227809906005859
v -2.4586958885192871 11.351338386535645 -38.343391418457031
v -3.0889365673065186 11.080775260925293 -38.498821258544922
v -3.6797866821289063 10.735589027404785 -38.697868347167969
v -4.2089295387268066 10.330309867858887 -38.934127807617188
v -4.6817684173583984 9.8620157241821289 -39.211643218994141
v -5.0798506736755371 9.347895622253418 -39.522842407226563
v -5.3945217132568359 8.8011283874511719 -39.862388610839844
v -5.6202716827392578 8.2321567535400391 -40.226543426513672
v -5.751589298248291 7.651425838470459 -40.611583709716797
v -5.7820577621459961 7.0392379760742188 -41.035079956054688
v -5.7165822982788086 6.4913783073425293 -41.432136535644531
v -5.5630278587341309 5.9255757331848145 -41.862777709960938
v -5.3546948432922363 5.4180541038513184 -42.269760131835938
v -5.0897941589355469 4.924130916595459 -42.688167572021484
v -4.778780460357666 4.450624942779541 -43.114315032958984
v -4.4309754371643066 4.0010771751403809 -43.547077178955078
v -4.055701732635498 3.5790290832519531 -43.985324859619141
v -3.6623637676239014 3.1881070137023926 -44.427829742431641
v -3.252863883972168 2.8277068138122559 -44.879169464111328
v -2.8298897743225098 2.5038888454437256 -45.337268829345703
v -2.3910269737243652 2.2192575931549072 -45.804889678955078
v -1.9374628067016602 1.9792029857635498 -46.280918121337891
v -1.47179114818573 1.7889740467071533 -46.762908935546875
v -0.99381905794143677 1.6518466472625732 -47.251422882080078
v -0.5033532977104187 1.5710965394973755 -47.747001647949219
v -0.00020080804824829102 1.5499992370605469 -48.250198364257813
v 0.70729613304138184 1.5443210601806641 -48.957294464111328
v 1.1749566793441772 1.6420232057571411 -48.485931396484375
v 1.626629114151001 1.7925152778625488 -48.016777038574219
v 2.0580029487609863 1.9913934469223022 -47.554531097412109
v 2.4701454639434814 2.2350287437438965 -47.098552703857422
v 2.8648922443389893 2.5203831195831299 -46.647327423095703
v 3.2433228492736816 2.8441171646118164 -46.200126647949219
v 3.6065173149108887 3.2028923034667969 -45.756233215332031
v 3.9555549621582031 3.5933694839477539 -45.314926147460938
v 4.2805676460266113 3.9988820552825928 -44.889194488525391
v 4.5837292671203613 4.4227066040039063 -44.471084594726563
v 4.8639588356018066 4.8707208633422852 -44.052890777587891
v 5.1211843490600586 5.3580021858215332 -43.620658874511719
v 5.3328680992126465 5.8606276512145996 -43.195362091064453
v 5.4901995658874512 6.3750491142272949 -42.778404235839844
v 5.5843691825866699 6.8977198600769043 -42.371192932128906
v 5.6065678596496582 7.4250926971435547 -41.975131988525391
v 5.545252799987793 7.9698953628540039 -41.579978942871094
v 5.3935279846191406 8.5181779861450195 -41.194759368896484
v 5.1577863693237305 9.0480308532714844 -40.832592010498047
v 4.8515324592590332 9.5403461456298828 -40.503810882568359
v 4.4733490943908691 10.00178337097168 -40.201618194580078
v 4.0272507667541504 10.424016952514648 -39.929580688476563
v 3.5172533988952637 10.798723220825195 -39.691268920898438
v 2.9473717212677002 11.117578506469727 -39.490253448486328
v 2.3355133533477783 11.368106842041016 -39.332798004150391
v 1.693706750869751 11.551393508911133 -39.217613220214844
v 1.0224733352661133 11.673081398010254 -39.141143798828125
v 0.33752396702766418 11.733139038085938 -39.103404998779297
v -0.35320252180099487 11.732464790344238 -39.103832244873047
v -1.0378780364990234 11.671055793762207 -39.142429351806641
v -1.7046747207641602 11.548911094665527 -39.219192504882813
v -2.3417642116546631 11.366026878356934 -39.334129333496094
v -2.9422721862792969 11.120088577270508 -39.488700866699219
v -3.5057668685913086 10.806118965148926 -39.686614990234375
v -4.011817455291748 10.43681526184082 -39.921417236328125
v -4.4665966033935547 10.008894920349121 -40.197021484375
v -4.8534984588623047 9.5373764038085938 -40.505790710449219
v -5.1652231216430664 9.0336484909057617 -40.842319488525391
v -5.3974847793579102 8.5066061019897461 -41.202789306640625
v -5.545997142791748 7.965144157409668 -41.583385467529297
v -5.6073708534240723 7.3897099494934082 -42.001304626464844
v -5.5810403823852539 6.8700690269470215 -42.392402648925781
v -5.4784345626831055 6.3282828330993652 -42.815685272216797
v -5.3242897987365723 5.8373088836669922 -43.214778900146484
v -5.1194295883178711 5.354245662689209 -43.624034881591797
v -4.8724956512451172 4.8853998184204102 -44.039695739746094
v -4.5913214683532715 4.433924674987793 -44.460506439208984
v -4.2837414741516113 4.0029726028442383 -44.885215759277344
v -3.9576554298400879 3.5957868099212646 -45.312480926513672
v -3.6144204139709473 3.2111947536468506 -45.746616363525391
v -3.2553989887237549 2.8552699089050293 -46.185752868652344
v -2.8775389194488525 2.5304055213928223 -46.632701873779297
v -2.4808166027069092 2.242077112197876 -47.086566925048828
v -2.0665225982666016 1.9958983659744263 -47.545223236083984
v -1.6335653066635132 1.7952748537063599 -48.009407043457031
v -1.1808536052703857 1.6436125040054321 -48.479850769042969
v -0.70729613304138184 1.5443172454833984 -48.957294464111328
v 1.4143915176391602 1.5386428833007813 -49.664390563964844
v 1.8528978824615479 1.7135235071182251 -49.21844482421875
v 2.2670211791992188 1.9348243474960327 -48.774364471435547
v 2.6536657810211182 2.1971025466918945 -48.336368560791016
v 3.0148351192474365 2.4966049194335938 -47.90362548828125
v 3.3531816005706787 2.8302645683288574 -47.474479675292969
v 3.670673131942749 3.1945991516113281 -47.048030853271484
v 3.9692769050598145 3.5861270427703857 -46.623363494873047
v 4.2509608268737793 4.001366138458252 -46.199581146240234
v 4.5089588165283203 4.4231610298156738 -45.789054870605469
v 4.7454824447631836 4.8558549880981445 -45.384300231933594
v 4.9594779014587402 5.3059301376342773 -44.978015899658203
v 5.1500682830810547 5.7883749008178711 -44.55670166015625
v 5.2995033264160156 6.2794513702392578 -44.140872955322266
v 5.4006423950195313 6.7760567665100098 -43.732082366943359
v 5.4463462829589844 7.2750897407531738 -43.331874847412109
v 5.429473876953125 7.7734489440917969 -42.941795349121094
v 5.3393707275390625 8.2832126617431641 -42.551883697509766
v 5.1704192161560059 8.7916355133056641 -42.171154022216797
v 4.9283857345581055 9.2792377471923828 -41.812686920166016
v 4.6251688003540039 9.7294435501098633 -41.486850738525391
v 4.2578911781311035 10.149209976196289 -41.187038421630859
v 3.829423189163208 10.531659126281738 -40.916893005371094
v 3.3426351547241211 10.869913101196289 -40.680061340332031
v 2.8003976345062256 11.157093048095703 -40.480194091796875
v 2.2188291549682617 11.38255500793457 -40.3236083984375
v 1.6089713573455811 11.547500610351563 -40.209053039550781
v 0.97126388549804688 11.657011032104492 -40.13299560546875
v 0.32058936357498169 11.711061477661133 -40.095455169677734
v -0.33555254340171814 11.710457801818848 -40.095870971679688
v -0.98596686124801636 11.655200958251953 -40.134243011474609
v -1.6194585561752319 11.545287132263184 -40.210575103759766
v -2.2248327732086182 11.380716323852539 -40.324867248535156
v -2.7956078052520752 11.159401893615723 -40.47857666015625
v -3.33174729347229 10.876649856567383 -40.675357818603516
v -3.8147058486938477 10.543320655822754 -40.908702850341797
v -4.2514247894287109 10.155774116516113 -41.182395935058594
v -4.6271462440490723 9.7268571853637695 -41.488739013671875
v -4.9359245300292969 9.2661685943603516 -41.822250366210938
v -5.1746983528137207 8.7810544967651367 -42.179031372070313
v -5.3404049873352051 8.2788629531860352 -42.555187225341797
v -5.4326839447021484 7.7401819229125977 -42.967529296875
v -5.4454989433288574 7.2487597465515137 -43.352668762207031
v -5.3938412666320801 6.7309904098510742 -43.768596649169922
v -5.29388427734375 6.256563663482666 -44.159793853759766
v -5.1490650177001953 5.784360408782959 -44.559902191162109
v -4.9662108421325684 5.3201746940612793 -44.965072631835938
v -4.7516679763793945 4.8667721748352051 -45.373935699462891
v -4.5117807388305664 4.4269161224365234 -45.785110473632813
v -4.2529473304748535 4.0034666061401367 -46.197132110595703
v -3.9759769439697266 3.5946829319000244 -46.614063262939453
v -3.6809084415435791 3.206650972366333 -47.03424072265625
v -3.3640511035919189 2.8415532112121582 -47.460514068603516
v -3.0241706371307373 2.5049514770507813 -47.892215728759766
v -2.6612539291381836 2.2028226852416992 -48.327537536621094
v -2.2733113765716553 1.9387030601501465 -48.767391204833984
v -1.858353853225708 1.7161285877227783 -49.212703704833984
v -1.4143915176391602 1.53863525390625 -49.664390563964844
v -0.44340410828590393 1.5190223455429077 -47.280979156494141
v -0.51989644765853882 1.4632725715637207 -46.654640197753906
v -1.1369750499725342 1.4852406978607178 -46.561111450195313
v -1.0604422092437744 1.5585165023803711 -47.189556121826172
v -0.79018956422805786 1.5021315813064575 -46.921043395996094
v 0.083063162863254547 1.4953482151031494 -46.760250091552734
v 0.025648714974522591 1.436742901802063 -46.122806549072266
v -0.57706582546234131 1.3875374794006348 -46.015113830566406
v -0.24700133502483368 1.4414428472518921 -46.387683868408203
v 0.60695022344589233 1.5362319946289063 -46.245281219482422
v 0.56884527206420898 1.4771205186843872 -45.599941253662109
v -0.01192520372569561 1.3613014221191406 -45.475456237792969
v 0.29751253128051758 1.4487667083740234 -45.860366821289063
v 1.1244955062866211 1.6386299133300781 -45.738731384277344
v 1.1084209680557251 1.581088662147522 -45.08587646484375
v 0.5535852313041687 1.4040510654449463 -44.945144653320313
v 0.83904033899307251 1.5213404893875122 -45.341938018798828
v 1.6354007720947266 1.7993340492248535 -45.239852905273438
v 1.6441683769226074 1.745679497718811 -44.579437255859375
v 1.1182881593704224 1.5126510858535767 -44.423583984375
v 1.3768444061279297 1.6559926271438599 -44.831718444824219
v 2.1394162178039551 2.0153536796569824 -44.747852325439453
v 2.1749475002288818 1.9679118394851685 -44.080371856689453
v 1.6810843944549561 1.6841998100280762 -43.910148620605469
v 1.9102503061294556 1.8497767448425293 -44.329002380371094
v 2.635845422744751 2.2836363315582275 -44.262378692626953
v 2.6996181011199951 2.2448050975799561 -43.588413238525391
v 2.2403898239135742 1.9157880544662476 -43.4046630859375
v 2.4381177425384521 2.0997121334075928 -43.833518981933594
v 3.1239926815032959 2.6011297702789307 -43.783073425292969
v 3.2170400619506836 2.573378324508667 -43.103294372558594
v 2.7946200370788574 2.2045063972473145 -42.906955718994141
v 2.9593064785003662 2.402817964553833 -43.345016479492188
v 3.5957894325256348 2.9588277339935303 -43.316852569580078
v 3.7095904350280762 2.9381840229034424 -42.639541625976563
v 3.3337469100952148 2.5417468547821045 -42.42437744140625
v 3.4647681713104248 2.7502872943878174 -42.870616912841797
v 4.0447831153869629 3.3489353656768799 -42.866268157958984
v 4.1793451309204102 3.3398346900939941 -42.18804931640625
v 3.8497481346130371 2.9193482398986816 -41.959529876708984
v 3.947265625 3.1341416835784912 -42.412899017333984
v 4.4707212448120117 3.7743234634399414 -42.422714233398438
v 4.6251606941223145 3.7826976776123047 -41.740074157714844
v 4.3423037528991699 3.3393032550811768 -41.503353118896484
v 4.4065122604370117 3.5568134784698486 -41.963035583496094
v 4.8741989135742188 4.244905948638916 -41.974445343017578
v 5.0489749908447266 4.2820701599121094 -41.280551910400391
v 4.812441349029541 3.8112478256225586 -41.043670654296875
v 4.8433198928833008 4.0280766487121582 -41.509059906005859
v 5.2390561103820801 4.7567996978759766 -41.525154113769531
v 5.4162797927856445 4.8135685920715332 -40.831577301025391
v 5.2419490814208984 4.331390380859375 -40.584205627441406
v 5.2405028343200684 4.5440950393676758 -41.054679870605469
v 5.543522834777832 5.2952432632446289 -41.086250305175781
v 5.7140917778015137 5.372530460357666 -40.394207000732422
v 5.6058454513549805 4.8845725059509277 -40.136501312255859
v 5.5746841430664063 5.0899076461791992 -40.611373901367188
v 5.7754507064819336 5.8557982444763184 -40.658859252929688
v 5.9294271469116211 5.9542956352233887 -39.969486236572266
v 5.8903107643127441 5.4659099578857422 -39.701541900634766
v 5.8328804969787598 5.6608543395996094 -40.180198669433594
v 5.9226903915405273 6.434025764465332 -40.244098663330078
v 6.0493025779724121 6.554201602935791 -39.558475494384766
v 6.0815272331237793 6.0705184936523438 -39.280307769775391
v 6.0021085739135742 6.2522721290588379 -39.762203216552734
v 5.9730501174926758 7.0347809791564941 -39.836963653564453
v 6.0599575042724609 7.1866016387939453 -39.15020751953125
v 6.1660704612731934 6.7033376693725586 -38.867568969726563
v 6.0695605278015137 6.8690590858459473 -39.352264404296875
v 5.9122805595397949 7.6576905250549316 -39.436515808105469
v 5.9512996673583984 7.8345355987548828 -38.753768920898438
v 6.1282210350036621 7.3638687133789063 -38.462261199951172
v 6.0202507972717285 7.510779857635498 -38.949390411376953
v 5.7410235404968262 8.2803936004638672 -39.054206848144531
v 5.731287956237793 8.4700126647949219 -38.382358551025391
v 5.9685482978820801 8.0278301239013672 -38.075870513916016
v 5.8547859191894531 8.1541118621826172 -38.565036773681641
v 5.4717764854431152 8.8771524429321289 -38.701820373535156
v 5.4174418449401855 9.0676031112670898 -38.046215057373047
v 5.7007136344909668 8.6669654846191406 -37.720180511474609
v 5.586245059967041 8.772059440612793 -38.21099853515625
v 5.1148266792297363 9.4392118453979492 -38.380580902099609
v 5.011993408203125 9.6332168579101563 -37.738067626953125
v 5.3366494178771973 9.2710952758789063 -37.396286010742188
v 5.2257380485534668 9.3551540374755859 -37.888431549072266
v 4.6733617782592773 9.9639043807983398 -38.088760375976563
v 4.521820068359375 10.154912948608398 -37.461296081542969
v 4.8807730674743652 9.8366966247558594 -37.102336883544922
v 4.7770671844482422 9.9003009796142578 -37.595550537109375
v 4.1536860466003418 10.440014839172363 -37.829780578613281
v 3.953798770904541 10.620750427246094 -37.219276428222656
v 4.3405346870422363 10.351105690002441 -36.841678619384766
v 4.2471103668212891 10.395560264587402 -37.335731506347656
v 3.5621049404144287 10.856324195861816 -37.607063293457031
v 3.3148071765899658 11.018791198730469 -37.015396118164063
v 3.723383903503418 10.80165958404541 -36.617656707763672
v 3.6427445411682129 10.828991889953613 -37.112358093261719
v 2.9120156764984131 11.198468208312988 -37.425689697265625
v 2.6272234916687012 11.331986427307129 -36.855777740478516
v 3.0441815853118896 11.172285079956055 -36.435287475585938
v 2.9780986309051514 11.185376167297363 -36.930488586425781
v -2.9122779369354248 11.198297500610352 -37.425899505615234
v -3.3089330196380615 11.021804809570313 -37.014003753662109
v -3.0444002151489258 11.172065734863281 -36.435565948486328
v -2.6340930461883545 11.329303741455078 -36.857280731201172
v -2.9783389568328857 11.185181617736816 -36.930732727050781
v -3.5526862144470215 10.861936569213867 -37.604194641113281
v -3.9408161640167236 10.629792213439941 -37.214752197265625
v -3.7134969234466553 10.807687759399414 -36.614845275878906
v -3.6330916881561279 10.834812164306641 -37.109519958496094
v -4.1386971473693848 10.4517822265625 -37.823535919189453
v -4.5045971870422363 10.170552253723145 -37.453197479248047
v -4.3248715400695801 10.363764762878418 -36.835475921630859
v -4.2317843437194824 10.407773017883301 -37.329505920410156
v -4.6615614891052246 9.9757728576660156 -38.082305908203125
v -5.0045266151428223 9.641697883605957 -37.73358154296875
v -4.8684940338134766 9.849421501159668 -37.095916748046875
v -4.7650279998779297 9.91259765625 -37.589111328125
v -5.1126065254211426 9.4416618347167969 -38.379238128662109
v -5.4193792343139648 9.0636749267578125 -38.048419952392578
v -5.3343210220336914 9.2736339569091797 -37.395004272460938
v -5.2234640121459961 9.3576478958129883 -37.887119293212891
v -5.4768881797790527 8.8668975830078125 -38.707786560058594
v -5.7384696006774902 8.4523477554321289 -38.392490386962891
v -5.7058191299438477 8.6558551788330078 -37.726268768310547
v -5.5913538932800293 8.7613763809204102 -38.217025756835938
v -5.7461576461791992 8.265045166015625 -39.063446044921875
v -5.9544515609741211 7.8204827308654785 -38.762180328369141
v -5.9734587669372559 8.0113248825073242 -38.085269927978516
v -5.8598079681396484 8.1381845474243164 -38.574359893798828
v -5.9136800765991211 7.6480956077575684 -39.44256591796875
v -6.0599780082702637 7.1808485984802246 -39.153884887695313
v -6.1292815208435059 7.3535823822021484 -38.46844482421875
v -6.0214805603027344 7.5008387565612793 -38.95550537109375
v -5.9727487564086914 7.0120248794555664 -39.852077484130859
v -6.0440883636474609 6.5135297775268555 -39.585742950439453
v -6.1645975112915039 6.6792440414428711 -38.882942199707031
v -6.0686731338500977 6.8456344604492188 -39.367507934570313
v -5.9161067008972168 6.3990817070007324 -40.268699645996094
v -5.9198946952819824 5.9233417510986328 -39.991737365722656
v -6.0724520683288574 6.0338692665100098 -39.305339813232422
v -5.9942793846130371 6.2164754867553711 -39.787017822265625
v -5.7611522674560547 5.8153543472290039 -40.689178466796875
v -5.689918041229248 5.3215146064758301 -40.43341064453125
v -5.8723559379577637 5.423896312713623 -39.732444763183594
v -5.8167538642883301 5.6196250915527344 -40.210811614990234
v -5.5245480537414551 5.2582745552062988 -41.116001129150391
v -5.4003028869628906 4.7891716957092285 -40.85223388671875
v -5.5828213691711426 4.8466000556945801 -40.166893005371094
v -5.5536847114562988 5.0524373054504395 -40.641445159912109
v -5.2295746803283691 4.7433261871337891 -41.537326812744141
v -5.0453414916992188 4.2789592742919922 -41.284370422363281
v -5.2305574417114258 4.3178911209106445 -40.596725463867188
v -5.2300658226013184 4.5306086540222168 -41.067024230957031
v -4.8782052993774414 4.2513604164123535 -41.969547271728516
v -4.6382074356079102 3.7984626293182373 -41.726249694824219
v -4.8169422149658203 3.8181166648864746 -41.038753509521484
v -4.8475737571716309 4.0347385406494141 -41.504150390625
v -4.4820890426635742 3.7879760265350342 -42.410346984863281
v -4.1904559135437012 3.3518061637878418 -42.176933288574219
v -4.3552837371826172 3.3533170223236084 -41.490753173828125
v -4.4186863899230957 3.5706465244293213 -41.950550079345703
v -4.0520362854003906 3.357102632522583 -42.858718872070313
v -3.7136428356170654 2.9431140422821045 -42.635482788085938
v -3.8578832149505615 2.9278109073638916 -41.951850891113281
v -3.9549598693847656 3.1424567699432373 -42.405284881591797
v -3.5989115238189697 2.9627130031585693 -43.313610076904297
v -3.219426155090332 2.576587438583374 -43.100856781005859
v -3.3371000289916992 2.5459573268890381 -42.421115875244141
v -3.468005895614624 2.7543351650238037 -42.867362976074219
v -3.1302757263183594 2.6067535877227783 -43.776748657226563
v -2.710529088973999 2.2524745464324951 -43.577995300292969
v -2.8015706539154053 2.2101981639862061 -42.900482177734375
v -2.9659230709075928 2.4084758758544922 -43.338615417480469
v -2.6488590240478516 2.2923567295074463 -44.249496459960938
v -2.1916258335113525 1.97681725025177 -44.064540863037109
v -2.2549352645874023 1.9239550828933716 -43.391334533691406
v -2.451897144317627 2.1081559658050537 -43.820415496826172
v -2.1553976535797119 2.0237936973571777 -44.73211669921875
v -1.6612588167190552 1.7525360584259033 -44.56317138671875
v -1.6988785266876221 1.6915580034255981 -43.893787384033203
v -1.927138090133667 1.8576759099960327 -44.312953948974609
v -1.65018630027771 1.8052281141281128 -45.225303649902344
v -1.1224318742752075 1.5848915576934814 -45.072441101074219
v -1.1346263885498047 1.5172494649887085 -44.408412933349609
v -1.3924063444137573 1.6612387895584106 -44.816856384277344
v -1.1363706588745117 1.6418048143386841 -45.727016448974609
v -0.57969421148300171 1.4785875082015991 -45.589443206787109
v -0.5665888786315918 1.405954122543335 -44.932899475097656
v -0.85147976875305176 1.5238795280456543 -45.329959869384766
v -0.61626458168029785 1.5374565124511719 -46.236057281494141
v -0.034199800342321396 1.4367043972015381 -46.114444732666016
v 0.0018256711773574352 1.3613450527191162 -45.465793609619141
v -0.30721944570541382 1.449400782585144 -45.850925445556641
v -0.090573020279407501 1.4953286647796631 -46.752784729003906
v 0.5128970742225647 1.462322473526001 -46.647724151611328
v 0.56901395320892334 1.3864376544952393 -46.007278442382813
v 0.23922045528888702 1.4408831596374512 -46.380031585693359
v 0.43999883532524109 1.5185668468475342 -47.277572631835938
v 1.0604422092437744 1.5585222244262695 -47.189556121826172
v 1.1333726644515991 1.4842473268508911 -46.557533264160156
v 0.7866857647895813 1.5014070272445679 -46.917552947998047
v 0.25016686320304871 1.5528041124343872 -48.000846862792969
v 0.15804477035999298 1.5347728729248047 -47.387157440185547
v -0.35334688425064087 1.5528383255004883 -47.896652221679688
v -0.096618622541427612 1.5359132289886475 -47.640914916992188
v 0.74319219589233398 1.6031589508056641 -47.505390167236328
v 0.66604083776473999 1.5790518522262573 -46.880397796630859
v 0.41312766075134277 1.5492535829544067 -47.132820129394531
v 1.2258256673812866 1.7111624479293823 -47.015102386474609
v 1.1645083427429199 1.6828296184539795 -46.381778717041016
v 0.91638797521591187 1.6236971616744995 -46.630191802978516
v 1.6954057216644287 1.87320876121521 -46.532318115234375
v 1.6531107425689697 1.8426647186279297 -45.890945434570313
v 1.4099506139755249 1.755919337272644 -46.135524749755859
v 2.1525132656097412 2.0860168933868408 -46.056121826171875
v 2.132457971572876 2.055560827255249 -45.406593322753906
v 1.8939570188522339 1.9426754713058472 -45.647987365722656
v 2.597747802734375 2.3465075492858887 -45.585559844970703
v 2.6022977828979492 2.3183939456939697 -44.928272247314453
v 2.368582010269165 2.1809306144714355 -45.166706085205078
v 3.0313012599945068 2.6514849662780762 -45.120094299316406
v 3.0623776912689209 2.628040075302124 -44.455539703369141
v 2.8335733413696289 2.4675605297088623 -44.691238403320313
v 3.4533655643463135 2.997753381729126 -44.659187316894531
v 3.5124459266662598 2.9813747406005859 -43.987949371337891
v 3.2886791229248047 2.7994415760040283 -44.22113037109375
v 3.8578319549560547 3.375908374786377 -44.209331512451172
v 3.9379813671112061 3.3624632358551025 -43.539402008056641
v 3.7268106937408447 3.1673679351806641 -43.763092041015625
v 4.2398185729980469 3.7785227298736572 -43.773006439208984
v 4.3410987854003906 3.7729833126068115 -43.101264953613281
v 4.1423006057739258 3.5637290477752686 -43.319637298583984
v 4.5991382598876953 4.2093439102172852 -43.342075347900391
v 4.720679759979248 4.2179069519042969 -42.665199279785156
v 4.5349297523498535 3.9918336868286133 -42.882392883300781
v 4.9359560012817383 4.6785635948181152 -42.905220031738281
v 5.0778589248657227 4.7124428749084473 -42.216594696044922
v 4.9050774574279785 4.4617347717285156 -42.439834594726563
v 5.2361626625061035 5.1822090148925781 -42.466106414794922
v 5.3829150199890137 5.2323918342590332 -41.777091979980469
v 5.2376093864440918 4.9695043563842773 -41.995628356933594
v 5.4812006950378418 5.7059144973754883 -42.036003112792969
v 5.624535083770752 5.7735381126403809 -41.347885131835938
v 5.5123615264892578 5.5005788803100586 -41.561126708984375
v 5.6605901718139648 6.2456865310668945 -41.616172790527344
v 5.7914042472839355 6.3316655158996582 -40.930168151855469
v 5.7180204391479492 6.0507426261901855 -41.137516021728516
v 5.7638530731201172 6.7975330352783203 -41.207889556884766
v 5.8722085952758789 6.9025578498840332 -40.525138854980469
v 5.8432717323303223 6.6157793998718262 -40.725994110107422
v 5.7800297737121582 7.3662247657775879 -40.806358337402344
v 5.8540754318237305 7.4999189376831055 -40.122116088867188
v 5.8765401840209961 7.200502872467041 -40.321659088134766
v 5.6963400840759277 7.951512336730957 -40.410770416259766
v 5.7281908988952637 8.1079921722412109 -39.73016357421875
v 5.8043103218078613 7.8046016693115234 -39.923641204833984
v 5.5134992599487305 8.5329570770263672 -40.032539367675781
v 5.501887321472168 8.7012195587158203 -39.362453460693359
v 5.6272616386413574 8.4066753387451172 -39.543373107910156
v 5.2428388595581055 9.0873403549194336 -39.683460235595703
v 5.1910781860351563 9.2567005157470703 -39.029254913330078
v 5.3573079109191895 8.9822463989257813 -39.192642211914063
v 4.8930039405822754 9.6073284149169922 -39.364871978759766
v 4.7965354919433594 9.7806434631347656 -38.723487854003906
v 5.0039153099060059 9.5232706069946289 -38.872726440429688
v 4.4659500122070313 10.091113090515137 -39.075183868408203
v 4.3239922523498535 10.262554168701172 -38.4486083984375
v 4.5696558952331543 10.027508735656738 -38.58197021484375
v 3.9668371677398682 10.528923034667969 -38.817882537841797
v 3.7791805267333984 10.691940307617188 -38.208072662353516
v 4.0602617263793945 10.484468460083008 -38.323833465576172
v 3.4008259773254395 10.910988807678223 -38.596469879150391
v 3.1678330898284912 11.058305740356445 -38.005340576171875
v 3.4814655780792236 10.88365650177002 -38.101764678955078
v 2.7798497676849365 11.224651336669922 -38.416095733642578
v 2.5105395317077637 11.346434593200684 -37.846584320068359
v 2.8459327220916748 11.211559295654297 -37.920890808105469
v -2.7801556587219238 11.224528312683105 -38.416233062744141
v -3.1622686386108398 11.061118125915527 -38.003883361816406
v -2.5171616077423096 11.343993186950684 -37.8480224609375
v -2.8462169170379639 11.211413383483887 -37.921066284179688
v -3.3918757438659668 10.91618537902832 -38.593540191650391
v -3.7667965888977051 10.700323104858398 -38.203495025634766
v -3.4722809791564941 10.889060974121094 -38.098865509033203
v -3.9525227546691895 10.539799690246582 -38.811599731445313
v -4.3074851036071777 10.277057647705078 -38.440486907958984
v -4.0456099510192871 10.495790481567383 -38.317569732666016
v -4.4546294212341309 10.102124214172363 -39.068695068359375
v -4.7893548011779785 9.7885770797729492 -38.718955993652344
v -4.5580954551696777 10.038949012756348 -38.57550048828125
v -4.8908915519714355 9.6096897125244141 -39.363468170166016
v -5.1930265426635742 9.2531557083129883 -39.031368255615234
v -5.0017490386962891 9.5256757736206055 -38.871353149414063
v -5.2479567527770996 9.0779399871826172 -39.689304351806641
v -5.5091710090637207 8.6848678588867188 -39.372421264648438
v -5.3624224662780762 8.9724187850952148 -39.19854736328125
v -5.5188560485839844 8.5187654495239258 -40.041622161865234
v -5.7316646575927734 8.0949316024780273 -39.738422393798828
v -5.6325068473815918 8.3919048309326172 -39.552536010742188
v -5.6980791091918945 7.9426083564758301 -40.41668701171875
v -5.8543858528137207 7.4945669174194336 -40.125682830810547
v -5.8058795928955078 7.7953519821166992 -39.92962646484375
v -5.7809000015258789 7.3448057174682617 -40.821212768554688
v -5.8694014549255371 6.8640017509460449 -40.551967620849609
v -5.8768243789672852 7.1784152984619141 -40.336643218994141
v -5.7597613334655762 6.7642941474914551 -41.232063293457031
v -5.7843532562255859 6.3020329475402832 -40.952003479003906
v -5.8379340171813965 6.5816879272460938 -40.750381469726563
v -5.6499481201171875 6.2068119049072266 -41.645915985107422
v -5.6053247451782227 5.7242221832275391 -41.386322021484375
v -5.7055501937866211 6.0110831260681152 -41.167549133300781
v -5.4662752151489258 5.6699490547180176 -42.065105438232422
v -5.3698973655700684 5.2084264755249023 -41.797252655029297
v -5.4954118728637695 5.4641118049621582 -41.590553283691406
v -5.2285914421081543 5.1687617301940918 -42.477928161621094
v -5.074976921081543 4.709073543548584 -42.220237731933594
v -5.2290830612182617 4.9560441970825195 -42.007625579833984
v -4.9394688606262207 4.6846046447753906 -42.900344848632813
v -4.7319226264953613 4.2332377433776855 -42.651626586914063
v -4.9088373184204102 4.4679827690124512 -42.434947967529297
v -4.608893871307373 4.2226347923278809 -43.329940795898438
v -4.350801944732666 3.7846534252166748 -43.090362548828125
v -4.5454916954040527 4.005305290222168 -42.870143890380859
v -4.2461895942687988 3.7863943576812744 -43.765583038330078
v -3.9416821002960205 3.3670573234558105 -43.535377502441406
v -4.1491127014160156 3.5717484951019287 -43.312152862548828
v -3.8607230186462402 3.3794689178466797 -44.206100463867188
v -3.5147178173065186 2.9842672348022461 -43.985504150390625
v -3.7298171520233154 3.1710910797119141 -43.759857177734375
v -3.4589807987213135 3.0033087730407715 -44.65301513671875
v -3.0720856189727783 2.6359627246856689 -44.445442199707031
v -3.294628381729126 2.8050312995910645 -44.214881896972656
v -3.0427825450897217 2.6607584953308105 -45.107662200927734
v -2.6171350479125977 2.3281984329223633 -44.91302490234375
v -2.8458206653594971 2.4765574932098389 -44.678581237792969
v -2.6119167804718018 2.3560295104980469 -45.570446014404297
v -2.147770881652832 2.0636837482452393 -45.390983581542969
v -2.3836572170257568 2.1899116039276123 -45.151279449462891
v -2.1657462120056152 2.0932068824768066 -46.042190551757813
v -1.6657857894897461 1.8477658033370972 -45.878093719482422
v -1.9079662561416626 1.9492174386978149 -45.633747100830078
v -1.7061524391174316 1.8776555061340332 -46.521133422851563
v -1.174425482749939 1.6855118274688721 -46.371753692626953
v -1.4212615489959717 1.7597302198410034 -46.124076843261719
v -1.2343547344207764 1.7135679721832275 -47.006317138671875
v -0.67394596338272095 1.5801326036453247 -46.872428894042969
v -0.92530965805053711 1.6255122423171997 -46.621185302734375
v -0.75015997886657715 1.6042196750640869 -47.498294830322266
v -0.16460318863391876 1.5348384380340576 -47.380577087402344
v -0.42036649584770203 1.549774169921875 -47.125537872314453
v -0.25337496399879456 1.5528864860534668 -47.997611999511719
v 0.35334688425064087 1.5528402328491211 -47.896652221679688
v 0.093311935663223267 1.5357266664505005 -47.637592315673828
v 0.94373780488967896 1.5865857601165771 -48.720714569091797
v 0.83598601818084717 1.6062731742858887 -48.119674682617188
v 0.35374847054481506 1.5471601486206055 -48.603748321533203
v 0.59695231914520264 1.5696948766708374 -48.360782623291016
v 1.4033211469650269 1.7109698057174683 -48.250530242919922
v 1.3064329624176025 1.7213608026504517 -47.637985229492188
v 1.0732567310333252 1.6570644378662109 -47.877960205078125
v 1.8447011709213257 1.8860930204391479 -47.784923553466797
v 1.7601712942123413 1.8885388374328613 -47.163612365722656
v 1.5352634191513062 1.7986277341842651 -47.400012969970703
v 2.2663159370422363 2.1077876091003418 -47.325904846191406
v 2.1978003978729248 2.104240894317627 -46.696018218994141
v 1.9808609485626221 1.9904981851577759 -46.929111480712891
v 2.6696257591247559 2.3726997375488281 -46.872390747070313
v 2.6207473278045654 2.3654422760009766 -46.233749389648438
v 2.411069393157959 2.229358434677124 -46.464256286621094
v 3.056079626083374 2.6776611804962158 -46.423267364501953
v 3.0296478271484375 2.6688761711120605 -45.776176452636719
v 2.826913595199585 2.5120844841003418 -46.004413604736328
v 3.4267570972442627 3.0193333625793457 -45.977813720703125
v 3.4251375198364258 3.0112748146057129 -45.322669982910156
v 3.2290291786193848 2.8354091644287109 -45.548954010009766
v 3.782738208770752 3.3943767547607422 -45.535301208496094
v 3.807852029800415 3.389371395111084 -44.872600555419922
v 3.6180520057678223 3.1960651874542236 -45.097244262695313
v 4.1198744773864746 3.7929890155792236 -45.101810455322266
v 4.1663722991943359 3.7867424488067627 -44.439262390136719
v 3.9888532161712646 3.5844485759735107 -44.655570983886719
v 4.4348535537719727 4.2081098556518555 -44.679744720458984
v 4.5028524398803711 4.2061319351196289 -44.014480590820313
v 4.3373360633850098 3.9933164119720459 -44.226375579833984
v 4.7275557518005371 4.6443638801574707 -44.261432647705078
v 4.8161988258361816 4.6531162261962891 -43.590328216552734
v 4.6633472442626953 4.426854133605957 -43.801753997802734
v 4.997713565826416 5.1122217178344727 -43.835994720458984
v 5.1067423820495605 5.1428155899047852 -43.152637481689453
v 4.9668350219726563 4.895392894744873 -43.370609283447266
v 5.2332696914672852 5.6076188087463379 -43.407054901123047
v 5.3495502471923828 5.6512155532836914 -42.722602844238281
v 5.2347164154052734 5.3949136734008789 -42.936580657958984
v 5.4188780784606934 6.1165857315063477 -42.985752105712891
v 5.534977912902832 6.1745452880859375 -42.301563262939453
v 5.4500393867492676 5.911250114440918 -42.510875701904297
v 5.5457301139831543 6.6355752944946289 -42.573490142822266
v 5.6533808708190918 6.7090349197387695 -41.890850067138672
v 5.6031603813171387 6.4406309127807617 -42.094833374023438
v 5.605015754699707 7.1610403060913086 -42.171680450439453
v 5.6951146125793457 7.2509145736694336 -41.491802215576172
v 5.6844344139099121 6.9792866706848145 -41.689785003662109
v 5.5870099067687988 7.6976685523986816 -41.775749206542969
v 5.648193359375 7.8132367134094238 -41.094024658203125
v 5.6835198402404785 7.5319466590881348 -41.291053771972656
v 5.4803996086120605 8.2453346252441406 -41.385025024414063
v 5.5050821304321289 8.3814496994018555 -40.706562042236328
v 5.5883698463439941 8.0984230041503906 -40.897895812988281
v 5.2859745025634766 8.7855215072631836 -41.010875701904297
v 5.272486686706543 8.9324264526367188 -40.342544555664063
v 5.3997368812561035 8.6592397689819336 -40.521705627441406
v 5.0139017105102539 9.2975282669067383 -40.665103912353516
v 4.964714527130127 9.4457979202270508 -40.012290954589844
v 5.1283702850341797 9.1924343109130859 -40.174282073974609
v 4.6711807250976563 9.7754449844360352 -40.349166870117188
v 4.5810775756835938 9.928070068359375 -39.708908081054688
v 4.7820925712585449 9.6913871765136719 -39.857021331787109
v 4.2585382461547852 10.218320846557617 -40.061607360839844
v 4.126164436340332 10.370196342468262 -39.435920715332031
v 4.3622441291809082 10.154717445373535 -39.568393707275391
v 3.7799885272979736 10.617831230163574 -39.805984497070313
v 3.604562520980835 10.763129234313965 -39.196868896484375
v 3.8734128475189209 10.57337760925293 -39.311935424804688
v 3.2395470142364502 10.965652465820313 -39.58587646484375
v 3.0208587646484375 11.097821235656738 -38.995281219482422
v 3.3201866149902344 10.938320159912109 -39.091171264648438
v 2.64768385887146 11.250834465026855 -39.406497955322266
v 2.3938553333282471 11.360882759094238 -38.837394714355469
v 2.7137668132781982 11.237743377685547 -38.911296844482422
v -2.648033618927002 11.250760078430176 -39.406570434570313
v -3.0156042575836182 11.100431442260742 -38.993759155273438
v -2.4002299308776855 11.358682632446289 -38.838760375976563
v -2.7140946388244629 11.237644195556641 -38.911403656005859
v -3.231065034866333 10.970433235168457 -39.5828857421875
v -3.5927767753601074 10.770853996276855 -39.192241668701172
v -3.3114705085754395 10.94330883026123 -39.088214874267578
v -3.766348123550415 10.627817153930664 -39.799659729003906
v -4.1103734970092773 10.383563041687012 -39.427772521972656
v -3.8594353199005127 10.583807945251465 -39.305629730224609
v -4.2476973533630371 10.228476524353027 -40.055084228515625
v -4.5741825103759766 9.935455322265625 -39.704330444335938
v -4.351163387298584 10.165300369262695 -39.5618896484375
v -4.6691765785217285 9.7777175903320313 -40.347698211669922
v -4.9666743278503418 9.4426364898681641 -40.014316558837891
v -4.780034065246582 9.6937036514282227 -39.855583190917969
v -5.0190258026123047 9.2889823913574219 -40.670822143554688
v -5.2798724174499512 8.9173879623413086 -40.352352142333984
v -5.1334915161132813 9.1834611892700195 -40.180065155029297
v -5.2915549278259277 8.7724847793579102 -41.019798278808594
v -5.508878231048584 8.3693809509277344 -40.714668273925781
v -5.4052057266235352 8.645625114440918 -40.530712127685547
v -5.4824776649475098 8.23712158203125 -41.39080810546875
v -5.6487932205200195 7.8082852363586426 -41.097484588623047
v -5.590278148651123 8.0898647308349609 -40.90374755859375
v -5.5890507698059082 7.677586555480957 -41.790348052978516
v -5.6947140693664551 7.2144737243652344 -41.518192291259766
v -5.6849756240844727 7.5111961364746094 -41.305778503417969
v -5.6034164428710938 7.1295070648193359 -42.195423126220703
v -5.6488113403320313 6.6807236671447754 -41.912269592285156
v -5.6815891265869141 6.9469003677368164 -41.713741302490234
v -5.5387444496154785 6.5982694625854492 -42.602653503417969
v -5.5207314491271973 6.1269292831420898 -42.3392333984375
v -5.5943465232849121 6.4025406837463379 -42.124282836914063
v -5.4080023765563965 6.0816235542297363 -43.014209747314453
v -5.3394923210144043 5.6276817321777344 -42.742267608642578
v -5.4371390342712402 5.875786304473877 -42.539657592773438
v -5.2276086807250977 5.5941972732543945 -43.418529510498047
v -5.104611873626709 5.139188289642334 -43.156101226806641
v -5.2280998229980469 5.3814792633056641 -42.948226928710938
v -5.000732421875 5.1178483963012695 -43.831142425537109
v -4.8256378173828125 4.6680126190185547 -43.577007293701172
v -4.9701004028320313 4.9012265205383301 -43.365745544433594
v -4.7356991767883301 4.6572937965393066 -44.249534606933594
v -4.5111484527587891 4.2175006866455078 -44.003791809082031
v -4.6722965240478516 4.4399642944335938 -43.789737701416016
v -4.4403424263000488 4.2156863212585449 -44.672451019287109
v -4.1697216033935547 3.7910008430480957 -44.435268402099609
v -4.3432660102844238 4.0010404586791992 -44.219017028808594
v -4.1225342750549316 3.7962245941162109 -45.098594665527344
v -3.8100094795227051 3.3919470310211182 -44.870155334472656
v -3.9916286468505859 3.5878467559814453 -44.652347564697266
v -3.7876861095428467 3.3998641967773438 -45.529281616210938
v -3.4336421489715576 3.0194509029388428 -45.312892913818359
v -3.6233334541320801 3.2015864849090576 -45.091148376464844
v -3.4367063045501709 3.0291600227355957 -45.965827941894531
v -3.0426445007324219 2.6795792579650879 -45.761512756347656
v -3.2397444248199463 2.8449592590332031 -45.5367431640625
v -3.0684359073638916 2.688265323638916 -46.408771514892578
v -2.6342828273773193 2.3748316764831543 -46.218795776367188
v -2.8401763439178467 2.5221474170684814 -45.989608764648438
v -2.6813061237335205 2.3811855316162109 -46.859081268310547
v -2.2091398239135742 2.1106400489807129 -46.683742523193359
v -2.4235260486602783 2.2371962070465088 -46.450637817382813
v -2.2759342193603516 2.1135063171386719 -47.315250396728516
v -1.7691569328308105 1.8924362659454346 -47.154067993164063
v -1.9910434484481812 1.9955809116363525 -46.918190002441406
v -1.8524450063705444 1.8896793127059937 -47.776576995849609
v -1.3136922121047974 1.7235608100891113 -47.630413055419922
v -1.5433999300003052 1.8016235828399658 -47.391448974609375
v -1.4097468852996826 1.7131106853485107 -48.243801116943359
v -0.84210342168807983 1.6073545217514038 -48.113426208496094
v -1.0799534320831299 1.6586651802062988 -47.871047973632813
v -0.94674879312515259 1.5872061252593994 -48.7176513671875
v -0.35374847054481506 1.5471582412719727 -48.603748321533203
v -0.60006189346313477 1.5700463056564331 -48.357631683349609
v 1.6373087167739868 1.6203674077987671 -49.440582275390625
v 1.5139272212982178 1.6777733564376831 -48.852188110351563
v 1.060843825340271 1.5414819717407227 -49.310844421386719
v 1.2905232906341553 1.6034766435623169 -49.080650329589844
v 2.0634500980377197 1.8187805414199829 -48.995670318603516
v 1.9468251466751099 1.863669753074646 -48.395572662353516
v 1.7333856821060181 1.7648751735687256 -48.623100280761719
v 2.4635765552520752 2.061023473739624 -48.554744720458984
v 2.3558344841003418 2.0942480564117432 -47.945449829101563
v 2.1541388034820557 1.9735583066940308 -48.169834136962891
v 2.837226390838623 2.3423664569854736 -48.119491577148438
v 2.742490291595459 2.3658168315887451 -47.501091003417969
v 2.5517711639404297 2.2250769138336182 -47.722698211669922
v 3.1867382526397705 2.6593825817108154 -47.68865966796875
v 3.109036922454834 2.6753237247467041 -47.060905456542969
v 2.9281818866729736 2.5160412788391113 -47.280525207519531
v 3.5144112110137939 3.0088150501251221 -47.260974884033203
v 3.4569981098175049 3.0193581581115723 -46.624076843261719
v 3.285245418548584 2.8432381153106689 -46.842121124267578
v 3.8222129344940186 3.3871817588806152 -46.835529327392578
v 3.7878971099853516 3.3945097923278809 -46.189800262451172
v 3.6244850158691406 3.2032575607299805 -46.406669616699219
v 4.1121110916137695 3.7910003662109375 -46.411418914794922
v 4.1032581329345703 3.7973678112030029 -45.757251739501953
v 3.9474246501922607 3.5926885604858398 -45.973361968994141
v 4.3819169998168945 4.2100696563720703 -45.994285583496094
v 4.3947634696960449 4.2110214233398438 -45.339122772216797
v 4.2508955001831055 4.0015292167663574 -45.548046112060547
v 4.6298885345458984 4.6376972198486328 -45.586483001708984
v 4.6646056175231934 4.6392807960510254 -44.927692413330078
v 4.5323710441589355 4.4229035377502441 -45.133113861083984
v 4.8559732437133789 5.0793843269348145 -45.180793762207031
v 4.9117183685302734 5.0883255004882813 -44.515453338623047
v 4.7917642593383789 4.8618741035461426 -44.721115112304688
v 5.0594711303710938 5.5458798408508301 -44.766769409179688
v 5.1356263160705566 5.5731887817382813 -44.088680267333984
v 5.028592586517334 5.3290505409240723 -44.301383972167969
v 5.2303762435913086 6.0330281257629395 -44.348007202148438
v 5.316185474395752 6.0700392723083496 -43.668117523193359
v 5.2318229675292969 5.8203234672546387 -43.877529144287109
v 5.3565559387207031 6.5272564888000488 -43.935501098632813
v 5.4454207420349121 6.5755529403686523 -43.255241394042969
v 5.3877172470092773 6.3219208717346191 -43.460628509521484
v 5.4308700561523438 7.0254635810852051 -43.530807495117188
v 5.515357494354248 7.0864048004150391 -42.851531982421875
v 5.4882998466491699 6.8305191993713379 -43.052150726318359
v 5.4461784362792969 7.5245475769042969 -43.135471343994141
v 5.5180211067199707 7.5992708206176758 -42.458465576171875
v 5.525597095489502 7.3427939414978027 -42.653575897216797
v 5.3939895629882813 8.0291118621826172 -42.745143890380859
v 5.4423117637634277 8.1265535354614258 -42.065933227539063
v 5.4904994964599609 7.8633899688720703 -42.260448455810547
v 5.2644591331481934 8.5391559600830078 -42.359275817871094
v 5.2819733619689941 8.6549072265625 -41.682956695556641
v 5.372429370880127 8.3922452926635742 -41.872150421142578
v 5.0584497451782227 9.0380849838256836 -41.989208221435547
v 5.043086051940918 9.1636343002319336 -41.322639465332031
v 5.1722121238708496 8.9118032455444336 -41.500041961669922
v 4.7849640846252441 9.5077152252197266 -41.646743774414063
v 4.7383503913879395 9.6348953247070313 -40.995330810546875
v 4.8994326591491699 9.4026222229003906 -41.155921936035156
v 4.4493579864501953 9.9435615539550781 -41.333461761474609
v 4.3656201362609863 10.075496673583984 -40.694328308105469
v 4.5602693557739258 9.8595037460327148 -40.841316223144531
v 4.0511264801025391 10.345529556274414 -41.048027038574219
v 3.9283368587493896 10.477838516235352 -40.423236846923828
v 4.1548323631286621 10.281925201416016 -40.554817199707031
v 3.5931396484375 10.706740379333496 -40.794086456298828
v 3.4299442768096924 10.834318161010742 -40.185665130615234
v 3.6865642070770264 10.662285804748535 -40.300033569335938
v 3.07826828956604 11.020317077636719 -40.575279235839844
v 2.8738846778869629 11.137335777282715 -39.985221862792969
v 3.1589076519012451 10.992984771728516 -40.080577850341797
v 2.5155181884765625 11.277018547058105 -40.396903991699219
v 2.2771711349487305 11.375330924987793 -39.828205108642578
v 2.5816011428833008 11.26392650604248 -39.901699066162109
v -2.515911340713501 11.276991844177246 -40.396903991699219
v -2.8689398765563965 11.139744758605957 -39.983638763427734
v -2.2832984924316406 11.373372077941895 -39.829498291015625
v -2.5819723606109619 11.263875961303711 -39.901737213134766
v -3.0702545642852783 11.02468204498291 -40.572235107421875
v -3.4187572002410889 10.841384887695313 -40.180984497070313
v -3.1506597995758057 10.997557640075684 -40.077560424804688
v -3.5801737308502197 10.71583366394043 -40.7877197265625
v -3.913261890411377 10.490067481994629 -40.415061950683594
v -3.6732609272003174 10.671825408935547 -40.293689727783203
v -4.0407648086547852 10.354827880859375 -41.041473388671875
v -4.3590106964111328 10.082334518432617 -40.689708709716797
v -4.1442313194274902 10.291651725769043 -40.54827880859375
v -4.4474620819091797 9.9457464218139648 -41.331928253173828
v -4.7403221130371094 9.6321163177490234 -40.997264862060547
v -4.558319091796875 9.8617324829101563 -40.839813232421875
v -4.7900943756103516 9.5000247955322266 -41.652339935302734
v -5.0505738258361816 9.1499080657958984 -41.332283020019531
v -4.9045600891113281 9.3945035934448242 -41.161582946777344
v -5.0642533302307129 9.0262050628662109 -41.997974395751953
v -5.2860918045043945 8.6438302993774414 -41.690910339355469
v -5.1779041290283203 8.8993453979492188 -41.508888244628906
v -5.2668766975402832 8.5316343307495117 -42.36492919921875
v -5.4432010650634766 8.1220035552978516 -42.069286346435547
v -5.3746771812438965 8.3843774795532227 -41.87786865234375
v -5.3972020149230957 8.0103673934936523 -42.759483337402344
v -5.5200271606445313 7.564946174621582 -42.484416961669922
v -5.493126392364502 7.8439769744873047 -42.274913787841797
v -5.4470710754394531 7.4947195053100586 -43.158786773681641
v -5.5132699012756348 7.0594143867492676 -42.872535705566406
v -5.5252437591552734 7.3121132850646973 -42.677104949951172
v -5.4275407791137695 6.9897274971008301 -43.559391021728516
v -5.4361381530761719 6.5296363830566406 -43.292140960693359
v -5.4831428527832031 6.7939982414245605 -43.081020355224609
v -5.3497295379638672 6.4932980537414551 -43.96331787109375
v -5.309086799621582 6.0469365119934082 -43.687286376953125
v -5.3788657188415527 6.2874608039855957 -43.488765716552734
v -5.2266254425048828 6.0196323394775391 -44.359130859375
v -5.1342473030090332 5.569303035736084 -44.091968536376953
v -5.2271170616149902 5.8069148063659668 -43.888828277587891
v -5.0619955062866211 5.5510926246643066 -44.761940002441406
v -4.9193534851074219 5.1027874946594238 -44.502384185791016
v -5.0313639640808105 5.334470272064209 -44.296543121337891
v -4.8625040054321289 5.0919528007507324 -45.16912841796875
v -4.6714944839477539 4.6503481864929199 -44.917221069335938
v -4.7991013526916504 4.8746232986450195 -44.709331512451172
v -4.634495735168457 4.6449780464172363 -45.579319000244141
v -4.3977608680725098 4.2149443626403809 -45.335163116455078
v -4.537419319152832 4.4303321838378906 -45.125885009765625
v -4.3843460083007813 4.2129802703857422 -45.9910888671875
v -4.1053013801574707 3.7996268272399902 -45.754806518554688
v -4.2534403800964355 4.0046024322509766 -45.544841766357422
v -4.1163911819458008 3.7964193820953369 -46.405548095703125
v -3.7951986789703369 3.4029388427734375 -46.180339813232422
v -3.9520385265350342 3.5981419086456299 -45.967414855957031
v -3.830629825592041 3.39756178855896 -46.823993682861328
v -3.468153715133667 3.0309603214263916 -46.609996795654297
v -3.6336679458618164 3.2133610248565674 -46.394908905029297
v -3.5249550342559814 3.0205008983612061 -47.247100830078125
v -3.1207950115203857 2.6859793663024902 -47.046607971191406
v -3.2966954708099365 2.8543832302093506 -46.827934265136719
v -3.1968660354614258 2.6691641807556152 -47.675968170166016
v -2.7524936199188232 2.3735144138336182 -47.489391326904297
v -2.9390859603881836 2.5251748561859131 -47.267524719238281
v -2.8457159996032715 2.3493568897247314 -48.109367370605469
v -2.3638882637023926 2.099360466003418 -47.936378479003906
v -2.5608251094818115 2.2314314842224121 -47.712306976318359
v -2.4705352783203125 2.0657906532287598 -48.546840667724609
v -1.953438401222229 1.8669890165328979 -48.388397216796875
v -2.1614902019500732 1.9777350425720215 -48.161708831787109
v -2.0693337917327881 1.8220016956329346 -48.989307403564453
v -1.5196037292480469 1.67987060546875 -48.846279144287109
v -1.7395404577255249 1.7675561904907227 -48.616554260253906
v -1.640122652053833 1.621525764465332 -49.437690734863281
v -1.060843825340271 1.5414762496948242 -49.310844421386719
v -1.2934356927871704 1.6043659448623657 -49.077671051025391
vt 0 0
vt 0 0.017333107069134712
vt 0 0.034839559346437454
vt 0 0.052320446819067001
vt 0 0.069771371781826019
vt 0 0.087222293019294739
vt 0 0.10467321425676346
vt 0 0.12212413549423218
vt 0 0.1395750492811203
vt 0 0.15648727118968964
vt 0 0.17319856584072113
vt 0 0.19006562232971191
vt 0 0.20771755278110504
vt 0 0.22536948323249817
vt 0 0.2430214136838913
vt 0 0.26067334413528442
vt 0 0.27832528948783875
vt 0 0.29652717709541321
vt 0 0.31503975391387939
vt 0 0.33343085646629333
vt 0 0.3513103723526001
vt 0 0.36918985843658447
vt 0 0.38706937432289124
vt 0 0.40494886040687561
vt 0 0.42282837629318237
vt 0 0.44033938646316528
vt 0 0.45749315619468689
vt 0 0.47463512420654297
vt 0 0.49167582392692566
vt 0 0.50871652364730835
vt 0 0.52575725317001343
vt 0 0.54279792308807373
vt 0 0.55983865261077881
vt 0 0.57702583074569702
vt 0 0.59467905759811401
vt 0 0.61236399412155151
vt 0 0.63052815198898315
vt 0 0.64880430698394775
vt 0 0.66708046197891235
vt 0 0.68535661697387695
vt 0 0.70363277196884155
vt 0 0.72285711765289307
vt 0 0.74025642871856689
vt 0 0.75857144594192505
vt 0 0.77544170618057251
vt 0 0.79241943359375
vt 0 0.80939716100692749
vt 0 0.82637482881546021
vt 0 0.8433525562286377
vt 0 0.86032634973526001
vt 0 0.8774951696395874
vt 0 0.89476257562637329
vt 0 0.91220861673355103
vt 0 0.92976689338684082
vt 0 0.94732517004013062
vt 0 0.96488344669342041
vt 0 0.98244172334671021
vt 0 1
vt 0.25 0
vt 0.25 0.017333107069134712
vt 0.25 0.034839559346437454
vt 0.25 0.052320446819067001
vt 0.25 0.069771371781826019
vt 0.25 0.087222293019294739
vt 0.25 0.10467321425676346
vt 0.25 0.12212413549423218
vt 0.25 0.1395750492811203
vt 0.25 0.15648727118968964
vt 0.25 0.17319856584072113
vt 0.25 0.19006562232971191
vt 0.25 0.20771755278110504
vt 0.25 0.22536948323249817
vt 0.25 0.2430214136838913
vt 0.25 0.26067334413528442
vt 0.25 0.27832528948783875
vt 0.25 0.29652717709541321
vt 0.25 0.31503975391387939
vt 0.25 0.33343085646629333
vt 0.25 0.3513103723526001
vt 0.25 0.36918985843658447
vt 0.25 0.38706937432289124
vt 0.25 0.40494886040687561
vt 0.25 0.42282837629318237
vt 0.25 0.44033938646316528
vt 0.25 0.45749315619468689
vt 0.25 0.47463512420654297
vt 0.25 0.49167582392692566
vt 0.25 0.50871652364730835
vt 0.25 0.52575725317001343
vt 0.25 0.54279792308807373
vt 0.25 0.55983865261077881
vt 0.25 0.57702583074569702
vt 0.25 0.59467905759811401
vt 0.25 0.61236399412155151
vt 0.25 0.63052815198898315
vt 0.25 0.64880430698394775
vt 0.25 0.66708046197891235
vt 0.25 0.68535661697387695
vt 0.25 0.70363277196884155
vt 0.25 0.72285711765289307
vt 0.25 0.74025642871856689
vt 0.25 0.75857144594192505
vt 0.25 0.77544170618057251
vt 0.25 0.79241943359375
vt 0.25 0.80939716100692749
vt 0.25 0.82637482881546021
vt 0.25 0.8433525562286377
vt 0.25 0.86032634973526001
vt 0.25 0.8774951696395874
vt 0.25 0.89476257562637329
vt 0.25 0.91220861673355103
vt 0.25 0.92976689338684082
vt 0.25 0.94732517004013062
vt 0.25 0.96488344669342041
vt 0.25 0.98244172334671021
vt 0.25 1
vt 0.5 0
vt 0.5 0.017333107069134712
vt 0.5 0.034839559346437454
vt 0.5 0.052320446819067001
vt 0.5 0.069771371781826019
vt 0.5 0.087222293019294739
vt 0.5 0.10467321425676346
vt 0.5 0.12212413549423218
vt 0.5 0.1395750492811203
vt 0.5 0.15648727118968964
vt 0.5 0.17319856584072113
vt 0.5 0.19006562232971191
vt 0.5 0.20771755278110504
vt 0.5 0.22536948323249817
vt 0.5 0.2430214136838913
vt 0.5 0.26067334413528442
vt 0.5 0.27832528948783875
vt 0.5 0.29652717709541321
vt 0.5 0.31503975391387939
vt 0.5 0.33343085646629333
vt 0.5 0.3513103723526001
vt 0.5 0.36918985843658447
vt 0.5 0.38706937432289124
vt 0.5 0.40494886040687561
vt 0.5 0.42282837629318237
vt 0.5 0.44033938646316528
vt 0.5 0.45749315619468689
vt 0.5 0.47463512420654297
vt 0.5 0.49167582392692566
vt 0.5 0.50871652364730835
vt 0.5 0.52575725317001343
vt 0.5 0.54279792308807373
vt 0.5 0.55983865261077881
vt 0.5 0.57702583074569702
vt 0.5 0.59467905759811401
vt 0.5 0.61236399412155151
vt 0.5 0.63052815198898315
vt 0.5 0.64880430698394775
vt 0.5 0.66708046197891235
vt 0.5 0.68535661697387695
vt 0.5 0.70363277196884155
vt 0.5 0.72285711765289307
vt 0.5 0.74025642871856689
vt 0.5 0.75857144594192505
vt 0.5 0.77544170618057251
vt 0.5 0.79241943359375
vt 0.5 0.80939716100692749
vt 0.5 0.82637482881546021
vt 0.5 0.8433525562286377
vt 0.5 0.86032634973526001
vt 0.5 0.8774951696395874
vt 0.5 0.89476257562637329
vt 0.5 0.91220861673355103
vt 0.5 0.92976689338684082
vt 0.5 0.94732517004013062
vt 0.5 0.96488344669342041
vt 0.5 0.98244172334671021
vt 0.5 1
vt 0.75 0
vt 0.75 0.017333107069134712
vt 0.75 0.034839559346437454
vt 0.75 0.052320446819067001
vt 0.75 0.069771371781826019
vt 0.75 0.087222293019294739
vt 0.75 0.10467321425676346
vt 0.75 0.12212413549423218
vt 0.75 0.1395750492811203
vt 0.75 0.15648727118968964
vt 0.75 0.17319856584072113
vt 0.75 0.19006562232971191
vt 0.75 0.20771755278110504
vt 0.75 0.22536948323249817
vt 0.75 0.2430214136838913
vt 0.75 0.26067334413528442
vt 0.75 0.27832528948783875
vt 0.75 0.29652717709541321
vt 0.75 0.31503975391387939
vt 0.75 0.33343085646629333
vt 0.75 0.3513103723526001
vt 0.75 0.36918985843658447
vt 0.75 0.38706937432289124
vt 0.75 0.40494886040687561
vt 0.75 0.42282837629318237
vt 0.75 0.44033938646316528
vt 0.75 0.45749315619468689
vt 0.75 0.47463512420654297
vt 0.75 0.49167582392692566
vt 0.75 0.50871652364730835
vt 0.75 0.52575725317001343
vt 0.75 0.54279792308807373
vt 0.75 0.55983865261077881
vt 0.75 0.57702583074569702
vt 0.75 0.59467905759811401
vt 0.75 0.61236399412155151
vt 0.75 0.63052815198898315
vt 0.75 0.64880430698394775
vt 0.75 0.66708046197891235
vt 0.75 0.68535661697387695
vt 0.75 0.70363277196884155
vt 0.75 0.72285711765289307
vt 0.75 0.74025642871856689
vt 0.75 0.75857144594192505
vt 0.75 0.77544170618057251
vt 0.75 0.79241943359375
vt 0.75 0.80939716100692749
vt 0.75 0.82637482881546021
vt 0.75 0.8433525562286377
vt 0.75 0.86032634973526001
vt 0.75 0.8774951696395874
vt 0.75 0.89476257562637329
vt 0.75 0.91220861673355103
vt 0.75 0.92976689338684082
vt 0.75 0.94732517004013062
vt 0.75 0.96488344669342041
vt 0.75 0.98244172334671021
vt 0.75 1
vt 1 0
vt 1 0.017333107069134712
vt 1 0.034839559346437454
vt 1 0.052320446819067001
vt 1 0.069771371781826019
vt 1 0.087222293019294739
vt 1 0.10467321425676346
vt 1 0.12212413549423218
vt 1 0.1395750492811203
vt 1 0.15648727118968964
vt 1 0.17319856584072113
vt 1 0.19006562232971191
vt 1 0.20771755278110504
vt 1 0.22536948323249817
vt 1 0.2430214136838913
vt 1 0.26067334413528442
vt 1 0.27832528948783875
vt 1 0.29652717709541321
vt 1 0.31503975391387939
vt 1 0.33343085646629333
vt 1 0.3513103723526001
vt 1 0.36918985843658447
vt 1 0.38706937432289124
vt 1 0.40494886040687561
vt 1 0.42282837629318237
vt 1 0.44033938646316528
vt 1 0.45749315619468689
vt 1 0.47463512420654297
vt 1 0.49167582392692566
vt 1 0.50871652364730835
vt 1 0.52575725317001343
vt 1 0.54279792308807373
vt 1 0.55983865261077881
vt 1 0.57702583074569702
vt 1 0.59467905759811401
vt 1 0.61236399412155151
vt 1 0.63052815198898315
vt 1 0.64880430698394775
vt 1 0.66708046197891235
vt 1 0.68535661697387695
vt 1 0.70363277196884155
vt 1 0.72285711765289307
vt 1 0.74025642871856689
vt 1 0.75857144594192505
vt 1 0.77544170618057251
vt 1 0.79241943359375
vt 1 0.80939716100692749
vt 1 0.82637482881546021
vt 1 0.8433525562286377
vt 1 0.86032634973526001
vt 1 0.8774951696395874
vt 1 0.89476257562637329
vt 1 0.91220861673355103
vt 1 0.92976689338684082
vt 1 0.94732517004013062
vt 1 0.96488344669342041
vt 1 0.98244172334671021
vt 1 1
vt 0.25 0.0086665535345673561
vt 0.125 0.017333107069134712
vt 0 0.0086665535345673561
vt 0.125 0
vt 0.125 0.0086665535345673561
vt 0.25 0.026086334139108658
vt 0.125 0.034839559346437454
vt 0 0.026086334139108658
vt 0.125 0.026086334139108658
vt 0.25 0.043580003082752228
vt 0.125 0.052320446819067001
vt 0 0.043580003082752228
vt 0.125 0.043580003082752228
vt 0.25 0.061045907437801361
vt 0.125 0.069771371781826019
vt 0 0.061045907437801361
vt 0.125 0.061045907437801361
vt 0.25 0.078496828675270081
vt 0.125 0.087222293019294739
vt 0 0.078496828675270081
vt 0.125 0.078496828675270081
vt 0.25 0.0959477499127388
vt 0.125 0.10467321425676346
vt 0 0.0959477499127388
vt 0.125 0.0959477499127388
vt 0.25 0.11339867115020752
vt 0.125 0.12212413549423218
vt 0 0.11339867115020752
vt 0.125 0.11339867115020752
vt 0.25 0.13084959983825684
vt 0.125 0.1395750492811203
vt 0 0.13084959983825684
vt 0.125 0.13084959983825684
vt 0.25 0.14803116023540497
vt 0.125 0.15648727118968964
vt 0 0.14803116023540497
vt 0.125 0.14803116023540497
vt 0.25 0.16484291851520538
vt 0.125 0.17319856584072113
vt 0 0.16484291851520538
vt 0.125 0.16484291851520538
vt 0.25 0.18163208663463593
vt 0.125 0.19006562232971191
vt 0 0.18163208663463593
vt 0.125 0.18163208663463593
vt 0.25 0.19889158010482788
vt 0.125 0.20771755278110504
vt 0 0.19889158010482788
vt 0.125 0.19889158010482788
vt 0.25 0.21654351055622101
vt 0.125 0.22536948323249817
vt 0 0.21654351055622101
vt 0.125 0.21654351055622101
vt 0.25 0.23419545590877533
vt 0.125 0.2430214136838913
vt 0 0.23419545590877533
vt 0.125 0.23419545590877533
vt 0.25 0.25184738636016846
vt 0.125 0.26067334413528442
vt 0 0.25184738636016846
vt 0.125 0.25184738636016846
vt 0.25 0.26949933171272278
vt 0.125 0.27832528948783875
vt 0 0.26949933171272278
vt 0.125 0.26949933171272278
vt 0.25 0.28742623329162598
vt 0.125 0.29652717709541321
vt 0 0.28742623329162598
vt 0.125 0.28742623329162598
vt 0.25 0.30578345060348511
vt 0.125 0.31503975391387939
vt 0 0.30578345060348511
vt 0.125 0.30578345060348511
vt 0.25 0.32423529028892517
vt 0.125 0.33343085646629333
vt 0 0.32423529028892517
vt 0.125 0.32423529028892517
vt 0.25 0.34237059950828552
vt 0.125 0.3513103723526001
vt 0 0.34237059950828552
vt 0.125 0.34237059950828552
vt 0.25 0.36025011539459229
vt 0.125 0.36918985843658447
vt 0 0.36025011539459229
vt 0.125 0.36025011539459229
vt 0.25 0.37812960147857666
vt 0.125 0.38706937432289124
vt 0 0.37812960147857666
vt 0.125 0.37812960147857666
vt 0.25 0.39600911736488342
vt 0.125 0.40494886040687561
vt 0 0.39600911736488342
vt 0.125 0.39600911736488342
vt 0.25 0.41388863325119019
vt 0.125 0.42282837629318237
vt 0 0.41388863325119019
vt 0.125 0.41388863325119019
vt 0.25 0.43158388137817383
vt 0.125 0.44033938646316528
vt 0 0.43158388137817383
vt 0.125 0.43158388137817383
vt 0.25 0.56843221187591553
vt 0.125 0.57702583074569702
vt 0 0.56843221187591553
vt 0.125 0.55983865261077881
vt 0.125 0.56843221187591553
vt 0.25 0.58585244417190552
vt 0.125 0.59467905759811401
vt 0 0.58585244417190552
vt 0.125 0.58585244417190552
vt 0.25 0.60352152585983276
vt 0.125 0.61236399412155151
vt 0 0.60352152585983276
vt 0.125 0.60352152585983276
vt 0.25 0.62144607305526733
vt 0.125 0.63052815198898315
vt 0 0.62144607305526733
vt 0.125 0.62144607305526733
vt 0.25 0.63966619968414307
vt 0.125 0.64880430698394775
vt 0 0.63966619968414307
vt 0.125 0.63966619968414307
vt 0.25 0.65794235467910767
vt 0.125 0.66708046197891235
vt 0 0.65794235467910767
vt 0.125 0.65794235467910767
vt 0.25 0.67621850967407227
vt 0.125 0.68535661697387695
vt 0 0.67621850967407227
vt 0.125 0.67621850967407227
vt 0.25 0.69449466466903687
vt 0.125 0.70363277196884155
vt 0 0.69449466466903687
vt 0.125 0.69449466466903687
vt 0.25 0.7132449746131897
vt 0.125 0.72285711765289307
vt 0 0.7132449746131897
vt 0.125 0.7132449746131897
vt 0.25 0.73155677318572998
vt 0.125 0.74025642871856689
vt 0 0.73155677318572998
vt 0.125 0.73155677318572998
vt 0.25 0.74941390752792358
vt 0.125 0.75857144594192505
vt 0 0.74941390752792358
vt 0.125 0.74941390752792358
vt 0.25 0.76700657606124878
vt 0.125 0.77544170618057251
vt 0 0.76700657606124878
vt 0.125 0.76700657606124878
vt 0.25 0.78393059968948364
vt 0.125 0.79241943359375
vt 0 0.78393059968948364
vt 0.125 0.78393059968948364
vt 0.25 0.80090826749801636
vt 0.125 0.80939716100692749
vt 0 0.80090826749801636
vt 0.125 0.80090826749801636
vt 0.25 0.81788599491119385
vt 0.125 0.82637482881546021
vt 0 0.81788599491119385
vt 0.125 0.81788599491119385
vt 0.25 0.83486366271972656
vt 0.125 0.8433525562286377
vt 0 0.83486366271972656
vt 0.125 0.83486366271972656
vt 0.25 0.85183942317962646
vt 0.125 0.86032634973526001
vt 0 0.85183942317962646
vt 0.125 0.85183942317962646
vt 0.25 0.86891078948974609
vt 0.125 0.8774951696395874
vt 0 0.86891078948974609
vt 0.125 0.86891078948974609
vt 0.25 0.88612890243530273
vt 0.125 0.89476257562637329
vt 0 0.88612890243530273
vt 0.125 0.88612890243530273
vt 0.25 0.90348559617996216
vt 0.125 0.91220861673355103
vt 0 0.90348559617996216
vt 0.125 0.90348559617996216
vt 0.25 0.92098772525787354
vt 0.125 0.92976689338684082
vt 0 0.92098772525787354
vt 0.125 0.92098772525787354
vt 0.25 0.93854600191116333
vt 0.125 0.94732517004013062
vt 0 0.93854600191116333
vt 0.125 0.93854600191116333
vt 0.25 0.95610427856445313
vt 0.125 0.96488344669342041
vt 0 0.95610427856445313
vt 0.125 0.95610427856445313
vt 0.25 0.97366255521774292
vt 0.125 0.98244172334671021
vt 0 0.97366255521774292
vt 0.125 0.97366255521774292
vt 0.25 0.99122083187103271
vt 0.125 1
vt 0 0.99122083187103271
vt 0.125 0.99122083187103271
vt 0.5 0.0086665535345673561
vt 0.375 0.017333107069134712
vt 0.375 0
vt 0.375 0.0086665535345673561
vt 0.5 0.026086334139108658
vt 0.375 0.034839559346437454
vt 0.375 0.026086334139108658
vt 0.5 0.043580003082752228
vt 0.375 0.052320446819067001
vt 0.375 0.043580003082752228
vt 0.5 0.061045907437801361
vt 0.375 0.069771371781826019
vt 0.375 0.061045907437801361
vt 0.5 0.078496828675270081
vt 0.375 0.087222293019294739
vt 0.375 0.078496828675270081
vt 0.5 0.0959477499127388
vt 0.375 0.10467321425676346
vt 0.375 0.0959477499127388
vt 0.5 0.11339867115020752
vt 0.375 0.12212413549423218
vt 0.375 0.11339867115020752
vt 0.5 0.13084959983825684
vt 0.375 0.1395750492811203
vt 0.375 0.13084959983825684
vt 0.5 0.14803116023540497
vt 0.375 0.15648727118968964
vt 0.375 0.14803116023540497
vt 0.5 0.16484291851520538
vt 0.375 0.17319856584072113
vt 0.375 0.16484291851520538
vt 0.5 0.18163208663463593
vt 0.375 0.19006562232971191
vt 0.375 0.18163208663463593
vt 0.5 0.19889158010482788
vt 0.375 0.20771755278110504
vt 0.375 0.19889158010482788
vt 0.5 0.21654351055622101
vt 0.375 0.22536948323249817
vt 0.375 0.21654351055622101
vt 0.5 0.23419545590877533
vt 0.375 0.2430214136838913
vt 0.375 0.23419545590877533
vt 0.5 0.25184738636016846
vt 0.375 0.26067334413528442
vt 0.375 0.25184738636016846
vt 0.5 0.26949933171272278
vt 0.375 0.27832528948783875
vt 0.375 0.26949933171272278
vt 0.5 0.28742623329162598
vt 0.375 0.29652717709541321
vt 0.375 0.28742623329162598
vt 0.5 0.30578345060348511
vt 0.375 0.31503975391387939
vt 0.375 0.30578345060348511
vt 0.5 0.32423529028892517
vt 0.375 0.33343085646629333
vt 0.375 0.32423529028892517
vt 0.5 0.34237059950828552
vt 0.375 0.3513103723526001
vt 0.375 0.34237059950828552
vt 0.5 0.36025011539459229
vt 0.375 0.36918985843658447
vt 0.375 0.36025011539459229
vt 0.5 0.37812960147857666
vt 0.375 0.38706937432289124
vt 0.375 0.37812960147857666
vt 0.5 0.39600911736488342
vt 0.375 0.40494886040687561
vt 0.375 0.39600911736488342
vt 0.5 0.41388863325119019
vt 0.375 0.42282837629318237
vt 0.375 0.41388863325119019
vt 0.5 0.43158388137817383
vt 0.375 0.44033938646316528
vt 0.375 0.43158388137817383
vt 0.5 0.56843221187591553
vt 0.375 0.57702583074569702
vt 0.375 0.55983865261077881
vt 0.375 0.56843221187591553
vt 0.5 0.58585244417190552
vt 0.375 0.59467905759811401
vt 0.375 0.58585244417190552
vt 0.5 0.60352152585983276
vt 0.375 0.61236399412155151
vt 0.375 0.60352152585983276
vt 0.5 0.62144607305526733
vt 0.375 0.63052815198898315
vt 0.375 0.62144607305526733
vt 0.5 0.63966619968414307
vt 0.375 0.64880430698394775
vt 0.375 0.63966619968414307
vt 0.5 0.65794235467910767
vt 0.375 0.66708046197891235
vt 0.375 0.65794235467910767
vt 0.5 0.67621850967407227
vt 0.375 0.68535661697387695
vt 0.375 0.67621850967407227
vt 0.5 0.69449466466903687
vt 0.375 0.70363277196884155
vt 0.375 0.69449466466903687
vt 0.5 0.7132449746131897
vt 0.375 0.72285711765289307
vt 0.375 0.7132449746131897
vt 0.5 0.73155677318572998
vt 0.375 0.74025642871856689
vt 0.375 0.73155677318572998
vt 0.5 0.74941390752792358
vt 0.375 0.75857144594192505
vt 0.375 0.74941390752792358
vt 0.5 0.76700657606124878
vt 0.375 0.77544170618057251
vt 0.375 0.76700657606124878
vt 0.5 0.78393059968948364
vt 0.375 0.79241943359375
vt 0.375 0.78393059968948364
vt 0.5 0.80090826749801636
vt 0.375 0.80939716100692749
vt 0.375 0.80090826749801636
vt 0.5 0.81788599491119385
vt 0.375 0.82637482881546021
vt 0.375 0.81788599491119385
vt 0.5 0.83486366271972656
vt 0.375 0.8433525562286377
vt 0.375 0.83486366271972656
vt 0.5 0.85183942317962646
vt 0.375 0.86032634973526001
vt 0.375 0.85183942317962646
vt 0.5 0.86891078948974609
vt 0.375 0.8774951696395874
vt 0.375 0.86891078948974609
vt 0.5 0.88612890243530273
vt 0.375 0.89476257562637329
vt 0.375 0.88612890243530273
vt 0.5 0.90348559617996216
vt 0.375 0.91220861673355103
vt 0.375 0.90348559617996216
vt 0.5 0.92098772525787354
vt 0.375 0.92976689338684082
vt 0.375 0.92098772525787354
vt 0.5 0.93854600191116333
vt 0.375 0.94732517004013062
vt 0.375 0.93854600191116333
vt 0.5 0.95610427856445313
vt 0.375 0.96488344669342041
vt 0.375 0.95610427856445313
vt 0.5 0.97366255521774292
vt 0.375 0.98244172334671021
vt 0.375 0.97366255521774292
vt 0.5 0.99122083187103271
vt 0.375 1
vt 0.375 0.99122083187103271
vt 0.75 0.0086665535345673561
vt 0.625 0.017333107069134712
vt 0.625 0
vt 0.625 0.0086665535345673561
vt 0.75 0.026086334139108658
vt 0.625 0.034839559346437454
vt 0.625 0.026086334139108658
vt 0.75 0.043580003082752228
vt 0.625 0.052320446819067001
vt 0.625 0.043580003082752228
vt 0.75 0.061045907437801361
vt 0.625 0.069771371781826019
vt 0.625 0.061045907437801361
vt 0.75 0.078496828675270081
vt 0.625 0.087222293019294739
vt 0.625 0.078496828675270081
vt 0.75 0.0959477499127388
vt 0.625 0.10467321425676346
vt 0.625 0.0959477499127388
vt 0.75 0.11339867115020752
vt 0.625 0.12212413549423218
vt 0.625 0.11339867115020752
vt 0.75 0.13084959983825684
vt 0.625 0.1395750492811203
vt 0.625 0.13084959983825684
vt 0.75 0.14803116023540497
vt 0.625 0.15648727118968964
vt 0.625 0.14803116023540497
vt 0.75 0.16484291851520538
vt 0.625 0.17319856584072113
vt 0.625 0.16484291851520538
vt 0.75 0.18163208663463593
vt 0.625 0.19006562232971191
vt 0.625 0.18163208663463593
vt 0.75 0.19889158010482788
vt 0.625 0.20771755278110504
vt 0.625 0.19889158010482788
vt 0.75 0.21654351055622101
vt 0.625 0.22536948323249817
vt 0.625 0.21654351055622101
vt 0.75 0.23419545590877533
vt 0.625 0.2430214136838913
vt 0.625 0.23419545590877533
vt 0.75 0.25184738636016846
vt 0.625 0.26067334413528442
vt 0.625 0.25184738636016846
vt 0.75 0.26949933171272278
vt 0.625 0.27832528948783875
vt 0.625 0.26949933171272278
vt 0.75 0.28742623329162598
vt 0.625 0.29652717709541321
vt 0.625 0.28742623329162598
vt 0.75 0.30578345060348511
vt 0.625 0.31503975391387939
vt 0.625 0.30578345060348511
vt 0.75 0.32423529028892517
vt 0.625 0.33343085646629333
vt 0.625 0.32423529028892517
vt 0.75 0.34237059950828552
vt 0.625 0.3513103723526001
vt 0.625 0.34237059950828552
vt 0.75 0.36025011539459229
vt 0.625 0.36918985843658447
vt 0.625 0.36025011539459229
vt 0.75 0.37812960147857666
vt 0.625 0.38706937432289124
vt 0.625 0.37812960147857666
vt 0.75 0.39600911736488342
vt 0.625 0.40494886040687561
vt 0.625 0.39600911736488342
vt 0.75 0.41388863325119019
vt 0.625 0.42282837629318237
vt 0.625 0.41388863325119019
vt 0.75 0.43158388137817383
vt 0.625 0.44033938646316528
vt 0.625 0.43158388137817383
vt 0.75 0.56843221187591553
vt 0.625 0.57702583074569702
vt 0.625 0.55983865261077881
vt 0.625 0.56843221187591553
vt 0.75 0.58585244417190552
vt 0.625 0.59467905759811401
vt 0.625 0.58585244417190552
vt 0.75 0.60352152585983276
vt 0.625 0.61236399412155151
vt 0.625 0.60352152585983276
vt 0.75 0.62144607305526733
vt 0.625 0.63052815198898315
vt 0.625 0.62144607305526733
vt 0.75 0.63966619968414307
vt 0.625 0.64880430698394775
vt 0.625 0.63966619968414307
vt 0.75 0.65794235467910767
vt 0.625 0.66708046197891235
vt 0.625 0.65794235467910767
vt 0.75 0.67621850967407227
vt 0.625 0.68535661697387695
vt 0.625 0.67621850967407227
vt 0.75 0.69449466466903687
vt 0.625 0.70363277196884155
vt 0.625 0.69449466466903687
vt 0.75 0.7132449746131897
vt 0.625 0.72285711765289307
vt 0.625 0.7132449746131897
vt 0.75 0.73155677318572998
vt 0.625 0.74025642871856689
vt 0.625 0.73155677318572998
vt 0.75 0.74941390752792358
vt 0.625 0.75857144594192505
vt 0.625 0.74941390752792358
vt 0.75 0.76700657606124878
vt 0.625 0.77544170618057251
vt 0.625 0.76700657606124878
vt 0.75 0.78393059968948364
vt 0.625 0.79241943359375
vt 0.625 0.78393059968948364
vt 0.75 0.80090826749801636
vt 0.625 0.80939716100692749
vt 0.625 0.80090826749801636
vt 0.75 0.81788599491119385
vt 0.625 0.82637482881546021
vt 0.625 0.81788599491119385
vt 0.75 0.83486366271972656
vt 0.625 0.8433525562286377
vt 0.625 0.83486366271972656
vt 0.75 0.85183942317962646
vt 0.625 0.86032634973526001
vt 0.625 0.85183942317962646
vt 0.75 0.86891078948974609
vt 0.625 0.8774951696395874
vt 0.625 0.86891078948974609
vt 0.75 0.88612890243530273
vt 0.625 0.89476257562637329
vt 0.625 0.88612890243530273
vt 0.75 0.90348559617996216
vt 0.625 0.91220861673355103
vt 0.625 0.90348559617996216
vt 0.75 0.92098772525787354
vt 0.625 0.92976689338684082
vt 0.625 0.92098772525787354
vt 0.75 0.93854600191116333
vt 0.625 0.94732517004013062
vt 0.625 0.93854600191116333
vt 0.75 0.95610427856445313
vt 0.625 0.96488344669342041
vt 0.625 0.95610427856445313
vt 0.75 0.97366255521774292
vt 0.625 0.98244172334671021
vt 0.625 0.97366255521774292
vt 0.75 0.99122083187103271
vt 0.625 1
vt 0.625 0.99122083187103271
vt 1 0.0086665535345673561
vt 0.875 0.017333107069134712
vt 0.875 0
vt 0.875 0.0086665535345673561
vt 1 0.026086334139108658
vt 0.875 0.034839559346437454
vt 0.875 0.026086334139108658
vt 1 0.043580003082752228
vt 0.875 0.052320446819067001
vt 0.875 0.043580003082752228
vt 1 0.061045907437801361
vt 0.875 0.069771371781826019
vt 0.875 0.061045907437801361
vt 1 0.078496828675270081
vt 0.875 0.087222293019294739
vt 0.875 0.078496828675270081
vt 1 0.0959477499127388
vt 0.875 0.10467321425676346
vt 0.875 0.0959477499127388
vt 1 0.11339867115020752
vt 0.875 0.12212413549423218
vt 0.875 0.11339867115020752
vt 1 0.13084959983825684
vt 0.875 0.1395750492811203
vt 0.875 0.13084959983825684
vt 1 0.14803116023540497
vt 0.875 0.15648727118968964
vt 0.875 0.14803116023540497
vt 1 0.16484291851520538
vt 0.875 0.17319856584072113
vt 0.875 0.16484291851520538
vt 1 0.18163208663463593
vt 0.875 0.19006562232971191
vt 0.875 0.18163208663463593
vt 1 0.19889158010482788
vt 0.875 0.20771755278110504
vt 0.875 0.19889158010482788
vt 1 0.21654351055622101
vt 0.875 0.22536948323249817
vt 0.875 0.21654351055622101
vt 1 0.23419545590877533
vt 0.875 0.2430214136838913
vt 0.875 0.23419545590877533
vt 1 0.25184738636016846
vt 0.875 0.26067334413528442
vt 0.875 0.25184738636016846
vt 1 0.26949933171272278
vt 0.875 0.27832528948783875
vt 0.875 0.26949933171272278
vt 1 0.28742623329162598
vt 0.875 0.29652717709541321
vt 0.875 0.28742623329162598
vt 1 0.30578345060348511
vt 0.875 0.31503975391387939
vt 0.875 0.30578345060348511
vt 1 0.32423529028892517
vt 0.875 0.33343085646629333
vt 0.875 0.32423529028892517
vt 1 0.34237059950828552
vt 0.875 0.3513103723526001
vt 0.875 0.34237059950828552
vt 1 0.36025011539459229
vt 0.875 0.36918985843658447
vt 0.875 0.36025011539459229
vt 1 0.37812960147857666
vt 0.875 0.38706937432289124
vt 0.875 0.37812960147857666
vt 1 0.39600911736488342
vt 0.875 0.40494886040687561
vt 0.875 0.39600911736488342
vt 1 0.41388863325119019
vt 0.875 0.42282837629318237
vt 0.875 0.41388863325119019
vt 1 0.43158388137817383
vt 0.875 0.44033938646316528
vt 0.875 0.43158388137817383
vt 1 0.56843221187591553
vt 0.875 0.57702583074569702
vt 0.875 0.55983865261077881
vt 0.875 0.56843221187591553
vt 1 0.58585244417190552
vt 0.875 0.59467905759811401
vt 0.875 0.58585244417190552
vt 1 0.60352152585983276
vt 0.875 0.61236399412155151
vt 0.875 0.60352152585983276
vt 1 0.62144607305526733
vt 0.875 0.63052815198898315
vt 0.875 0.62144607305526733
vt 1 0.63966619968414307
vt 0.875 0.64880430698394775
vt 0.875 0.63966619968414307
vt 1 0.65794235467910767
vt 0.875 0.66708046197891235
vt 0.875 0.65794235467910767
vt 1 0.67621850967407227
vt 0.875 0.68535661697387695
vt 0.875 0.67621850967407227
vt 1 0.69449466466903687
vt 0.875 0.70363277196884155
vt 0.875 0.69449466466903687
vt 1 0.7132449746131897
vt 0.875 0.72285711765289307
vt 0.875 0.7132449746131897
vt 1 0.73155677318572998
vt 0.875 0.74025642871856689
vt 0.875 0.73155677318572998
vt 1 0.74941390752792358
vt 0.875 0.75857144594192505
vt 0.875 0.74941390752792358
vt 1 0.76700657606124878
vt 0.875 0.77544170618057251
vt 0.875 0.76700657606124878
vt 1 0.78393059968948364
vt 0.875 0.79241943359375
vt 0.875 0.78393059968948364
vt 1 0.80090826749801636
vt 0.875 0.80939716100692749
vt 0.875 0.80090826749801636
vt 1 0.81788599491119385
vt 0.875 0.82637482881546021
vt 0.875 0.81788599491119385
vt 1 0.83486366271972656
vt 0.875 0.8433525562286377
vt 0.875 0.83486366271972656
vt 1 0.85183942317962646
vt 0.875 0.86032634973526001
vt 0.875 0.85183942317962646
vt 1 0.86891078948974609
vt 0.875 0.8774951696395874
vt 0.875 0.86891078948974609
vt 1 0.88612890243530273
vt 0.875 0.89476257562637329
vt 0.875 0.88612890243530273
vt 1 0.90348559617996216
vt 0.875 0.91220861673355103
vt 0.875 0.90348559617996216
vt 1 0.92098772525787354
vt 0.875 0.92976689338684082
vt 0.875 0.92098772525787354
vt 1 0.93854600191116333
vt 0.875 0.94732517004013062
vt 0.875 0.93854600191116333
vt 1 0.95610427856445313
vt 0.875 0.96488344669342041
vt 0.875 0.95610427856445313
vt 1 0.97366255521774292
vt 0.875 0.98244172334671021
vt 0.875 0.97366255521774292
vt 1 0.99122083187103271
vt 0.875 1
vt 0.875 0.99122083187103271
vn -0.1550028920173645 -0.97689229249954224 -0.14715822041034698
vn -0.041324872523546219 -0.98999994993209839 -0.13487917184829712
vn 0.072937183082103729 -0.98956894874572754 -0.12423131614923477
vn 0.18363556265830994 -0.97601944208145142 -0.11689314991235733
vn 0.28822150826454163 -0.95076435804367065 -0.11391020566225052
vn 0.38491350412368774 -0.91565752029418945 -0.11581388860940933
vn 0.47240287065505981 -0.87280309200286865 -0.12267976254224777
vn 0.550029456615448 -0.82429236173629761 -0.13420039415359497
vn 0.61768257617950439 -0.77202922105789185 -0.14979681372642517
vn 0.6757236123085022 -0.71798413991928101 -0.16702196002006531
vn 0.73009651899337769 -0.65839403867721558 -0.18296553194522858
vn 0.78291589021682739 -0.59017902612686157 -0.19680306315422058
vn 0.83612406253814697 -0.50772273540496826 -0.20763957500457764
vn 0.88627541065216064 -0.41108405590057373 -0.21336780488491058
vn 0.93083727359771729 -0.29734078049659729 -0.21243923902511597
vn 0.96520531177520752 -0.16448192298412323 -0.20328401029109955
vn 0.98269975185394287 -0.013075480237603188 -0.18474377691745758
vn 0.97569429874420166 0.15225988626480103 -0.15759953856468201
vn 0.94382047653198242 0.30353268980979919 -0.13065527379512787
vn 0.89401239156723022 0.43517795205116272 -0.10659275203943253
vn 0.83219850063323975 0.54772543907165527 -0.086269579827785492
vn 0.758963942527771 0.64745789766311646 -0.069079361855983734
vn 0.67468124628067017 0.73606193065643311 -0.05493643507361412
vn 0.5789610743522644 0.81418734788894653 -0.043624568730592728
vn 0.4712367057800293 0.88132059574127197 -0.034784369170665741
vn 0.3575780987739563 0.93344831466674805 -0.028499003499746323
vn 0.25019299983978271 0.9678683876991272 -0.025183733552694321
vn 0.14731885492801666 0.98880684375762939 -0.023626221343874931
vn 0.048029385507106781 0.99858009815216064 -0.023042785003781319
vn -0.050241116434335709 0.99847126007080078 -0.023043164983391762
vn -0.14959084987640381 0.98846554756164551 -0.023631623014807701
vn -0.25195756554603577 0.96741026639938354 -0.025193823501467705
vn -0.35873454809188843 0.93300426006317139 -0.028506245464086533
vn -0.47036230564117432 0.88179206848144531 -0.034670043736696243
vn -0.57691991329193115 0.81564927101135254 -0.043355114758014679
vn -0.67190593481063843 0.73863112926483154 -0.05446498841047287
vn -0.7577899694442749 0.64886593818664551 -0.068755708634853363
vn -0.83268451690673828 0.54698002338409424 -0.08630979061126709
vn -0.89563453197479248 0.43169397115707397 -0.10714036226272583
vn -0.94473922252655029 0.30045369267463684 -0.13113124668598175
vn -0.97589129209518433 0.15081134438514709 -0.15777240693569183
vn -0.98221832513809204 -0.023833105340600014 -0.18622343242168427
vn -0.96373242139816284 -0.17215152084827423 -0.20392066240310669
vn -0.92708414793014526 -0.30864056944847107 -0.212734654545784
vn -0.88395005464553833 -0.4162038266658783 -0.21308839321136475
vn -0.83555811643600464 -0.50876569747924805 -0.20736463367938995
vn -0.78437584638595581 -0.58819806575775146 -0.19692027568817139
vn -0.73126113414764404 -0.65708863735198975 -0.18300731480121613
vn -0.67609864473342896 -0.71768784523010254 -0.16677755117416382
vn -0.61796724796295166 -0.77187192440032959 -0.14943303167819977
vn -0.5516543984413147 -0.82323670387268066 -0.13401049375534058
vn -0.47521898150444031 -0.87129700183868408 -0.12250901758670807
vn -0.38815081119537354 -0.91432392597198486 -0.11554534733295441
vn -0.29115939140319824 -0.9499085545539856 -0.11357774585485458
vn -0.18606661260128021 -0.97559446096420288 -0.11659605801105499
vn -0.074858710169792175 -0.98944884538650513 -0.12404507398605347
vn 0.039890259504318237 -0.99006342887878418 -0.1348448246717453
vn 0.15527556836605072 -0.97680854797363281 -0.1474262923002243
vn -0.088930137455463409 -0.99274224042892456 -0.080958157777786255
vn 0.026809558272361755 -0.99700766801834106 -0.072504952549934387
vn 0.14186002314090729 -0.98770928382873535 -0.065621227025985718
vn 0.25206834077835083 -0.96571832895278931 -0.062045417726039886
vn 0.35500040650367737 -0.93274933099746704 -0.062876142561435699
vn 0.44904807209968567 -0.89086520671844482 -0.068665653467178345
vn 0.53310865163803101 -0.84230548143386841 -0.079477272927761078
vn 0.60673069953918457 -0.78921312093734741 -0.09497610479593277
vn 0.66999310255050659 -0.73347651958465576 -0.11454884707927704
vn 0.72366535663604736 -0.67673748731613159 -0.13540643453598022
vn 0.77368968725204468 -0.61446148157119751 -0.15440633893013
vn 0.82176578044891357 -0.54360014200210571 -0.17087963223457336
vn 0.86930710077285767 -0.45871421694755554 -0.18408255279064178
vn 0.91282159090042114 -0.36046820878982544 -0.19188381731510162
vn 0.94971829652786255 -0.24663384258747101 -0.19289080798625946
vn 0.97572249174118042 -0.11601684987545013 -0.18575723469257355
vn 0.98505336046218872 0.030192118138074875 -0.16958262026309967
vn 0.97141718864440918 0.1877511590719223 -0.14525206387042999
vn 0.93553841114044189 0.33192229270935059 -0.12081178277730942
vn 0.88343387842178345 0.45803722739219666 -0.098724178969860077
vn 0.82019239664077759 0.56648111343383789 -0.079897105693817139
vn 0.74592792987823486 0.66295319795608521 -0.06391085684299469
vn 0.66094893217086792 0.74870902299880981 -0.050806049257516861
vn 0.56506448984146118 0.8240540623664856 -0.040460113435983658
vn 0.45810180902481079 0.88830333948135376 -0.032555539160966873
vn 0.34642443060874939 0.93768566846847534 -0.027123682200908661
vn 0.24180585145950317 0.97001594305038452 -0.024475341662764549
vn 0.14216233789920807 0.98956739902496338 -0.023372313007712364
vn 0.046316061168909073 0.99866163730621338 -0.023015353828668594
vn -0.048442456871271133 0.99856084585189819 -0.023013152182102203
vn -0.14435097575187683 0.9892505407333374 -0.023369919508695602
vn -0.24351038038730621 0.96958941221237183 -0.024475695565342903
vn -0.34754458069801331 0.9372711181640625 -0.027122290804982185
vn -0.45722579956054688 0.88875854015350342 -0.032447006553411484
vn -0.56301665306091309 0.82546687126159668 -0.040207806974649429
vn -0.65815085172653198 0.75119972229003906 -0.050362933427095413
vn -0.7447364330291748 0.66432106494903564 -0.0636015385389328
vn -0.82068520784378052 0.56576287746429443 -0.079925887286663055
vn -0.88510572910308838 0.45469021797180176 -0.099220074713230133
vn -0.93652039766311646 0.32898586988449097 -0.1212344691157341
vn -0.97165858745574951 0.18638876080513 -0.1453917920589447
vn -0.98509180545806885 0.019921394065022469 -0.17087215185165405
vn -0.97471612691879272 -0.12343461811542511 -0.18625898659229279
vn -0.94673275947570801 -0.25778505206108093 -0.19298699498176575
vn -0.91087573766708374 -0.36556455492973328 -0.19148871302604675
vn -0.86884421110153198 -0.45971623063087463 -0.18376795947551727
vn -0.82311445474624634 -0.54149997234344482 -0.17105671763420105
vn -0.77477085590362549 -0.61307132244110107 -0.15451094508171082
vn -0.72399955987930298 -0.67642146348953247 -0.13519833981990814
vn -0.67020940780639648 -0.73332822322845459 -0.11423250287771225
vn -0.60817992687225342 -0.78810381889343262 -0.094918601214885712
vn -0.53569382429122925 -0.84066206216812134 -0.079494573175907135
vn -0.45206865668296814 -0.88934206962585449 -0.068590395152568817
vn -0.35777884721755981 -0.93169856071472168 -0.062705919146537781
vn -0.25440934300422668 -0.96511560678482056 -0.061868730932474136
vn -0.14376160502433777 -0.98744159936904907 -0.065510600805282593
vn -0.028286874294281006 -0.99696719646453857 -0.072500094771385193
vn 0.089144185185432434 -0.99270600080490112 -0.081167139112949371
vn -0.013533871620893478 -0.99989324808120728 -0.0055044461041688919
vn 0.10316994041204453 -0.99466246366500854 -0.0016047097742557526
vn 0.21787242591381073 -0.97597688436508179 0.00083622330566868186
vn 0.32646775245666504 -0.94520831108093262 3.4247474104631692E-05
vn 0.42668592929840088 -0.90438514947891235 -0.0051598246209323406
vn 0.51713597774505615 -0.85576605796813965 -0.015322328545153141
vn 0.59695452451705933 -0.80169463157653809 -0.030511781573295593
vn 0.66591513156890869 -0.74432462453842163 -0.050377700477838516
vn 0.72428566217422485 -0.68548649549484253 -0.074286572635173798
vn 0.77317351102828979 -0.62640267610549927 -0.09910835325717926
vn 0.81835287809371948 -0.56172966957092285 -0.12148398905992508
vn 0.86108571290969849 -0.48854202032089233 -0.14091876149177551
vn 0.90224695205688477 -0.40168407559394836 -0.15684486925601959
vn 0.9383881688117981 -0.30249491333961487 -0.16710619628429413
vn 0.96697211265563965 -0.18947860598564148 -0.17047815024852753
vn 0.9841887354850769 -0.062211461365222931 -0.16583806276321411
vn 0.98524612188339233 0.07764008641242981 -0.1525191068649292
vn 0.96512061357498169 0.22641043365001678 -0.13145551085472107
vn 0.92536360025405884 0.36282077431678772 -0.10983314365148544
vn 0.87101191282272339 0.48295915126800537 -0.089937523007392883
vn 0.80633789300918579 0.58696174621582031 -0.072767168283462524
vn 0.73102289438247681 0.67987322807312012 -0.058120563626289368
vn 0.64535719156265259 0.76248371601104736 -0.046180151402950287
vn 0.54940080642700195 0.83474266529083252 -0.036924418061971664
vn 0.44342204928398132 0.89580816030502319 -0.030076513066887856
vn 0.33406525850296021 0.94220215082168579 -0.025602323934435844
vn 0.23256713151931763 0.97229164838790894 -0.02369467169046402
vn 0.13650310039520264 0.99037045240402222 -0.02309313602745533
vn 0.044438958168029785 0.99874764680862427 -0.022985223680734634
vn -0.046471811830997467 0.99865525960922241 -0.022980185225605965
vn -0.13859985768795013 0.99007946252822876 -0.023082159459590912
vn -0.23420462012290955 0.97189879417419434 -0.023684242740273476
vn -0.33514389395713806 0.94181931018829346 -0.025591269135475159
vn -0.44254466891288757 0.89624536037445068 -0.029974445700645447
vn -0.54734706878662109 0.83610105514526367 -0.036691382527351379
vn -0.6425357460975647 0.76488763093948364 -0.045768775045871735
vn -0.72981250286102295 0.68119728565216064 -0.057827111333608627
vn -0.80683720111846924 0.58627325296401978 -0.072783239185810089
vn -0.87273299694061279 0.47975951433181763 -0.090376436710357666
vn -0.9264070987701416 0.36003679037094116 -0.11019723862409592
vn -0.9654039740562439 0.22513850033283234 -0.13155932724475861
vn -0.98579758405685425 0.067928478121757507 -0.15358646214008331
vn -0.98365628719329834 -0.069317087531089783 -0.16617909073829651
vn -0.96479630470275879 -0.20038619637489319 -0.17033335566520691
vn -0.93684649467468262 -0.30752468109130859 -0.16657504439353943
vn -0.90188699960708618 -0.40263137221336365 -0.15648600459098816
vn -0.86229950189590454 -0.48632490634918213 -0.14116518199443817
vn -0.8193364143371582 -0.56025594472885132 -0.12166006863117218
vn -0.7734641432762146 -0.62606990337371826 -0.098942793905735016
vn -0.72443306446075439 -0.68535882234573364 -0.074026837944984436
vn -0.66717588901519775 -0.74318832159042358 -0.050472211092710495
vn -0.59928083419799805 -0.79994827508926392 -0.030745470896363258
vn -0.5199015736579895 -0.85408604145050049 -0.015472821891307831
vn -0.42926454544067383 -0.90316390991210938 -0.0051833512261509895
vn -0.3286823034286499 -0.94444054365158081 6.3838473579380661E-05
vn -0.2197275310754776 -0.97556090354919434 0.00085343274986371398
vn -0.10467959940433502 -0.99450463056564331 -0.0016334805404767394
vn 0.013666242361068726 -0.99989074468612671 -0.0056314426474273205
vn 0.070181198418140411 -0.99446696043014526 0.078167073428630829
vn 0.1864117830991745 -0.97945594787597656 0.076919689774513245
vn 0.29935556650161743 -0.95123952627182007 0.074361033737659454
vn 0.40501946210861206 -0.91172409057617188 0.068691104650497437
vn 0.50134962797164917 -0.86324989795684814 0.058720905333757401
vn 0.58721202611923218 -0.80824458599090576 0.04384845495223999
vn 0.66200613975524902 -0.74911373853683472 0.024009225890040398
vn 0.72573399543762207 -0.68797522783279419 -0.00044866852113045752
vn 0.77883857488632202 -0.62655854225158691 -0.028892850503325462
vn 0.82264941930770874 -0.56559503078460693 -0.057880602777004242
vn 0.8625643253326416 -0.49894675612449646 -0.083874329924583435
vn 0.89941078424453735 -0.42391654849052429 -0.10655981302261353
vn 0.93354535102844238 -0.3357483446598053 -0.12556323409080505
vn 0.96168035268783569 -0.2365039736032486 -0.13869684934616089
vn 0.98146349191665649 -0.12542596459388733 -0.14490583539009094
vn 0.98967850208282471 -0.0027729184366762638 -0.14327847957611084
vn 0.9825742244720459 0.12948653101921082 -0.13334570825099945
vn 0.95628070831298828 0.26844713091850281 -0.11603142321109772
vn 0.91286146640777588 0.39644157886505127 -0.097560271620750427
vn 0.85634738206863403 0.51015162467956543 -0.080090358853340149
vn 0.79024696350097656 0.60935759544372559 -0.064753860235214233
vn 0.71386617422103882 0.69837844371795654 -0.051600798964500427
vn 0.62753754854202271 0.77750754356384277 -0.040971662849187851
vn 0.53163635730743408 0.84633141756057739 -0.032952934503555298
vn 0.42692452669143677 0.90387493371963501 -0.027305172756314278
vn 0.32030215859413147 0.94701361656188965 -0.023911332711577415
vn 0.22234328091144562 0.97470110654830933 -0.022830329835414886
vn 0.1302645206451416 0.99121743440628052 -0.022784760221838951
vn 0.042373429983854294 0.99883818626403809 -0.02295197919011116
vn -0.044303305447101593 0.99875462055206299 -0.022943809628486633
vn -0.13225951790809631 0.99095368385314941 -0.022764284163713455
vn -0.22390550374984741 0.97434395551681519 -0.022807901725172997
vn -0.32133308053016663 0.94666486978530884 -0.023889409378170967
vn -0.42604607343673706 0.90429216623306274 -0.027210365980863571
vn -0.52957797050476074 0.8476291298866272 -0.032741662114858627
vn -0.62469226121902466 0.77981507778167725 -0.040596015751361847
vn -0.71263515949249268 0.69965481758117676 -0.051324918866157532
vn -0.79075223207473755 0.60870158672332764 -0.064755760133266449
vn -0.85811698436737061 0.5071098804473877 -0.080466605722904205
vn -0.91396373510360718 0.39381936192512512 -0.097860336303710938
vn -0.95660287141799927 0.26726862788200378 -0.11609687656164169
vn -0.98361790180206299 0.12040607631206512 -0.13415752351284027
vn -0.98961454629898071 -0.0095035377889871597 -0.14343200623989105
vn -0.98012030124664307 -0.13598155975341797 -0.14447581768035889
vn -0.96055775880813599 -0.24141703546047211 -0.13800942897796631
vn -0.93328326940536499 -0.33662745356559753 -0.12515707314014435
vn -0.90046441555023193 -0.42159131169319153 -0.10688602924346924
vn -0.86343562602996826 -0.49739423394203186 -0.084130391478538513
vn -0.822895348072052 -0.56524914503097534 -0.057763624936342239
vn -0.77892184257507324 -0.62646406888961792 -0.028697866946458817
vn -0.72680413722991943 -0.68684440851211548 -0.00070996046997606754
vn -0.66405779123306274 -0.74731063842773438 0.023538378998637199
vn -0.5896947979927063 -0.80645662546157837 0.043447639793157578
vn -0.50369483232498169 -0.86190009117126465 0.058478545397520065
vn -0.40707322955131531 -0.91081947088241577 0.068551227450370789
vn -0.30113491415977478 -0.95068496465682983 0.074269108474254608
vn -0.18793728947639465 -0.97916960716247559 0.076853342354297638
vn -0.070151224732398987 -0.99447101354598999 0.078142493963241577
vn 0.15964238345623016 -0.97286856174468994 0.16745485365390778
vn 0.27373918890953064 -0.94826948642730713 0.16078506410121918
vn 0.38335895538330078 -0.91084575653076172 0.15295717120170593
vn 0.48469701409339905 -0.86304515600204468 0.14220359921455383
vn 0.5759655237197876 -0.80749845504760742 0.12731821835041046
vn 0.65631723403930664 -0.7467619776725769 0.10767649859189987
vn 0.725425124168396 -0.68325459957122803 0.083195969462394714
vn 0.78350913524627686 -0.61901193857192993 0.054200209677219391
vn 0.83116090297698975 -0.55562412738800049 0.021293340250849724
vn 0.86977684497833252 -0.4933033287525177 -0.011834213510155678
vn 0.90414226055145264 -0.42520773410797119 -0.041534509509801865
vn 0.93468677997589111 -0.34897351264953613 -0.067661985754966736
vn 0.96130496263504028 -0.26035565137863159 -0.090042687952518463
vn 0.98100829124450684 -0.16214996576309204 -0.10644310712814331
vn 0.99176788330078125 -0.054299011826515198 -0.11596570163965225
vn 0.99106591939926147 0.062386900186538696 -0.11788208037614822
vn 0.97619348764419556 0.18582350015640259 -0.11187458038330078
vn 0.94426405429840088 0.31401368975639343 -0.098796457052230835
vn 0.89749825000762939 0.4329800009727478 -0.083816513419151306
vn 0.83894401788711548 0.53982359170913696 -0.069017216563224792
vn 0.77143305540084839 0.63386732339859009 -0.055706895887851715
vn 0.69397652149200439 0.71863836050033569 -0.044220969080924988
vn 0.60702753067016602 0.79390639066696167 -0.035074193030595779
vn 0.51135528087615967 0.85889780521392822 -0.028466634452342987
vn 0.40827244520187378 0.91253954172134399 -0.024190086871385574
vn 0.30489283800125122 0.95213204622268677 -0.02202199213206768
vn 0.21097198128700256 0.97724747657775879 -0.021868458017706871
vn 0.12335370481014252 0.99210894107818604 -0.022442398592829704
vn 0.040089644491672516 0.99893331527709961 -0.022915111854672432
vn -0.041905596852302551 0.99885904788970947 -0.02290346659719944
vn -0.1252354234457016 0.99187391996383667 -0.02241135761141777
vn -0.21244922280311584 0.97692817449569702 -0.021832602098584175
vn -0.3058684766292572 0.95181983709335327 -0.021987775340676308
vn -0.40739345550537109 0.91293460130691528 -0.024103475734591484
vn -0.50929397344589233 0.86012786626815796 -0.028280092403292656
vn -0.60415834188461304 0.79610669612884521 -0.034738931804895401
vn -0.69272279739379883 0.71986263990402222 -0.043964602053165436
vn -0.77194356918334961 0.63324671983718872 -0.055693015456199646
vn -0.84076082706451416 0.53695005178451538 -0.069324813783168793
vn -0.89865571260452271 0.43052756786346436 -0.084047220647335052
vn -0.94462126493453979 0.31292954087257385 -0.098821759223937988
vn -0.97769194841384888 0.17744025588035583 -0.11239852011203766
vn -0.99144917726516724 0.056091476231813431 -0.11782289296388626
vn -0.99125242233276367 -0.06438775360584259 -0.11520795524120331
vn -0.98030561208724976 -0.16689291596412659 -0.1055823490023613
vn -0.96113020181655884 -0.26115602254867554 -0.08958936482667923
vn -0.935555100440979 -0.34655725955963135 -0.068078689277172089
vn -0.90488767623901367 -0.42358535528182983 -0.041877862066030502
vn -0.86997920274734497 -0.49294790625572205 -0.011770807206630707
vn -0.8311913013458252 -0.55557382106781006 0.021418297663331032
vn -0.78440064191818237 -0.61791962385177612 0.053767293691635132
vn -0.72720509767532349 -0.6814466118812561 0.082482375204563141
vn -0.65850824117660522 -0.74492561817169189 0.10701742768287659
vn -0.57805895805358887 -0.80607551336288452 0.12684682011604309
vn -0.4865649938583374 -0.86204618215560913 0.14188331365585327
vn -0.38503491878509521 -0.91017383337020874 0.15274710953235626
vn -0.27525782585144043 -0.94784790277481079 0.16067804396152496
vn -0.15972597897052765 -0.97283953428268433 0.16754345595836639
vn -0.031012415885925293 -0.99657589197158813 -0.076646417379379272
vn -0.0083206342533230782 -0.99446171522140503 -0.10476934909820557
vn -0.098272852599620819 -0.98513251543045044 -0.14091277122497559
vn -0.12314377725124359 -0.98567640781402588 -0.11522854864597321
vn -0.065763823688030243 -0.9917643666267395 -0.10990253090858459
vn 0.084748566150665283 -0.99402832984924316 -0.068741463124752045
vn 0.10645827651023865 -0.98968005180358887 -0.095916666090488434
vn 0.016056392341852188 -0.99148482084274292 -0.12922881543636322
vn 0.049400143325328827 -0.99375849962234497 -0.10001809149980545
vn 0.19771298766136169 -0.97821152210235596 -0.063338503241539001
vn 0.21703696250915527 -0.97197037935256958 -0.090380012989044189
vn 0.12888056039810181 -0.98436397314071655 -0.12007234990596771
vn 0.16241911053657532 -0.98236197233200073 -0.092655099928379059
vn 0.3045484721660614 -0.95048576593399048 -0.061863448470830917
vn 0.32091817259788513 -0.9428941011428833 -0.089231401681900024
vn 0.23680686950683594 -0.96474891901016235 -0.11481323838233948
vn 0.26992452144622803 -0.9587397575378418 -0.089211955666542053
vn 0.40322002768516541 -0.91278195381164551 -0.065136417746543884
vn 0.41640153527259827 -0.90441060066223145 -0.093012250959873199
vn 0.33765199780464172 -0.93431323766708374 -0.11423629522323608
vn 0.36980140209197998 -0.92469364404678345 -0.090490899980068207
vn 0.49236899614334106 -0.86728131771087646 -0.073456674814224243
vn 0.50227677822113037 -0.85869467258453369 -0.10179129987955093
vn 0.42986407876014709 -0.8950653076171875 -0.1186380535364151
vn 0.46058928966522217 -0.88232040405273438 -0.096789300441741943
vn 0.57123029232025146 -0.81620067358016968 -0.086674012243747711
vn 0.57798552513122559 -0.80786818265914917 -0.11524629592895508
vn 0.51246732473373413 -0.84912991523742676 -0.12788939476013184
vn 0.54141414165496826 -0.83379489183425903 -0.1079665794968605
vn 0.63963514566421509 -0.7615697979927063 -0.10429918766021729
vn 0.64351099729537964 -0.75383228063583374 -0.13277977705001831
vn 0.58509171009063721 -0.79852122068405151 -0.14153280854225159
vn 0.61200481653213501 -0.78114402294158936 -0.12354813516139984
vn 0.69730621576309204 -0.70577359199523926 -0.12509074807167053
vn 0.69942480325698853 -0.69840484857559204 -0.15177488327026367
vn 0.64719480276107788 -0.74567556381225586 -0.15845146775245667
vn 0.67195165157318115 -0.72678488492965698 -0.14235436916351318
vn 0.74899309873580933 -0.64647716283798218 -0.14517791569232941
vn 0.75168806314468384 -0.63744407892227173 -0.16920429468154907
vn 0.70320165157318115 -0.68906515836715698 -0.17520444095134735
vn 0.72585880756378174 -0.66880100965499878 -0.16073040664196014
vn 0.79802292585372925 -0.58015131950378418 -0.16304564476013184
vn 0.8022119402885437 -0.56787556409835815 -0.18431849777698517
vn 0.7567373514175415 -0.62542694807052612 -0.19023586809635162
vn 0.77721178531646729 -0.60379117727279663 -0.17713843286037445
vn 0.84593677520751953 -0.50267398357391357 -0.17807275056838989
vn 0.85267704725265503 -0.48415929079055786 -0.19629481434822083
vn 0.80981206893920898 -0.55053538084030151 -0.20276880264282227
vn 0.8277895450592041 -0.52757048606872559 -0.19087639451026917
vn 0.89169257879257202 -0.41141229867935181 -0.18874379992485046
vn 0.89960497617721558 -0.38664746284484863 -0.20301376283168793
vn 0.86169654130935669 -0.46136587858200073 -0.2112358957529068
vn 0.87670361995697021 -0.43729874491691589 -0.20040114223957062
vn 0.93232327699661255 -0.30561202764511108 -0.19332504272460938
vn 0.94042152166366577 -0.27275854349136353 -0.20300281047821045
vn 0.90949004888534546 -0.35651344060897827 -0.21383644640445709
vn 0.92100876569747925 -0.33188793063163757 -0.20394425094127655
vn 0.96441590785980225 -0.18342322111129761 -0.19041508436203003
vn 0.97067028284072876 -0.14089326560497284 -0.19480320811271667
vn 0.94967108964920044 -0.2333499938249588 -0.2089797705411911
vn 0.95722264051437378 -0.20909684896469116 -0.20000818371772766
vn 0.9828677773475647 -0.044650617986917496 -0.17882181704044342
vn 0.9841080904006958 0.0080527197569608688 -0.17738781869411469
vn 0.97653698921203613 -0.090903282165527344 -0.19522330164909363
vn 0.97992634773254395 -0.068351611495018005 -0.1872762143611908
vn 0.98132264614105225 0.11008542776107788 -0.15775640308856964
vn 0.97377938032150269 0.1696239560842514 -0.15159618854522705
vn 0.9826471209526062 0.070643365383148193 -0.17150568962097168
vn 0.98221457004547119 0.08992651104927063 -0.16482649743556976
vn 0.95585310459136963 0.26211857795715332 -0.13281065225601196
vn 0.93989229202270508 0.31742745637893677 -0.12586618959903717
vn 0.96241486072540283 0.23036298155784607 -0.14384210109710693
vn 0.95935153961181641 0.24590444564819336 -0.13847602903842926
vn 0.91128039360046387 0.39697480201721191 -0.10944864898920059
vn 0.88893187046051025 0.44636243581771851 -0.10276516526937485
vn 0.92085742950439453 0.37153777480125427 -0.11824265122413635
vn 0.91627883911132813 0.38398593664169312 -0.1139642670750618
vn 0.85324472188949585 0.51386648416519165 -0.088964603841304779
vn 0.82640552520751953 0.55689901113510132 -0.083170995116233826
vn 0.86460262537002563 0.49319222569465637 -0.096040233969688416
vn 0.85913258790969849 0.50330567359924316 -0.092599049210548401
vn 0.78440076112747192 0.61611449718475342 -0.07154257595539093
vn 0.75265884399414063 0.6550370454788208 -0.066566869616508484
vn 0.79696071147918701 0.59906649589538574 -0.07728489488363266
vn 0.79089230298995972 0.60740441083908081 -0.074493192136287689
vn 0.70478415489196777 0.70712804794311523 -0.057001937180757523
vn 0.66802757978439331 0.74225181341171265 -0.052928384393453598
vn 0.71821701526641846 0.69308376312255859 -0.061637550592422485
vn 0.71171402931213379 0.69995474815368652 -0.059384122490882874
vn 0.61438703536987305 0.78770315647125244 -0.045302875339984894
vn 0.5722154974937439 0.8190227746963501 -0.042085189372301102
vn 0.62828892469406128 0.77643889188766479 -0.048945251852273941
vn 0.62154710292816162 0.78195512294769287 -0.047174036502838135
vn 0.51296430826187134 0.85764497518539429 -0.036231640726327896
vn 0.4648473858833313 0.88474929332733154 -0.033698905259370804
vn 0.52662569284439087 0.8492056131362915 -0.038924794644117355
vn 0.51998758316040039 0.85334527492523193 -0.037614025175571442
vn 0.40198105573654175 0.91517430543899536 -0.029448399320244789
vn 0.35214099287986755 0.93553316593170166 -0.027828292921185493
vn 0.41426369547843933 0.90962082147598267 -0.031234292313456535
vn 0.40828222036361694 0.91235059499740601 -0.030363919213414192
vn -0.40210801362991333 0.91511988639831543 -0.029406562447547913
vn -0.46397218108177185 0.88521277904510498 -0.033587396144866943
vn -0.41440477967262268 0.90955787897109985 -0.031194418668746948
vn -0.35327991843223572 0.93510359525680542 -0.027831336483359337
vn -0.4084165096282959 0.91229188442230225 -0.030323095619678497
vn -0.51146948337554932 0.85854452848434448 -0.036058995872735977
vn -0.57017087936401367 0.82046079635620117 -0.041824065148830414
vn -0.52513271570205688 0.85013812780380249 -0.038740787655115128
vn -0.51849353313446045 0.85426169633865356 -0.037435542792081833
vn -0.61193680763244629 0.7896275520324707 -0.044962935149669647
vn -0.66524094343185425 0.74478274583816528 -0.052470706403255463
vn -0.62585300207138062 0.77842646837234497 -0.048582881689071655
vn -0.61910402774810791 0.78391188383102417 -0.046822566539049149
vn -0.70283472537994385 0.70909672975540161 -0.056614190340042114
vn -0.75147628784179688 0.6564253568649292 -0.066250205039978027
vn -0.71628981828689575 0.69511145353317261 -0.061228353530168533
vn -0.70977586507797241 0.70195364952087402 -0.058985363692045212
vn -0.78411209583282471 0.61650002002716064 -0.071385644376277924
vn -0.82689493894577026 0.5561668872833252 -0.083205640316009521
vn -0.79667890071868896 0.59946179389953613 -0.077125303447246552
vn -0.79060715436935425 0.60779488086700439 -0.074334904551506042
vn -0.85439419746398926 0.51190996170043945 -0.089211620390415192
vn -0.89057892560958862 0.44294565916061401 -0.10328754782676697
vn -0.86572748422622681 0.49116089940071106 -0.096316404640674591
vn -0.86026978492736816 0.50131100416183472 -0.092860996723175049
vn -0.91259407997131348 0.39381608366966248 -0.10991347581148148
vn -0.94084280729293823 0.3144184947013855 -0.12631617486476898
vn -0.92211520671844482 0.36823847889900208 -0.11876026540994644
vn -0.91756463050842285 0.38075569272041321 -0.11445612460374832
vn -0.95641410350799561 0.25991642475128174 -0.13309970498085022
vn -0.97399890422821045 0.16821789741516113 -0.15175284445285797
vn -0.96291744709014893 0.22804239392280579 -0.14417578279972076
vn -0.95988357067108154 0.24364207684993744 -0.13878792524337769
vn -0.98183518648147583 0.10413406044244766 -0.15860556066036224
vn -0.98388665914535522 -0.002470323583111167 -0.17877626419067383
vn -0.98290890455245972 0.064363673329353333 -0.17247442901134491
vn -0.98260241746902466 0.083806566894054413 -0.16573747992515564
vn -0.9822690486907959 -0.05347834900021553 -0.17968745529651642
vn -0.96942907571792603 -0.14844419062137604 -0.19537550210952759
vn -0.97543233633041382 -0.10009072721004486 -0.19624876976013184
vn -0.97907382249832153 -0.077367402613162994 -0.18822528421878815
vn -0.96249562501907349 -0.19287627935409546 -0.19079019129276276
vn -0.93704599142074585 -0.28399494290351868 -0.20320357382297516
vn -0.94712185859680176 -0.24302428960800171 -0.20952178537845612
vn -0.95498424768447876 -0.21866995096206665 -0.20047083497047424
vn -0.92973405122756958 -0.3135485053062439 -0.19308516383171082
vn -0.89746588468551636 -0.39176040887832642 -0.20267899334430695
vn -0.90633445978164673 -0.36450991034507751 -0.21375299990177155
vn -0.91813123226165771 -0.33986198902130127 -0.20378625392913818
vn -0.89043289422988892 -0.41432073712348938 -0.18832848966121674
vn -0.85216242074966431 -0.48518344759941101 -0.19600068032741547
vn -0.86020433902740479 -0.46429470181465149 -0.2109002023935318
vn -0.87532573938369751 -0.44022038578987122 -0.20002715289592743
vn -0.84634965658187866 -0.50201797485351563 -0.17796143889427185
vn -0.80361902713775635 -0.56583505868911743 -0.18446454405784607
vn -0.81023538112640381 -0.54995554685592651 -0.20265117287635803
vn -0.8282090425491333 -0.52695327997207642 -0.19076168537139893
vn -0.7992396354675293 -0.57843184471130371 -0.16319486498832703
vn -0.75281268358230591 -0.63609635829925537 -0.16927643120288849
vn -0.75804805755615234 -0.62381082773208618 -0.19032388925552368
vn -0.77847772836685181 -0.60212355852127075 -0.17725598812103271
vn -0.7497057318687439 -0.64566004276275635 -0.14513580501079559
vn -0.69977986812591553 -0.69809836149215698 -0.1515478640794754
vn -0.70397341251373291 -0.68830031156539917 -0.17511175572872162
vn -0.72660195827484131 -0.66800993680953979 -0.16066211462020874
vn -0.69757497310638428 -0.70555400848388672 -0.12483081221580505
vn -0.64376181364059448 -0.75367814302444458 -0.13243857026100159
vn -0.64751666784286499 -0.7454601526260376 -0.15814977884292603
vn -0.67224723100662231 -0.72656655311584473 -0.14207261800765991
vn -0.64042460918426514 -0.76093006134033203 -0.10412357747554779
vn -0.57952463626861572 -0.80678284168243408 -0.11512001603841782
vn -0.58600622415542603 -0.79789751768112183 -0.14126667380332947
vn -0.6128578782081604 -0.78051012754440308 -0.1233254000544548
vn -0.5732194185256958 -0.81480610370635986 -0.086663171648979187
vn -0.50498145818710327 -0.8571164608001709 -0.10171081870794296
vn -0.51466375589370728 -0.84782636165618896 -0.12771724164485931
vn -0.54350990056991577 -0.83244258165359497 -0.10787191241979599
vn -0.49517473578453064 -0.8656851053237915 -0.073425702750682831
vn -0.41953560709953308 -0.90297913551330566 -0.092836089432239532
vn -0.43289715051651001 -0.89363187551498413 -0.11841505765914917
vn -0.46351328492164612 -0.88080227375030518 -0.096658281981945038
vn -0.4061429500579834 -0.9114946722984314 -0.065002702176570892
vn -0.32378152012825012 -0.94193887710571289 -0.088975995779037476
vn -0.34076502919197083 -0.93322056531906128 -0.11392344534397125
vn -0.37282463908195496 -0.92350113391876221 -0.090263403952121735
vn -0.30713328719139099 -0.94966566562652588 -0.061679020524024963
vn -0.2194274365901947 -0.97145581245422363 -0.09013974666595459
vn -0.23951730132102966 -0.96411842107772827 -0.1144862025976181
vn -0.27257707715034485 -0.95801317691802979 -0.088952429592609406
vn -0.19985534250736237 -0.97778588533401489 -0.063187159597873688
vn -0.10837285965681076 -0.98948681354522705 -0.095766022801399231
vn -0.13107764720916748 -0.98410433530807495 -0.1198219433426857
vn -0.1645926833152771 -0.98201936483383179 -0.09245135635137558
vn -0.086454302072525024 -0.99388569593429565 -0.068679526448249817
vn 0.006863720715045929 -0.99447500705718994 -0.10474923253059387
vn -0.017749108374118805 -0.99147093296051025 -0.12911368906497955
vn -0.051101449877023697 -0.99368155002593994 -0.099928118288516998
vn 0.030370717868208885 -0.99658793210983276 -0.076746910810470581
vn 0.12338994443416595 -0.98561739921569824 -0.11546987295150757
vn 0.097688183188438416 -0.98517423868179321 -0.14102737605571747
vn 0.06515154242515564 -0.99179273843765259 -0.11001113057136536
vn 0.04502791166305542 -0.99897962808609009 -0.0034966922830790281
vn 0.06401408463716507 -0.99722170829772949 -0.038093153387308121
vn -0.052367568016052246 -0.99764227867126465 -0.044356230646371841
vn 0.0059519419446587563 -0.99913513660430908 -0.041152488440275192
vn 0.16109989583492279 -0.98693811893463135 -7.4911302363034338E-05
vn 0.17905151844024658 -0.98327428102493286 -0.03335002064704895
vn 0.12202941626310349 -0.99189478158950806 -0.035405147820711136
vn 0.27306902408599854 -0.9619939923286438 0.00092694489285349846
vn 0.28860792517662048 -0.95691609382629395 -0.031890742480754852
vn 0.23465476930141449 -0.97154778242111206 -0.032126009464263916
vn 0.377716064453125 -0.92591941356658936 -0.0019646354485303164
vn 0.39032486081123352 -0.9200177788734436 -0.034839950501918793
vn 0.34054502844810486 -0.93965709209442139 -0.032766465097665787
vn 0.47320228815078735 -0.88090145587921143 -0.0096053341403603554
vn 0.48269733786582947 -0.87474268674850464 -0.042761582881212234
vn 0.43775719404220581 -0.89828288555145264 -0.038164608180522919
vn 0.55840176343917847 -0.82927078008651733 -0.022302476689219475
vn 0.5647386908531189 -0.82338690757751465 -0.055715393275022507
vn 0.52504444122314453 -0.84968471527099609 -0.04862295463681221
vn 0.63278508186340332 -0.77329903841018677 -0.039894606918096542
vn 0.63610869646072388 -0.76810449361801147 -0.073356807231903076
vn 0.60175704956054688 -0.79611212015151978 -0.063984110951423645
vn 0.69639235734939575 -0.71498900651931763 -0.061874069273471832
vn 0.69698154926300049 -0.71076035499572754 -0.095060199499130249
vn 0.66783040761947632 -0.73958700895309448 -0.083747528493404388
vn 0.74919998645782471 -0.65662062168121338 -0.086883477866649628
vn 0.74830728769302368 -0.6527971625328064 -0.11786442995071411
vn 0.72311675548553467 -0.68244856595993042 -0.10661201179027557
vn 0.79611492156982422 -0.59494727849960327 -0.11062880605459213
vn 0.79596781730651855 -0.58927810192108154 -0.13851553201675415
vn 0.77246946096420288 -0.62191694974899292 -0.1284923255443573
vn 0.84009045362472534 -0.52622735500335693 -0.13165402412414551
vn 0.84144526720046997 -0.51720356941223145 -0.1564299464225769
vn 0.81903809309005737 -0.5543481707572937 -0.1479007750749588
vn 0.88218283653259277 -0.44654086232185364 -0.14951477944850922
vn 0.88588345050811768 -0.43126201629638672 -0.17094910144805908
vn 0.86412185430526733 -0.47570797801017761 -0.16430242359638214
vn 0.92107415199279785 -0.35373944044113159 -0.16275988519191742
vn 0.92579907178878784 -0.33244752883911133 -0.17992974817752838
vn 0.90653443336486816 -0.3835940957069397 -0.17621266841888428
vn 0.95383352041244507 -0.2477775514125824 -0.16972897946834564
vn 0.95861268043518066 -0.21889495849609375 -0.18206226825714111
vn 0.94331216812133789 -0.2776007354259491 -0.18193407356739044
vn 0.97728586196899414 -0.12758435308933258 -0.16921763122081757
vn 0.98026502132415771 -0.089803613722324371 -0.17611293494701385
vn 0.97114413976669312 -0.15626959502696991 -0.18016344308853149
vn 0.98705220222473145 0.0063568786717951298 -0.1602732390165329
vn 0.98546057939529419 0.053377691656351089 -0.16130183637142181
vn 0.98527514934539795 -0.019759483635425568 -0.16983053088188171
vn 0.97789615392684937 0.15315288305282593 -0.14234903454780579
vn 0.9685516357421875 0.20667077600955963 -0.13854587078094482
vn 0.97990697622299194 0.13115142285823822 -0.15027189254760742
vn 0.94734483957290649 0.29667648673057556 -0.12050260603427887
vn 0.93071264028549194 0.34704437851905823 -0.11547387391328812
vn 0.9518694281578064 0.27903348207473755 -0.12682636082172394
vn 0.89984416961669922 0.42467990517616272 -0.099636733531951904
vn 0.87747621536254883 0.47022750973701477 -0.094453997910022736
vn 0.9058184027671814 0.41053059697151184 -0.10467886924743652
vn 0.84004521369934082 0.5364270806312561 -0.081055603921413422
vn 0.81351840496063232 0.57649421691894531 -0.076434165239334106
vn 0.84689760208129883 0.5248987078666687 -0.085122138261795044
vn 0.76998144388198853 0.63473528623580933 -0.065112590789794922
vn 0.73873090744018555 0.67122536897659302 -0.061099682003259659
vn 0.77744561433792114 0.62521755695343018 -0.068420350551605225
vn 0.68948012590408325 0.72244936227798462 -0.0518081896007061
vn 0.65340662002563477 0.75544804334640503 -0.04856007918715477
vn 0.69738763570785522 0.71462041139602661 -0.05448048934340477
vn 0.59865820407867432 0.79994291067123413 -0.041227247565984726
vn 0.55747270584106445 0.82929080724716187 -0.03874240443110466
vn 0.60677129030227661 0.79369491338729858 -0.043323609977960587
vn 0.49762856960296631 0.86675351858139038 -0.033228576183319092
vn 0.45097076892852783 0.89198797941207886 -0.031349740922451019
vn 0.50552338361740112 0.86211198568344116 -0.03477192297577858
vn 0.38831606507301331 0.92111682891845703 -0.027467753738164902
vn 0.34040701389312744 0.93990796804428101 -0.026382626965641975
vn 0.39533495903015137 0.91809529066085815 -0.028484279289841652
vn -0.38842669129371643 0.92107146978378296 -0.027423670515418053
vn -0.45009404420852661 0.89243441820144653 -0.031244346871972084
vn -0.34150713682174683 0.93950897455215454 -0.026376541703939438
vn -0.3954540491104126 0.9180452823638916 -0.028441358357667923
vn -0.49613279104232788 0.86761665344238281 -0.033068682998418808
vn -0.55542176961898804 0.8306770920753479 -0.038499444723129272
vn -0.50402796268463135 0.86299377679824829 -0.034605465829372406
vn -0.59619390964508057 0.80179738998413086 -0.04091249406337738
vn -0.65059691667556763 0.75789642333984375 -0.048132371157407761
vn -0.60431396961212158 0.7955852746963501 -0.042995892465114594
vn -0.68750697374343872 0.72435325384140015 -0.051444336771965027
vn -0.7375301718711853 0.67257177829742432 -0.060798093676567078
vn -0.69542652368545532 0.71655750274658203 -0.054104361683130264
vn -0.76968502998352051 0.63511049747467041 -0.06495850533246994
vn -0.8140144944190979 0.57579052448272705 -0.076456762850284576
vn -0.77715319395065308 0.62559801340103149 -0.06826481968164444
vn -0.84121936559677124 0.53455132246017456 -0.081270433962345123
vn -0.87917280197143555 0.46695289015769958 -0.094922088086605072
vn -0.84805947542190552 0.52298176288604736 -0.085353463888168335
vn -0.90121263265609741 0.42167180776596069 -0.10004349052906036
vn -0.93172568082809448 0.34418296813964844 -0.11586793512105942
vn -0.90715962648391724 0.40744593739509583 -0.10511533915996552
vn -0.94796192646026611 0.29460039734840393 -0.12074273824691772
vn -0.96881437301635742 0.20535312592983246 -0.13866797089576721
vn -0.95245879888534546 0.27689346671104431 -0.12709149718284607
vn -0.97865104675292969 0.14756500720977783 -0.14306193590164185
vn -0.98575717210769653 0.043377399444580078 -0.16248440742492676
vn -0.98054212331771851 0.12537744641304016 -0.15105505287647247
vn -0.98696047067642212 -0.0020435976330190897 -0.16094981133937836
vn -0.97949540615081787 -0.097073107957839966 -0.1765376478433609
vn -0.98493057489395142 -0.028382217511534691 -0.17060539126396179
vn -0.97601735591888428 -0.13673587143421173 -0.16939146816730499
vn -0.95602774620056152 -0.22993718087673187 -0.1820434182882309
vn -0.9695478081703186 -0.16558249294757843 -0.18044237792491913
vn -0.9518466591835022 -0.25558710098266602 -0.16930209100246429
vn -0.92405271530151367 -0.33751648664474487 -0.17946919798851013
vn -0.94102036952972412 -0.28548285365104675 -0.18160465359687805
vn -0.92005962133407593 -0.35660108923912048 -0.1622527539730072
vn -0.88547229766845703 -0.43223842978477478 -0.1706128865480423
vn -0.90539604425430298 -0.38648271560668945 -0.17575293779373169
vn -0.88257277011871338 -0.44580405950546265 -0.14941225945949554
vn -0.84272956848144531 -0.51504427194595337 -0.15664045512676239
vn -0.86452507972717285 -0.47501197457313538 -0.16419510543346405
vn -0.8411945104598999 -0.52440553903579712 -0.13187330961227417
vn -0.79700195789337158 -0.58784580230712891 -0.13865476846694946
vn -0.82020097970962524 -0.55257719755172729 -0.1480838805437088
vn -0.79676061868667603 -0.59407943487167358 -0.11064451187849045
vn -0.74862003326416016 -0.65247237682342529 -0.11767682433128357
vn -0.77314954996109009 -0.6210741400718689 -0.12847821414470673
vn -0.74941432476043701 -0.65640383958816528 -0.086672812700271606
vn -0.6971631646156311 -0.71062082052230835 -0.094771042466163635
vn -0.72335821390151978 -0.68222951889038086 -0.10637578368186951
vn -0.69705104827880859 -0.71435296535491943 -0.061803333461284637
vn -0.63746470212936401 -0.76697790622711182 -0.073373056948184967
vn -0.66855472326278687 -0.73894643783569336 -0.083622671663761139
vn -0.63454711437225342 -0.77184480428695679 -0.040069032460451126
vn -0.56719732284545898 -0.82168686389923096 -0.055837653577327728
vn -0.60363447666168213 -0.79468315839767456 -0.064063161611557007
vn -0.56094694137573242 -0.82754611968994141 -0.022494083270430565
vn -0.48559474945068359 -0.87313586473464966 -0.042795445770025253
vn -0.52772349119186401 -0.84801900386810303 -0.048699762672185898
vn -0.47589510679244995 -0.87944877147674561 -0.0096831489354372025
vn -0.39300820231437683 -0.91887760162353516 -0.034762881696224213
vn -0.44056972861289978 -0.89690810441970825 -0.03813287615776062
vn -0.3801359236240387 -0.92492854595184326 -0.0019524954259395599
vn -0.29089027643203735 -0.95622831583023071 -0.031784389168024063
vn -0.34305214881896973 -0.93874824047088623 -0.032664645463228226
vn -0.27512416243553162 -0.96140819787979126 0.00095629435963928699
vn -0.18093343079090118 -0.98293197154998779 -0.033283911645412445
vn -0.23675772547721863 -0.97104048728942871 -0.03203287348151207
vn -0.16279923915863037 -0.98665922880172729 -7.787045615259558E-05
vn -0.065509229898452759 -0.99712413549423218 -0.038104590028524399
vn -0.1237347200512886 -0.99168461561203003 -0.035374205559492111
vn -0.045732453465461731 -0.99894732236862183 -0.0035745506174862385
vn 0.052543658763170242 -0.99762541055679321 -0.044527076184749603
vn -0.0066245598718523979 -0.99912720918655396 -0.041242722421884537
vn 0.12866580486297607 -0.98864954710006714 0.077570624649524689
vn 0.14406964182853699 -0.98888260126113892 0.03681202232837677
vn 0.027404835447669029 -0.99899643659591675 0.035427071154117584
vn 0.086027674376964569 -0.9956362247467041 0.03616221621632576
vn 0.24361935257911682 -0.96689409017562866 0.075930312275886536
vn 0.25808259844779968 -0.96542137861251831 0.036808844655752182
vn 0.20173494517803192 -0.97873681783676147 0.037110850214958191
vn 0.35322192311286926 -0.93276441097259521 0.072005487978458405
vn 0.36538532376289368 -0.93024903535842896 0.033620629459619522
vn 0.31270313262939453 -0.94917970895767212 0.035701461136341095
vn 0.45442813634872437 -0.88846004009246826 0.064295195043087006
vn 0.46380940079689026 -0.88555115461349487 0.026076259091496468
vn 0.41579195857048035 -0.9089500904083252 0.030443402007222176
vn 0.54564273357391357 -0.83640843629837036 0.051912672817707062
vn 0.55208778381347656 -0.83367526531219482 0.013586563058197498
vn 0.50927883386611938 -0.86035823822021484 0.020464465022087097
vn 0.62600475549697876 -0.77905410528182983 0.034536078572273254
vn 0.62948644161224365 -0.77700161933898926 -0.0039084865711629391
vn 0.5921669602394104 -0.80579686164855957 0.0054508652538061142
vn 0.69523406028747559 -0.71867775917053223 0.012323289178311825
vn 0.69589358568191528 -0.71767199039459229 -0.026057001203298569
vn 0.66405075788497925 -0.74754816293716431 -0.014435621909797192
vn 0.7535737156867981 -0.65720963478088379 -0.014219769276678562
vn 0.75166726112365723 -0.65747171640396118 -0.052222948521375656
vn 0.72507321834564209 -0.68758434057235718 -0.03868529200553894
vn 0.80122256278991699 -0.59677296876907349 -0.043640460819005966
vn 0.79804313182830811 -0.59738433361053467 -0.079114310443401337
vn 0.77532738447189331 -0.6281130313873291 -0.065889716148376465
vn 0.84301120042800903 -0.53315412998199463 -0.07126578688621521
vn 0.84063559770584106 -0.53166323900222778 -0.10327629745006561
vn 0.81971514225006104 -0.5654064416885376 -0.091556906700134277
vn 0.88144761323928833 -0.46248126029968262 -0.095713973045349121
vn 0.88048690557479858 -0.45748353004455566 -0.12430468946695328
vn 0.86097520589828491 -0.4956459105014801 -0.11426635086536407
vn 0.91711604595184326 -0.38114628195762634 -0.11672890186309814
vn 0.91820812225341797 -0.36987468600273132 -0.14172707498073578
vn 0.89992433786392212 -0.41505327820777893 -0.1336672306060791
vn 0.94848847389221191 -0.2875744104385376 -0.13293056190013885
vn 0.95041495561599731 -0.27053305506706238 -0.15337280929088593
vn 0.93512928485870361 -0.32175678014755249 -0.14834354817867279
vn 0.97279834747314453 -0.18245960772037506 -0.14273002743721008
vn 0.97464555501937866 -0.15833371877670288 -0.15810279548168182
vn 0.96372395753860474 -0.21607895195484161 -0.15667153894901276
vn 0.98724609613418579 -0.065471671521663666 -0.145115926861763
vn 0.98737150430679321 -0.033207867294549942 -0.15490230917930603
vn 0.98270398378372192 -0.097326941788196564 -0.15754471719264984
vn 0.98827725648880005 0.06236422061920166 -0.13935118913650513
vn 0.98431777954101563 0.10300403833389282 -0.14320862293243408
vn 0.98809206485748291 0.03372574970126152 -0.15012206137180328
vn 0.97176647186279297 0.2000546008348465 -0.12509244680404663
vn 0.9610554575920105 0.24699532985687256 -0.12395837157964706
vn 0.975211501121521 0.17611426115036011 -0.13396380841732025
vn 0.93641990423202515 0.33424869179725647 -0.10674985498189926
vn 0.91943424940109253 0.37927800416946411 -0.10386914014816284
vn 0.94221764802932739 0.31507357954978943 -0.11381787806749344
vn 0.88613635301589966 0.45486533641815186 -0.088656216859817505
vn 0.86398845911026001 0.49625837802886963 -0.085156284272670746
vn 0.8933035135269165 0.43944939970970154 -0.09430278092622757
vn 0.82461243867874146 0.56107443571090698 -0.072178922593593597
vn 0.79859977960586548 0.59790796041488647 -0.068879708647727966
vn 0.83263605833053589 0.54847699403762817 -0.076747514307498932
vn 0.75331717729568481 0.6551055908203125 -0.057877868413925171
vn 0.72275346517562866 0.68891721963882446 -0.054959438741207123
vn 0.76195764541625977 0.64469027519226074 -0.061604022979736328
vn 0.67192739248275757 0.73918968439102173 -0.045958615839481354
vn 0.63675230741500854 0.76983165740966797 -0.043654877692461014
vn 0.68101191520690918 0.73063290119171143 -0.048972263932228088
vn 0.58074826002120972 0.81325811147689819 -0.036642409861087799
vn 0.54080498218536377 0.84041965007781982 -0.034997709095478058
vn 0.59000122547149658 0.80645972490310669 -0.039003845304250717
vn 0.48031193017959595 0.87658923864364624 -0.029862448573112488
vn 0.43541988730430603 0.8997688889503479 -0.028730351477861404
vn 0.48923966288566589 0.87157690525054932 -0.031594648957252502
vn 0.37303349375724792 0.92747396230697632 -0.025260288268327713
vn 0.32737317681312561 0.94457012414932251 -0.02477969229221344
vn 0.38089361786842346 0.92424207925796509 -0.026394631713628769
vn -0.3731251060962677 0.92743837833404541 -0.025213619694113731
vn -0.43454191088676453 0.900196373462677 -0.028631808236241341
vn -0.32842883467674255 0.94420403242111206 -0.02476336807012558
vn -0.38099509477615356 0.92420154809951782 -0.026349302381277084
vn -0.47881641983985901 0.87741196155548096 -0.029716938734054565
vn -0.53874874114990234 0.84174847602844238 -0.03477521613240242
vn -0.48774385452270508 0.87242037057876587 -0.031441725790500641
vn -0.57827037572860718 0.81503474712371826 -0.036356076598167419
vn -0.63391894102096558 0.77218860387802124 -0.043260827660560608
vn -0.58753001689910889 0.80827629566192627 -0.038702864199876785
vn -0.6699289083480835 0.74102222919464111 -0.045621473342180252
vn -0.72153300046920776 0.69021797180175781 -0.054674543440341949
vn -0.67902630567550659 0.73250198364257813 -0.048621393740177155
vn -0.75301176309585571 0.65546995401382446 -0.057726804167032242
vn -0.79910218715667725 0.59723532199859619 -0.068888887763023376
vn -0.76165688037872314 0.64506012201309204 -0.061451427638530731
vn -0.82581096887588501 0.55928575992584229 -0.07235824316740036
vn -0.86573392152786255 0.49313637614250183 -0.085564590990543365
vn -0.83382242918014526 0.54664397239685059 -0.076945029199123383
vn -0.88755792379379272 0.45201775431632996 -0.088999360799789429
vn -0.92050755023956299 0.37657380104064941 -0.10420189797878265
vn -0.89469879865646362 0.43652033805847168 -0.094678439199924469
vn -0.93708997964859009 0.33230540156364441 -0.10693684220314026
vn -0.96135866641998291 0.24576982855796814 -0.12404327094554901
vn -0.94286167621612549 0.31306314468383789 -0.11403194069862366
vn -0.9727485179901123 0.19486364722251892 -0.12565210461616516
vn -0.98511892557144165 0.093599215149879456 -0.14415237307548523
vn -0.97608226537704468 0.17072087526321411 -0.13460218906402588
vn -0.98867982625961304 0.054459866136312485 -0.13980825245380402
vn -0.98707491159439087 -0.040133830159902573 -0.15515290200710297
vn -0.98825007677078247 0.025564836338162422 -0.15069267153739929
vn -0.98663526773452759 -0.07423391193151474 -0.14505235850811005
vn -0.97288471460342407 -0.1690794974565506 -0.1578209400177002
vn -0.98176485300064087 -0.10629504919052124 -0.15760438144207001
vn -0.9714357852935791 -0.19006450474262238 -0.14208440482616425
vn -0.94908177852630615 -0.27551105618476868 -0.15276592969894409
vn -0.96204769611358643 -0.22379641234874725 -0.15613919496536255
vn -0.94772493839263916 -0.29035958647727966 -0.13232053816318512
vn -0.91789805889129639 -0.37078946828842163 -0.14134478569030762
vn -0.93424004316329956 -0.32458400726318359 -0.14778620004653931
vn -0.91746717691421509 -0.38032776117324829 -0.11663931608200073
vn -0.88162380456924438 -0.45521077513694763 -0.12458966672420502
vn -0.90029704570770264 -0.41427543759346008 -0.13357053697109222
vn -0.88241904973983765 -0.46056288480758667 -0.096012629568576813
vn -0.84156477451324463 -0.53014928102493286 -0.10349134355783463
vn -0.8620154857635498 -0.49377471208572388 -0.11452416330575943
vn -0.84358251094818115 -0.53223890066146851 -0.071346312761306763
vn -0.79831147193908691 -0.59704452753067017 -0.078972324728965759
vn -0.82032448053359985 -0.56451433897018433 -0.09160420298576355
vn -0.8013845682144165 -0.59656661748886108 -0.043485980480909348
vn -0.75178158283233643 -0.65735906362533569 -0.051994703710079193
vn -0.77551507949829102 -0.62790054082870483 -0.065706357359886169
vn -0.75410419702529907 -0.65659987926483154 -0.014265334233641624
vn -0.69705849885940552 -0.71653419733047485 -0.026233553886413574
vn -0.72566688060760498 -0.68695855140686035 -0.038671594113111496
vn -0.69676107168197632 -0.71720379590988159 0.011945918202400208
vn -0.6316763162612915 -0.77522051334381104 -0.0042589204385876656
vn -0.66569525003433228 -0.7460787296295166 -0.014709943905472755
vn -0.62826794385910034 -0.77724939584732056 0.034099176526069641
vn -0.55471444129943848 -0.83193427324295044 0.013313154689967632
vn -0.59457278251647949 -0.80402535200119019 0.0051386486738920212
vn -0.54807436466217041 -0.83483660221099854 0.051598202437162399
vn -0.46627470850944519 -0.88425940275192261 0.025945732370018959
vn -0.51184409856796265 -0.85883915424346924 0.020270681008696556
vn -0.45664826035499573 -0.88733428716659546 0.064110815525054932
vn -0.36752337217330933 -0.92940831184387207 0.033567748963832855
vn -0.41811573505401611 -0.90788626670837402 0.030359674245119095
vn -0.35515692830085754 -0.9320380687713623 0.071893125772476196
vn -0.25990352034568787 -0.96493417024612427 0.036773152649402618
vn -0.31470212340354919 -0.94852030277252197 0.035661995410919189
vn -0.24528816342353821 -0.96647822856903076 0.075851835310459137
vn -0.145589679479599 -0.98866170644760132 0.036764919757843018
vn -0.20342226326465607 -0.97838902473449707 0.037071283906698227
vn -0.12943409383296967 -0.98855298757553101 0.077522769570350647
vn -0.027321483939886093 -0.99900150299072266 0.035349149256944656
vn -0.086764425039291382 -0.99557459354400635 0.036098625510931015
vn 0.2172091007232666 -0.96222925186157227 0.16411921381950378
vn 0.22979801893234253 -0.96601122617721558 0.11838587373495102
vn 0.11442017555236816 -0.98587101697921753 0.12233703583478928
vn 0.17255465686321259 -0.97761702537536621 0.12037390470504761
vn 0.32942414283752441 -0.9310142993927002 0.15713725984096527
vn 0.34127819538116455 -0.93312084674835205 0.11320189386606216
vn 0.28634622693061829 -0.9510694146156311 0.11607223004102707
vn 0.43517333269119263 -0.88809269666671753 0.14803889393806458
vn 0.44495195150375366 -0.88937842845916748 0.10499415546655655
vn 0.39420855045318604 -0.91246616840362549 0.10956794768571854
vn 0.53164941072463989 -0.83608275651931763 0.13533097505569458
vn 0.53889262676239014 -0.83727365732192993 0.092561423778533936
vn 0.49320730566978455 -0.86421895027160645 0.099358648061752319
vn 0.61754131317138672 -0.77762019634246826 0.11810807883739471
vn 0.62210649251937866 -0.7793041467666626 0.075289629399776459
vn 0.58188486099243164 -0.80886459350585938 0.084546051919460297
vn 0.69227361679077148 -0.7152172327041626 0.096028871834278107
vn 0.69412946701049805 -0.71788853406906128 0.053106691688299179
vn 0.65952134132385254 -0.74888765811920166 0.064798988401889801
vn 0.75581485033035278 -0.65111523866653442 0.069229915738105774
vn 0.75507462024688721 -0.65510904788970947 0.026351341977715492
vn 0.72596180438995361 -0.68655514717102051 0.040266901254653931
vn 0.80859196186065674 -0.58712911605834961 0.038190122693777084
vn 0.80546319484710693 -0.59262984991073608 -0.004354545846581459
vn 0.78154438734054565 -0.62374460697174072 0.011445561423897743
vn 0.85097658634185791 -0.5251849889755249 0.004423078615218401
vn 0.84667927026748657 -0.53092247247695923 -0.035433724522590637
vn 0.82656139135360718 -0.56248480081558228 -0.02017679437994957
vn 0.88743573427200317 -0.46013322472572327 -0.027115017175674438
vn 0.88384479284286499 -0.46348002552986145 -0.063282720744609833
vn 0.86569976806640625 -0.49808317422866821 -0.049769937992095947
vn 0.91997551918029785 -0.38807985186576843 -0.055127281695604324
vn 0.91758137941360474 -0.3877597451210022 -0.08767438679933548
vn 0.90122228860855103 -0.42664200067520142 -0.075993485748767853
vn 0.94875568151473999 -0.30583620071411133 -0.079541809856891632
vn 0.9480053186416626 -0.29924818873405457 -0.10833504050970078
vn 0.93349260091781616 -0.34475037455558777 -0.09868505597114563
vn 0.97213464975357056 -0.21247048676013947 -0.099048316478729248
vn 0.97196024656295776 -0.20037569105625153 -0.12305625528097153
vn 0.96091216802597046 -0.2511482834815979 -0.11650028824806213
vn 0.98765408992767334 -0.10940468311309814 -0.11211599409580231
vn 0.98723870515823364 -0.090742804110050201 -0.13086444139480591
vn 0.9808502197265625 -0.14689834415912628 -0.1278817355632782
vn 0.99301993846893311 0.003035534406080842 -0.11790760606527328
vn 0.9909626841545105 0.029097279533743858 -0.1309438943862915
vn 0.99074488878250122 -0.032011870294809341 -0.13190846145153046
vn 0.98556345701217651 0.12345088273286819 -0.11586426943540573
vn 0.97990560531616211 0.15709468722343445 -0.12290764600038528
vn 0.98748010396957397 0.092276483774185181 -0.12793798744678497
vn 0.96221059560775757 0.25091198086738586 -0.10580120235681534
vn 0.9507136344909668 0.29078292846679688 -0.10765166580677032
vn 0.96746677160263062 0.22498603165149689 -0.11571206897497177
vn 0.92250555753707886 0.37501287460327148 -0.091371849179267883
vn 0.9055752158164978 0.4143352210521698 -0.090883918106555939
vn 0.92987662553787231 0.35422283411026001 -0.0992756187915802
vn 0.86964702606201172 0.48773658275604248 -0.076335474848747253
vn 0.84802353382110596 0.52466493844985962 -0.074718333780765533
vn 0.87827557325363159 0.47095313668251038 -0.08267492800951004
vn 0.80645668506622314 0.58801513910293579 -0.062176134437322617
vn 0.78121531009674072 0.62133568525314331 -0.06037004292011261
vn 0.8159099817276001 0.57424527406692505 -0.067329220473766327
vn 0.73392343521118164 0.67741167545318604 -0.0496973916888237
vn 0.70429766178131104 0.70827829837799072 -0.048027575016021729
vn 0.74399638175964355 0.66600489616394043 -0.05391572043299675
vn 0.65165138244628906 0.75749808549880981 -0.039334211498498917
vn 0.61765211820602417 0.78552722930908203 -0.038116578012704849
vn 0.66216397285461426 0.74813848733901978 -0.042751666158437729
vn 0.56021404266357422 0.82775044441223145 -0.031455401331186295
vn 0.52184021472930908 0.85248780250549316 -0.030779734253883362
vn 0.57084101438522339 0.82035088539123535 -0.034130759537220001
vn 0.4606342613697052 0.88720715045928955 -0.026068238541483879
vn 0.41789180040359497 0.90813052654266357 -0.025794237852096558
vn 0.4707953929901123 0.88179725408554077 -0.028023459017276764
vn 0.35584482550621033 0.93426722288131714 -0.022786924615502357
vn 0.31282046437263489 0.94953393936157227 -0.022993486374616623
vn 0.36469793319702148 0.93081498146057129 -0.024059606716036797
vn -0.35591414570808411 0.93424201011657715 -0.022737262770533562
vn -0.417013019323349 0.90853703022003174 -0.025703402236104012
vn -0.31382477283477783 0.94920313358306885 -0.022965610027313232
vn -0.36477884650230408 0.93078452348709106 -0.024011498317122459
vn -0.4591405987739563 0.88798481225967407 -0.025939049199223518
vn -0.51978009939193726 0.85375261306762695 -0.030580425634980202
vn -0.46930059790611267 0.88259804248809814 -0.027885846793651581
vn -0.5577235221862793 0.82944017648696899 -0.031201308593153954
vn -0.61479490995407104 0.78778254985809326 -0.037760496139526367
vn -0.56835669279098511 0.82208526134490967 -0.033860031515359879
vn -0.64962583780288696 0.75925171375274658 -0.039027020335197449
vn -0.70305556058883667 0.70952922105789185 -0.047761198133230209
vn -0.66015219688415527 0.74993252754211426 -0.042429067194461823
vn -0.73360753059387207 0.67776459455490112 -0.049549520015716553
vn -0.78172332048416138 0.620697021484375 -0.060364264994859695
vn -0.74368596076965332 0.66636359691619873 -0.053766235709190369
vn -0.80767911672592163 0.58631998300552368 -0.062316346913576126
vn -0.84981685876846313 0.52170604467391968 -0.075061015784740448
vn -0.81712055206298828 0.57250255346298218 -0.067489452660083771
vn -0.87111949920654297 0.48505860567092896 -0.076609350740909576
vn -0.90670555830001831 0.41179698705673218 -0.091149948537349701
vn -0.8797229528427124 0.46818926930427551 -0.082984134554862976
vn -0.92322456836700439 0.37320739030838013 -0.09150184690952301
vn -0.95105373859405518 0.28965163230895996 -0.10769720375537872
vn -0.93057167530059814 0.3523479700088501 -0.099434547126293182
vn -0.96339774131774902 0.24614664912223816 -0.10619151592254639
vn -0.98118239641189575 0.14835526049137115 -0.12357937544584274
vn -0.96855461597442627 0.22000475227832794 -0.11618895083665848
vn -0.9864310622215271 0.11610719561576843 -0.11607267707586288
vn -0.99112606048583984 0.02257717028260231 -0.13099399209022522
vn -0.98811990022659302 0.084644950926303864 -0.12827415764331818
vn -0.99305045604705811 -0.0052486634813249111 -0.11757205426692963
vn -0.98631197214126587 -0.10107932984828949 -0.13027551770210266
vn -0.99045836925506592 -0.040545899420976639 -0.13171295821666718
vn -0.98691725730895996 -0.11672148108482361 -0.11122240126132965
vn -0.97104859352111816 -0.2052103579044342 -0.12228395789861679
vn -0.97980183362960815 -0.15436966717243195 -0.12711542844772339
vn -0.97161853313446045 -0.21514907479286194 -0.098327673971652985
vn -0.9477885365486145 -0.30008894205093384 -0.10790501534938812
vn -0.96027344465255737 -0.25388377904891968 -0.11583559215068817
vn -0.94904965162277222 -0.30494096875190735 -0.079471468925476074
vn -0.91854536533355713 -0.38538625836372375 -0.088044531643390656
vn -0.93381756544113159 -0.3438924252986908 -0.098604157567024231
vn -0.92079460620880127 -0.38607701659202576 -0.055514130741357803
vn -0.884654700756073 -0.46189114451408386 -0.063581638038158417
vn -0.90211987495422363 -0.42467942833900452 -0.076335214078426361
vn -0.88792675733566284 -0.45917600393295288 -0.027266090735793114
vn -0.84690314531326294 -0.5305713415145874 -0.035343017429113388
vn -0.86623156070709229 -0.49714618921279907 -0.049885153770446777
vn -0.8510928750038147 -0.52499574422836304 0.0045163910835981369
vn -0.80551815032958984 -0.59255629777908325 -0.0041941800154745579
vn -0.82669949531555176 -0.56228631734848022 -0.020052457228302956
vn -0.80900734663009644 -0.58656740188598633 0.038023214787244797
vn -0.75605303049087524 -0.65399360656738281 0.026004018262028694
vn -0.78201496601104736 -0.62315648794174194 0.011339412070810795
vn -0.75711566209793091 -0.64966434240341187 0.06864454597234726
vn -0.69604361057281494 -0.7160765528678894 0.052513919770717621
vn -0.72737348079681396 -0.68508756160736084 0.039785120636224747
vn -0.69425243139266968 -0.71338897943496704 0.095340006053447723
vn -0.62444311380386353 -0.77748429775238037 0.074759289622306824
vn -0.66164124011993408 -0.74706399440765381 0.064235612750053406
vn -0.61969798803329468 -0.77598774433135986 0.11754776537418365
vn -0.54111295938491821 -0.83587980270385742 0.092204548418521881
vn -0.58417940139770508 -0.80725473165512085 0.084108471870422363
vn -0.53364759683609009 -0.83487224578857422 0.13493922352790833
vn -0.44691509008407593 -0.8884207010269165 0.1047644317150116
vn -0.49531814455986023 -0.86304396390914917 0.099070779979228973
vn -0.43696087598800659 -0.88725864887237549 0.14777439832687378
vn -0.34300899505615234 -0.93250429630279541 0.1130514070391655
vn -0.3960726261138916 -0.91168111562728882 0.10937999188899994
vn -0.33103588223457336 -0.9304695725440979 0.15697659552097321
vn -0.23132327198982239 -0.96565771102905273 0.11829948425292969
vn -0.28798982501029968 -0.95058757066726685 0.11595311760902405
vn -0.21803358197212219 -0.96204525232315063 0.16410459578037262
vn -0.1144464835524559 -0.98586404323577881 0.12236860394477844
vn -0.17335261404514313 -0.97747969627380371 0.12034264206886292
f 60/60/60 292/292/292 295/295/295 291/291/291
f 292/292/292 2/2/2 293/293/293 295/295/295
f 295/295/295 293/293/293 1/1/1 294/294/294
f 291/291/291 295/295/295 294/294/294 59/59/59
f 61/61/61 297/297/297 299/299/299 296/296/296
f 297/297/297 3/3/3 298/298/298 299/299/299
f 299/299/299 298/298/298 2/2/2 292/292/292
f 296/296/296 299/299/299 292/292/292 60/60/60
f 62/62/62 301/301/301 303/303/303 300/300/300
f 301/301/301 4/4/4 302/302/302 303/303/303
f 303/303/303 302/302/302 3/3/3 297/297/297
f 300/300/300 303/303/303 297/297/297 61/61/61
f 63/63/63 305/305/305 307/307/307 304/304/304
f 305/305/305 5/5/5 306/306/306 307/307/307
f 307/307/307 306/306/306 4/4/4 301/301/301
f 304/304/304 307/307/307 301/301/301 62/62/62
f 64/64/64 309/309/309 311/311/311 308/308/308
f 309/309/309 6/6/6 310/310/310 311/311/311
f 311/311/311 310/310/310 5/5/5 305/305/305
f 308/308/308 311/311/311 305/305/305 63/63/63
f 65/65/65 313/313/313 315/315/315 312/312/312
f 313/313/313 7/7/7 314/314/314 315/315/315
f 315/315/315 314/314/314 6/6/6 309/309/309
f 312/312/312 315/315/315 309/309/309 64/64/64
f 66/66/66 317/317/317 319/319/319 316/316/316
f 317/317/317 8/8/8 318/318/318 319/319/319
f 319/319/319 318/318/318 7/7/7 313/313/313
f 316/316/316 319/319/319 313/313/313 65/65/65
f 67/67/67 321/321/321 323/323/323 320/320/320
f 321/321/321 9/9/9 322/322/322 323/323/323
f 323/323/323 322/322/322 8/8/8 317/317/317
f 320/320/320 323/323/323 317/317/317 66/66/66
f 68/68/68 325/325/325 327/327/327 324/324/324
f 325/325/325 10/10/10 326/326/326 327/327/327
f 327/327/327 326/326/326 9/9/9 321/321/321
f 324/324/324 327/327/327 321/321/321 67/67/67
f 69/69/69 329/329/329 331/331/331 328/328/328
f 329/329/329 11/11/11 330/330/330 331/331/331
f 331/331/331 330/330/330 10/10/10 325/325/325
f 328/328/328 331/331/331 325/325/325 68/68/68
f 70/70/70 333/333/333 335/335/335 332/332/332
f 333/333/333 12/12/12 334/334/334 335/335/335
f 335/335/335 334/334/334 11/11/11 329/329/329
f 332/332/332 335/335/335 329/329/329 69/69/69
f 71/71/71 337/337/337 339/339/339 336/336/336
f 337/337/337 13/13/13 338/338/338 339/339/339
f 339/339/339 338/338/338 12/12/12 333/333/333
f 336/336/336 339/339/339 333/333/333 70/70/70
f 72/72/72 341/341/341 343/343/343 340/340/340
f 341/341/341 14/14/14 342/342/342 343/343/343
f 343/343/343 342/342/342 13/13/13 337/337/337
f 340/340/340 343/343/343 337/337/337 71/71/71
f 73/73/73 345/345/345 347/347/347 344/344/344
f 345/345/345 15/15/15 346/346/346 347/347/347
f 347/347/347 346/346/346 14/14/14 341/341/341
f 344/344/344 347/347/347 341/341/341 72/72/72
f 74/74/74 349/349/349 351/351/351 348/348/348
f 349/349/349 16/16/16 350/350/350 351/351/351
f 351/351/351 350/350/350 15/15/15 345/345/345
f 348/348/348 351/351/351 345/345/345 73/73/73
f 75/75/75 353/353/353 355/355/355 352/352/352
f 353/353/353 17/17/17 354/354/354 355/355/355
f 355/355/355 354/354/354 16/16/16 349/349/349
f 352/352/352 355/355/355 349/349/349 74/74/74
f 76/76/76 357/357/357 359/359/359 356/356/356
f 357/357/357 18/18/18 358/358/358 359/359/359
f 359/359/359 358/358/358 17/17/17 353/353/353
f 356/356/356 359/359/359 353/353/353 75/75/75
f 77/77/77 361/361/361 363/363/363 360/360/360
f 361/361/361 19/19/19 362/362/362 363/363/363
f 363/363/363 362/362/362 18/18/18 357/357/357
f 360/360/360 363/363/363 357/357/357 76/76/76
f 78/78/78 365/365/365 367/367/367 364/364/364
f 365/365/365 20/20/20 366/366/366 367/367/367
f 367/367/367 366/366/366 19/19/19 361/361/361
f 364/364/364 367/367/367 361/361/361 77/77/77
f 79/79/79 369/369/369 371/371/371 368/368/368
f 369/369/369 21/21/21 370/370/370 371/371/371
f 371/371/371 370/370/370 20/20/20 365/365/365
f 368/368/368 371/371/371 365/365/365 78/78/78
f 80/80/80 373/373/373 375/375/375 372/372/372
f 373/373/373 22/22/22 374/374/374 375/375/375
f 375/375/375 374/374/374 21/21/21 369/369/369
f 372/372/372 375/375/375 369/369/369 79/79/79
f 81/81/81 377/377/377 379/379/379 376/376/376
f 377/377/377 23/23/23 378/378/378 379/379/379
f 379/379/379 378/378/378 22/22/22 373/373/373
f 376/376/376 379/379/379 373/373/373 80/80/80
f 82/82/82 381/381/381 383/383/383 380/380/380
f 381/381/381 24/24/24 382/382/382 383/383/383
f 383/383/383 382/382/382 23/23/23 377/377/377
f 380/380/380 383/383/383 377/377/377 81/81/81
f 83/83/83 385/385/385 387/387/387 384/384/384
f 385/385/385 25/25/25 386/386/386 387/387/387
f 387/387/387 386/386/386 24/24/24 381/381/381
f 384/384/384 387/387/387 381/381/381 82/82/82
f 84/84/84 389/389/389 391/391/391 388/388/388
f 389/389/389 26/26/26 390/390/390 391/391/391
f 391/391/391 390/390/390 25/25/25 385/385/385
f 388/388/388 391/391/391 385/385/385 83/83/83
f 389/389/389 84/84/84 85/85/85
f 27/27/27 26/26/26 389/389/389
f 85/85/85 27/27/27 389/389/389
f 86/86/86 28/28/28 27/27/27 85/85/85
f 87/87/87 29/29/29 28/28/28 86/86/86
f 88/88/88 30/30/30 29/29/29 87/87/87
f 89/89/89 31/31/31 30/30/30 88/88/88
f 90/90/90 32/32/32 31/31/31 89/89/89
f 395/395/395 33/33/33 32/32/32
f 90/90/90 91/91/91 395/395/395
f 32/32/32 90/90/90 395/395/395
f 92/92/92 393/393/393 396/396/396 392/392/392
f 393/393/393 34/34/34 394/394/394 396/396/396
f 396/396/396 394/394/394 33/33/33 395/395/395
f 392/392/392 396/396/396 395/395/395 91/91/91
f 93/93/93 398/398/398 400/400/400 397/397/397
f 398/398/398 35/35/35 399/399/399 400/400/400
f 400/400/400 399/399/399 34/34/34 393/393/393
f 397/397/397 400/400/400 393/393/393 92/92/92
f 94/94/94 402/402/402 404/404/404 401/401/401
f 402/402/402 36/36/36 403/403/403 404/404/404
f 404/404/404 403/403/403 35/35/35 398/398/398
f 401/401/401 404/404/404 398/398/398 93/93/93
f 95/95/95 406/406/406 408/408/408 405/405/405
f 406/406/406 37/37/37 407/407/407 408/408/408
f 408/408/408 407/407/407 36/36/36 402/402/402
f 405/405/405 408/408/408 402/402/402 94/94/94
f 96/96/96 410/410/410 412/412/412 409/409/409
f 410/410/410 38/38/38 411/411/411 412/412/412
f 412/412/412 411/411/411 37/37/37 406/406/406
f 409/409/409 412/412/412 406/406/406 95/95/95
f 97/97/97 414/414/414 416/416/416 413/413/413
f 414/414/414 39/39/39 415/415/415 416/416/416
f 416/416/416 415/415/415 38/38/38 410/410/410
f 413/413/413 416/416/416 410/410/410 96/96/96
f 98/98/98 418/418/418 420/420/420 417/417/417
f 418/418/418 40/40/40 419/419/419 420/420/420
f 420/420/420 419/419/419 39/39/39 414/414/414
f 417/417/417 420/420/420 414/414/414 97/97/97
f 99/99/99 422/422/422 424/424/424 421/421/421
f 422/422/422 41/41/41 423/423/423 424/424/424
f 424/424/424 423/423/423 40/40/40 418/418/418
f 421/421/421 424/424/424 418/418/418 98/98/98
f 100/100/100 426/426/426 428/428/428 425/425/425
f 426/426/426 42/42/42 427/427/427 428/428/428
f 428/428/428 427/427/427 41/41/41 422/422/422
f 425/425/425 428/428/428 422/422/422 99/99/99
f 101/101/101 430/430/430 432/432/432 429/429/429
f 430/430/430 43/43/43 431/431/431 432/432/432
f 432/432/432 431/431/431 42/42/42 426/426/426
f 429/429/429 432/432/432 426/426/426 100/100/100
f 102/102/102 434/434/434 436/436/436 433/433/433
f 434/434/434 44/44/44 435/435/435 436/436/436
f 436/436/436 435/435/435 43/43/43 430/430/430
f 433/433/433 436/436/436 430/430/430 101/101/101
f 103/103/103 438/438/438 440/440/440 437/437/437
f 438/438/438 45/45/45 439/439/439 440/440/440
f 440/440/440 439/439/439 44/44/44 434/434/434
f 437/437/437 440/440/440 434/434/434 102/102/102
f 104/104/104 442/442/442 444/444/444 441/441/441
f 442/442/442 46/46/46 443/443/443 444/444/444
f 444/444/444 443/443/443 45/45/45 438/438/438
f 441/441/441 444/444/444 438/438/438 103/103/103
f 105/105/105 446/446/446 448/448/448 445/445/445
f 446/446/446 47/47/47 447/447/447 448/448/448
f 448/448/448 447/447/447 46/46/46 442/442/442
f 445/445/445 448/448/448 442/442/442 104/104/104
f 106/106/106 450/450/450 452/452/452 449/449/449
f 450/450/450 48/48/48 451/451/451 452/452/452
f 452/452/452 451/451/451 47/47/47 446/446/446
f 449/449/449 452/452/452 446/446/446 105/105/105
f 107/107/107 454/454/454 456/456/456 453/453/453
f 454/454/454 49/49/49 455/455/455 456/456/456
f 456/456/456 455/455/455 48/48/48 450/450/450
f 453/453/453 456/456/456 450/450/450 106/106/106
f 108/108/108 458/458/458 460/460/460 457/457/457
f 458/458/458 50/50/50 459/459/459 460/460/460
f 460/460/460 459/459/459 49/49/49 454/454/454
f 457/457/457 460/460/460 454/454/454 107/107/107
f 109/109/109 462/462/462 464/464/464 461/461/461
f 462/462/462 51/51/51 463/463/463 464/464/464
f 464/464/464 463/463/463 50/50/50 458/458/458
f 461/461/461 464/464/464 458/458/458 108/108/108
f 110/110/110 466/466/466 468/468/468 465/465/465
f 466/466/466 52/52/52 467/467/467 468/468/468
f 468/468/468 467/467/467 51/51/51 462/462/462
f 465/465/465 468/468/468 462/462/462 109/109/109
f 111/111/111 470/470/470 472/472/472 469/469/469
f 470/470/470 53/53/53 471/471/471 472/472/472
f 472/472/472 471/471/471 52/52/52 466/466/466
f 469/469/469 472/472/472 466/466/466 110/110/110
f 112/112/112 474/474/474 476/476/476 473/473/473
f 474/474/474 54/54/54 475/475/475 476/476/476
f 476/476/476 475/475/475 53/53/53 470/470/470
f 473/473/473 476/476/476 470/470/470 111/111/111
f 113/113/113 478/478/478 480/480/480 477/477/477
f 478/478/478 55/55/55 479/479/479 480/480/480
f 480/480/480 479/479/479 54/54/54 474/474/474
f 477/477/477 480/480/480 474/474/474 112/112/112
f 114/114/114 482/482/482 484/484/484 481/481/481
f 482/482/482 56/56/56 483/483/483 484/484/484
f 484/484/484 483/483/483 55/55/55 478/478/478
f 481/481/481 484/484/484 478/478/478 113/113/113
f 115/115/115 486/486/486 488/488/488 485/485/485
f 486/486/486 57/57/57 487/487/487 488/488/488
f 488/488/488 487/487/487 56/56/56 482/482/482
f 485/485/485 488/488/488 482/482/482 114/114/114
f 116/116/116 490/490/490 492/492/492 489/489/489
f 490/490/490 58/58/58 491/491/491 492/492/492
f 492/492/492 491/491/491 57/57/57 486/486/486
f 489/489/489 492/492/492 486/486/486 115/115/115
f 118/118/118 494/494/494 496/496/496 493/493/493
f 494/494/494 60/60/60 291/291/291 496/496/496
f 496/496/496 291/291/291 59/59/59 495/495/495
f 493/493/493 496/496/496 495/495/495 117/117/117
f 119/119/119 498/498/498 499/499/499 497/497/497
f 498/498/498 61/61/61 296/296/296 499/499/499
f 499/499/499 296/296/296 60/60/60 494/494/494
f 497/497/497 499/499/499 494/494/494 118/118/118
f 120/120/120 501/501/501 502/502/502 500/500/500
f 501/501/501 62/62/62 300/300/300 502/502/502
f 502/502/502 300/300/300 61/61/61 498/498/498
f 500/500/500 502/502/502 498/498/498 119/119/119
f 121/121/121 504/504/504 505/505/505 503/503/503
f 504/504/504 63/63/63 304/304/304 505/505/505
f 505/505/505 304/304/304 62/62/62 501/501/501
f 503/503/503 505/505/505 501/501/501 120/120/120
f 122/122/122 507/507/507 508/508/508 506/506/506
f 507/507/507 64/64/64 308/308/308 508/508/508
f 508/508/508 308/308/308 63/63/63 504/504/504
f 506/506/506 508/508/508 504/504/504 121/121/121
f 123/123/123 510/510/510 511/511/511 509/509/509
f 510/510/510 65/65/65 312/312/312 511/511/511
f 511/511/511 312/312/312 64/64/64 507/507/507
f 509/509/509 511/511/511 507/507/507 122/122/122
f 124/124/124 513/513/513 514/514/514 512/512/512
f 513/513/513 66/66/66 316/316/316 514/514/514
f 514/514/514 316/316/316 65/65/65 510/510/510
f 512/512/512 514/514/514 510/510/510 123/123/123
f 125/125/125 516/516/516 517/517/517 515/515/515
f 516/516/516 67/67/67 320/320/320 517/517/517
f 517/517/517 320/320/320 66/66/66 513/513/513
f 515/515/515 517/517/517 513/513/513 124/124/124
f 126/126/126 519/519/519 520/520/520 518/518/518
f 519/519/519 68/68/68 324/324/324 520/520/520
f 520/520/520 324/324/324 67/67/67 516/516/516
f 518/518/518 520/520/520 516/516/516 125/125/125
f 127/127/127 522/522/522 523/523/523 521/521/521
f 522/522/522 69/69/69 328/328/328 523/523/523
f 523/523/523 328/328/328 68/68/68 519/519/519
f 521/521/521 523/523/523 519/519/519 126/126/126
f 128/128/128 525/525/525 526/526/526 524/524/524
f 525/525/525 70/70/70 332/332/332 526/526/526
f 526/526/526 332/332/332 69/69/69 522/522/522
f 524/524/524 526/526/526 522/522/522 127/127/127
f 129/129/129 528/528/528 529/529/529 527/527/527
f 528/528/528 71/71/71 336/336/336 529/529/529
f 529/529/529 336/336/336 70/70/70 525/525/525
f 527/527/527 529/529/529 525/525/525 128/128/128
f 130/130/130 531/531/531 532/532/532 530/530/530
f 531/531/531 72/72/72 340/340/340 532/532/532
f 532/532/532 340/340/340 71/71/71 528/528/528
f 530/530/530 532/532/532 528/528/528 129/129/129
f 131/131/131 534/534/534 535/535/535 533/533/533
f 534/534/534 73/73/73 344/344/344 535/535/535
f 535/535/535 344/344/344 72/72/72 531/531/531
f 533/533/533 535/535/535 531/531/531 130/130/130
f 132/132/132 537/537/537 538/538/538 536/536/536
f 537/537/537 74/74/74 348/348/348 538/538/538
f 538/538/538 348/348/348 73/73/73 534/534/534
f 536/536/536 538/538/538 534/534/534 131/131/131
f 133/133/133 540/540/540 541/541/541 539/539/539
f 540/540/540 75/75/75 352/352/352 541/541/541
f 541/541/541 352/352/352 74/74/74 537/537/537
f 539/539/539 541/541/541 537/537/537 132/132/132
f 134/134/134 543/543/543 544/544/544 542/542/542
f 543/543/543 76/76/76 356/356/356 544/544/544
f 544/544/544 356/356/356 75/75/75 540/540/540
f 542/542/542 544/544/544 540/540/540 133/133/133
f 135/135/135 546/546/546 547/547/547 545/545/545
f 546/546/546 77/77/77 360/360/360 547/547/547
f 547/547/547 360/360/360 76/76/76 543/543/543
f 545/545/545 547/547/547 543/543/543 134/134/134
f 136/136/136 549/549/549 550/550/550 548/548/548
f 549/549/549 78/78/78 364/364/364 550/550/550
f 550/550/550 364/364/364 77/77/77 546/546/546
f 548/548/548 550/550/550 546/546/546 135/135/135
f 137/137/137 552/552/552 553/553/553 551/551/551
f 552/552/552 79/79/79 368/368/368 553/553/553
f 553/553/553 368/368/368 78/78/78 549/549/549
f 551/551/551 553/553/553 549/549/549 136/136/136
f 138/138/138 555/555/555 556/556/556 554/554/554
f 555/555/555 80/80/80 372/372/372 556/556/556
f 556/556/556 372/372/372 79/79/79 552/552/552
f 554/554/554 556/556/556 552/552/552 137/137/137
f 139/139/139 558/558/558 559/559/559 557/557/557
f 558/558/558 81/81/81 376/376/376 559/559/559
f 559/559/559 376/376/376 80/80/80 555/555/555
f 557/557/557 559/559/559 555/555/555 138/138/138
f 140/140/140 561/561/561 562/562/562 560/560/560
f 561/561/561 82/82/82 380/380/380 562/562/562
f 562/562/562 380/380/380 81/81/81 558/558/558
f 560/560/560 562/562/562 558/558/558 139/139/139
f 141/141/141 564/564/564 565/565/565 563/563/563
f 564/564/564 83/83/83 384/384/384 565/565/565
f 565/565/565 384/384/384 82/82/82 561/561/561
f 563/563/563 565/565/565 561/561/561 140/140/140
f 142/142/142 567/567/567 568/568/568 566/566/566
f 567/567/567 84/84/84 388/388/388 568/568/568
f 568/568/568 388/388/388 83/83/83 564/564/564
f 566/566/566 568/568/568 564/564/564 141/141/141
f 567/567/567 142/142/142 143/143/143
f 85/85/85 84/84/84 567/567/567
f 143/143/143 85/85/85 567/567/567
f 144/144/144 86/86/86 85/85/85 143/143/143
f 145/145/145 87/87/87 86/86/86 144/144/144
f 146/146/146 88/88/88 87/87/87 145/145/145
f 147/147/147 89/89/89 88/88/88 146/146/146
f 148/148/148 90/90/90 89/89/89 147/147/147
f 571/571/571 91/91/91 90/90/90
f 148/148/148 149/149/149 571/571/571
f 90/90/90 148/148/148 571/571/571
f 150/150/150 570/570/570 572/572/572 569/569/569
f 570/570/570 92/92/92 392/392/392 572/572/572
f 572/572/572 392/392/392 91/91/91 571/571/571
f 569/569/569 572/572/572 571/571/571 149/149/149
f 151/151/151 574/574/574 575/575/575 573/573/573
f 574/574/574 93/93/93 397/397/397 575/575/575
f 575/575/575 397/397/397 92/92/92 570/570/570
f 573/573/573 575/575/575 570/570/570 150/150/150
f 152/152/152 577/577/577 578/578/578 576/576/576
f 577/577/577 94/94/94 401/401/401 578/578/578
f 578/578/578 401/401/401 93/93/93 574/574/574
f 576/576/576 578/578/578 574/574/574 151/151/151
f 153/153/153 580/580/580 581/581/581 579/579/579
f 580/580/580 95/95/95 405/405/405 581/581/581
f 581/581/581 405/405/405 94/94/94 577/577/577
f 579/579/579 581/581/581 577/577/577 152/152/152
f 154/154/154 583/583/583 584/584/584 582/582/582
f 583/583/583 96/96/96 409/409/409 584/584/584
f 584/584/584 409/409/409 95/95/95 580/580/580
f 582/582/582 584/584/584 580/580/580 153/153/153
f 155/155/155 586/586/586 587/587/587 585/585/585
f 586/586/586 97/97/97 413/413/413 587/587/587
f 587/587/587 413/413/413 96/96/96 583/583/583
f 585/585/585 587/587/587 583/583/583 154/154/154
f 156/156/156 589/589/589 590/590/590 588/588/588
f 589/589/589 98/98/98 417/417/417 590/590/590
f 590/590/590 417/417/417 97/97/97 586/586/586
f 588/588/588 590/590/590 586/586/586 155/155/155
f 157/157/157 592/592/592 593/593/593 591/591/591
f 592/592/592 99/99/99 421/421/421 593/593/593
f 593/593/593 421/421/421 98/98/98 589/589/589
f 591/591/591 593/593/593 589/589/589 156/156/156
f 158/158/158 595/595/595 596/596/596 594/594/594
f 595/595/595 100/100/100 425/425/425 596/596/596
f 596/596/596 425/425/425 99/99/99 592/592/592
f 594/594/594 596/596/596 592/592/592 157/157/157
f 159/159/159 598/598/598 599/599/599 597/597/597
f 598/598/598 101/101/101 429/429/429 599/599/599
f 599/599/599 429/429/429 100/100/100 595/595/595
f 597/597/597 599/599/599 595/595/595 158/158/158
f 160/160/160 601/601/601 602/602/602 600/600/600
f 601/601/601 102/102/102 433/433/433 602/602/602
f 602/602/602 433/433/433 101/101/101 598/598/598
f 600/600/600 602/602/602 598/598/598 159/159/159
f 161/161/161 604/604/604 605/605/605 603/603/603
f 604/604/604 103/103/103 437/437/437 605/605/605
f 605/605/605 437/437/437 102/102/102 601/601/601
f 603/603/603 605/605/605 601/601/601 160/160/160
f 162/162/162 607/607/607 608/608/608 606/606/606
f 607/607/607 104/104/104 441/441/441 608/608/608
f 608/608/608 441/441/441 103/103/103 604/604/604
f 606/606/606 608/608/608 604/604/604 161/161/161
f 163/163/163 610/610/610 611/611/611 609/609/609
f 610/610/610 105/105/105 445/445/445 611/611/611
f 611/611/611 445/445/445 104/104/104 607/607/607
f 609/609/609 611/611/611 607/607/607 162/162/162
f 164/164/164 613/613/613 614/614/614 612/612/612
f 613/613/613 106/106/106 449/449/449 614/614/614
f 614/614/614 449/449/449 105/105/105 610/610/610
f 612/612/612 614/614/614 610/610/610 163/163/163
f 165/165/165 616/616/616 617/617/617 615/615/615
f 616/616/616 107/107/107 453/453/453 617/617/617
f 617/617/617 453/453/453 106/106/106 613/613/613
f 615/615/615 617/617/617 613/613/613 164/164/164
f 166/166/166 619/619/619 620/620/620 618/618/618
f 619/619/619 108/108/108 457/457/457 620/620/620
f 620/620/620 457/457/457 107/107/107 616/616/616
f 618/618/618 620/620/620 616/616/616 165/165/165
f 167/167/167 622/622/622 623/623/623 621/621/621
f 622/622/622 109/109/109 461/461/461 623/623/623
f 623/623/623 461/461/461 108/108/108 619/619/619
f 621/621/621 623/623/623 619/619/619 166/166/166
f 168/168/168 625/625/625 626/626/626 624/624/624
f 625/625/625 110/110/110 465/465/465 626/626/626
f 626/626/626 465/465/465 109/109/109 622/622/622
f 624/624/624 626/626/626 622/622/622 167/167/167
f 169/169/169 628/628/628 629/629/629 627/627/627
f 628/628/628 111/111/111 469/469/469 629/629/629
f 629/629/629 469/469/469 110/110/110 625/625/625
f 627/627/627 629/629/629 625/625/625 168/168/168
f 170/170/170 631/631/631 632/632/632 630/630/630
f 631/631/631 112/112/112 473/473/473 632/632/632
f 632/632/632 473/473/473 111/111/111 628/628/628
f 630/630/630 632/632/632 628/628/628 169/169/169
f 171/171/171 634/634/634 635/635/635 633/633/633
f 634/634/634 113/113/113 477/477/477 635/635/635
f 635/635/635 477/477/477 112/112/112 631/631/631
f 633/633/633 635/635/635 631/631/631 170/170/170
f 172/172/172 637/637/637 638/638/638 636/636/636
f 637/637/637 114/114/114 481/481/481 638/638/638
f 638/638/638 481/481/481 113/113/113 634/634/634
f 636/636/636 638/638/638 634/634/634 171/171/171
f 173/173/173 640/640/640 641/641/641 639/639/639
f 640/640/640 115/115/115 485/485/485 641/641/641
f 641/641/641 485/485/485 114/114/114 637/637/637
f 639/639/639 641/641/641 637/637/637 172/172/172
f 174/174/174 643/643/643 644/644/644 642/642/642
f 643/643/643 116/116/116 489/489/489 644/644/644
f 644/644/644 489/489/489 115/115/115 640/640/640
f 642/642/642 644/644/644 640/640/640 173/173/173
f 176/176/176 646/646/646 648/648/648 645/645/645
f 646/646/646 118/118/118 493/493/493 648/648/648
f 648/648/648 493/493/493 117/117/117 647/647/647
f 645/645/645 648/648/648 647/647/647 175/175/175
f 177/177/177 650/650/650 651/651/651 649/649/649
f 650/650/650 119/119/119 497/497/497 651/651/651
f 651/651/651 497/497/497 118/118/118 646/646/646
f 649/649/649 651/651/651 646/646/646 176/176/176
f 178/178/178 653/653/653 654/654/654 652/652/652
f 653/653/653 120/120/120 500/500/500 654/654/654
f 654/654/654 500/500/500 119/119/119 650/650/650
f 652/652/652 654/654/654 650/650/650 177/177/177
f 179/179/179 656/656/656 657/657/657 655/655/655
f 656/656/656 121/121/121 503/503/503 657/657/657
f 657/657/657 503/503/503 120/120/120 653/653/653
f 655/655/655 657/657/657 653/653/653 178/178/178
f 180/180/180 659/659/659 660/660/660 658/658/658
f 659/659/659 122/122/122 506/506/506 660/660/660
f 660/660/660 506/506/506 121/121/121 656/656/656
f 658/658/658 660/660/660 656/656/656 179/179/179
f 181/181/181 662/662/662 663/663/663 661/661/661
f 662/662/662 123/123/123 509/509/509 663/663/663
f 663/663/663 509/509/509 122/122/122 659/659/659
f 661/661/661 663/663/663 659/659/659 180/180/180
f 182/182/182 665/665/665 666/666/666 664/664/664
f 665/665/665 124/124/124 512/512/512 666/666/666
f 666/666/666 512/512/512 123/123/123 662/662/662
f 664/664/664 666/666/666 662/662/662 181/181/181
f 183/183/183 668/668/668 669/669/669 667/667/667
f 668/668/668 125/125/125 515/515/515 669/669/669
f 669/669/669 515/515/515 124/124/124 665/665/665
f 667/667/667 669/669/669 665/665/665 182/182/182
f 184/184/184 671/671/671 672/672/672 670/670/670
f 671/671/671 126/126/126 518/518/518 672/672/672
f 672/672/672 518/518/518 125/125/125 668/668/668
f 670/670/670 672/672/672 668/668/668 183/183/183
f 185/185/185 674/674/674 675/675/675 673/673/673
f 674/674/674 127/127/127 521/521/521 675/675/675
f 675/675/675 521/521/521 126/126/126 671/671/671
f 673/673/673 675/675/675 671/671/671 184/184/184
f 186/186/186 677/677/677 678/678/678 676/676/676
f 677/677/677 128/128/128 524/524/524 678/678/678
f 678/678/678 524/524/524 127/127/127 674/674/674
f 676/676/676 678/678/678 674/674/674 185/185/185
f 187/187/187 680/680/680 681/681/681 679/679/679
f 680/680/680 129/129/129 527/527/527 681/681/681
f 681/681/681 527/527/527 128/128/128 677/677/677
f 679/679/679 681/681/681 677/677/677 186/186/186
f 188/188/188 683/683/683 684/684/684 682/682/682
f 683/683/683 130/130/130 530/530/530 684/684/684
f 684/684/684 530/530/530 129/129/129 680/680/680
f 682/682/682 684/684/684 680/680/680 187/187/187
f 189/189/189 686/686/686 687/687/687 685/685/685
f 686/686/686 131/131/131 533/533/533 687/687/687
f 687/687/687 533/533/533 130/130/130 683/683/683
f 685/685/685 687/687/687 683/683/683 188/188/188
f 190/190/190 689/689/689 690/690/690 688/688/688
f 689/689/689 132/132/132 536/536/536 690/690/690
f 690/690/690 536/536/536 131/131/131 686/686/686
f 688/688/688 690/690/690 686/686/686 189/189/189
f 191/191/191 692/692/692 693/693/693 691/691/691
f 692/692/692 133/133/133 539/539/539 693/693/693
f 693/693/693 539/539/539 132/132/132 689/689/689
f 691/691/691 693/693/693 689/689/689 190/190/190
f 192/192/192 695/695/695 696/696/696 694/694/694
f 695/695/695 134/134/134 542/542/542 696/696/696
f 696/696/696 542/542/542 133/133/133 692/692/692
f 694/694/694 696/696/696 692/692/692 191/191/191
f 193/193/193 698/698/698 699/699/699 697/697/697
f 698/698/698 135/135/135 545/545/545 699/699/699
f 699/699/699 545/545/545 134/134/134 695/695/695
f 697/697/697 699/699/699 695/695/695 192/192/192
f 194/194/194 701/701/701 702/702/702 700/700/700
f 701/701/701 136/136/136 548/548/548 702/702/702
f 702/702/702 548/548/548 135/135/135 698/698/698
f 700/700/700 702/702/702 698/698/698 193/193/193
f 195/195/195 704/704/704 705/705/705 703/703/703
f 704/704/704 137/137/137 551/551/551 705/705/705
f 705/705/705 551/551/551 136/136/136 701/701/701
f 703/703/703 705/705/705 701/701/701 194/194/194
f 196/196/196 707/707/707 708/708/708 706/706/706
f 707/707/707 138/138/138 554/554/554 708/708/708
f 708/708/708 554/554/554 137/137/137 704/704/704
f 706/706/706 708/708/708 704/704/704 195/195/195
f 197/197/197 710/710/710 711/711/711 709/709/709
f 710/710/710 139/139/139 557/557/557 711/711/711
f 711/711/711 557/557/557 138/138/138 707/707/707
f 709/709/709 711/711/711 707/707/707 196/196/196
f 198/198/198 713/713/713 714/714/714 712/712/712
f 713/713/713 140/140/140 560/560/560 714/714/714
f 714/714/714 560/560/560 139/139/139 710/710/710
f 712/712/712 714/714/714 710/710/710 197/197/197
f 199/199/199 716/716/716 717/717/717 715/715/715
f 716/716/716 141/141/141 563/563/563 717/717/717
f 717/717/717 563/563/563 140/140/140 713/713/713
f 715/715/715 717/717/717 713/713/713 198/198/198
f 200/200/200 719/719/719 720/720/720 718/718/718
f 719/719/719 142/142/142 566/566/566 720/720/720
f 720/720/720 566/566/566 141/141/141 716/716/716
f 718/718/718 720/720/720 716/716/716 199/199/199
f 719/719/719 200/200/200 201/201/201
f 143/143/143 142/142/142 719/719/719
f 201/201/201 143/143/143 719/719/719
f 202/202/202 144/144/144 143/143/143 201/201/201
f 203/203/203 145/145/145 144/144/144 202/202/202
f 204/204/204 146/146/146 145/145/145 203/203/203
f 205/205/205 147/147/147 146/146/146 204/204/204
f 206/206/206 148/148/148 147/147/147 205/205/205
f 723/723/723 149/149/149 148/148/148
f 206/206/206 207/207/207 723/723/723
f 148/148/148 206/206/206 723/723/723
f 208/208/208 722/722/722 724/724/724 721/721/721
f 722/722/722 150/150/150 569/569/569 724/724/724
f 724/724/724 569/569/569 149/149/149 723/723/723
f 721/721/721 724/724/724 723/723/723 207/207/207
f 209/209/209 726/726/726 727/727/727 725/725/725
f 726/726/726 151/151/151 573/573/573 727/727/727
f 727/727/727 573/573/573 150/150/150 722/722/722
f 725/725/725 727/727/727 722/722/722 208/208/208
f 210/210/210 729/729/729 730/730/730 728/728/728
f 729/729/729 152/152/152 576/576/576 730/730/730
f 730/730/730 576/576/576 151/151/151 726/726/726
f 728/728/728 730/730/730 726/726/726 209/209/209
f 211/211/211 732/732/732 733/733/733 731/731/731
f 732/732/732 153/153/153 579/579/579 733/733/733
f 733/733/733 579/579/579 152/152/152 729/729/729
f 731/731/731 733/733/733 729/729/729 210/210/210
f 212/212/212 735/735/735 736/736/736 734/734/734
f 735/735/735 154/154/154 582/582/582 736/736/736
f 736/736/736 582/582/582 153/153/153 732/732/732
f 734/734/734 736/736/736 732/732/732 211/211/211
f 213/213/213 738/738/738 739/739/739 737/737/737
f 738/738/738 155/155/155 585/585/585 739/739/739
f 739/739/739 585/585/585 154/154/154 735/735/735
f 737/737/737 739/739/739 735/735/735 212/212/212
f 214/214/214 741/741/741 742/742/742 740/740/740
f 741/741/741 156/156/156 588/588/588 742/742/742
f 742/742/742 588/588/588 155/155/155 738/738/738
f 740/740/740 742/742/742 738/738/738 213/213/213
f 215/215/215 744/744/744 745/745/745 743/743/743
f 744/744/744 157/157/157 591/591/591 745/745/745
f 745/745/745 591/591/591 156/156/156 741/741/741
f 743/743/743 745/745/745 741/741/741 214/214/214
f 216/216/216 747/747/747 748/748/748 746/746/746
f 747/747/747 158/158/158 594/594/594 748/748/748
f 748/748/748 594/594/594 157/157/157 744/744/744
f 746/746/746 748/748/748 744/744/744 215/215/215
f 217/217/217 750/750/750 751/751/751 749/749/749
f 750/750/750 159/159/159 597/597/597 751/751/751
f 751/751/751 597/597/597 158/158/158 747/747/747
f 749/749/749 751/751/751 747/747/747 216/216/216
f 218/218/218 753/753/753 754/754/754 752/752/752
f 753/753/753 160/160/160 600/600/600 754/754/754
f 754/754/754 600/600/600 159/159/159 750/750/750
f 752/752/752 754/754/754 750/750/750 217/217/217
f 219/219/219 756/756/756 757/757/757 755/755/755
f 756/756/756 161/161/161 603/603/603 757/757/757
f 757/757/757 603/603/603 160/160/160 753/753/753
f 755/755/755 757/757/757 753/753/753 218/218/218
f 220/220/220 759/759/759 760/760/760 758/758/758
f 759/759/759 162/162/162 606/606/606 760/760/760
f 760/760/760 606/606/606 161/161/161 756/756/756
f 758/758/758 760/760/760 756/756/756 219/219/219
f 221/221/221 762/762/762 763/763/763 761/761/761
f 762/762/762 163/163/163 609/609/609 763/763/763
f 763/763/763 609/609/609 162/162/162 759/759/759
f 761/761/761 763/763/763 759/759/759 220/220/220
f 222/222/222 765/765/765 766/766/766 764/764/764
f 765/765/765 164/164/164 612/612/612 766/766/766
f 766/766/766 612/612/612 163/163/163 762/762/762
f 764/764/764 766/766/766 762/762/762 221/221/221
f 223/223/223 768/768/768 769/769/769 767/767/767
f 768/768/768 165/165/165 615/615/615 769/769/769
f 769/769/769 615/615/615 164/164/164 765/765/765
f 767/767/767 769/769/769 765/765/765 222/222/222
f 224/224/224 771/771/771 772/772/772 770/770/770
f 771/771/771 166/166/166 618/618/618 772/772/772
f 772/772/772 618/618/618 165/165/165 768/768/768
f 770/770/770 772/772/772 768/768/768 223/223/223
f 225/225/225 774/774/774 775/775/775 773/773/773
f 774/774/774 167/167/167 621/621/621 775/775/775
f 775/775/775 621/621/621 166/166/166 771/771/771
f 773/773/773 775/775/775 771/771/771 224/224/224
f 226/226/226 777/777/777 778/778/778 776/776/776
f 777/777/777 168/168/168 624/624/624 778/778/778
f 778/778/778 624/624/624 167/167/167 774/774/774
f 776/776/776 778/778/778 774/774/774 225/225/225
f 227/227/227 780/780/780 781/781/781 779/779/779
f 780/780/780 169/169/169 627/627/627 781/781/781
f 781/781/781 627/627/627 168/168/168 777/777/777
f 779/779/779 781/781/781 777/777/777 226/226/226
f 228/228/228 783/783/783 784/784/784 782/782/782
f 783/783/783 170/170/170 630/630/630 784/784/784
f 784/784/784 630/630/630 169/169/169 780/780/780
f 782/782/782 784/784/784 780/780/780 227/227/227
f 229/229/229 786/786/786 787/787/787 785/785/785
f 786/786/786 171/171/171 633/633/633 787/787/787
f 787/787/787 633/633/633 170/170/170 783/783/783
f 785/785/785 787/787/787 783/783/783 228/228/228
f 230/230/230 789/789/789 790/790/790 788/788/788
f 789/789/789 172/172/172 636/636/636 790/790/790
f 790/790/790 636/636/636 171/171/171 786/786/786
f 788/788/788 790/790/790 786/786/786 229/229/229
f 231/231/231 792/792/792 793/793/793 791/791/791
f 792/792/792 173/173/173 639/639/639 793/793/793
f 793/793/793 639/639/639 172/172/172 789/789/789
f 791/791/791 793/793/793 789/789/789 230/230/230
f 232/232/232 795/795/795 796/796/796 794/794/794
f 795/795/795 174/174/174 642/642/642 796/796/796
f 796/796/796 642/642/642 173/173/173 792/792/792
f 794/794/794 796/796/796 792/792/792 231/231/231
f 234/234/234 798/798/798 800/800/800 797/797/797
f 798/798/798 176/176/176 645/645/645 800/800/800
f 800/800/800 645/645/645 175/175/175 799/799/799
f 797/797/797 800/800/800 799/799/799 233/233/233
f 235/235/235 802/802/802 803/803/803 801/801/801
f 802/802/802 177/177/177 649/649/649 803/803/803
f 803/803/803 649/649/649 176/176/176 798/798/798
f 801/801/801 803/803/803 798/798/798 234/234/234
f 236/236/236 805/805/805 806/806/806 804/804/804
f 805/805/805 178/178/178 652/652/652 806/806/806
f 806/806/806 652/652/652 177/177/177 802/802/802
f 804/804/804 806/806/806 802/802/802 235/235/235
f 237/237/237 808/808/808 809/809/809 807/807/807
f 808/808/808 179/179/179 655/655/655 809/809/809
f 809/809/809 655/655/655 178/178/178 805/805/805
f 807/807/807 809/809/809 805/805/805 236/236/236
f 238/238/238 811/811/811 812/812/812 810/810/810
f 811/811/811 180/180/180 658/658/658 812/812/812
f 812/812/812 658/658/658 179/179/179 808/808/808
f 810/810/810 812/812/812 808/808/808 237/237/237
f 239/239/239 814/814/814 815/815/815 813/813/813
f 814/814/814 181/181/181 661/661/661 815/815/815
f 815/815/815 661/661/661 180/180/180 811/811/811
f 813/813/813 815/815/815 811/811/811 238/238/238
f 240/240/240 817/817/817 818/818/818 816/816/816
f 817/817/817 182/182/182 664/664/664 818/818/818
f 818/818/818 664/664/664 181/181/181 814/814/814
f 816/816/816 818/818/818 814/814/814 239/239/239
f 241/241/241 820/820/820 821/821/821 819/819/819
f 820/820/820 183/183/183 667/667/667 821/821/821
f 821/821/821 667/667/667 182/182/182 817/817/817
f 819/819/819 821/821/821 817/817/817 240/240/240
f 242/242/242 823/823/823 824/824/824 822/822/822
f 823/823/823 184/184/184 670/670/670 824/824/824
f 824/824/824 670/670/670 183/183/183 820/820/820
f 822/822/822 824/824/824 820/820/820 241/241/241
f 243/243/243 826/826/826 827/827/827 825/825/825
f 826/826/826 185/185/185 673/673/673 827/827/827
f 827/827/827 673/673/673 184/184/184 823/823/823
f 825/825/825 827/827/827 823/823/823 242/242/242
f 244/244/244 829/829/829 830/830/830 828/828/828
f 829/829/829 186/186/186 676/676/676 830/830/830
f 830/830/830 676/676/676 185/185/185 826/826/826
f 828/828/828 830/830/830 826/826/826 243/243/243
f 245/245/245 832/832/832 833/833/833 831/831/831
f 832/832/832 187/187/187 679/679/679 833/833/833
f 833/833/833 679/679/679 186/186/186 829/829/829
f 831/831/831 833/833/833 829/829/829 244/244/244
f 246/246/246 835/835/835 836/836/836 834/834/834
f 835/835/835 188/188/188 682/682/682 836/836/836
f 836/836/836 682/682/682 187/187/187 832/832/832
f 834/834/834 836/836/836 832/832/832 245/245/245
f 247/247/247 838/838/838 839/839/839 837/837/837
f 838/838/838 189/189/189 685/685/685 839/839/839
f 839/839/839 685/685/685 188/188/188 835/835/835
f 837/837/837 839/839/839 835/835/835 246/246/246
f 248/248/248 841/841/841 842/842/842 840/840/840
f 841/841/841 190/190/190 688/688/688 842/842/842
f 842/842/842 688/688/688 189/189/189 838/838/838
f 840/840/840 842/842/842 838/838/838 247/247/247
f 249/249/249 844/844/844 845/845/845 843/843/843
f 844/844/844 191/191/191 691/691/691 845/845/845
f 845/845/845 691/691/691 190/190/190 841/841/841
f 843/843/843 845/845/845 841/841/841 248/248/248
f 250/250/250 847/847/847 848/848/848 846/846/846
f 847/847/847 192/192/192 694/694/694 848/848/848
f 848/848/848 694/694/694 191/191/191 844/844/844
f 846/846/846 848/848/848 844/844/844 249/249/249
f 251/251/251 850/850/850 851/851/851 849/849/849
f 850/850/850 193/193/193 697/697/697 851/851/851
f 851/851/851 697/697/697 192/192/192 847/847/847
f 849/849/849 851/851/851 847/847/847 250/250/250
f 252/252/252 853/853/853 854/854/854 852/852/852
f 853/853/853 194/194/194 700/700/700 854/854/854
f 854/854/854 700/700/700 193/193/193 850/850/850
f 852/852/852 854/854/854 850/850/850 251/251/251
f 253/253/253 856/856/856 857/857/857 855/855/855
f 856/856/856 195/195/195 703/703/703 857/857/857
f 857/857/857 703/703/703 194/194/194 853/853/853
f 855/855/855 857/857/857 853/853/853 252/252/252
f 254/254/254 859/859/859 860/860/860 858/858/858
f 859/859/859 196/196/196 706/706/706 860/860/860
f 860/860/860 706/706/706 195/195/195 856/856/856
f 858/858/858 860/860/860 856/856/856 253/253/253
f 255/255/255 862/862/862 863/863/863 861/861/861
f 862/862/862 197/197/197 709/709/709 863/863/863
f 863/863/863 709/709/709 196/196/196 859/859/859
f 861/861/861 863/863/863 859/859/859 254/254/254
f 256/256/256 865/865/865 866/866/866 864/864/864
f 865/865/865 198/198/198 712/712/712 866/866/866
f 866/866/866 712/712/712 197/197/197 862/862/862
f 864/864/864 866/866/866 862/862/862 255/255/255
f 257/257/257 868/868/868 869/869/869 867/867/867
f 868/868/868 199/199/199 715/715/715 869/869/869
f 869/869/869 715/715/715 198/198/198 865/865/865
f 867/867/867 869/869/869 865/865/865 256/256/256
f 258/258/258 871/871/871 872/872/872 870/870/870
f 871/871/871 200/200/200 718/718/718 872/872/872
f 872/872/872 718/718/718 199/199/199 868/868/868
f 870/870/870 872/872/872 868/868/868 257/257/257
f 871/871/871 258/258/258 259/259/259
f 201/201/201 200/200/200 871/871/871
f 259/259/259 201/201/201 871/871/871
f 260/260/260 202/202/202 201/201/201 259/259/259
f 261/261/261 203/203/203 202/202/202 260/260/260
f 262/262/262 204/204/204 203/203/203 261/261/261
f 263/263/263 205/205/205 204/204/204 262/262/262
f 264/264/264 206/206/206 205/205/205 263/263/263
f 875/875/875 207/207/207 206/206/206
f 264/264/264 265/265/265 875/875/875
f 206/206/206 264/264/264 875/875/875
f 266/266/266 874/874/874 876/876/876 873/873/873
f 874/874/874 208/208/208 721/721/721 876/876/876
f 876/876/876 721/721/721 207/207/207 875/875/875
f 873/873/873 876/876/876 875/875/875 265/265/265
f 267/267/267 878/878/878 879/879/879 877/877/877
f 878/878/878 209/209/209 725/725/725 879/879/879
f 879/879/879 725/725/725 208/208/208 874/874/874
f 877/877/877 879/879/879 874/874/874 266/266/266
f 268/268/268 881/881/881 882/882/882 880/880/880
f 881/881/881 210/210/210 728/728/728 882/882/882
f 882/882/882 728/728/728 209/209/209 878/878/878
f 880/880/880 882/882/882 878/878/878 267/267/267
f 269/269/269 884/884/884 885/885/885 883/883/883
f 884/884/884 211/211/211 731/731/731 885/885/885
f 885/885/885 731/731/731 210/210/210 881/881/881
f 883/883/883 885/885/885 881/881/881 268/268/268
f 270/270/270 887/887/887 888/888/888 886/886/886
f 887/887/887 212/212/212 734/734/734 888/888/888
f 888/888/888 734/734/734 211/211/211 884/884/884
f 886/886/886 888/888/888 884/884/884 269/269/269
f 271/271/271 890/890/890 891/891/891 889/889/889
f 890/890/890 213/213/213 737/737/737 891/891/891
f 891/891/891 737/737/737 212/212/212 887/887/887
f 889/889/889 891/891/891 887/887/887 270/270/270
f 272/272/272 893/893/893 894/894/894 892/892/892
f 893/893/893 214/214/214 740/740/740 894/894/894
f 894/894/894 740/740/740 213/213/213 890/890/890
f 892/892/892 894/894/894 890/890/890 271/271/271
f 273/273/273 896/896/896 897/897/897 895/895/895
f 896/896/896 215/215/215 743/743/743 897/897/897
f 897/897/897 743/743/743 214/214/214 893/893/893
f 895/895/895 897/897/897 893/893/893 272/272/272
f 274/274/274 899/899/899 900/900/900 898/898/898
f 899/899/899 216/216/216 746/746/746 900/900/900
f 900/900/900 746/746/746 215/215/215 896/896/896
f 898/898/898 900/900/900 896/896/896 273/273/273
f 275/275/275 902/902/902 903/903/903 901/901/901
f 902/902/902 217/217/217 749/749/749 903/903/903
f 903/903/903 749/749/749 216/216/216 899/899/899
f 901/901/901 903/903/903 899/899/899 274/274/274
f 276/276/276 905/905/905 906/906/906 904/904/904
f 905/905/905 218/218/218 752/752/752 906/906/906
f 906/906/906 752/752/752 217/217/217 902/902/902
f 904/904/904 906/906/906 902/902/902 275/275/275
f 277/277/277 908/908/908 909/909/909 907/907/907
f 908/908/908 219/219/219 755/755/755 909/909/909
f 909/909/909 755/755/755 218/218/218 905/905/905
f 907/907/907 909/909/909 905/905/905 276/276/276
f 278/278/278 911/911/911 912/912/912 910/910/910
f 911/911/911 220/220/220 758/758/758 912/912/912
f 912/912/912 758/758/758 219/219/219 908/908/908
f 910/910/910 912/912/912 908/908/908 277/277/277
f 279/279/279 914/914/914 915/915/915 913/913/913
f 914/914/914 221/221/221 761/761/761 915/915/915
f 915/915/915 761/761/761 220/220/220 911/911/911
f 913/913/913 915/915/915 911/911/911 278/278/278
f 280/280/280 917/917/917 918/918/918 916/916/916
f 917/917/917 222/222/222 764/764/764 918/918/918
f 918/918/918 764/764/764 221/221/221 914/914/914
f 916/916/916 918/918/918 914/914/914 279/279/279
f 281/281/281 920/920/920 921/921/921 919/919/919
f 920/920/920 223/223/223 767/767/767 921/921/921
f 921/921/921 767/767/767 222/222/222 917/917/917
f 919/919/919 921/921/921 917/917/917 280/280/280
f 282/282/282 923/923/923 924/924/924 922/922/922
f 923/923/923 224/224/224 770/770/770 924/924/924
f 924/924/924 770/770/770 223/223/223 920/920/920
f 922/922/922 924/924/924 920/920/920 281/281/281
f 283/283/283 926/926/926 927/927/927 925/925/925
f 926/926/926 225/225/225 773/773/773 927/927/927
f 927/927/927 773/773/773 224/224/224 923/923/923
f 925/925/925 927/927/927 923/923/923 282/282/282
f 284/284/284 929/929/929 930/930/930 928/928/928
f 929/929/929 226/226/226 776/776/776 930/930/930
f 930/930/930 776/776/776 225/225/225 926/926/926
f 928/928/928 930/930/930 926/926/926 283/283/283
f 285/285/285 932/932/932 933/933/933 931/931/931
f 932/932/932 227/227/227 779/779/779 933/933/933
f 933/933/933 779/779/779 226/226/226 929/929/929
f 931/931/931 933/933/933 929/929/929 284/284/284
f 286/286/286 935/935/935 936/936/936 934/934/934
f 935/935/935 228/228/228 782/782/782 936/936/936
f 936/936/936 782/782/782 227/227/227 932/932/932
f 934/934/934 936/936/936 932/932/932 285/285/285
f 287/287/287 938/938/938 939/939/939 937/937/937
f 938/938/938 229/229/229 785/785/785 939/939/939
f 939/939/939 785/785/785 228/228/228 935/935/935
f 937/937/937 939/939/939 935/935/935 286/286/286
f 288/288/288 941/941/941 942/942/942 940/940/940
f 941/941/941 230/230/230 788/788/788 942/942/942
f 942/942/942 788/788/788 229/229/229 938/938/938
f 940/940/940 942/942/942 938/938/938 287/287/287
f 289/289/289 944/944/944 945/945/945 943/943/943
f 944/944/944 231/231/231 791/791/791 945/945/945
f 945/945/945 791/791/791 230/230/230 941/941/941
f 943/943/943 945/945/945 941/941/941 288/288/288
f 290/290/290 947/947/947 948/948/948 946/946/946
f 947/947/947 232/232/232 794/794/794 948/948/948
f 948/948/948 794/794/794 231/231/231 944/944/944
f 946/946/946 948/948/948 944/944/944 289/289/289
