# Rhino

mtllib female-shell-head-260316.mtl
g Fem_virtual body head_mesh
o object_1
usemtl Shell Head
v -8.7732820510864258 -6.5429000854492188 -15.974513053894043
v -8.3602142333984375 -4.9203529357910156 -18.042041778564453
v -8.032557487487793 -5.67340087890625 -17.872344970703125
v -8.7645368576049805 -5.0227203369140625 -16.935625076293945
v -7.8439168930053711 -4.4277000427246094 -19.240180969238281
v -7.966616153717041 -3.6379623413085938 -19.646797180175781
v -8.3637514114379883 -4.0904197692871094 -18.456050872802734
v -7.3445420265197754 -2.027618408203125 -21.607234954833984
v -7.6361403465270996 -3.2396621704101563 -20.450180053710938
v -7.7050871849060059 -2.5309829711914063 -20.617639541625977
v -7.4469070434570313 -4.8657112121582031 -19.172107696533203
v 3.8220024108886719 10.028076171875 -24.804588317871094
v 4.0097451210021973 10.759796142578125 -25.709880828857422
v 3.9413671493530273 10.529273986816406 -25.213254928588867
v 3.0736269950866699 10.642265319824219 -25.217985153198242
v 4.0097451210021973 10.759796142578125 -25.709880828857422
v 2.9438233375549316 10.791519165039063 -25.609739303588867
v 2.2702064514160156 10.535514831542969 -25.11669921875
v 0.78576838970184326 10.145805358886719 -25.050212860107422
v -0.3311811089515686 9.5282745361328125 -24.568960189819336
v 0.23563659191131592 9.7596817016601563 -24.453344345092773
v -1.0494964122772217 8.960693359375 -23.855167388916016
v -1.4271798133850098 8.7586898803710938 -24.016839981079102
v 1.3268551826477051 10.245643615722656 -24.826536178588867
v -5.5073633193969727 3.8789138793945313 -20.344705581665039
v -6.2327885627746582 2.411346435546875 -19.40589714050293
v -5.8909296989440918 2.6231231689453125 -19.309574127197266
v -6.8768672943115234 0.8201751708984375 -18.282255172729492
v -6.8555417060852051 1.108001708984375 -18.818881988525391
v -7.7680988311767578 -1.1961593627929688 -17.315620422363281
v -7.392064094543457 -0.62000274658203125 -17.250080108642578
v -6.6862549781799316 0.4884185791015625 -17.723220825195313
v -7.8657035827636719 -2.1753082275390625 -16.120479583740234
v -7.2126893997192383 -1.177337646484375 -16.499423980712891
v -7.578521728515625 -2.9836044311523438 -15.083258628845215
v -6.8936481475830078 -1.0596466064453125 -16.474929809570313
v -8.2103261947631836 -3.510467529296875 -15.136435508728027
v -8.3788232803344727 -2.9370040893554688 -16.312845230102539
v -8.6670961380004883 -4.0717811584472656 -15.452330589294434
v -9.013580322265625 -5.1104812622070313 -15.267988204956055
v -8.8313236236572266 -5.1443634033203125 -14.452495574951172
v -8.4280176162719727 -4.550048828125 -14.32624340057373
v -7.6191177368164063 -4.2393379211425781 -13.967930793762207
v 5.3141202926635742 -2.9623870849609375 -12.202404022216797
v 4.8298177719116211 -2.4046859741210938 -13.119880676269531
v 4.8042502403259277 -3.6243057250976563 -12.671328544616699
v 5.8537173271179199 -2.5782928466796875 -12.159252166748047
v 5.1997828483581543 -1.556640625 -13.486614227294922
v 5.8145442008972168 -1.7780532836914063 -13.095548629760742
v 4.2559733390808105 -0.43381500244140625 -14.87297248840332
v 4.2402133941650391 -1.37652587890625 -14.295636177062988
v 4.1831417083740234 -2.4147796630859375 -14.064353942871094
v 3.6517269611358643 -1.157745361328125 -15.164480209350586
v 2.4431250095367432 0.8060760498046875 -16.724966049194336
v 2.8076295852661133 0.86849212646484375 -16.496644973754883
v 2.0246047973632813 1.194122314453125 -17.015216827392578
v 1.4841996431350708 1.1838912963867188 -17.429767608642578
v 2.2589247226715088 0.72470855712890625 -17.001951217651367
v 5.1493306159973145 -3.3635482788085938 -12.18527889251709
v 3.274207592010498 -0.43895721435546875 -15.851253509521484
v 2.759568452835083 0.13649749755859375 -16.697750091552734
v -1.1170454025268555 1.3057708740234375 -17.402801513671875
v -1.8790044784545898 0.9538726806640625 -17.182916641235352
v -1.9391920566558838 0.6080322265625 -17.313814163208008
v -2.7129428386688232 0.22055816650390625 -16.820766448974609
v -3.0486745834350586 -0.30304718017578125 -16.649978637695313
v -3.7651050090789795 -0.5808563232421875 -16.269527435302734
v -3.6330170631408691 -1.2114028930664063 -16.239782333374023
v -4.1853785514831543 -1.2562484741210938 -15.939087867736816
v -5.2346692085266113 -2.0448989868164063 -15.371713638305664
v -4.4360976219177246 -2.364959716796875 -15.571060180664063
v -4.0150070190429688 -2.2661666870117188 -16.015081405639648
v -4.4446959495544434 -3.4504165649414063 -15.60074520111084
v -5.1328258514404297 -2.6162796020507813 -15.136184692382813
v -5.9640035629272461 -2.9617843627929688 -14.797397613525391
v -5.1665210723876953 -3.8836898803710938 -14.755770683288574
v -5.9153385162353516 -3.9605941772460938 -14.283669471740723
v -6.7276291847229004 -4.3798599243164063 -13.793115615844727
v -5.3003463745117188 -6.2880783081054688 -14.561431884765625
v -5.1799015998840332 -5.3633079528808594 -14.582492828369141
v -5.7492871284484863 -5.4885902404785156 -13.791618347167969
v -6.4909539222717285 -5.1087760925292969 -13.441455841064453
v -5.310516357421875 -6.9050788879394531 -15.709308624267578
v -5.6309504508972168 -6.8281440734863281 -14.48021411895752
v -5.6638350486755371 -7.2986373901367188 -15.930294036865234
v -5.3003463745117188 -6.2880783081054688 -14.561431884765625
v -6.8049392700195313 -7.6721839904785156 -15.111293792724609
v -6.0845322608947754 -7.4899177551269531 -16.221492767333984
v -7.5218849182128906 -7.1957511901855469 -16.631366729736328
v -6.4778552055358887 -7.4768600463867188 -16.830768585205078
v -7.5439410209655762 -7.5334434509277344 -15.878451347351074
v -6.0685577392578125 -7.5163612365722656 -16.720596313476563
v -6.9299483299255371 -7.6337928771972656 -15.772674560546875
v -6.8702569007873535 -7.2495460510253906 -17.193302154541016
v -4.8149747848510742 -7.1120262145996094 -16.771547317504883
v -4.966285228729248 -6.4978713989257813 -15.965028762817383
v -5.8629593849182129 -7.5776329040527344 -17.392936706542969
v -5.3581438064575195 -7.4671592712402344 -16.837457656860352
v -5.2170991897583008 -7.6695823669433594 -17.381706237792969
v -5.6009993553161621 -7.6288528442382813 -18.143159866333008
v -5.0540580749511719 -7.8673057556152344 -18.015754699707031
v -4.3431944847106934 -7.6945838928222656 -17.581399917602539
v -4.4461770057678223 -8.020660400390625 -17.957792282104492
v -4.1464858055114746 -7.443084716796875 -17.430942535400391
v -3.9652209281921387 -7.0049247741699219 -17.387662887573242
v -4.6188335418701172 -8.155609130859375 -18.732189178466797
v -4.3025856018066406 -8.3024520874023438 -18.420917510986328
v -3.486386775970459 -7.7395439147949219 -17.782222747802734
v -3.3210134506225586 -7.3472175598144531 -17.796457290649414
v -3.361821174621582 -8.378265380859375 -18.034084320068359
v -3.7394351959228516 -8.8036727905273438 -18.955940246582031
v -3.7394351959228516 -8.8036727905273438 -18.955940246582031
v -3.4678008556365967 -8.8314628601074219 -18.472377777099609
v -4.3025856018066406 -8.3024520874023438 -18.420917510986328
v -3.486386775970459 -7.7395439147949219 -17.782222747802734
v -2.839669942855835 -8.3249320983886719 -17.972023010253906
v -2.7512564659118652 -7.7941131591796875 -17.984325408935547
v -3.361821174621582 -8.378265380859375 -18.034084320068359
v -2.7008602619171143 -8.9936676025390625 -18.059263229370117
v -2.7714407444000244 -9.6602401733398438 -18.921947479248047
v -2.6406729221343994 -9.6048355102539063 -18.390718460083008
v -2.0743272304534912 -9.1724166870117188 -17.853342056274414
v -2.2162203788757324 -8.3691825866699219 -17.972196578979492
v -1.9562375545501709 -9.9155807495117188 -17.891326904296875
v -1.7069907188415527 -10.703887939453125 -18.034942626953125
v -1.1257467269897461 -10.230533599853516 -17.309490203857422
v -1.4836608171463013 -9.1182594299316406 -17.739065170288086
v -1.4827597141265869 -11.157497406005859 -18.528018951416016
v -0.72807198762893677 -9.8887710571289063 -17.240888595581055
v -1.2549501657485962 -10.835472106933594 -17.4180908203125
v 0.0095036784186959267 -10.84490966796875 -16.467994689941406
v -0.65389257669448853 -12.198665618896484 -17.111412048339844
v -0.70157063007354736 -11.491233825683594 -16.815500259399414
v -0.5629388689994812 -12.5206298828125 -17.574634552001953
v -0.61352401971817017 -12.501388549804688 -17.93321418762207
v -0.19316621124744415 -11.27337646484375 -16.42919921875
v 1.3639068603515625 -9.7747955322265625 -17.17698860168457
v 0.52698254585266113 -10.424777984619141 -16.631174087524414
v 0.74709469079971313 -11.064945220947266 -16.338029861450195
v 1.1943764686584473 -11.284095764160156 -16.47088623046875
v 2.0011746883392334 -9.0979499816894531 -17.734024047851563
v 1.5442298650741577 -11.487720489501953 -16.758171081542969
v 2.0583469867706299 -9.6914329528808594 -17.658500671386719
v 1.8738464117050171 -11.651359558105469 -17.352001190185547
v 2.0611588954925537 -10.529441833496094 -17.61314582824707
v 2.2483117580413818 -10.420600891113281 -18.053956985473633
v 2.0297813415527344 -11.262332916259766 -18.301128387451172
v 2.6567528247833252 -8.4517326354980469 -18.267185211181641
v 1.8970998525619507 -8.2750930786132813 -17.951728820800781
v 1.3264269828796387 -8.9384613037109375 -17.609615325927734
v 2.7872111797332764 -8.9277534484863281 -18.598386764526367
v 2.589301586151123 -7.6573448181152344 -18.266513824462891
v 3.08994460105896 -7.4036598205566406 -18.475889205932617
v 3.2166645526885986 -7.9059295654296875 -18.815828323364258
v 2.4046463966369629 -7.3264808654785156 -18.310323715209961
v 3.0626258850097656 -6.5390968322753906 -18.364696502685547
v 3.672889232635498 -7.015869140625 -18.824993133544922
v 3.5293617248535156 -6.6963043212890625 -18.44642448425293
v 3.6795134544372559 -5.9258460998535156 -18.073879241943359
v 3.984874963760376 -5.6768150329589844 -17.651294708251953
v 4.1732645034790039 -6.2336692810058594 -18.341665267944336
v 4.4208459854125977 -5.8727645874023438 -17.738794326782227
v 4.3350448608398438 -5.6007919311523438 -17.238235473632813
v 4.942772388458252 -5.6118965148925781 -16.645503997802734
v 4.7460193634033203 -5.8847427368164063 -17.856269836425781
v 4.7022256851196289 -5.328582763671875 -16.137371063232422
v 4.6625947952270508 -5.0181083679199219 -15.463526725769043
v 4.2911767959594727 -5.2317733764648438 -16.780941009521484
v 6.7251996994018555 -5.3051300048828125 -14.78898811340332
v 6.2120480537414551 -5.4562950134277344 -15.016522407531738
v 5.5378022193908691 -5.6072120666503906 -16.417182922363281
v 5.282834529876709 -5.25537109375 -14.546217918395996
v 5.4312047958374023 -5.3942184448242188 -14.960424423217773
v 5.9728164672851563 -5.4691009521484375 -14.659185409545898
v 5.0654425621032715 -5.015106201171875 -14.130613327026367
v 7.182044506072998 -5.3309059143066406 -13.318107604980469
v 6.5283999443054199 -5.4638252258300781 -12.920331954956055
v 6.1095318794250488 -5.4467735290527344 -13.11800479888916
v 5.7318158149719238 -5.2803726196289063 -12.823572158813477
v 5.3340921401977539 -5.0230941772460938 -12.82573127746582
v 4.7192211151123047 -4.6819229125976563 -14.50298023223877
v 4.9792695045471191 -4.6240081787109375 -12.807154655456543
v 7.6496486663818359 -4.93408203125 -13.714862823486328
v 4.696753978729248 9.54644775390625 -28.628753662109375
v 4.3070917129516602 10.485984802246094 -27.580850601196289
v 4.9246177673339844 9.9650039672851563 -27.593002319335938
v 5.1460409164428711 8.6669998168945313 -29.029682159423828
v 4.3991260528564453 9.12005615234375 -29.365041732788086
v 5.5689883232116699 8.9791946411132813 -27.958929061889648
v 5.8338761329650879 9.0976028442382813 -26.860403060913086
v 5.7756795883178711 9.3755340576171875 -26.060537338256836
v 6.7105050086975098 7.5044784545898438 -27.039590835571289
v 6.368201732635498 7.4753952026367188 -28.007440567016602
v 6.7519121170043945 7.8246307373046875 -26.473997116088867
v 7.6960229873657227 5.94549560546875 -25.913976669311523
v 7.026771068572998 6.5608444213867188 -27.245931625366211
v 7.9616951942443848 4.8022842407226563 -25.934087753295898
v 8.1880512237548828 5.7248611450195313 -24.920316696166992
v 7.9765410423278809 6.2983474731445313 -24.888881683349609
v 8.6484832763671875 4.109527587890625 -24.301345825195313
v 8.4854536056518555 4.9200286865234375 -24.589012145996094
v 7.5223636627197266 6.505645751953125 -25.904870986938477
v 8.5966806411743164 3.2345199584960938 -24.565649032592773
v 8.9006156921386719 2.9058837890625 -23.288259506225586
v 8.7759008407592773 1.94140625 -23.389629364013672
v 8.6484832763671875 4.109527587890625 -24.301345825195313
v 8.9959554672241211 1.6479644775390625 -21.961956024169922
v 8.7759008407592773 1.94140625 -23.389629364013672
v 8.8505163192749023 3.3301162719726563 -22.097816467285156
v 8.771148681640625 4.1358413696289063 -23.664255142211914
v 8.5723981857299805 4.8813247680664063 -24.067331314086914
v 8.9514532089233398 2.915069580078125 -22.599956512451172
v 9.027094841003418 2.0282363891601563 -21.139240264892578
v 9.0241918563842773 0.3735504150390625 -20.092803955078125
v 8.8635778427124023 -0.30999755859375 -20.193185806274414
v 8.8887147903442383 0.77288055419921875 -21.737489700317383
v 8.9179458618164063 -0.77497100830078125 -18.745773315429688
v 8.7089080810546875 -2.1017532348632813 -16.45738410949707
v 8.6522865295410156 -1.8722991943359375 -17.787164688110352
v 8.9825286865234375 -0.028839111328125 -18.71607780456543
v 8.688654899597168 3.494476318359375 -21.424276351928711
v 8.4877357482910156 4.6445541381835938 -22.473165512084961
v 8.8829936981201172 1.53582763671875 -19.704730987548828
v 8.826298713684082 -0.6551513671875 -17.416740417480469
v 8.4363460540771484 -2.3861846923828125 -14.667341232299805
v 8.6830110549926758 0.550048828125 -18.026988983154297
v 8.5168304443359375 3.5085525512695313 -20.817760467529297
v 8.4146022796630859 1.1906509399414063 -18.245857238769531
v 8.566523551940918 -1.1467971801757813 -16.125236511230469
v 8.1503372192382813 3.43902587890625 -20.140079498291016
v 8.4854536056518555 4.9200286865234375 -24.589012145996094
v 8.1880512237548828 5.7248611450195313 -24.920316696166992
v 8.5852031707763672 4.6558074951171875 -23.22688102722168
v 8.1716136932373047 5.8563766479492188 -24.012859344482422
v 8.2106637954711914 -3.4339218139648438 -13.336668014526367
v 8.3710117340087891 -3.1041793823242188 -14.321832656860352
v 8.5163202285766602 -2.7260360717773438 -15.294448852539063
v 7.6571588516235352 6.4538116455078125 -23.020011901855469
v 8.1279163360595703 5.159759521484375 -22.104732513427734
v 7.8413348197937012 6.1981124877929688 -23.344757080078125
v 5.6135401725769043 9.743408203125 -25.179803848266602
v 4.9720768928527832 10.196556091308594 -26.460746765136719
v 4.9679722785949707 10.309120178222656 -25.527639389038086
v 4.5012621879577637 10.470787048339844 -27.023597717285156
v 4.1489582061767578 10.740928649902344 -26.099252700805664
v 6.3595523834228516 8.678070068359375 -25.366754531860352
v 5.7756795883178711 9.3755340576171875 -26.060537338256836
v 6.1976470947265625 9.0653076171875 -24.7425537109375
v 7.9280619621276855 6.2456207275390625 -24.056751251220703
v 6.721311092376709 8.2293853759765625 -24.578157424926758
v 7.618553638458252 6.8597259521484375 -24.840129852294922
v 4.3070917129516602 10.485984802246094 -27.580850601196289
v 4.3070917129516602 10.485984802246094 -27.580850601196289
v 7.0368795394897461 7.6694488525390625 -25.717828750610352
v 5.8338761329650879 9.0976028442382813 -26.860403060913086
v 8.1716136932373047 5.8563766479492188 -24.012859344482422
v 7.9765410423278809 6.2983474731445313 -24.888881683349609
v 7.0164074897766113 7.7772369384765625 -23.907447814941406
v 4.3070917129516602 10.485984802246094 -27.580850601196289
v 3.2736241817474365 10.458625793457031 -27.621669769287109
v 3.4439828395843506 10.673713684082031 -26.83643913269043
v -0.97740715742111206 8.5345611572265625 -25.989284515380859
v 0.84251648187637329 9.7081375122070313 -26.533378601074219
v 0.48788398504257202 9.255584716796875 -26.733087539672852
v 2.2988338470458984 10.487747192382813 -26.466720581054688
v 3.2736241817474365 10.458625793457031 -27.621669769287109
v -2.6982386112213135 7.3559188842773438 -25.030483245849609
v -2.2136297225952148 7.3780441284179688 -25.788364410400391
v -3.9517345428466797 6.1013031005859375 -24.244396209716797
v -3.0346081256866455 6.7685775756835938 -25.221330642700195
v 4.1489582061767578 10.740928649902344 -26.099252700805664
v 0.85590463876724243 9.9211578369140625 -25.981073379516602
v -0.44983473420143127 9.1752471923828125 -25.565887451171875
v -2.0081570148468018 8.18511962890625 -24.46251106262207
v 2.9438233375549316 10.791519165039063 -25.609739303588867
v 1.9516280889511108 10.605842590332031 -25.458349227905273
v -3.8080642223358154 6.46441650390625 -23.837202072143555
v -2.8286607265472412 7.5438995361328125 -22.915580749511719
v 4.0097451210021973 10.759796142578125 -25.709880828857422
v 0.78576838970184326 10.145805358886719 -25.050212860107422
v -0.3311811089515686 9.5282745361328125 -24.568960189819336
v -1.4271798133850098 8.7586898803710938 -24.016839981079102
v -4.2081212997436523 6.0567474365234375 -23.059713363647461
v -4.2851128578186035 5.8999862670898438 -21.727792739868164
v -1.1406015157699585 8.1344757080078125 -26.27161979675293
v -8.2434148788452148 -2.7747268676757813 -18.342971801757813
v -9.0483884811401367 -5.7110061645507813 -15.806756973266602
v -9.013580322265625 -5.1104812622070313 -15.267988204956055
v -6.5457944869995117 1.9140243530273438 -20.507741928100586
v -7.4746146202087402 -0.32627105712890625 -19.385507583618164
v -6.8555417060852051 1.108001708984375 -18.818881988525391
v -5.6349544525146484 3.7727890014648438 -21.714382171630859
v -6.2327885627746582 2.411346435546875 -19.40589714050293
v -5.5073633193969727 3.8789138793945313 -20.344705581665039
v -4.8867311477661133 5.0686187744140625 -22.366607666015625
v -4.2851128578186035 5.8999862670898438 -21.727792739868164
v -4.2081212997436523 6.0567474365234375 -23.059713363647461
v -7.6411881446838379 -1.219879150390625 -20.243696212768555
v -6.0822086334228516 2.7354888916015625 -21.968965530395508
v -6.8229107856750488 0.91936492919921875 -21.691751480102539
v -4.7536568641662598 5.1852264404296875 -23.150835037231445
v -3.8080642223358154 6.46441650390625 -23.837202072143555
v -7.7050871849060059 -2.5309829711914063 -20.617639541625977
v -5.8007197380065918 2.6643447875976563 -23.406991958618164
v -4.9510059356689453 4.5958175659179688 -23.427402496337891
v -5.0627760887145996 4.00567626953125 -23.916860580444336
v -6.3077759742736816 1.2026519775390625 -23.372261047363281
v -3.7932722568511963 6.0349655151367188 -24.588588714599609
v -4.1524748802185059 5.1843795776367188 -24.789634704589844
v -3.0346081256866455 6.7685775756835938 -25.221330642700195
v -3.3704898357391357 6.1368560791015625 -25.295856475830078
v -4.707038402557373 4.1450119018554688 -24.934181213378906
v -5.361424446105957 2.8862228393554688 -24.578453063964844
v -6.4473762512207031 -0.313140869140625 -23.544109344482422
v -5.5191564559936523 2.058837890625 -24.777448654174805
v -5.4160580635070801 1.3354644775390625 -25.117698669433594
v -3.5716478824615479 5.722412109375 -25.629501342773438
v -4.6698460578918457 3.3725433349609375 -25.741003036499023
v -3.7608444690704346 5.0615768432617188 -26.20147705078125
v -3.8677842617034912 4.3549346923828125 -26.513471603393555
v -8.7645368576049805 -5.0227203369140625 -16.935625076293945
v -8.3637514114379883 -4.0904197692871094 -18.456050872802734
v -6.8645033836364746 -0.0601043701171875 -22.413755416870117
v -7.3445420265197754 -2.027618408203125 -21.607234954833984
v -8.3788232803344727 -2.9370040893554688 -16.312845230102539
v -7.7680988311767578 -1.1961593627929688 -17.315620422363281
v -4.2732434272766113 2.9371871948242188 -26.500179290771484
v -2.9042482376098633 6.3785018920898438 -26.150686264038086
v -0.68664336204528809 2.5553970336914063 -17.764440536499023
v -0.097107879817485809 1.5817642211914063 -17.519996643066406
v 1.2246525287628174 2.9729690551757813 -17.824676513671875
v 0.83526718616485596 4.8465347290039063 -18.765407562255859
v 1.1565847396850586 5.7820663452148438 -19.480276107788086
v -0.21905076503753662 5.4635162353515625 -19.440637588500977
v -1.0733866691589355 3.243560791015625 -18.057870864868164
v 0.41594317555427551 3.9586181640625 -18.268451690673828
v -2.0513172149658203 2.0203781127929688 -17.532770156860352
v -1.8790044784545898 0.9538726806640625 -17.182916641235352
v -1.8179618120193481 3.527191162109375 -18.329120635986328
v -0.43247887492179871 4.5775604248046875 -18.779241561889648
v 0.29740667343139648 6.4523696899414063 -20.297086715698242
v -0.74885231256484985 6.2732620239257813 -20.409557342529297
v -3.0243167877197266 1.016021728515625 -17.074090957641602
v -2.7129428386688232 0.22055816650390625 -16.820766448974609
v -3.3383414745330811 1.6538009643554688 -17.440561294555664
v -4.1676540374755859 -0.1590576171875 -16.472728729248047
v -2.6241757869720459 5.4213790893554688 -20.344703674316406
v -2.0300853252410889 4.57373046875 -19.248626708984375
v -4.8338041305541992 -0.0010986332781612873 -16.671388626098633
v -4.1358728408813477 3.9640884399414063 -19.690141677856445
v -2.4429244995117188 6.2961044311523438 -21.226169586181641
v -3.8051581382751465 2.4951171875 -18.193635940551758
v -5.8456850051879883 0.33335113525390625 -17.29365348815918
v -5.9640035629272461 -2.9617843627929688 -14.797397613525391
v -5.2346692085266113 -2.0448989868164063 -15.371713638305664
v -5.1396627426147461 2.5683441162109375 -18.912332534790039
v -6.2812891006469727 -1.203338623046875 -16.211889266967773
v -6.7276291847229004 -4.3798599243164063 -13.793115615844727
v -4.2851128578186035 5.8999862670898438 -21.727792739868164
v -6.6862549781799316 0.4884185791015625 -17.723220825195313
v -6.8936481475830078 -1.0596466064453125 -16.474929809570313
v -5.8909296989440918 2.6231231689453125 -19.309574127197266
v -2.8286607265472412 7.5438995361328125 -22.915580749511719
v -7.6191177368164063 -4.2393379211425781 -13.967930793762207
v -5.5073633193969727 3.8789138793945313 -20.344705581665039
v 0.97445344924926758 1.5518569946289063 -17.456718444824219
v -3.7651050090789795 -0.5808563232421875 -16.269527435302734
v 3.8220024108886719 10.028076171875 -24.804588317871094
v 3.0736269950866699 10.642265319824219 -25.217985153198242
v 1.3268551826477051 10.245643615722656 -24.826536178588867
v -1.3141452074050903 7.4835281372070313 -22.292137145996094
v -2.8286607265472412 7.5438995361328125 -22.915580749511719
v -2.4429244995117188 6.2961044311523438 -21.226169586181641
v 5.3562812805175781 9.2194900512695313 -24.336128234863281
v 4.5179433822631836 9.8391265869140625 -24.736593246459961
v 2.0392627716064453 9.4948196411132813 -24.144359588623047
v 2.6837272644042969 8.6583328247070313 -23.313053131103516
v 0.41773778200149536 8.9247055053710938 -23.590703964233398
v 0.23104873299598694 7.6686019897460938 -22.18946647644043
v 3.8827009201049805 7.88018798828125 -22.669942855834961
v 1.9424134492874146 7.6639175415039063 -22.120365142822266
v -0.99967849254608154 6.6806411743164063 -21.118490219116211
v 0.60492026805877686 6.8499908447265625 -20.963306427001953
v 5.3276205062866211 7.562957763671875 -22.74567985534668
v 6.3673624992370605 8.1195220947265625 -23.633565902709961
v 1.851385235786438 6.9491119384765625 -21.137811660766602
v 6.0628085136413574 6.573944091796875 -22.008855819702148
v 3.2942852973937988 6.8702011108398438 -21.320920944213867
v 4.7834053039550781 6.3628692626953125 -21.227579116821289
v 1.92198646068573 6.5500640869140625 -20.498931884765625
v 0.29740667343139648 6.4523696899414063 -20.297086715698242
v 1.4129446744918823 6.4462890625 -20.166078567504883
v 3.6069447994232178 6.0346603393554688 -20.28300666809082
v 2.4320549964904785 6.1600265502929688 -20.024984359741211
v 7.3137454986572266 6.5120468139648438 -22.55424690246582
v 6.7088408470153809 5.2200469970703125 -20.91253662109375
v 3.9413671493530273 10.529273986816406 -25.213254928588867
v 3.0736269950866699 10.642265319824219 -25.217985153198242
v -1.0494964122772217 8.960693359375 -23.855167388916016
v 0.23563659191131592 9.7596817016601563 -24.453344345092773
v 5.2326865196228027 5.5743865966796875 -20.499868392944336
v 6.3066496849060059 -2.34942626953125 -12.257054328918457
v 6.6210112571716309 -2.1744461059570313 -12.481639862060547
v 7.0500917434692383 -1.4047698974609375 -13.895262718200684
v 7.3054084777832031 -0.950408935546875 -14.63764476776123
v 6.4143385887145996 -1.0073013305664063 -14.277113914489746
v 7.6654453277587891 -0.1203460693359375 -15.879103660583496
v 7.5235681533813477 -0.48000335693359375 -15.355359077453613
v 8.1503372192382813 3.43902587890625 -20.140079498291016
v 7.3799610137939453 2.8991928100585938 -19.125406265258789
v 8.1298332214355469 1.6340408325195313 -18.226081848144531
v 7.3137454986572266 6.5120468139648438 -22.55424690246582
v 6.7088408470153809 5.2200469970703125 -20.91253662109375
v 6.9271621704101563 0.90856170654296875 -16.804315567016602
v 5.6956419944763184 -0.54144287109375 -14.705048561096191
v 6.2937288284301758 2.7483291625976563 -18.429868698120117
v 5.8145442008972168 -1.7780532836914063 -13.095548629760742
v 5.756657600402832 4.3287429809570313 -19.650020599365234
v 5.6910748481750488 1.1380081176757813 -16.576536178588867
v 5.0306262969970703 0.3223724365234375 -15.603459358215332
v 4.8131999969482422 3.0223464965820313 -18.115392684936523
v 4.2911338806152344 4.4214630126953125 -19.153842926025391
v 5.2326865196228027 5.5743865966796875 -20.499868392944336
v 4.000309944152832 2.8435440063476563 -17.761344909667969
v 3.926520824432373 0.79839324951171875 -16.110420227050781
v 3.603534460067749 2.221038818359375 -17.23370361328125
v 2.8368258476257324 1.954803466796875 -17.131855010986328
v 3.0564863681793213 4.3599319458007813 -18.773490905761719
v 2.4320549964904785 6.1600265502929688 -20.024984359741211
v 3.6069447994232178 6.0346603393554688 -20.28300666809082
v 2.8076295852661133 0.86849212646484375 -16.496644973754883
v 3.3430013656616211 0.40589141845703125 -15.949469566345215
v 2.0246047973632813 1.194122314453125 -17.015216827392578
v 2.5204916000366211 3.3990325927734375 -18.012931823730469
v 1.8141169548034668 2.5547332763671875 -17.614877700805664
v 1.593462347984314 4.5452117919921875 -18.652379989624023
v 1.2246525287628174 2.9729690551757813 -17.824676513671875
v 0.97445344924926758 1.5518569946289063 -17.456718444824219
v 0.41594317555427551 3.9586181640625 -18.268451690673828
v 1.1565847396850586 5.7820663452148438 -19.480276107788086
v 5.1997828483581543 -1.556640625 -13.486614227294922
v 1.4129446744918823 6.4462890625 -20.166078567504883
v 0.83526718616485596 4.8465347290039063 -18.765407562255859
v 6.8621320724487305 -4.9547004699707031 -15.913083076477051
v 7.6496486663818359 -4.93408203125 -13.714862823486328
v 6.7251996994018555 -5.3051300048828125 -14.78898811340332
v 7.7966804504394531 -4.4480056762695313 -14.682351112365723
v 6.1739482879638672 -5.0959892272949219 -17.842113494873047
v 5.7529697418212891 -5.4416046142578125 -17.404348373413086
v 5.1500344276428223 -5.7374420166015625 -18.417177200317383
v 6.2920503616333008 -4.7669601440429688 -19.01606559753418
v 5.654942512512207 -5.3743934631347656 -19.023603439331055
v 7.9729099273681641 -3.9892730712890625 -15.401373863220215
v 6.9697108268737793 -4.446380615234375 -17.494314193725586
v 8.2101554870605469 -3.3048629760742188 -16.421241760253906
v 4.8579521179199219 -6.0200653076171875 -19.185695648193359
v 5.1241660118103027 -5.8273735046386719 -20.642555236816406
v 7.0061798095703125 -3.8034515380859375 -19.513792037963867
v 7.7971029281616211 -2.4372482299804688 -19.970779418945313
v 8.5881547927856445 -1.6838302612304688 -18.692873001098633
v 8.0073337554931641 -1.3546524047851563 -21.388263702392578
v 6.0238852500915527 -4.6896553039550781 -20.887857437133789
v 6.7281484603881836 -3.399444580078125 -21.860748291015625
v 6.3449616432189941 -3.4921493530273438 -23.082836151123047
v 5.5776195526123047 -5.0253753662109375 -21.998477935791016
v 8.3027715682983398 -0.11991119384765625 -22.398159027099609
v 8.8635778427124023 -0.30999755859375 -20.193185806274414
v 8.8887147903442383 0.77288055419921875 -21.737489700317383
v 6.8323507308959961 -1.9405441284179688 -24.368850708007813
v 7.2726221084594727 -1.9548797607421875 -22.998302459716797
v 7.6494908332824707 -0.33758544921875 -24.170345306396484
v 8.7759008407592773 1.94140625 -23.389629364013672
v 8.0039634704589844 1.5825042724609375 -24.99969482421875
v 7.2982978820800781 0.0076141352765262127 -25.280740737915039
v 8.5966806411743164 3.2345199584960938 -24.565649032592773
v 4.7460193634033203 -5.8847427368164063 -17.856269836425781
v 4.1732645034790039 -6.2336692810058594 -18.341665267944336
v -3.9652209281921387 -7.0049247741699219 -17.387662887573242
v -3.3210134506225586 -7.3472175598144531 -17.796457290649414
v -3.0737793445587158 -5.8657455444335938 -18.286272048950195
v -4.2138266563415527 -4.4408531188964844 -16.702188491821289
v -4.7205796241760254 -5.21600341796875 -15.856906890869141
v -4.966285228729248 -6.4978713989257813 -15.965028762817383
v -4.5437707901000977 -6.6635055541992188 -16.779806137084961
v -3.3610901832580566 -4.8733558654785156 -18.083551406860352
v -5.3003463745117188 -6.2880783081054688 -14.561431884765625
v -4.4446959495544434 -3.4504165649414063 -15.60074520111084
v -2.1838531494140625 -5.8817901611328125 -19.002649307250977
v -3.3863167762756348 -2.7775192260742188 -17.454124450683594
v -3.4601409435272217 -3.8882980346679688 -17.795312881469727
v -2.4668915271759033 -4.5953788757324219 -18.939188003540039
v -1.6332739591598511 -5.0752410888671875 -19.60236930847168
v -2.3918111324310303 -3.42181396484375 -18.91490364074707
v -3.6330170631408691 -1.2114028930664063 -16.239782333374023
v -4.0150070190429688 -2.2661666870117188 -16.015081405639648
v -2.761965274810791 -2.5457534790039063 -18.235284805297852
v -2.8270819187164307 -1.40728759765625 -17.561286926269531
v -3.0486745834350586 -0.30304718017578125 -16.649978637695313
v -1.7247198820114136 -4.0184669494628906 -19.539768218994141
v -2.1193141937255859 -1.3853912353515625 -18.376861572265625
v -1.6262755393981934 -2.4848556518554688 -19.335809707641602
v -1.1495012044906616 -3.1661529541015625 -19.800155639648438
v -1.9391920566558838 0.6080322265625 -17.313814163208008
v -1.2770248651504517 -0.87035369873046875 -18.737205505371094
v -1.2337534427642822 -4.38092041015625 -19.908939361572266
v -0.74116426706314087 -3.5605239868164063 -20.05064582824707
v -1.1170454025268555 1.3057708740234375 -17.402801513671875
v -0.63872462511062622 0.11556243896484375 -18.382732391357422
v -0.29852595925331116 -2.02099609375 -19.761445999145508
v -0.73495990037918091 -1.7037582397460938 -19.488071441650391
v -0.097107879817485809 1.5817642211914063 -17.519996643066406
v -0.36109602451324463 -0.87285614013671875 -19.139379501342773
v 0.38468536734580994 -0.9765167236328125 -19.259513854980469
v 0.21765133738517761 -0.12831878662109375 -18.703453063964844
v 4.7209177017211914 -3.9489364624023438 -12.936654090881348
v 4.2249622344970703 -3.5511703491210938 -14.799535751342773
v 4.9792695045471191 -4.6240081787109375 -12.807154655456543
v 3.6517269611358643 -1.157745361328125 -15.164480209350586
v 3.6969382762908936 -2.4110183715820313 -15.79401969909668
v 3.274207592010498 -0.43895721435546875 -15.851253509521484
v 2.759568452835083 0.13649749755859375 -16.697750091552734
v 3.1441817283630371 -2.1961593627929688 -17.114309310913086
v 2.5540957450866699 -1.408782958984375 -17.832677841186523
v 1.9813811779022217 -0.36431121826171875 -18.00617790222168
v 2.2589247226715088 0.72470855712890625 -17.001951217651367
v 1.4841996431350708 1.1838912963867188 -17.429767608642578
v 0.97445344924926758 1.5518569946289063 -17.456718444824219
v 0.9316946268081665 -0.23274993896484375 -18.633243560791016
v 1.4531748294830322 -0.423065185546875 -18.485904693603516
v 3.8623621463775635 -3.6432113647460938 -16.167448043823242
v 1.9347453117370605 -1.5030975341796875 -18.671281814575195
v 3.5378036499023438 -3.6509552001953125 -17.02116584777832
v 1.1521601676940918 -1.345703125 -19.168617248535156
v 4.6625947952270508 -5.0181083679199219 -15.463526725769043
v 4.2911767959594727 -5.2317733764648438 -16.780941009521484
v 2.7125370502471924 -3.26025390625 -18.296369552612305
v 2.2230644226074219 -2.737823486328125 -18.782907485961914
v 3.1895503997802734 -3.9693756103515625 -17.865043640136719
v 1.4694564342498779 -2.6223831176757813 -19.451705932617188
v 2.1429476737976074 -3.5713043212890625 -19.048795700073242
v 1.0282154083251953 -3.1373367309570313 -19.804031372070313
v 0.64006692171096802 -2.0278244018554688 -19.643192291259766
v 0.36047053337097168 -3.4188079833984375 -20.049551010131836
v -0.29852595925331116 -2.02099609375 -19.761445999145508
v 3.984874963760376 -5.6768150329589844 -17.651294708251953
v 2.9509434700012207 -4.3705329895019531 -18.336328506469727
v 2.7423925399780273 -4.7941093444824219 -18.628026962280273
v 2.1087162494659424 -4.232025146484375 -19.129915237426758
v 1.5601828098297119 -3.952178955078125 -19.561080932617188
v 3.6795134544372559 -5.9258460998535156 -18.073879241943359
v 4.7192211151123047 -4.6819229125976563 -14.50298023223877
v 4.1831417083740234 -2.4147796630859375 -14.064353942871094
v 0.97592532634735107 -4.0692672729492188 -19.871515274047852
v 2.259979248046875 -5.3620681762695313 -18.874073028564453
v 2.1087162494659424 -4.232025146484375 -19.129915237426758
v 1.320096492767334 -4.8495559692382813 -19.522121429443359
v 1.5601828098297119 -3.952178955078125 -19.561080932617188
v -0.262054443359375 -4.1104507446289063 -20.11546516418457
v 0.36047053337097168 -3.4188079833984375 -20.049551010131836
v -0.74116426706314087 -3.5605239868164063 -20.05064582824707
v 0.97592532634735107 -4.0692672729492188 -19.871515274047852
v 0.3701263964176178 -4.8651466369628906 -19.952569961547852
v 1.7854491472244263 -6.2517662048339844 -18.866823196411133
v 3.0626258850097656 -6.5390968322753906 -18.364696502685547
v 0.95344960689544678 -5.6399917602539063 -19.429168701171875
v 1.0857225656509399 -7.2030830383300781 -18.64898681640625
v 0.32605826854705811 -6.5757713317871094 -19.193914413452148
v -0.33099901676177979 -5.6992874145507813 -19.718357086181641
v -0.7138742208480835 -4.9180755615234375 -19.956298828125
v -1.2337534427642822 -4.38092041015625 -19.908939361572266
v -1.6332739591598511 -5.0752410888671875 -19.60236930847168
v -1.1675995588302612 -6.0658683776855469 -19.426416397094727
v -0.44961601495742798 -6.8303985595703125 -19.127851486206055
v 0.60378110408782959 -8.3780746459960938 -18.054294586181641
v 1.3264269828796387 -8.9384613037109375 -17.609615325927734
v 1.8970998525619507 -8.2750930786132813 -17.951728820800781
v -2.1838531494140625 -5.8817901611328125 -19.002649307250977
v -0.20234853029251099 -8.3431358337402344 -18.189170837402344
v -1.045843243598938 -8.155487060546875 -18.312833786010742
v 0.029657943174242973 -9.5352401733398438 -17.357994079589844
v 0.52698254585266113 -10.424777984619141 -16.631174087524414
v -1.6901822090148926 -7.0731964111328125 -18.749950408935547
v -2.7512564659118652 -7.7941131591796875 -17.984325408935547
v -1.4836608171463013 -9.1182594299316406 -17.739065170288086
v -2.2162203788757324 -8.3691825866699219 -17.972196578979492
v 0.0095036784186959267 -10.84490966796875 -16.467994689941406
v -0.72807198762893677 -9.8887710571289063 -17.240888595581055
v 2.7423925399780273 -4.7941093444824219 -18.628026962280273
v 2.4046463966369629 -7.3264808654785156 -18.310323715209961
v 4.9679722785949707 10.309120178222656 -25.527639389038086
v 4.5179433822631836 9.8391265869140625 -24.736593246459961
v 5.3562812805175781 9.2194900512695313 -24.336128234863281
v 7.3137454986572266 6.5120468139648438 -22.55424690246582
v 8.1279163360595703 5.159759521484375 -22.104732513427734
v 7.6571588516235352 6.4538116455078125 -23.020011901855469
v 6.3673624992370605 8.1195220947265625 -23.633565902709961
v 6.1976470947265625 9.0653076171875 -24.7425537109375
v 4.0097451210021973 10.759796142578125 -25.709880828857422
v 5.6135401725769043 9.743408203125 -25.179803848266602
v 4.3991260528564453 9.12005615234375 -29.365041732788086
v 5.1460409164428711 8.6669998168945313 -29.029682159423828
v 4.8463931083679199 8.3597412109375 -29.368488311767578
v 6.774294376373291 6.3709335327148438 -27.639106750488281
v 5.8115859031677246 7.6159591674804688 -28.676841735839844
v 6.368201732635498 7.4753952026367188 -28.007440567016602
v 4.0090160369873047 8.656463623046875 -29.701330184936523
v 5.7622008323669434 8.1582794189453125 -28.577049255371094
v 3.9194965362548828 10.256584167480469 -28.154922485351563
v 4.3070917129516602 10.485984802246094 -27.580850601196289
v 4.0565004348754883 9.7568893432617188 -28.897737503051758
v 4.3991260528564453 9.12005615234375 -29.365041732788086
v 3.4033205509185791 8.9766387939453125 -29.710960388183594
v -7.0827412605285645 -5.69512939453125 -13.286248207092285
v -6.4909539222717285 -5.1087760925292969 -13.441455841064453
v -7.1712837219238281 -4.9816780090332031 -13.419930458068848
v -7.0827412605285645 -5.69512939453125 -13.286248207092285
v -7.4454083442687988 -5.0743827819824219 -13.419930458068848
v -8.1492166519165039 -4.8809356689453125 -13.803104400634766
v -7.82177734375 -5.5887069702148438 -13.419479370117188
v -7.0827412605285645 -5.69512939453125 -13.286248207092285
v -8.3779001235961914 -5.344635009765625 -13.803104400634766
v -8.8313236236572266 -5.1443634033203125 -14.452495574951172
v -9.013580322265625 -5.1104812622070313 -15.267988204956055
v -9.0587072372436523 -5.9403533935546875 -15.098031997680664
v -8.854832649230957 -5.9150543212890625 -14.385512351989746
v -8.4142732620239258 -5.8603782653808594 -13.803104400634766
v -8.8019523620605469 -6.6995658874511719 -15.098031997680664
v -8.6245698928833008 -6.5959281921386719 -14.385512351989746
v -8.0688743591308594 -6.5873374938964844 -13.775513648986816
v -7.662208080291748 -6.1836967468261719 -13.422599792480469
v -7.0827412605285645 -5.69512939453125 -13.286248207092285
v -8.7732820510864258 -6.5429000854492188 -15.974513053894043
v -8.2900266647338867 -7.1337165832519531 -16.060068130493164
v -8.2909917831420898 -7.2777557373046875 -15.098031997680664
v -8.1663274765014648 -7.1144676208496094 -14.385512351989746
v -7.5439410209655762 -7.5334434509277344 -15.878451347351074
v -7.602869987487793 -7.6171188354492188 -15.098031997680664
v -7.5492043495178223 -7.4188156127929688 -14.385512351989746
v -7.4332370758056641 -6.9902877807617188 -13.803104400634766
v -7.0827412605285645 -5.69512939453125 -13.286248207092285
v -7.0335474014282227 -6.4147300720214844 -13.415401458740234
v -6.8049392700195313 -7.6721839904785156 -15.111293792724609
v -6.862818717956543 -7.4672203063964844 -14.385512351989746
v -6.9174938201904297 -7.0266609191894531 -13.803104400634766
v -6.1124320030212402 -7.2907257080078125 -14.538125991821289
v -6.2118034362792969 -6.7418861389160156 -13.797216415405273
v -6.5608220100402832 -6.2453346252441406 -13.42677116394043
v -7.0827412605285645 -5.69512939453125 -13.286248207092285
v -5.6309504508972168 -6.8281440734863281 -14.48021411895752
v -5.3003463745117188 -6.2880783081054688 -14.561431884765625
v -5.7875823974609375 -6.0456275939941406 -13.803104400634766
v -7.0827412605285645 -5.69512939453125 -13.286248207092285
v -6.3887767791748047 -5.8829307556152344 -13.419930458068848
v -5.7492871284484863 -5.4885902404785156 -13.791618347167969
v -7.0827412605285645 -5.69512939453125 -13.286248207092285
v -6.4909539222717285 -5.1087760925292969 -13.441455841064453
v -8.4280176162719727 -4.550048828125 -14.32624340057373
v -9.0483884811401367 -5.7110061645507813 -15.806756973266602
v -7.6191177368164063 -4.2393379211425781 -13.967930793762207
v -6.7276291847229004 -4.3798599243164063 -13.793115615844727
v -7.5218849182128906 -7.1957511901855469 -16.631366729736328
v -6.9299483299255371 -7.6337928771972656 -15.772674560546875
v 0.167588010430336 -12.074325561523438 -16.482866287231445
v -0.26257699728012085 -12.343292236328125 -16.854789733886719
v 0.36778002977371216 -12.595233917236328 -16.889503479003906
v 0.35810324549674988 -11.623870849609375 -16.311994552612305
v 0.81622439622879028 -12.034751892089844 -16.460123062133789
v 1.1943764686584473 -11.284095764160156 -16.47088623046875
v 0.65708363056182861 -12.717594146728516 -17.104530334472656
v 1.2240314483642578 -12.260696411132813 -16.791101455688477
v 1.5442298650741577 -11.487720489501953 -16.758171081542969
v -0.15038517117500305 -12.763607025146484 -17.376367568969727
v 0.41608157753944397 -12.909095764160156 -17.681129455566406
v 0.84855645895004272 -12.836074829101563 -17.544307708740234
v 1.471494197845459 -12.389450073242188 -17.249845504760742
v 1.8738464117050171 -11.651359558105469 -17.352001190185547
v 0.35794723033905029 -12.882450103759766 -18.002494812011719
v -0.15038517117500305 -12.763607025146484 -17.376367568969727
v 0.84249031543731689 -12.796009063720703 -18.179510116577148
v 1.3735166788101196 -12.584362030029297 -17.792219161987305
v 0.13682352006435394 -12.817184448242188 -18.275228500366211
v -0.15038517117500305 -12.763607025146484 -17.376367568969727
v 0.74853676557540894 -12.677490234375 -18.545375823974609
v -0.36642405390739441 -12.582260131835938 -18.247417449951172
v -0.15038517117500305 -12.763607025146484 -17.376367568969727
v -0.61352401971817017 -12.501388549804688 -17.93321418762207
v -0.15038517117500305 -12.763607025146484 -17.376367568969727
v -0.5629388689994812 -12.5206298828125 -17.574634552001953
v -0.15038517117500305 -12.763607025146484 -17.376367568969727
v -0.65389257669448853 -12.198665618896484 -17.111412048339844
v -0.15038517117500305 -12.763607025146484 -17.376367568969727
v -0.26257699728012085 -12.343292236328125 -16.854789733886719
v -0.28839442133903503 -11.8814697265625 -16.580076217651367
v 0.167588010430336 -12.074325561523438 -16.482866287231445
v 0.35810324549674988 -11.623870849609375 -16.311994552612305
v 0.0095036784186959267 -10.84490966796875 -16.467994689941406
v -0.19316621124744415 -11.27337646484375 -16.42919921875
v 1.2818889617919922 -12.528148651123047 -18.353725433349609
v -0.70157063007354736 -11.491233825683594 -16.815500259399414
v 0.52698254585266113 -10.424777984619141 -16.631174087524414
v 0.74709469079971313 -11.064945220947266 -16.338029861450195
v 7.6047768592834473 -3.2726516723632813 -12.118794441223145
v 7.7838559150695801 -4.0252494812011719 -12.22651195526123
v 7.9117841720581055 -3.1312332153320313 -12.546796798706055
v 6.9901924133300781 -3.2906036376953125 -11.743257522583008
v 7.1394352912902832 -3.762847900390625 -11.745673179626465
v 6.4215207099914551 -3.7288589477539063 -11.594345092773438
v 7.8840832710266113 -2.74017333984375 -13.189098358154297
v 7.192084789276123 -2.1063079833984375 -13.317049980163574
v 7.4575934410095215 -2.5055313110351563 -12.611435890197754
v 7.8278512954711914 -2.6704635620117188 -13.587845802307129
v 7.1723227500915527 -2.6916427612304688 -12.14111328125
v 6.6210112571716309 -2.1744461059570313 -12.481639862060547
v 6.4993748664855957 -2.752166748046875 -11.870798110961914
v 6.190709114074707 -3.0699920654296875 -11.717466354370117
v 6.4215207099914551 -3.7288589477539063 -11.594345092773438
v 6.3066496849060059 -2.34942626953125 -12.257054328918457
v 5.8537173271179199 -2.5782928466796875 -12.159252166748047
v 6.4215207099914551 -3.7288589477539063 -11.594345092773438
v 5.7676453590393066 -3.5088272094726563 -11.730403900146484
v 5.3141202926635742 -2.9623870849609375 -12.202404022216797
v 5.1493306159973145 -3.3635482788085938 -12.18527889251709
v 5.1671276092529297 -3.8845367431640625 -12.13407039642334
v 5.7395405769348145 -3.8134994506835938 -11.734922409057617
v 6.4215207099914551 -3.7288589477539063 -11.594345092773438
v 5.3301219940185547 -4.3665008544921875 -12.13407039642334
v 6.4215207099914551 -3.7288589477539063 -11.594345092773438
v 6.0629596710205078 -4.3479690551757813 -11.726831436157227
v 4.9792695045471191 -4.6240081787109375 -12.807154655456543
v 5.3340921401977539 -5.0230941772460938 -12.82573127746582
v 5.8419084548950195 -4.9018707275390625 -12.148249626159668
v 5.7318158149719238 -5.2803726196289063 -12.823572158813477
v 6.5771951675415039 -4.9832534790039063 -12.13407039642334
v 6.5283999443054199 -5.4638252258300781 -12.920331954956055
v 6.4215207099914551 -3.7288589477539063 -11.594345092773438
v 6.7295417785644531 -4.3458747863769531 -11.730416297912598
v 7.3436617851257324 -5.0928115844726563 -12.707469940185547
v 7.2166438102722168 -4.7169685363769531 -12.114002227783203
v 7.182044506072998 -5.3309059143066406 -13.318107604980469
v 7.8429617881774902 -4.7184181213378906 -12.917055130004883
v 7.6496486663818359 -4.93408203125 -13.714862823486328
v 8.0666217803955078 -4.3848915100097656 -13.469278335571289
v 6.4215207099914551 -3.7288589477539063 -11.594345092773438
v 6.9677443504333496 -4.1458740234375 -11.734922409057617
v 8.1082534790039063 -3.9819793701171875 -12.872618675231934
v 7.7838559150695801 -4.0252494812011719 -12.22651195526123
v 6.4215207099914551 -3.7288589477539063 -11.594345092773438
v 7.1394352912902832 -3.762847900390625 -11.745673179626465
v 8.0129756927490234 -4.0127449035644531 -14.06942081451416
v 8.2106637954711914 -3.4339218139648438 -13.336668014526367
v 7.9117841720581055 -3.1312332153320313 -12.546796798706055
v 8.2106637954711914 -3.4339218139648438 -13.336668014526367
v 4.8042502403259277 -3.6243057250976563 -12.671328544616699
v 4.7209177017211914 -3.9489364624023438 -12.936654090881348
v 8.0129756927490234 -4.0127449035644531 -14.06942081451416
v 7.7966804504394531 -4.4480056762695313 -14.682351112365723
v 8.2106637954711914 -3.4339218139648438 -13.336668014526367
v 8.7089080810546875 -2.1017532348632813 -16.45738410949707
v 8.5163202285766602 -2.7260360717773438 -15.294448852539063
v 8.2101554870605469 -3.3048629760742188 -16.421241760253906
v 7.9729099273681641 -3.9892730712890625 -15.401373863220215
v 8.3710117340087891 -3.1041793823242188 -14.321832656860352
v 8.5881547927856445 -1.6838302612304688 -18.692873001098633
v 8.9179458618164063 -0.77497100830078125 -18.745773315429688
v 8.6522865295410156 -1.8722991943359375 -17.787164688110352
v 7.6496486663818359 -4.93408203125 -13.714862823486328
v 8.4899187088012695 -1.6128311157226563 -15.540650367736816
v 8.566523551940918 -1.1467971801757813 -16.125236511230469
v 7.5235681533813477 -0.48000335693359375 -15.355359077453613
v 8.4363460540771484 -2.3861846923828125 -14.667341232299805
v 7.3054084777832031 -0.950408935546875 -14.63764476776123
v 7.0500917434692383 -1.4047698974609375 -13.895262718200684
v 7.8278512954711914 -2.6704635620117188 -13.587845802307129
v 7.192084789276123 -2.1063079833984375 -13.317049980163574
v 8.4146022796630859 1.1906509399414063 -18.245857238769531
v 8.1503372192382813 3.43902587890625 -20.140079498291016
v 8.1298332214355469 1.6340408325195313 -18.226081848144531
v 8.6830110549926758 0.550048828125 -18.026988983154297
v 7.6654453277587891 -0.1203460693359375 -15.879103660583496
v 6.6210112571716309 -2.1744461059570313 -12.481639862060547
v 0.55660122632980347 -8.3379592895507813 -23.932163238525391
v 0.45693293213844299 -7.0914573669433594 -25.092182159423828
v 0.74217569828033447 -7.5925445556640625 -24.425037384033203
v 0.14965592324733734 -8.4303436279296875 -23.966293334960938
v 0.2500857412815094 -5.7741928100585938 -26.272113800048828
v 0.063086368143558502 -5.7550315856933594 -26.264595031738281
v -0.22671282291412354 -7.4767837524414063 -24.761539459228516
v 0.66953366994857788 -10.295345306396484 -21.774477005004883
v 0.86638063192367554 -8.8880767822265625 -23.10638427734375
v 1.0828107595443726 -10.165580749511719 -21.503767013549805
v 1.0197488069534302 -8.5354385375976563 -23.246225357055664
v 0.29287633299827576 -10.713161468505859 -21.389286041259766
v -0.37577959895133972 -9.5911293029785156 -22.568775177001953
v -0.17742772400379181 -10.683628082275391 -21.346609115600586
v -0.59855556488037109 -11.272300720214844 -20.160282135009766
v 0.91733312606811523 -11.654632568359375 -19.922336578369141
v 1.2958263158798218 -9.5595130920410156 -21.783542633056641
v 1.3785734176635742 -11.551036834716797 -19.504476547241211
v 0.33053883910179138 -11.955425262451172 -19.7239990234375
v 1.7585676908493042 -12.169761657714844 -17.998584747314453
v 1.6238062381744385 -10.775993347167969 -19.862836837768555
v 1.2818889617919922 -12.528148651123047 -18.353725433349609
v 0.74853676557540894 -12.677490234375 -18.545375823974609
v 0.13682352006435394 -12.817184448242188 -18.275228500366211
v -0.17823730409145355 -11.918815612792969 -19.602622985839844
v -0.36642405390739441 -12.582260131835938 -18.247417449951172
v -0.61352401971817017 -12.501388549804688 -17.93321418762207
v -3.8677842617034912 4.3549346923828125 -26.513471603393555
v -3.7608444690704346 5.0615768432617188 -26.20147705078125
v -2.8097610473632813 5.0534286499023438 -27.406147003173828
v -2.15826416015625 6.3888015747070313 -27.240995407104492
v -2.9042482376098633 6.3785018920898438 -26.150686264038086
v -1.6040860414505005 7.4699172973632813 -26.769804000854492
v -0.32594943046569824 7.8880767822265625 -27.994060516357422
v 0.24020272493362427 8.8736190795898438 -27.305120468139648
v 0.48788398504257202 9.255584716796875 -26.733087539672852
v 1.3155360221862793 9.6264572143554688 -27.33915901184082
v 1.6956592798233032 9.4595108032226563 -28.141511917114258
v 1.9882575273513794 8.5513916015625 -29.543390274047852
v 0.38246384263038635 7.5112075805664063 -29.123754501342773
v 1.1485337018966675 8.65509033203125 -28.715967178344727
v 1.9588170051574707 10.145233154296875 -26.931667327880859
v 2.5649721622467041 10.075004577636719 -27.907176971435547
v 2.3542940616607666 9.265167236328125 -28.946035385131836
v 3.182497501373291 9.67584228515625 -28.889719009399414
v 3.2736241817474365 10.458625793457031 -27.621669769287109
v 3.9194965362548828 10.256584167480469 -28.154922485351563
v 4.0565004348754883 9.7568893432617188 -28.897737503051758
v -3.406397819519043 4.0775985717773438 -27.185886383056641
v -1.9378731250762939 5.9894256591796875 -27.809398651123047
v -1.1406015157699585 8.1344757080078125 -26.27161979675293
v 7.9938168525695801 3.2671585083007813 -25.580482482910156
v 8.5966806411743164 3.2345199584960938 -24.565649032592773
v 8.0039634704589844 1.5825042724609375 -24.99969482421875
v 7.9616951942443848 4.8022842407226563 -25.934087753295898
v 6.8736076354980469 1.7642440795898438 -26.473056793212891
v 7.6757659912109375 1.9273910522460938 -25.616786956787109
v 7.2982978820800781 0.0076141352765262127 -25.280740737915039
v 7.2062888145446777 3.81689453125 -26.71574592590332
v 6.6335253715515137 -1.415191650390625 -25.165094375610352
v 5.368344783782959 -2.11383056640625 -25.929340362548828
v 4.602287769317627 -0.968017578125 -27.368907928466797
v 6.1145744323730469 -0.12284088134765625 -26.400335311889648
v 5.7039856910705566 1.541778564453125 -27.49555778503418
v 6.774294376373291 6.3709335327148438 -27.639106750488281
v 6.0611615180969238 3.9437942504882813 -27.887651443481445
v 4.7146773338317871 2.9896774291992188 -28.709571838378906
v 4.3714032173156738 0.9678955078125 -28.335071563720703
v 5.5899267196655273 5.3796234130859375 -28.571578979492188
v 4.6049609184265137 1.9575042724609375 -28.482294082641602
v 5.8115859031677246 7.6159591674804688 -28.676841735839844
v 4.5758614540100098 4.46728515625 -29.10594367980957
v 4.0335602760314941 6.1049041748046875 -29.613489151000977
v 4.7748322486877441 6.5884475708007813 -29.285566329956055
v 4.8463931083679199 8.3597412109375 -29.368488311767578
v 3.3097033500671387 7.1123428344726563 -29.845256805419922
v 4.0090160369873047 8.656463623046875 -29.701330184936523
v 7.026771068572998 6.5608444213867188 -27.245931625366211
v 6.0587320327758789 -2.8714447021484375 -24.569784164428711
v 3.867739200592041 -0.24225616455078125 -28.265060424804688
v 1.7585676908493042 -12.169761657714844 -17.998584747314453
v 1.6238062381744385 -10.775993347167969 -19.862836837768555
v 2.0297813415527344 -11.262332916259766 -18.301128387451172
v 1.5615464448928833 -6.1110267639160156 -25.319644927978516
v 0.74217569828033447 -7.5925445556640625 -24.425037384033203
v 0.45693293213844299 -7.0914573669433594 -25.092182159423828
v 1.6069926023483276 -4.3743400573730469 -26.784446716308594
v 0.2500857412815094 -5.7741928100585938 -26.272113800048828
v 1.5594843626022339 -3.1734848022460938 -27.686883926391602
v 0.25245603919029236 -4.2650604248046875 -27.336479187011719
v 1.0197488069534302 -8.5354385375976563 -23.246225357055664
v 1.9749914407730103 -9.7310371398925781 -20.542413711547852
v 2.266587495803833 -10.507076263427734 -18.520938873291016
v 2.4850413799285889 -7.8888359069824219 -22.305158615112305
v 2.7268345355987549 -8.307403564453125 -21.143096923828125
v 2.8397219181060791 -5.5909996032714844 -24.804691314697266
v 2.1601967811584473 -2.0501480102539063 -28.159774780273438
v 2.7724597454071045 -2.9451446533203125 -27.231805801391602
v 3.1358120441436768 -1.2013702392578125 -28.193063735961914
v 2.5599465370178223 -4.4536705017089844 -26.135015487670898
v 2.3544051647186279 -7.2253990173339844 -23.376708984375
v 3.4451165199279785 -6.5969467163085938 -22.755945205688477
v 4.0326027870178223 -2.116912841796875 -26.999488830566406
v 4.0453987121582031 -3.6055374145507813 -25.756340026855469
v 3.5142977237701416 -7.4959602355957031 -20.382081985473633
v 2.603811502456665 -8.9153213500976563 -20.282400131225586
v 3.6334152221679688 -7.0716094970703125 -21.425043106079102
v 5.368344783782959 -2.11383056640625 -25.929340362548828
v 4.602287769317627 -0.968017578125 -27.368907928466797
v 4.0133175849914551 -5.0736923217773438 -24.171285629272461
v 4.8615016937255859 -5.0013847351074219 -23.190114974975586
v 6.0587320327758789 -2.8714447021484375 -24.569784164428711
v 4.5156974792480469 -6.0066795349121094 -21.895349502563477
v 3.9743523597717285 -6.8503761291503906 -19.403079986572266
v 3.3957850933074951 -7.7198219299316406 -19.561079025268555
v 4.3642406463623047 -6.5126419067382813 -20.618663787841797
v 3.672889232635498 -7.015869140625 -18.824993133544922
v 5.9377121925354004 -3.8516082763671875 -23.466987609863281
v 5.1241660118103027 -5.8273735046386719 -20.642555236816406
v 5.5776195526123047 -5.0253753662109375 -21.998477935791016
v 0.44595682621002197 -2.8293914794921875 -28.158161163330078
v 1.1511185169219971 -2.5996475219726563 -28.162445068359375
v 2.7872111797332764 -8.9277534484863281 -18.598386764526367
v 2.8472895622253418 -8.7658042907714844 -19.545711517333984
v 3.2166645526885986 -7.9059295654296875 -18.815828323364258
v 4.8579521179199219 -6.0200653076171875 -19.185695648193359
v 4.3883490562438965 -6.5286750793457031 -19.741342544555664
v 4.1732645034790039 -6.2336692810058594 -18.341665267944336
v -3.7734816074371338 -7.152252197265625 -21.840879440307617
v -4.1457605361938477 -7.6546058654785156 -20.539989471435547
v -4.1924705505371094 -6.7881240844726563 -21.548812866210938
v -3.9643082618713379 -5.7825393676757813 -23.066144943237305
v -3.9708046913146973 -4.0973968505859375 -24.628389358520508
v -4.3969836235046387 -2.9286880493164063 -25.113948822021484
v -3.6746270656585693 -3.8841171264648438 -25.109165191650391
v -3.4499557018280029 -6.1772613525390625 -23.282661437988281
v -3.8646626472473145 -2.3564910888671875 -25.980667114257813
v -2.7714407444000244 -9.6602401733398438 -18.921947479248047
v -3.7394351959228516 -8.8036727905273438 -18.955940246582031
v -3.5434918403625488 -8.8241920471191406 -19.486013412475586
v -1.7227021455764771 -10.387691497802734 -19.530023574829102
v -2.6463797092437744 -5.7942008972167969 -24.257608413696289
v -2.7072443962097168 -4.4670639038085938 -25.314641952514648
v -3.1963510513305664 -2.80291748046875 -26.163843154907227
v -1.3342275619506836 -2.1861724853515625 -27.511497497558594
v -2.3068761825561523 -3.4609909057617188 -26.253189086914063
v -2.6067640781402588 -6.9609794616699219 -23.158853530883789
v -1.5653945207595825 -8.3935699462890625 -22.452121734619141
v -2.5853004455566406 -8.4786643981933594 -21.415000915527344
v -1.7466826438903809 -4.4149436950683594 -25.906787872314453
v -2.1654820442199707 -1.6961593627929688 -27.30436897277832
v -1.4827597141265869 -11.157497406005859 -18.528018951416016
v -1.6116677522659302 -5.6449356079101563 -25.038583755493164
v -1.6493295431137085 -9.6327552795410156 -20.809675216674805
v -1.6750378608703613 -6.9208412170410156 -23.87721061706543
v -0.42326515913009644 -3.3026885986328125 -27.381301879882813
v -0.46203023195266724 -2.5348052978515625 -27.7755126953125
v -0.52029609680175781 -4.8157997131347656 -26.392856597900391
v -0.94031673669815063 -8.7941360473632813 -22.686180114746094
v -0.98360157012939453 -11.101333618164063 -19.651430130004883
v -0.89988046884536743 -6.8843002319335938 -24.550365447998047
v -0.59855556488037109 -11.272300720214844 -20.160282135009766
v -0.99707204103469849 -10.001003265380859 -21.192712783813477
v -0.22671282291412354 -7.4767837524414063 -24.761539459228516
v -0.37577959895133972 -9.5911293029785156 -22.568775177001953
v -4.6188335418701172 -8.155609130859375 -18.732189178466797
v -3.8646626472473145 -2.3564910888671875 -25.980667114257813
v -2.9888458251953125 -0.90633392333984375 -27.104351043701172
v -0.61352401971817017 -12.501388549804688 -17.93321418762207
v 0.44595682621002197 -2.8293914794921875 -28.158161163330078
v 0.25245603919029236 -4.2650604248046875 -27.336479187011719
v 0.063086368143558502 -5.7550315856933594 -26.264595031738281
v -4.2732434272766113 2.9371871948242188 -26.500179290771484
v -3.406397819519043 4.0775985717773438 -27.185886383056641
v -3.7773613929748535 2.977020263671875 -26.979740142822266
v 2.6922905445098877 7.5578842163085938 -29.867038726806641
v 3.4033205509185791 8.9766387939453125 -29.710960388183594
v 4.0090160369873047 8.656463623046875 -29.701330184936523
v 1.8047106266021729 7.7660675048828125 -29.681673049926758
v 0.38246384263038635 7.5112075805664063 -29.123754501342773
v 1.9882575273513794 8.5513916015625 -29.543390274047852
v -3.6860840320587158 0.405975341796875 -26.922086715698242
v -2.9888458251953125 -0.90633392333984375 -27.104351043701172
v -3.8790197372436523 -0.71417999267578125 -26.527206420898438
v -4.4724950790405273 -3.6883468627929688 -24.356185913085938
v -4.3969836235046387 -2.9286880493164063 -25.113948822021484
v -3.9708046913146973 -4.0973968505859375 -24.628389358520508
v -4.318051815032959 -1.7507400512695313 -25.733011245727539
v -3.8646626472473145 -2.3564910888671875 -25.980667114257813
v -8.032557487487793 -5.67340087890625 -17.872344970703125
v -7.5218849182128906 -7.1957511901855469 -16.631366729736328
v -8.2900266647338867 -7.1337165832519531 -16.060068130493164
v -7.4469070434570313 -4.8657112121582031 -19.172107696533203
v -7.8439168930053711 -4.4277000427246094 -19.240180969238281
v -6.9697904586791992 -3.7938461303710938 -20.657005310058594
v -6.6386923789978027 -2.1598434448242188 -22.267532348632813
v -6.4473762512207031 -0.313140869140625 -23.544109344482422
v -5.7591595649719238 -0.5352783203125 -24.151041030883789
v -5.4160580635070801 1.3354644775390625 -25.117698669433594
v -7.0569725036621094 -5.6467399597167969 -18.795808792114258
v -7.6361403465270996 -3.2396621704101563 -20.450180053710938
v -6.2951221466064453 -3.1048660278320313 -22.029363632202148
v -6.8702569007873535 -7.2495460510253906 -17.193302154541016
v -5.6686983108520508 -2.0691757202148438 -23.513076782226563
v -4.4559159278869629 0.6908111572265625 -26.052726745605469
v -3.8563735485076904 1.8092422485351563 -26.864034652709961
v -6.2653541564941406 -6.8286247253417969 -18.429719924926758
v -6.076439380645752 -5.7295112609863281 -20.038393020629883
v -5.9557991027832031 -4.4735641479492188 -21.434326171875
v -5.2786617279052734 -3.6861801147460938 -23.121648788452148
v -4.7024064064025879 -0.95165252685546875 -25.328948974609375
v -4.9351382255554199 -2.3151321411132813 -24.476673126220703
v -5.276247501373291 -5.0790138244628906 -21.969520568847656
v -4.318051815032959 -1.7507400512695313 -25.733011245727539
v -4.7702345848083496 -3.0528640747070313 -24.349653244018555
v -4.8516740798950195 -4.3362693786621094 -23.290390014648438
v -4.6945137977600098 -5.6287765502929688 -22.28253173828125
v -4.7578492164611816 -7.5632705688476563 -19.741123199462891
v -4.6188335418701172 -8.155609130859375 -18.732189178466797
v -5.6009993553161621 -7.6288528442382813 -18.143159866333008
v -4.3969836235046387 -2.9286880493164063 -25.113948822021484
v -4.4724950790405273 -3.6883468627929688 -24.356185913085938
v -4.4905295372009277 -4.7002944946289063 -23.414682388305664
v -4.1924705505371094 -6.7881240844726563 -21.548812866210938
v -4.874873161315918 -6.5413627624511719 -21.020973205566406
v -4.2206110954284668 -5.5534439086914063 -22.788846969604492
v -4.2732434272766113 2.9371871948242188 -26.500179290771484
v -3.7773613929748535 2.977020263671875 -26.979740142822266
v -4.1457605361938477 -7.6546058654785156 -20.539989471435547
v -4.2139039039611816 -4.3822784423828125 -23.968715667724609
v -3.6196215152740479 -8.3009071350097656 -20.447870254516602
v -3.6860840320587158 0.405975341796875 -26.922086715698242
v 1.3268551826477051 10.245643615722656 -24.826536178588867
v 1.9516280889511108 10.605842590332031 -25.458349227905273
v 3.4538776874542236 -0.24840545654296875 -15.559902191162109
v 2.9874684810638428 0.30442047119140625 -16.177480697631836
v -6.1124320030212402 -7.2907257080078125 -14.538125991821289
v -3.4678008556365967 -8.8314628601074219 -18.472377777099609
v 8.4899187088012695 -1.6128311157226563 -15.540650367736816
v 8.4877357482910156 4.6445541381835938 -22.473165512084961
v 8.688654899597168 3.494476318359375 -21.424276351928711
v 1.9588170051574707 10.145233154296875 -26.931667327880859
v 8.1279163360595703 5.159759521484375 -22.104732513427734
v 4.2559733390808105 -0.43381500244140625 -14.87297248840332
v 5.9377121925354004 -3.8516082763671875 -23.466987609863281
v 6.6335253715515137 -1.415191650390625 -25.165094375610352
v 3.8220024108886719 10.028076171875 -24.804588317871094
v -0.91240900754928589 6.792755126953125 -28.367176055908203
v -2.6907863616943359 -9.2532691955566406 -20.062610626220703
v -3.6196215152740479 -8.3009071350097656 -20.447870254516602
v -3.2831754684448242 -7.5371742248535156 -21.933002471923828
v -4.2206110954284668 -5.5534439086914063 -22.788846969604492
v -4.2139039039611816 -4.3822784423828125 -23.968715667724609
v -3.9708046913146973 -4.0973968505859375 -24.628389358520508
v -9.0483884811401367 -5.7110061645507813 -15.806756973266602
v -8.2900266647338867 -7.1337165832519531 -16.060068130493164
v 3.9413671493530273 10.529273986816406 -25.213254928588867
v -2.8286607265472412 7.5438995361328125 -22.915580749511719
v 6.3066496849060059 -2.34942626953125 -12.257054328918457
v 4.7209177017211914 -3.9489364624023438 -12.936654090881348
v 3.3430013656616211 0.40589141845703125 -15.949469566345215
v 0.97445344924926758 1.5518569946289063 -17.456718444824219
v -4.5437707901000977 -6.6635055541992188 -16.779806137084961
v -2.7512564659118652 -7.7941131591796875 -17.984325408935547
v 1.7585676908493042 -12.169761657714844 -17.998584747314453
v 2.266587495803833 -10.507076263427734 -18.520938873291016
v 4.1732645034790039 -6.2336692810058594 -18.341665267944336
v 3.6795134544372559 -5.9258460998535156 -18.073879241943359
v 4.0565004348754883 9.7568893432617188 -28.897737503051758
v 5.7622008323669434 8.1582794189453125 -28.577049255371094
v 7.0368795394897461 7.6694488525390625 -25.717828750610352
v 8.5966806411743164 3.2345199584960938 -24.565649032592773
v 8.1279163360595703 5.159759521484375 -22.104732513427734
v 7.9765410423278809 6.2983474731445313 -24.888881683349609
v 4.0097451210021973 10.759796142578125 -25.709880828857422
v 4.9246177673339844 9.9650039672851563 -27.593002319335938
v -3.9517345428466797 6.1013031005859375 -24.244396209716797
v -2.2136297225952148 7.3780441284179688 -25.788364410400391
v -2.9042482376098633 6.3785018920898438 -26.150686264038086
v -1.1170454025268555 1.3057708740234375 -17.402801513671875
v 1.4129446744918823 6.4462890625 -20.166078567504883
v -0.74885231256484985 6.2732620239257813 -20.409557342529297
v 8.4146022796630859 1.1906509399414063 -18.245857238769531
v 6.0587320327758789 -2.8714447021484375 -24.569784164428711
v 5.5378022193908691 -5.6072120666503906 -16.417182922363281
v 4.3883490562438965 -6.5286750793457031 -19.741342544555664
v 0.97445344924926758 1.5518569946289063 -17.456718444824219
v 0.21765133738517761 -0.12831878662109375 -18.703453063964844
v 0.38468536734580994 -0.9765167236328125 -19.259513854980469
v -0.74116426706314087 -3.5605239868164063 -20.05064582824707
v 3.6795134544372559 -5.9258460998535156 -18.073879241943359
v -3.3210134506225586 -7.3472175598144531 -17.796457290649414
v 7.0164074897766113 7.7772369384765625 -23.907447814941406
v 7.026771068572998 6.5608444213867188 -27.245931625366211
v 3.4033205509185791 8.9766387939453125 -29.710960388183594
v 0.74709469079971313 -11.064945220947266 -16.338029861450195
v 1.7585676908493042 -12.169761657714844 -17.998584747314453
v 6.1095318794250488 -5.4467735290527344 -13.11800479888916
v 7.6047768592834473 -3.2726516723632813 -12.118794441223145
v 8.8635778427124023 -0.30999755859375 -20.193185806274414
v 8.1503372192382813 3.43902587890625 -20.140079498291016
v 8.5168304443359375 3.5085525512695313 -20.817760467529297
v 8.1279163360595703 5.159759521484375 -22.104732513427734
v 8.2106637954711914 -3.4339218139648438 -13.336668014526367
v 0.25245603919029236 -4.2650604248046875 -27.336479187011719
v -3.5716478824615479 5.722412109375 -25.629501342773438
v -4.2732434272766113 2.9371871948242188 -26.500179290771484
v -2.2136297225952148 7.3780441284179688 -25.788364410400391
v 3.4033205509185791 8.9766387939453125 -29.710960388183594
v 4.3070917129516602 10.485984802246094 -27.580850601196289
v 1.2958263158798218 -9.5595130920410156 -21.783542633056641
v 3.867739200592041 -0.24225616455078125 -28.265060424804688
v 3.3097033500671387 7.1123428344726563 -29.845256805419922
v -7.3445420265197754 -2.027618408203125 -21.607234954833984
v -3.8790197372436523 -0.71417999267578125 -26.527206420898438
v -3.5434918403625488 -8.8241920471191406 -19.486013412475586
v -2.6982386112213135 7.3559188842773438 -25.030483245849609
v 5.1997828483581543 -1.556640625 -13.486614227294922
v 5.8145442008972168 -1.7780532836914063 -13.095548629760742
v 5.1997828483581543 -1.556640625 -13.486614227294922
v 4.2402133941650391 -1.37652587890625 -14.295636177062988
v 3.6517269611358643 -1.157745361328125 -15.164480209350586
v 8.4363460540771484 -2.3861846923828125 -14.667341232299805
v 8.4363460540771484 -2.3861846923828125 -14.667341232299805
v 7.0500917434692383 -1.4047698974609375 -13.895262718200684
v 6.4143385887145996 -1.0073013305664063 -14.277113914489746
v 5.8145442008972168 -1.7780532836914063 -13.095548629760742
v 8.5881547927856445 -1.6838302612304688 -18.692873001098633
v 8.0073337554931641 -1.3546524047851563 -21.388263702392578
v 8.8635778427124023 -0.30999755859375 -20.193185806274414
v 6.8323507308959961 -1.9405441284179688 -24.368850708007813
v 7.2726221084594727 -1.9548797607421875 -22.998302459716797
v 3.6517269611358643 -1.157745361328125 -15.164480209350586
v 2.759568452835083 0.13649749755859375 -16.697750091552734
v 2.5540957450866699 -1.408782958984375 -17.832677841186523
v 3.274207592010498 -0.43895721435546875 -15.851253509521484
v 3.274207592010498 -0.43895721435546875 -15.851253509521484
v 2.5540957450866699 -1.408782958984375 -17.832677841186523
v 1.9813811779022217 -0.36431121826171875 -18.00617790222168
v 1.9813811779022217 -0.36431121826171875 -18.00617790222168
v 1.4531748294830322 -0.423065185546875 -18.485904693603516
v 0.9316946268081665 -0.23274993896484375 -18.633243560791016
v 0.38468536734580994 -0.9765167236328125 -19.259513854980469
v 1.4531748294830322 -0.423065185546875 -18.485904693603516
v 2.5540957450866699 -1.408782958984375 -17.832677841186523
v 2.5540957450866699 -1.408782958984375 -17.832677841186523
v 7.192084789276123 -2.1063079833984375 -13.317049980163574
v 7.192084789276123 -2.1063079833984375 -13.317049980163574
v 8.7089080810546875 -2.1017532348632813 -16.45738410949707
v 7.0500917434692383 -1.4047698974609375 -13.895262718200684
v 8.4363460540771484 -2.3861846923828125 -14.667341232299805
v 7.3054084777832031 -0.950408935546875 -14.63764476776123
v 7.0500917434692383 -1.4047698974609375 -13.895262718200684
v 7.192084789276123 -2.1063079833984375 -13.317049980163574
v 4.602287769317627 -0.968017578125 -27.368907928466797
v 6.1145744323730469 -0.12284088134765625 -26.400335311889648
v 6.6335253715515137 -1.415191650390625 -25.165094375610352
v 6.6335253715515137 -1.415191650390625 -25.165094375610352
v 3.1358120441436768 -1.2013702392578125 -28.193063735961914
v 4.602287769317627 -0.968017578125 -27.368907928466797
v 4.2402133941650391 -1.37652587890625 -14.295636177062988
v 4.2402133941650391 -1.37652587890625 -14.295636177062988
v 5.1997828483581543 -1.556640625 -13.486614227294922
v 8.7089080810546875 -2.1017532348632813 -16.45738410949707
v 8.4363460540771484 -2.3861846923828125 -14.667341232299805
v 7.0500917434692383 -1.4047698974609375 -13.895262718200684
v 6.4143385887145996 -1.0073013305664063 -14.277113914489746
v 7.2726221084594727 -1.9548797607421875 -22.998302459716797
v 8.0073337554931641 -1.3546524047851563 -21.388263702392578
v 7.2726221084594727 -1.9548797607421875 -22.998302459716797
v 6.8323507308959961 -1.9405441284179688 -24.368850708007813
v 6.6335253715515137 -1.415191650390625 -25.165094375610352
v 6.8323507308959961 -1.9405441284179688 -24.368850708007813
v 1.4531748294830322 -0.423065185546875 -18.485904693603516
v 2.5540957450866699 -1.408782958984375 -17.832677841186523
v 0.38468536734580994 -0.9765167236328125 -19.259513854980469
v 0.38468536734580994 -0.9765167236328125 -19.259513854980469
v 8.5881547927856445 -1.6838302612304688 -18.692873001098633
v 8.6522865295410156 -1.8722991943359375 -17.787164688110352
v 8.6522865295410156 -1.8722991943359375 -17.787164688110352
v 8.4363460540771484 -2.3861846923828125 -14.667341232299805
v 4.602287769317627 -0.968017578125 -27.368907928466797
v 3.1358120441436768 -1.2013702392578125 -28.193063735961914
v 0.0095036784186959267 -10.84490966796875 -16.467994689941406
v 0.64006692171096802 -2.0278244018554688 -19.643192291259766
v 0.36047053337097168 -3.4188079833984375 -20.049551010131836
v 0.36047053337097168 -3.4188079833984375 -20.049551010131836
v 0.3701263964176178 -4.8651466369628906 -19.952569961547852
v 0.97592532634735107 -4.0692672729492188 -19.871515274047852
v 0.32605826854705811 -6.5757713317871094 -19.193914413452148
v 0.95344960689544678 -5.6399917602539063 -19.429168701171875
v 0.3701263964176178 -4.8651466369628906 -19.952569961547852
v 0.32605826854705811 -6.5757713317871094 -19.193914413452148
v 0.60378110408782959 -8.3780746459960938 -18.054294586181641
v 1.0857225656509399 -7.2030830383300781 -18.64898681640625
v 0.32605826854705811 -6.5757713317871094 -19.193914413452148
v 0.029657943174242973 -9.5352401733398438 -17.357994079589844
v 0.60378110408782959 -8.3780746459960938 -18.054294586181641
v 0.029657943174242973 -9.5352401733398438 -17.357994079589844
v 0.52698254585266113 -10.424777984619141 -16.631174087524414
v 0.167588010430336 -12.074325561523438 -16.482866287231445
v 0.36778002977371216 -12.595233917236328 -16.889503479003906
v 0.65708363056182861 -12.717594146728516 -17.104530334472656
v 0.36778002977371216 -12.595233917236328 -16.889503479003906
v 0.41608157753944397 -12.909095764160156 -17.681129455566406
v 0.35794723033905029 -12.882450103759766 -18.002494812011719
v 0.41608157753944397 -12.909095764160156 -17.681129455566406
v 0.13682352006435394 -12.817184448242188 -18.275228500366211
v 0.35794723033905029 -12.882450103759766 -18.002494812011719
v 0.13682352006435394 -12.817184448242188 -18.275228500366211
v 0.35810324549674988 -11.623870849609375 -16.311994552612305
v 0.167588010430336 -12.074325561523438 -16.482866287231445
v 0.74709469079971313 -11.064945220947266 -16.338029861450195
v 0.0095036784186959267 -10.84490966796875 -16.467994689941406
v 0.14965592324733734 -8.4303436279296875 -23.966293334960938
v 0.063086368143558502 -5.7550315856933594 -26.264595031738281
v 0.2500857412815094 -5.7741928100585938 -26.272113800048828
v 0.14965592324733734 -8.4303436279296875 -23.966293334960938
v 0.29287633299827576 -10.713161468505859 -21.389286041259766
v 0.33053883910179138 -11.955425262451172 -19.7239990234375
v 0.29287633299827576 -10.713161468505859 -21.389286041259766
v 0.13682352006435394 -12.817184448242188 -18.275228500366211
v 0.33053883910179138 -11.955425262451172 -19.7239990234375
v 0.13682352006435394 -12.817184448242188 -18.275228500366211
v 0.063086368143558502 -5.7550315856933594 -26.264595031738281
v 0.44595682621002197 -2.8293914794921875 -28.158161163330078
v 0.25245603919029236 -4.2650604248046875 -27.336479187011719
v 0.063086368143558502 -5.7550315856933594 -26.264595031738281
v 0.64006692171096802 -2.0278244018554688 -19.643192291259766
v 0.36047053337097168 -3.4188079833984375 -20.049551010131836
v 0.3701263964176178 -4.8651466369628906 -19.952569961547852
v 0.3701263964176178 -4.8651466369628906 -19.952569961547852
v 0.32605826854705811 -6.5757713317871094 -19.193914413452148
v 0.029657943174242973 -9.5352401733398438 -17.357994079589844
v 0.36778002977371216 -12.595233917236328 -16.889503479003906
v 0.14965592324733734 -8.4303436279296875 -23.966293334960938
v 0.29287633299827576 -10.713161468505859 -21.389286041259766
v 0.33053883910179138 -11.955425262451172 -19.7239990234375
v 4.2559733390808105 -0.43381500244140625 -14.87297248840332
v 8.9179458618164063 -0.77497100830078125 -18.745773315429688
v 8.826298713684082 -0.6551513671875 -17.416740417480469
v 8.9825286865234375 -0.028839111328125 -18.71607780456543
v 8.826298713684082 -0.6551513671875 -17.416740417480469
v 7.3054084777832031 -0.950408935546875 -14.63764476776123
v 6.4143385887145996 -1.0073013305664063 -14.277113914489746
v 6.4143385887145996 -1.0073013305664063 -14.277113914489746
v 5.6956419944763184 -0.54144287109375 -14.705048561096191
v 5.6956419944763184 -0.54144287109375 -14.705048561096191
v 8.3027715682983398 -0.11991119384765625 -22.398159027099609
v 8.8887147903442383 0.77288055419921875 -21.737489700317383
v 8.3027715682983398 -0.11991119384765625 -22.398159027099609
v 7.6494908332824707 -0.33758544921875 -24.170345306396484
v 7.2982978820800781 0.0076141352765262127 -25.280740737915039
v 7.6494908332824707 -0.33758544921875 -24.170345306396484
v 2.759568452835083 0.13649749755859375 -16.697750091552734
v 1.9813811779022217 -0.36431121826171875 -18.00617790222168
v 8.9179458618164063 -0.77497100830078125 -18.745773315429688
v 8.566523551940918 -1.1467971801757813 -16.125236511230469
v 7.5235681533813477 -0.48000335693359375 -15.355359077453613
v 7.5235681533813477 -0.48000335693359375 -15.355359077453613
v 7.3054084777832031 -0.950408935546875 -14.63764476776123
v 8.826298713684082 -0.6551513671875 -17.416740417480469
v 8.566523551940918 -1.1467971801757813 -16.125236511230469
v 8.826298713684082 -0.6551513671875 -17.416740417480469
v 5.0306262969970703 0.3223724365234375 -15.603459358215332
v 5.6956419944763184 -0.54144287109375 -14.705048561096191
v 4.2559733390808105 -0.43381500244140625 -14.87297248840332
v 5.0306262969970703 0.3223724365234375 -15.603459358215332
v 7.2982978820800781 0.0076141352765262127 -25.280740737915039
v 3.4538776874542236 -0.24840545654296875 -15.559902191162109
v 3.6517269611358643 -1.157745361328125 -15.164480209350586
v 3.4538776874542236 -0.24840545654296875 -15.559902191162109
v 4.2559733390808105 -0.43381500244140625 -14.87297248840332
v 8.9179458618164063 -0.77497100830078125 -18.745773315429688
v 8.9825286865234375 -0.028839111328125 -18.71607780456543
v 7.6494908332824707 -0.33758544921875 -24.170345306396484
v 7.2982978820800781 0.0076141352765262127 -25.280740737915039
v 6.1145744323730469 -0.12284088134765625 -26.400335311889648
v 5.3141202926635742 -2.9623870849609375 -12.202404022216797
v 4.8298177719116211 -2.4046859741210938 -13.119880676269531
v 5.3141202926635742 -2.9623870849609375 -12.202404022216797
v 7.6496486663818359 -4.93408203125 -13.714862823486328
v 7.7966804504394531 -4.4480056762695313 -14.682351112365723
v 7.0061798095703125 -3.8034515380859375 -19.513792037963867
v 6.9697108268737793 -4.446380615234375 -17.494314193725586
v 6.7281484603881836 -3.399444580078125 -21.860748291015625
v 7.7971029281616211 -2.4372482299804688 -19.970779418945313
v 7.0061798095703125 -3.8034515380859375 -19.513792037963867
v 5.9377121925354004 -3.8516082763671875 -23.466987609863281
v 6.3449616432189941 -3.4921493530273438 -23.082836151123047
v 6.7281484603881836 -3.399444580078125 -21.860748291015625
v 0.38468536734580994 -0.9765167236328125 -19.259513854980469
v 4.1831417083740234 -2.4147796630859375 -14.064353942871094
v 3.6969382762908936 -2.4110183715820313 -15.79401969909668
v 3.6969382762908936 -2.4110183715820313 -15.79401969909668
v 3.1441817283630371 -2.1961593627929688 -17.114309310913086
v 3.6969382762908936 -2.4110183715820313 -15.79401969909668
v 3.1441817283630371 -2.1961593627929688 -17.114309310913086
v 1.9347453117370605 -1.5030975341796875 -18.671281814575195
v 3.1441817283630371 -2.1961593627929688 -17.114309310913086
v 1.9347453117370605 -1.5030975341796875 -18.671281814575195
v 1.1521601676940918 -1.345703125 -19.168617248535156
v 3.1441817283630371 -2.1961593627929688 -17.114309310913086
v 1.9347453117370605 -1.5030975341796875 -18.671281814575195
v 5.7395405769348145 -3.8134994506835938 -11.734922409057617
v 5.7676453590393066 -3.5088272094726563 -11.730403900146484
v 5.1493306159973145 -3.3635482788085938 -12.18527889251709
v 5.7395405769348145 -3.8134994506835938 -11.734922409057617
v 5.7395405769348145 -3.8134994506835938 -11.734922409057617
v 6.7295417785644531 -4.3458747863769531 -11.730416297912598
v 7.2166438102722168 -4.7169685363769531 -12.114002227783203
v 6.7295417785644531 -4.3458747863769531 -11.730416297912598
v 7.8429617881774902 -4.7184181213378906 -12.917055130004883
v 7.8429617881774902 -4.7184181213378906 -12.917055130004883
v 7.2166438102722168 -4.7169685363769531 -12.114002227783203
v 5.1493306159973145 -3.3635482788085938 -12.18527889251709
v 2.1601967811584473 -2.0501480102539063 -28.159774780273438
v 4.0326027870178223 -2.116912841796875 -26.999488830566406
v 2.1601967811584473 -2.0501480102539063 -28.159774780273438
v 4.0326027870178223 -2.116912841796875 -26.999488830566406
v 5.368344783782959 -2.11383056640625 -25.929340362548828
v 6.0587320327758789 -2.8714447021484375 -24.569784164428711
v 5.9377121925354004 -3.8516082763671875 -23.466987609863281
v 5.368344783782959 -2.11383056640625 -25.929340362548828
v 5.9377121925354004 -3.8516082763671875 -23.466987609863281
v 4.1831417083740234 -2.4147796630859375 -14.064353942871094
v 4.8298177719116211 -2.4046859741210938 -13.119880676269531
v 4.1831417083740234 -2.4147796630859375 -14.064353942871094
v 6.9697108268737793 -4.446380615234375 -17.494314193725586
v 7.7966804504394531 -4.4480056762695313 -14.682351112365723
v 6.9697108268737793 -4.446380615234375 -17.494314193725586
v 6.9697108268737793 -4.446380615234375 -17.494314193725586
v 7.0061798095703125 -3.8034515380859375 -19.513792037963867
v 6.7281484603881836 -3.399444580078125 -21.860748291015625
v 1.1521601676940918 -1.345703125 -19.168617248535156
v 1.1521601676940918 -1.345703125 -19.168617248535156
v 5.7395405769348145 -3.8134994506835938 -11.734922409057617
v 6.7295417785644531 -4.3458747863769531 -11.730416297912598
v 7.2166438102722168 -4.7169685363769531 -12.114002227783203
v 7.6496486663818359 -4.93408203125 -13.714862823486328
v 7.8429617881774902 -4.7184181213378906 -12.917055130004883
v 4.0326027870178223 -2.116912841796875 -26.999488830566406
v -0.3311811089515686 9.5282745361328125 -24.568960189819336
v -0.97740715742111206 8.5345611572265625 -25.989284515380859
v -0.44983473420143127 9.1752471923828125 -25.565887451171875
v -0.44983473420143127 9.1752471923828125 -25.565887451171875
v -0.3311811089515686 9.5282745361328125 -24.568960189819336
v -0.68664336204528809 2.5553970336914063 -17.764440536499023
v -0.097107879817485809 1.5817642211914063 -17.519996643066406
v -0.21905076503753662 5.4635162353515625 -19.440637588500977
v -1.0733866691589355 3.243560791015625 -18.057870864868164
v -0.68664336204528809 2.5553970336914063 -17.764440536499023
v -0.74885231256484985 6.2732620239257813 -20.409557342529297
v -0.21905076503753662 5.4635162353515625 -19.440637588500977
v -0.097107879817485809 1.5817642211914063 -17.519996643066406
v -1.0494964122772217 8.960693359375 -23.855167388916016
v -1.3141452074050903 7.4835281372070313 -22.292137145996094
v -1.3141452074050903 7.4835281372070313 -22.292137145996094
v -0.99967849254608154 6.6806411743164063 -21.118490219116211
v -1.0494964122772217 8.960693359375 -23.855167388916016
v -0.36109602451324463 -0.87285614013671875 -19.139379501342773
v -0.36109602451324463 -0.87285614013671875 -19.139379501342773
v -1.1406015157699585 8.1344757080078125 -26.27161979675293
v -0.91240900754928589 6.792755126953125 -28.367176055908203
v -0.32594943046569824 7.8880767822265625 -27.994060516357422
v -0.32594943046569824 7.8880767822265625 -27.994060516357422
v -0.3311811089515686 9.5282745361328125 -24.568960189819336
v -1.0494964122772217 8.960693359375 -23.855167388916016
v -0.44983473420143127 9.1752471923828125 -25.565887451171875
v -0.97740715742111206 8.5345611572265625 -25.989284515380859
v -0.97740715742111206 8.5345611572265625 -25.989284515380859
v -1.1406015157699585 8.1344757080078125 -26.27161979675293
v -0.68664336204528809 2.5553970336914063 -17.764440536499023
v -1.0733866691589355 3.243560791015625 -18.057870864868164
v -0.43247887492179871 4.5775604248046875 -18.779241561889648
v -0.43247887492179871 4.5775604248046875 -18.779241561889648
v -0.43247887492179871 4.5775604248046875 -18.779241561889648
v -0.21905076503753662 5.4635162353515625 -19.440637588500977
v -0.99967849254608154 6.6806411743164063 -21.118490219116211
v -0.74885231256484985 6.2732620239257813 -20.409557342529297
v -0.99967849254608154 6.6806411743164063 -21.118490219116211
v -0.63872462511062622 0.11556243896484375 -18.382732391357422
v -0.097107879817485809 1.5817642211914063 -17.519996643066406
v -0.63872462511062622 0.11556243896484375 -18.382732391357422
v -0.36109602451324463 -0.87285614013671875 -19.139379501342773
v -0.097107879817485809 1.5817642211914063 -17.519996643066406
v -1.1406015157699585 8.1344757080078125 -26.27161979675293
v -1.6040860414505005 7.4699172973632813 -26.769804000854492
v -1.6040860414505005 7.4699172973632813 -26.769804000854492
v -0.32594943046569824 7.8880767822265625 -27.994060516357422
v -0.32594943046569824 7.8880767822265625 -27.994060516357422
vt 0.33904346823692322 0.6373131275177002
vt 0.31898170709609985 0.59055423736572266
vt 0.33312678337097168 0.59539806842803955
vt 0.31770732998847961 0.6197776198387146
vt 0.31468096375465393 0.55511379241943359
vt 0.29992392659187317 0.54104715585708618
vt 0.30544152855873108 0.57980793714523315
vt 0.27091836929321289 0.46243277192115784
vt 0.29436296224594116 0.51126033067703247
vt 0.28010755777359009 0.50459617376327515
vt 0.32534965872764587 0.55874228477478027
vt 0.94696187973022461 0.39361724257469177
vt 0.94775152206420898 0.37920981645584106
vt 0.94762676954269409 0.38829907774925232
vt 0.9589158296585083 0.38697671890258789
vt 0.94775152206420898 0.37920981645584106
vt 0.9610477089881897 0.37903103232383728
vt 0.96901732683181763 0.38687703013420105
vt 0.98863345384597778 0.3831484317779541
vt 0.004739618394523859 0.38933539390563965
vt 0.99630159139633179 0.39453521370887756
vt 0.016361815854907036 0.40425801277160645
vt 0.022724626585841179 0.39816129207611084
vt 0.98118484020233154 0.39006456732749939
vt 0.13344413042068481 0.51662176847457886
vt 0.1689751148223877 0.55855816602706909
vt 0.16090229153633118 0.56435072422027588
vt 0.20745706558227539 0.60551536083221436
vt 0.20117247104644775 0.58289206027984619
vt 0.25281992554664612 0.63206291198730469
vt 0.24054361879825592 0.64012247323989868
vt 0.21372555196285248 0.63172954320907593
vt 0.2724863588809967 0.66764223575592041
vt 0.25262141227722168 0.6691620945930481
vt 0.28966498374938965 0.69940191507339478
vt 0.25001984834671021 0.6763763427734375
vt 0.2962678074836731 0.68436777591705322
vt 0.28516054153442383 0.65148633718490601
vt 0.30333817005157471 0.66638731956481934
vt 0.31733891367912292 0.66093385219573975
vt 0.31907081604003906 0.68260407447814941
vt 0.31260991096496582 0.69507706165313721
vt 0.31305584311485291 0.71872556209564209
vt 0.69540464878082275 0.81350213289260864
vt 0.70688080787658691 0.81413388252258301
vt 0.67215406894683838 0.81045550107955933
vt 0.70968300104141235 0.80403482913970947
vt 0.73485380411148071 0.8006865382194519
vt 0.73046445846557617 0.79124993085861206
vt 0.77312076091766357 0.7978280782699585
vt 0.73814010620117188 0.81359350681304932
vt 0.70028573274612427 0.81388503313064575
vt 0.74570673704147339 0.8144991397857666
vt 0.85326898097991943 0.79104709625244141
vt 0.84532636404037476 0.78379493951797485
vt 0.88287103176116943 0.78174507617950439
vt 0.90617668628692627 0.78188025951385498
vt 0.85582810640335083 0.79009383916854858
vt 0.68320238590240479 0.81389057636260986
vt 0.77963703870773315 0.80858391523361206
vt 0.81472319364547729 0.79531294107437134
vt 0.069368526339530945 0.78839123249053955
vt 0.11886563152074814 0.79051899909973145
vt 0.13635431230068207 0.79621464014053345
vt 0.17950937151908875 0.79243749380111694
vt 0.21113274991512299 0.79194337129592896
vt 0.22982096672058105 0.77626496553421021
vt 0.25671097636222839 0.78402966260910034
vt 0.2575315535068512 0.77188324928283691
vt 0.27972212433815002 0.75142502784729004
vt 0.29572808742523193 0.76791518926620483
vt 0.2966647744178772 0.7692376971244812
vt 0.32880368828773499 0.75302422046661377
vt 0.29702478647232056 0.75714570283889771
vt 0.29928037524223328 0.74184966087341309
vt 0.3298402726650238 0.75269711017608643
vt 0.32275336980819702 0.74688225984573364
vt 0.32312953472137451 0.73784917593002319
vt 0.37416365742683411 0.72047990560531616
vt 0.36059117317199707 0.73579782247543335
vt 0.35469552874565125 0.74312669038772583
vt 0.33895722031593323 0.74257665872573853
vt 0.38287317752838135 0.68045437335968018
vt 0.37715575098991394 0.71013921499252319
vt 0.38291674852371216 0.66499322652816772
vt 0.37416365742683411 0.72047990560531616
vt 0.37291324138641357 0.67035365104675293
vt 0.37961301207542419 0.65010708570480347
vt 0.35908165574073792 0.62732720375061035
vt 0.37445658445358276 0.62878167629241943
vt 0.3630487322807312 0.64468580484390259
vt 0.38014829158782959 0.63541269302368164
vt 0.37099945545196533 0.65254515409469604
vt 0.36690974235534668 0.61642366647720337
vt 0.39331021904945374 0.65075552463531494
vt 0.38247928023338318 0.6830134391784668
vt 0.38363641500473022 0.61591416597366333
vt 0.38939923048019409 0.63897567987442017
vt 0.39390209317207336 0.62060713768005371
vt 0.38786730170249939 0.59279263019561768
vt 0.39860787987709045 0.59873682260513306
vt 0.40802916884422302 0.62044090032577515
vt 0.40980079770088196 0.60318738222122192
vt 0.40860244631767273 0.63032346963882446
vt 0.40668874979019165 0.63941645622253418
vt 0.40842330455780029 0.57384991645812988
vt 0.41495299339294434 0.58525055646896362
vt 0.42374613881111145 0.61881941556930542
vt 0.42298200726509094 0.62467879056930542
vt 0.43175843358039856 0.60291218757629395
vt 0.4286733865737915 0.5648266077041626
vt 0.4286733865737915 0.5648266077041626
vt 0.43348073959350586 0.58261615037918091
vt 0.41495299339294434 0.58525055646896362
vt 0.42374613881111145 0.61881941556930542
vt 0.44100618362426758 0.6082647442817688
vt 0.43860059976577759 0.61497730016708374
vt 0.43175843358039856 0.60291218757629395
vt 0.44806912541389465 0.59826540946960449
vt 0.45065605640411377 0.56291186809539795
vt 0.45257216691970825 0.58148640394210815
vt 0.46045497059822083 0.6053885817527771
vt 0.45346751809120178 0.61036711931228638
vt 0.46567317843437195 0.59660214185714722
vt 0.47237437963485718 0.5855107307434082
vt 0.48083269596099854 0.61289042234420776
vt 0.47132772207260132 0.61145287752151489
vt 0.47704151272773743 0.56766867637634277
vt 0.48718959093093872 0.61945325136184692
vt 0.4799349308013916 0.60321903228759766
vt 0.50041162967681885 0.63076221942901611
vt 0.49089363217353821 0.59983950853347778
vt 0.48955315351486206 0.6140555739402771
vt 0.49240848422050476 0.58543550968170166
vt 0.49169391393661499 0.57622307538986206
vt 0.49723681807518005 0.62685269117355347
vt 0.52498632669448853 0.62186110019683838
vt 0.50921320915222168 0.63113254308700562
vt 0.51211106777191162 0.63133454322814941
vt 0.51874905824661255 0.62486237287521362
vt 0.53912353515625 0.61043113470077515
vt 0.52363234758377075 0.61468052864074707
vt 0.53752857446670532 0.60604053735733032
vt 0.52809673547744751 0.59684908390045166
vt 0.53435957431793213 0.59902548789978027
vt 0.53776586055755615 0.58628374338150024
vt 0.53148967027664185 0.57300633192062378
vt 0.55520832538604736 0.59666526317596436
vt 0.54124045372009277 0.61342900991439819
vt 0.52685290575027466 0.61849468946456909
vt 0.5544624924659729 0.57955455780029297
vt 0.55984467267990112 0.6064152717590332
vt 0.5724480152130127 0.59834665060043335
vt 0.57019877433776855 0.5788455605506897
vt 0.55865424871444702 0.61006051301956177
vt 0.58145570755004883 0.61459267139434814
vt 0.58823966979980469 0.58453035354614258
vt 0.58934402465820313 0.60517919063568115
vt 0.60335451364517212 0.6305423378944397
vt 0.61361938714981079 0.64859962463378906
vt 0.60830610990524292 0.60966271162033081
vt 0.61851179599761963 0.63645035028457642
vt 0.62157946825027466 0.66134506464004517
vt 0.63178044557571411 0.67361730337142944
vt 0.6239355206489563 0.62764227390289307
vt 0.63293075561523438 0.69902044534683228
vt 0.63821899890899658 0.7259756326675415
vt 0.62751471996307373 0.68538767099380493
vt 0.66053348779678345 0.70397382974624634
vt 0.65214991569519043 0.70473188161849976
vt 0.64078444242477417 0.67222994565963745
vt 0.64338994026184082 0.73587542772293091
vt 0.64300757646560669 0.72029870748519897
vt 0.64897292852401733 0.71792513132095337
vt 0.64470911026000977 0.75391131639480591
vt 0.66474926471710205 0.73071050643920898
vt 0.65570753812789917 0.7484123706817627
vt 0.6510651707649231 0.75163537263870239
vt 0.64917498826980591 0.76640444993972778
vt 0.64850372076034546 0.77717465162277222
vt 0.646048903465271 0.75693261623382568
vt 0.6513410210609436 0.79023146629333496
vt 0.6755027174949646 0.71801173686981201
vt 0.93344855308532715 0.30978962779045105
vt 0.94297713041305542 0.33855587244033813
vt 0.93294441699981689 0.33555975556373596
vt 0.92234277725219727 0.29441073536872864
vt 0.93486630916595459 0.28949669003486633
vt 0.91919422149658203 0.32122045755386353
vt 0.91683262586593628 0.34661632776260376
vt 0.91935527324676514 0.36629822850227356
vt 0.89403033256530762 0.33284997940063477
vt 0.89778226613998413 0.3093116283416748
vt 0.89638471603393555 0.34880107641220093
vt 0.86735379695892334 0.35304415225982666
vt 0.88126057386398315 0.32152298092842102
vt 0.85084646940231323 0.34595391154289246
vt 0.85996347665786743 0.38064998388290405
vt 0.86841738224029541 0.38363301753997803
vt 0.83560115098953247 0.39172089099884033
vt 0.84755051136016846 0.38685125112533569
vt 0.87527680397033691 0.35638490319252014
vt 0.82360047101974487 0.37929055094718933
vt 0.81658953428268433 0.41840752959251404
vt 0.80233985185623169 0.41126284003257751
vt 0.83560115098953247 0.39172089099884033
vt 0.79643905162811279 0.45858335494995117
vt 0.80233985185623169 0.41126284003257751
vt 0.8231549859046936 0.4562898576259613
vt 0.83497369289398193 0.4109213650226593
vt 0.84630566835403442 0.40155413746833801
vt 0.81639057397842407 0.44005554914474487
vt 0.80235737562179565 0.48639857769012451
vt 0.77500933408737183 0.52214831113815308
vt 0.7633897066116333 0.51917725801467896
vt 0.78228795528411865 0.46489113569259644
vt 0.7550545334815979 0.56955826282501221
vt 0.73106426000595093 0.64408379793167114
vt 0.73510676622390747 0.6037788987159729
vt 0.76813793182373047 0.56966906785964966
vt 0.82670515775680542 0.47756293416023254
vt 0.84402734041213989 0.44634434580802917
vt 0.79515296220779419 0.53508877754211426
vt 0.75726026296615601 0.61403340101242065
vt 0.72520750761032104 0.69624841213226318
vt 0.77910661697387695 0.59441494941711426
vt 0.82822000980377197 0.4971364438533783
vt 0.79149961471557617 0.58831149339675903
vt 0.74836796522140503 0.65676486492156982
vt 0.83012622594833374 0.52013826370239258
vt 0.84755051136016846 0.38685125112533569
vt 0.85996347665786743 0.38064998388290405
vt 0.8433346152305603 0.42450335621833801
vt 0.86162424087524414 0.40540176630020142
vt 0.70526552200317383 0.72673249244689941
vt 0.71192824840545654 0.70327866077423096
vt 0.71928685903549194 0.67788159847259521
vt 0.87331932783126831 0.43314051628112793
vt 0.85379266738891602 0.45756819844245911
vt 0.8686826229095459 0.42369949817657471
vt 0.92354065179824829 0.38852936029434204
vt 0.93360871076583862 0.36133795976638794
vt 0.9342416524887085 0.38261252641677856
vt 0.9405713677406311 0.35033634305000305
vt 0.94599801301956177 0.37099456787109375
vt 0.90773499011993408 0.37933599948883057
vt 0.91935527324676514 0.36629822850227356
vt 0.91239261627197266 0.39632436633110046
vt 0.86832952499389648 0.40483516454696655
vt 0.90012496709823608 0.39701700210571289
vt 0.87790745496749878 0.38618883490562439
vt 0.94297713041305542 0.33855587244033813
vt 0.94297713041305542 0.33855587244033813
vt 0.89183533191680908 0.3668799102306366
vt 0.91683262586593628 0.34661632776260376
vt 0.86162424087524414 0.40540176630020142
vt 0.86841738224029541 0.38363301753997803
vt 0.89301449060440063 0.41271266341209412
vt 0.94297713041305542 0.33855587244033813
vt 0.9557233452796936 0.33382192254066467
vt 0.9543604850769043 0.35262987017631531
vt 0.015899978578090668 0.34106230735778809
vt 0.98733919858932495 0.343077152967453
vt 0.99223405122756958 0.33240339159965515
vt 0.96851283311843872 0.35572224855422974
vt 0.9557233452796936 0.33382192254066467
vt 0.049114421010017395 0.3557833731174469
vt 0.040558971464633942 0.33267420530319214
vt 0.079993769526481628 0.37072336673736572
vt 0.058584082871675491 0.34355974197387695
vt 0.94599801301956177 0.37099456787109375
vt 0.98739093542098999 0.35841017961502075
vt 0.0067457668483257294 0.35961619019508362
vt 0.033786024898290634 0.38035362958908081
vt 0.9610477089881897 0.37903103232383728
vt 0.97340619564056396 0.37897613644599915
vt 0.074309781193733215 0.38755384087562561
vt 0.050295539200305939 0.42460224032402039
vt 0.94775152206420898 0.37920981645584106
vt 0.98863345384597778 0.3831484317779541
vt 0.004739618394523859 0.38933539390563965
vt 0.022724626585841179 0.39816129207611084
vt 0.084737904369831085 0.41250631213188171
vt 0.087582513689994812 0.46131536364555359
vt 0.019376296550035477 0.32838788628578186
vt 0.2827240526676178 0.58810889720916748
vt 0.32569628953933716 0.64364498853683472
vt 0.31733891367912292 0.66093385219573975
vt 0.18200650811195374 0.5098879337310791
vt 0.23441961407661438 0.5565299391746521
vt 0.20117247104644775 0.58289206027984619
vt 0.13697135448455811 0.45799356698989868
vt 0.1689751148223877 0.55855816602706909
vt 0.13344413042068481 0.51662176847457886
vt 0.10689615458250046 0.43441915512084961
vt 0.087582513689994812 0.46131536364555359
vt 0.084737904369831085 0.41250631213188171
vt 0.25336173176765442 0.52029681205749512
vt 0.16104380786418915 0.44545423984527588
vt 0.20498907566070557 0.45710629224777222
vt 0.10330721735954285 0.40467193722724915
vt 0.074309781193733215 0.38755384087562561
vt 0.28010755777359009 0.50459617376327515
vt 0.15898591279983521 0.3819032609462738
vt 0.11420457810163498 0.39020252227783203
vt 0.12472463399171829 0.3665611743927002
vt 0.19508528709411621 0.38023126125335693
vt 0.077876575291156769 0.35754290223121643
vt 0.093133635818958282 0.34190964698791504
vt 0.058584082871675491 0.34355974197387695
vt 0.069431722164154053 0.33389157056808472
vt 0.11676304787397385 0.32798734307289124
vt 0.14881405234336853 0.33290177583694458
vt 0.23163029551506042 0.36952054500579834
vt 0.16796837747097015 0.31882786750793457
vt 0.18358178436756134 0.29666933417320251
vt 0.076864056289196014 0.31883007287979126
vt 0.12890055775642395 0.2892099916934967
vt 0.087395481765270233 0.29264557361602783
vt 0.098424039781093597 0.27203086018562317
vt 0.31770732998847961 0.6197776198387146
vt 0.30544152855873108 0.57980793714523315
vt 0.22695429623126984 0.42406803369522095
vt 0.27091836929321289 0.46243277192115784
vt 0.28516054153442383 0.65148633718490601
vt 0.25281992554664612 0.63206291198730469
vt 0.13004021346569061 0.25190526247024536
vt 0.058957837522029877 0.31005963683128357
vt 0.029208706691861153 0.71611958742141724
vt 0.0048987767659127712 0.78084439039230347
vt 0.95249539613723755 0.69201892614364624
vt 0.97721952199935913 0.60128694772720337
vt 0.97298634052276611 0.55673801898956299
vt 0.0049578971229493618 0.56212723255157471
vt 0.038362015038728714 0.67278915643692017
vt 0.98633831739425659 0.64475291967391968
vt 0.092964060604572296 0.72724926471710205
vt 0.11886563152074814 0.79051899909973145
vt 0.059592701494693756 0.64435738325119019
vt 0.011744324117898941 0.60582756996154785
vt 0.99336713552474976 0.51833915710449219
vt 0.015859343111515045 0.51386362314224243
vt 0.15391120314598083 0.75008785724639893
vt 0.17950937151908875 0.79243749380111694
vt 0.14103072881698608 0.70828187465667725
vt 0.21603533625602722 0.75036466121673584
vt 0.06090434268116951 0.51757073402404785
vt 0.05466073751449585 0.57730776071548462
vt 0.21560648083686829 0.71917819976806641
vt 0.10933519899845123 0.55055475234985352
vt 0.050730321556329727 0.47966423630714417
vt 0.13010123372077942 0.64460372924804688
vt 0.21269340813159943 0.66572993993759155
vt 0.29928037524223328 0.74184966087341309
vt 0.27972212433815002 0.75142502784729004
vt 0.15196017920970917 0.58974313735961914
vt 0.25367119908332825 0.69884848594665527
vt 0.32312953472137451 0.73784917593002319
vt 0.087582513689994812 0.46131536364555359
vt 0.21372555196285248 0.63172954320907593
vt 0.25001984834671021 0.6763763427734375
vt 0.16090229153633118 0.56435072422027588
vt 0.050295539200305939 0.42460224032402039
vt 0.31305584311485291 0.71872556209564209
vt 0.13344413042068481 0.51662176847457886
vt 0.94229847192764282 0.77523010969161987
vt 0.22982096672058105 0.77626496553421021
vt 0.94696187973022461 0.39361724257469177
vt 0.9589158296585083 0.38697671890258789
vt 0.98118484020233154 0.39006456732749939
vt 0.024006089195609093 0.44309112429618835
vt 0.050295539200305939 0.42460224032402039
vt 0.050730321556329727 0.47966423630714417
vt 0.92334872484207153 0.40405872464179993
vt 0.93725478649139404 0.3958527147769928
vt 0.9693913459777832 0.40214192867279053
vt 0.95687240362167358 0.42020910978317261
vt 0.99309283494949341 0.41127026081085205
vt 0.99549949169158936 0.44730287790298462
vt 0.93454664945602417 0.43751773238182068
vt 0.96485292911529541 0.45091232657432556
vt 0.020124571397900581 0.48419085144996643
vt 0.98753416538238525 0.49066919088363647
vt 0.91169708967208862 0.43757975101470947
vt 0.9032856822013855 0.41913491487503052
vt 0.96354144811630249 0.48425281047821045
vt 0.89296281337738037 0.45853957533836365
vt 0.93705850839614868 0.47816839814186096
vt 0.9086424708366394 0.48212325572967529
vt 0.96031075716018677 0.50939285755157471
vt 0.99336713552474976 0.51833915710449219
vt 0.97005975246429443 0.52348154783248901
vt 0.92484939098358154 0.51787227392196655
vt 0.9479680061340332 0.52938586473464966
vt 0.87757700681686401 0.44545570015907288
vt 0.86954563856124878 0.49370935559272766
vt 0.94762676954269409 0.38829907774925232
vt 0.9589158296585083 0.38697671890258789
vt 0.016361815854907036 0.40425801277160645
vt 0.99630159139633179 0.39453521370887756
vt 0.89346450567245483 0.50868421792984009
vt 0.71795117855072021 0.79283338785171509
vt 0.72349363565444946 0.78217184543609619
vt 0.74221318960189819 0.74453282356262207
vt 0.75235587358474731 0.72092044353485107
vt 0.75127434730529785 0.75057387351989746
vt 0.76934856176376343 0.67825424671173096
vt 0.76219415664672852 0.69671177864074707
vt 0.83012622594833374 0.52013826370239258
vt 0.82820636034011841 0.56018811464309692
vt 0.80081427097320557 0.59041452407836914
vt 0.87757700681686401 0.44545570015907288
vt 0.86954563856124878 0.49370935559272766
vt 0.79394590854644775 0.65861374139785767
vt 0.76437711715698242 0.75786954164505005
vt 0.83640670776367188 0.59633111953735352
vt 0.73046445846557617 0.79124993085861206
vt 0.86951255798339844 0.54329586029052734
vt 0.80848228931427002 0.68994086980819702
vt 0.79251796007156372 0.7467801570892334
vt 0.86167258024215698 0.62484538555145264
vt 0.89398926496505737 0.57081884145736694
vt 0.89346450567245483 0.50868421792984009
vt 0.87271320819854736 0.65519630908966064
vt 0.82006818056106567 0.7593003511428833
vt 0.86717414855957031 0.69778364896774292
vt 0.87936586141586304 0.72741204500198364
vt 0.91791039705276489 0.59690505266189575
vt 0.9479680061340332 0.52938586473464966
vt 0.92484939098358154 0.51787227392196655
vt 0.84532636404037476 0.78379493951797485
vt 0.81544619798660278 0.79185491800308228
vt 0.88287103176116943 0.78174507617950439
vt 0.91767245531082153 0.65510565042495728
vt 0.92539417743682861 0.70871847867965698
vt 0.9554939866065979 0.6089940071105957
vt 0.95249539613723755 0.69201892614364624
vt 0.94229847192764282 0.77523010969161987
vt 0.98633831739425659 0.64475291967391968
vt 0.97298634052276611 0.55673801898956299
vt 0.73485380411148071 0.8006865382194519
vt 0.97005975246429443 0.52348154783248901
vt 0.97721952199935913 0.60128694772720337
vt 0.66797560453414917 0.67422616481781006
vt 0.6755027174949646 0.71801173686981201
vt 0.66053348779678345 0.70397382974624634
vt 0.68485504388809204 0.69657617807388306
vt 0.65801674127578735 0.61860764026641846
vt 0.646595299243927 0.63700765371322632
vt 0.6328698992729187 0.60201776027679443
vt 0.66541719436645508 0.57326823472976685
vt 0.64646613597869873 0.57484179735183716
vt 0.69404321908950806 0.67810440063476563
vt 0.67813658714294434 0.62572008371353149
vt 0.70757728815078735 0.64895153045654297
vt 0.62358379364013672 0.56958305835723877
vt 0.6309625506401062 0.50400114059448242
vt 0.69069749116897583 0.55093812942504883
vt 0.7222057580947876 0.53039634227752686
vt 0.73845833539962769 0.57383888959884644
vt 0.7441335916519165 0.47398728132247925
vt 0.6638529896736145 0.49290212988853455
vt 0.69683170318603516 0.4500255286693573
vt 0.69184792041778564 0.39414539933204651
vt 0.65182662010192871 0.4418061375617981
vt 0.76788735389709473 0.43741610646247864
vt 0.7633897066116333 0.51917725801467896
vt 0.78228795528411865 0.46489113569259644
vt 0.72961962223052979 0.34563750028610229
vt 0.73053008317947388 0.40466296672821045
vt 0.76493042707443237 0.36626076698303223
vt 0.80233985185623169 0.41126284003257751
vt 0.80063658952713013 0.35099485516548157
vt 0.77304255962371826 0.32435676455497742
vt 0.82360047101974487 0.37929055094718933
vt 0.6239355206489563 0.62764227390289307
vt 0.60830610990524292 0.60966271162033081
vt 0.40668874979019165 0.63941645622253418
vt 0.42298200726509094 0.62467879056930542
vt 0.40982580184936523 0.62901151180267334
vt 0.35793355107307434 0.70427775382995605
vt 0.36517873406410217 0.71012085676193237
vt 0.38247928023338318 0.6830134391784668
vt 0.39184942841529846 0.65965300798416138
vt 0.38541671633720398 0.6530722975730896
vt 0.37416365742683411 0.72047990560531616
vt 0.32880368828773499 0.75302422046661377
vt 0.43276393413543701 0.60053890943527222
vt 0.32505133748054504 0.72718632221221924
vt 0.3594527542591095 0.68536537885665894
vt 0.40354317426681519 0.62557846307754517
vt 0.43906897306442261 0.58114320039749146
vt 0.37456411123275757 0.65806442499160767
vt 0.25671097636222839 0.78402966260910034
vt 0.2966647744178772 0.7692376971244812
vt 0.32898405194282532 0.7145959734916687
vt 0.26962947845458984 0.76783251762390137
vt 0.21113274991512299 0.79194337129592896
vt 0.41666093468666077 0.6067318320274353
vt 0.27451556921005249 0.76597243547439575
vt 0.36534672975540161 0.68311822414398193
vt 0.42144769430160522 0.61805158853530884
vt 0.13635431230068207 0.79621464014053345
vt 0.22639577090740204 0.8188515305519104
vt 0.4440729022026062 0.57263708114624023
vt 0.4550858736038208 0.58128899335861206
vt 0.069368526339530945 0.78839123249053955
vt 0.077619746327400208 0.83601647615432739
vt 0.45451650023460388 0.74457138776779175
vt 0.3663533627986908 0.78965944051742554
vt 0.0048987767659127712 0.78084439039230347
vt 0.17138433456420898 0.92308729887008667
vt 0.78224605321884155 0.91371595859527588
vt 0.96087521314620972 0.85931116342544556
vt 0.66280621290206909 0.80306500196456909
vt 0.66543447971343994 0.77960938215255737
vt 0.6513410210609436 0.79023146629333496
vt 0.74570673704147339 0.8144991397857666
vt 0.69441032409667969 0.78514504432678223
vt 0.77963703870773315 0.80858391523361206
vt 0.81472319364547729 0.79531294107437134
vt 0.69501310586929321 0.76176625490188599
vt 0.72845727205276489 0.76762515306472778
vt 0.80326104164123535 0.78991705179214478
vt 0.85582810640335083 0.79009383916854858
vt 0.90617668628692627 0.78188025951385498
vt 0.94229847192764282 0.77523010969161987
vt 0.86411714553833008 0.8281409740447998
vt 0.81500351428985596 0.8028295636177063
vt 0.65644556283950806 0.74664688110351563
vt 0.71435487270355225 0.75461721420288086
vt 0.64969795942306519 0.72301393747329712
vt 0.7116621732711792 0.7911454439163208
vt 0.63821899890899658 0.7259756326675415
vt 0.62751471996307373 0.68538767099380493
vt 0.641945481300354 0.69319617748260498
vt 0.64758896827697754 0.69354522228240967
vt 0.63266485929489136 0.68610692024230957
vt 0.62091183662414551 0.67039215564727783
vt 0.61296993494033813 0.649547278881073
vt 0.57408237457275391 0.62067687511444092
vt 0.59469813108444214 0.73835510015487671
vt 0.52516353130340576 0.58838021755218506
vt 0.45451650023460388 0.74457138776779175
vt 0.61361938714981079 0.64859962463378906
vt 0.61626344919204712 0.65723872184753418
vt 0.60122925043106079 0.63534903526306152
vt 0.59389668703079224 0.62634861469268799
vt 0.57937920093536377 0.60858005285263062
vt 0.60335451364517212 0.6305423378944397
vt 0.646048903465271 0.75693261623382568
vt 0.70028573274612427 0.81388503313064575
vt 0.55064791440963745 0.58425819873809814
vt 0.57742244005203247 0.61598044633865356
vt 0.59389668703079224 0.62634861469268799
vt 0.55392485857009888 0.5929761528968811
vt 0.57937920093536377 0.60858005285263062
vt 0.48718506097793579 0.56312388181686401
vt 0.52516353130340576 0.58838021755218506
vt 0.4550858736038208 0.58128899335861206
vt 0.55064791440963745 0.58425819873809814
vt 0.51608198881149292 0.56386804580688477
vt 0.55313831567764282 0.60406577587127686
vt 0.58145570755004883 0.61459267139434814
vt 0.53318345546722412 0.58629536628723145
vt 0.5282328724861145 0.60246014595031738
vt 0.50984954833984375 0.58631682395935059
vt 0.48920643329620361 0.56821644306182861
vt 0.47151997685432434 0.56205302476882935
vt 0.4440729022026062 0.57263708114624023
vt 0.43906897306442261 0.58114320039749146
vt 0.46401512622833252 0.57913339138031006
vt 0.48805993795394897 0.58599448204040527
vt 0.51344060897827148 0.61122077703475952
vt 0.52685290575027466 0.61849468946456909
vt 0.54124045372009277 0.61342900991439819
vt 0.43276393413543701 0.60053890943527222
vt 0.49592515826225281 0.6068229079246521
vt 0.47705996036529541 0.60351389646530151
vt 0.50085365772247314 0.62053805589675903
vt 0.50921320915222168 0.63113254308700562
vt 0.45678642392158508 0.59779191017150879
vt 0.43860059976577759 0.61497730016708374
vt 0.47132772207260132 0.61145287752151489
vt 0.45346751809120178 0.61036711931228638
vt 0.50041162967681885 0.63076221942901611
vt 0.48718959093093872 0.61945325136184692
vt 0.60122925043106079 0.63534903526306152
vt 0.55865424871444702 0.61006051301956177
vt 0.9342416524887085 0.38261252641677856
vt 0.93725478649139404 0.3958527147769928
vt 0.92334872484207153 0.40405872464179993
vt 0.87757700681686401 0.44545570015907288
vt 0.85379266738891602 0.45756819844245911
vt 0.87331932783126831 0.43314051628112793
vt 0.9032856822013855 0.41913491487503052
vt 0.91239261627197266 0.39632436633110046
vt 0.94775152206420898 0.37920981645584106
vt 0.92354065179824829 0.38852936029434204
vt 0.93486630916595459 0.28949669003486633
vt 0.92234277725219727 0.29441073536872864
vt 0.92415422201156616 0.28234770894050598
vt 0.88215410709381104 0.30852967500686646
vt 0.90585601329803467 0.29306477308273315
vt 0.89778226613998413 0.3093116283416748
vt 0.93749111890792847 0.27518975734710693
vt 0.91088104248046875 0.30109947919845581
vt 0.94673097133636475 0.32340598106384277
vt 0.94297713041305542 0.33855587244033813
vt 0.94268804788589478 0.30417737364768982
vt 0.93486630916595459 0.28949669003486633
vt 0.9477381706237793 0.27629971504211426
vt 0.34240922331809998 0.7298506498336792
vt 0.33895722031593323 0.74257665872573853
vt 0.32981425523757935 0.73253935575485229
vt 0.34240922331809998 0.7298506498336792
vt 0.3288627564907074 0.72711813449859619
vt 0.31991755962371826 0.7090417742729187
vt 0.3336867094039917 0.71672606468200684
vt 0.34240922331809998 0.7298506498336792
vt 0.32537952065467834 0.70222079753875732
vt 0.31907081604003906 0.68260407447814941
vt 0.31733891367912292 0.66093385219573975
vt 0.32878106832504272 0.65959960222244263
vt 0.32995811104774475 0.67875725030899048
vt 0.33265990018844604 0.6978117823600769
vt 0.34083554148674011 0.65747630596160889
vt 0.34096956253051758 0.67663836479187012
vt 0.34575048089027405 0.69695478677749634
vt 0.34397637844085693 0.71359425783157349
vt 0.34240922331809998 0.7298506498336792
vt 0.33904346823692322 0.6373131275177002
vt 0.35079470276832581 0.63592243194580078
vt 0.35257109999656677 0.65862375497817993
vt 0.35169899463653564 0.67778456211090088
vt 0.3630487322807312 0.64468580484390259
vt 0.3634456992149353 0.66289371252059937
vt 0.36159038543701172 0.68202638626098633
vt 0.35735636949539185 0.70059823989868164
vt 0.34240922331809998 0.7298506498336792
vt 0.35375246405601501 0.72025835514068604
vt 0.37291324138641357 0.67035365104675293
vt 0.36973598599433899 0.68934434652328491
vt 0.36347192525863647 0.70671170949935913
vt 0.37674671411514282 0.69659167528152466
vt 0.36813250184059143 0.71950691938400269
vt 0.35665220022201538 0.72874343395233154
vt 0.34240922331809998 0.7298506498336792
vt 0.37715575098991394 0.71013921499252319
vt 0.37416365742683411 0.72047990560531616
vt 0.36340877413749695 0.73470079898834229
vt 0.34240922331809998 0.7298506498336792
vt 0.35312387347221375 0.73582035303115845
vt 0.35469552874565125 0.74312669038772583
vt 0.34240922331809998 0.7298506498336792
vt 0.33895722031593323 0.74257665872573853
vt 0.31260991096496582 0.69507706165313721
vt 0.32569628953933716 0.64364498853683472
vt 0.31305584311485291 0.71872556209564209
vt 0.32312953472137451 0.73784917593002319
vt 0.35908165574073792 0.62732720375061035
vt 0.37099945545196533 0.65254515409469604
vt 0.50264948606491089 0.61713910102844238
vt 0.49652013182640076 0.60528838634490967
vt 0.50528997182846069 0.60225707292556763
vt 0.50563031435012817 0.62602043151855469
vt 0.51204168796539307 0.61780440807342529
vt 0.51874905824661255 0.62486237287521362
vt 0.50917547941207886 0.59583288431167603
vt 0.51754403114318848 0.6070406436920166
vt 0.52363234758377075 0.61468052864074707
vt 0.4981701672077179 0.58883357048034668
vt 0.5057978630065918 0.5801234245300293
vt 0.51165986061096191 0.58389091491699219
vt 0.52077245712280273 0.59411317110061646
vt 0.52809673547744751 0.59684908390045166
vt 0.50502932071685791 0.57214879989624023
vt 0.4981701672077179 0.58883357048034668
vt 0.51161772012710571 0.56795161962509155
vt 0.519092857837677 0.57891315221786499
vt 0.50206577777862549 0.5655243992805481
vt 0.4981701672077179 0.58883357048034668
vt 0.51045501232147217 0.55905354022979736
vt 0.49515897035598755 0.56753134727478027
vt 0.4981701672077179 0.58883357048034668
vt 0.49169391393661499 0.57622307538986206
vt 0.4981701672077179 0.58883357048034668
vt 0.49240848422050476 0.58543550968170166
vt 0.4981701672077179 0.58883357048034668
vt 0.49089363217353821 0.59983950853347778
vt 0.4981701672077179 0.58883357048034668
vt 0.49652013182640076 0.60528838634490967
vt 0.49599224328994751 0.61653494834899902
vt 0.50264948606491089 0.61713910102844238
vt 0.50563031435012817 0.62602043151855469
vt 0.50041162967681885 0.63076221942901611
vt 0.49723681807518005 0.62685269117355347
vt 0.51793122291564941 0.56464612483978271
vt 0.48955315351486206 0.6140555739402771
vt 0.50921320915222168 0.63113254308700562
vt 0.51211106777191162 0.63133454322814941
vt 0.7050023078918457 0.7630012035369873
vt 0.69215720891952515 0.75301212072372437
vt 0.70930415391921997 0.74980348348617554
vt 0.70091754198074341 0.78173536062240601
vt 0.69249379634857178 0.77550840377807617
vt 0.68742316961288452 0.79257780313491821
vt 0.71662402153015137 0.73909574747085571
vt 0.72703087329864502 0.75281608104705811
vt 0.71956634521484375 0.76025736331939697
vt 0.7177465558052063 0.73185276985168457
vt 0.71444964408874512 0.77425020933151245
vt 0.72349363565444946 0.78217184543609619
vt 0.70952910184860229 0.793182373046875
vt 0.70012563467025757 0.80056118965148926
vt 0.68742316961288452 0.79257780313491821
vt 0.71795117855072021 0.79283338785171509
vt 0.70968300104141235 0.80403482913970947
vt 0.68742316961288452 0.79257780313491821
vt 0.68622517585754395 0.80605602264404297
vt 0.69540464878082275 0.81350213289260864
vt 0.68320238590240479 0.81389057636260986
vt 0.67055743932723999 0.80846172571182251
vt 0.67895162105560303 0.80362337827682495
vt 0.68742316961288452 0.79257780313491821
vt 0.66181522607803345 0.79901647567749023
vt 0.68742316961288452 0.79257780313491821
vt 0.6710624098777771 0.79160690307617188
vt 0.6513410210609436 0.79023146629333496
vt 0.64850372076034546 0.77717465162277222
vt 0.65758955478668213 0.78208434581756592
vt 0.64917498826980591 0.76640444993972778
vt 0.66454696655273438 0.76805883646011353
vt 0.65570753812789917 0.7484123706817627
vt 0.68742316961288452 0.79257780313491821
vt 0.67783188819885254 0.77878671884536743
vt 0.67019742727279663 0.742839515209198
vt 0.67547130584716797 0.75973784923553467
vt 0.66474926471710205 0.73071050643920898
vt 0.68063831329345703 0.73349452018737793
vt 0.6755027174949646 0.71801173686981201
vt 0.68786591291427612 0.72066932916641235
vt 0.68742316961288452 0.79257780313491821
vt 0.68375587463378906 0.77597779035568237
vt 0.69502860307693481 0.73503565788269043
vt 0.69215720891952515 0.75301212072372437
vt 0.68742316961288452 0.79257780313491821
vt 0.69249379634857178 0.77550840377807617
vt 0.69388991594314575 0.71058851480484009
vt 0.70526552200317383 0.72673249244689941
vt 0.70930415391921997 0.74980348348617554
vt 0.70526552200317383 0.72673249244689941
vt 0.67215406894683838 0.81045550107955933
vt 0.66280621290206909 0.80306500196456909
vt 0.69388991594314575 0.71058851480484009
vt 0.68485504388809204 0.69657617807388306
vt 0.70526552200317383 0.72673249244689941
vt 0.73106426000595093 0.64408379793167114
vt 0.71928685903549194 0.67788159847259521
vt 0.70757728815078735 0.64895153045654297
vt 0.69404321908950806 0.67810440063476563
vt 0.71192824840545654 0.70327866077423096
vt 0.73845833539962769 0.57383888959884644
vt 0.7550545334815979 0.56955826282501221
vt 0.73510676622390747 0.6037788987159729
vt 0.6755027174949646 0.71801173686981201
vt 0.73964762687683105 0.67409384250640869
vt 0.74836796522140503 0.65676486492156982
vt 0.76219415664672852 0.69671177864074707
vt 0.72520750761032104 0.69624841213226318
vt 0.75235587358474731 0.72092044353485107
vt 0.74221318960189819 0.74453282356262207
vt 0.7177465558052063 0.73185276985168457
vt 0.72703087329864502 0.75281608104705811
vt 0.79149961471557617 0.58831149339675903
vt 0.83012622594833374 0.52013826370239258
vt 0.80081427097320557 0.59041452407836914
vt 0.77910661697387695 0.59441494941711426
vt 0.76934856176376343 0.67825424671173096
vt 0.72349363565444946 0.78217184543609619
vt 0.5124896764755249 0.36846953630447388
vt 0.51244646310806274 0.30120617151260376
vt 0.51838141679763794 0.3371051549911499
vt 0.50357180833816528 0.36837315559387207
vt 0.5089648962020874 0.22467002272605896
vt 0.50267338752746582 0.224016472697258
vt 0.49477177858352661 0.32157158851623535
vt 0.51178747415542603 0.46427842974662781
vt 0.51785790920257568 0.40678027272224426
vt 0.5191076397895813 0.47323644161224365
vt 0.52190440893173218 0.39760163426399231
vt 0.50508695840835571 0.47833043336868286
vt 0.49328935146331787 0.4325183629989624
vt 0.49732771515846252 0.47966116666793823
vt 0.49092897772789001 0.51772993803024292
vt 0.51398015022277832 0.5241437554359436
vt 0.5243648886680603 0.46122992038726807
vt 0.52102786302566528 0.53671258687973022
vt 0.50505697727203369 0.52930933237075806
vt 0.52520352602005005 0.57582330703735352
vt 0.52660411596298218 0.52796024084091187
vt 0.51793122291564941 0.56464612483978271
vt 0.51045501232147217 0.55905354022979736
vt 0.50206577777862549 0.5655243992805481
vt 0.49761971831321716 0.53294217586517334
vt 0.49515897035598755 0.56753134727478027
vt 0.49169391393661499 0.57622307538986206
vt 0.098424039781093597 0.27203086018562317
vt 0.087395481765270233 0.29264557361602783
vt 0.068237803876399994 0.25107079744338989
vt 0.044580582529306412 0.27759483456611633
vt 0.058957837522029877 0.31005963683128357
vt 0.029303357005119324 0.30642935633659363
vt 0.005514900665730238 0.28303316235542297
vt 0.99589866399765015 0.31393060088157654
vt 0.99223405122756958 0.33240339159965515
vt 0.98027157783508301 0.32478711009025574
vt 0.97432839870452881 0.30658066272735596
vt 0.96727949380874634 0.26714169979095459
vt 0.99260896444320679 0.25349164009094238
vt 0.9810137152671814 0.28210267424583435
vt 0.97223526239395142 0.3411499559879303
vt 0.96374857425689697 0.32152491807937622
vt 0.9640846848487854 0.29001981019973755
vt 0.95391380786895752 0.29960870742797852
vt 0.9557233452796936 0.33382192254066467
vt 0.94673097133636475 0.32340598106384277
vt 0.94268804788589478 0.30417737364768982
vt 0.092859134078025818 0.24241241812705994
vt 0.042371690273284912 0.25502029061317444
vt 0.019376296550035477 0.32838788628578186
vt 0.82881444692611694 0.34418436884880066
vt 0.82360047101974487 0.37929055094718933
vt 0.80063658952713013 0.35099485516548157
vt 0.85084646940231323 0.34595391154289246
vt 0.81189453601837158 0.29087889194488525
vt 0.80893951654434204 0.32981371879577637
vt 0.77304255962371826 0.32435676455497742
vt 0.84450984001159668 0.30842763185501099
vt 0.74147748947143555 0.31299346685409546
vt 0.71920329332351685 0.25857436656951904
vt 0.75312787294387817 0.19350481033325195
vt 0.77411258220672607 0.26424941420555115
vt 0.81791514158248901 0.23825573921203613
vt 0.88215410709381104 0.30852967500686646
vt 0.85961484909057617 0.26511633396148682
vt 0.86266034841537476 0.21092709898948669
vt 0.81887418031692505 0.18020345270633698
vt 0.88598579168319702 0.263517826795578
vt 0.84204238653182983 0.19692109525203705
vt 0.90585601329803467 0.29306477308273315
vt 0.88965690135955811 0.22569374740123749
vt 0.91811710596084595 0.23784343898296356
vt 0.91092991828918457 0.25849059224128723
vt 0.92415422201156616 0.28234770894050598
vt 0.938484787940979 0.244807168841362
vt 0.93749111890792847 0.27518975734710693
vt 0.88126057386398315 0.32152298092842102
vt 0.70384657382965088 0.32666951417922974
vt 0.78298258781433105 0.1543133407831192
vt 0.52520352602005005 0.57582330703735352
vt 0.52660411596298218 0.52796024084091187
vt 0.53148967027664185 0.57300633192062378
vt 0.54816335439682007 0.27263239026069641
vt 0.51838141679763794 0.3371051549911499
vt 0.51244646310806274 0.30120617151260376
vt 0.57244294881820679 0.17429739236831665
vt 0.5089648962020874 0.22467002272605896
vt 0.601898193359375 0.11533699929714203
vt 0.51328521966934204 0.14427380263805389
vt 0.52190440893173218 0.39760163426399231
vt 0.53591334819793701 0.50673443078994751
vt 0.5377238392829895 0.57115501165390015
vt 0.5558621883392334 0.43214359879493713
vt 0.55756950378417969 0.48307785391807556
vt 0.5894806981086731 0.29303231835365295
vt 0.68196272850036621 0.099120765924453735
vt 0.6553342342376709 0.1520894467830658
vt 0.74280458688735962 0.12731677293777466
vt 0.60330051183700562 0.21253624558448792
vt 0.558402419090271 0.37873807549476624
vt 0.58889502286911011 0.40428060293197632
vt 0.70931220054626465 0.18735000491142273
vt 0.66085696220397949 0.24248158931732178
vt 0.57983356714248657 0.51510339975357056
vt 0.55122226476669312 0.51721334457397461
vt 0.58681625127792358 0.46867796778678894
vt 0.71920329332351685 0.25857436656951904
vt 0.75312787294387817 0.19350481033325195
vt 0.62528133392333984 0.32683780789375305
vt 0.64180409908294678 0.38103923201560974
vt 0.70384657382965088 0.32666951417922974
vt 0.61801350116729736 0.44529110193252563
vt 0.59601444005966187 0.55938774347305298
vt 0.57533395290374756 0.54934769868850708
vt 0.60768973827362061 0.50509750843048096
vt 0.58823966979980469 0.58453035354614258
vt 0.68019038438796997 0.3744874894618988
vt 0.6309625506401062 0.50400114059448242
vt 0.65182662010192871 0.4418061375617981
vt 0.54060232639312744 0.076887466013431549
vt 0.60315942764282227 0.080992236733436584
vt 0.5544624924659729 0.57955455780029297
vt 0.556610107421875 0.54556405544281006
vt 0.57019877433776855 0.5788455605506897
vt 0.62358379364013672 0.56958305835723877
vt 0.60788822174072266 0.54455083608627319
vt 0.60830610990524292 0.60966271162033081
vt 0.41205272078514099 0.451027512550354
vt 0.41096490621566772 0.50779867172241211
vt 0.39974468946456909 0.46343231201171875
vt 0.38918980956077576 0.38459101319313049
vt 0.35426366329193115 0.28884786367416382
vt 0.31420260667800903 0.26322603225708008
vt 0.35465332865715027 0.25863486528396606
vt 0.40594738721847534 0.37505072355270386
vt 0.30175653100013733 0.20959992706775665
vt 0.45065605640411377 0.56291186809539795
vt 0.4286733865737915 0.5648266077041626
vt 0.43213483691215515 0.54612618684768677
vt 0.47119823098182678 0.5400855541229248
vt 0.4192982017993927 0.31629225611686707
vt 0.39361846446990967 0.24140430986881256
vt 0.32983121275901794 0.18738088011741638
vt 0.3625938892364502 0.079722411930561066
vt 0.37876793742179871 0.17227828502655029
vt 0.43416491150856018 0.3853251039981842
vt 0.46686327457427979 0.428153395652771
vt 0.44694191217422485 0.47232958674430847
vt 0.42421776056289673 0.2006249725818634
vt 0.29587471485137939 0.10463154315948486
vt 0.47704151272773743 0.56766867637634277
vt 0.44670394062995911 0.26901194453239441
vt 0.47003668546676636 0.49711963534355164
vt 0.45610010623931885 0.3482498824596405
vt 0.4714113175868988 0.10515341907739639
vt 0.45327520370483398 0.06859094649553299
vt 0.47875583171844482 0.18778719007968903
vt 0.48106798529624939 0.42171758413314819
vt 0.48470953106880188 0.53392165899276733
vt 0.47602969408035278 0.31692421436309814
vt 0.49092897772789001 0.51772993803024292
vt 0.48260486125946045 0.48366624116897583
vt 0.49477177858352661 0.32157158851623535
vt 0.49328935146331787 0.4325183629989624
vt 0.40842330455780029 0.57384991645812988
vt 0.30175653100013733 0.20959992706775665
vt 0.24184584617614746 0.13908818364143372
vt 0.49169391393661499 0.57622307538986206
vt 0.54060232639312744 0.076887466013431549
vt 0.51328521966934204 0.14427380263805389
vt 0.50267338752746582 0.224016472697258
vt 0.13004021346569061 0.25190526247024536
vt 0.092859134078025818 0.24241241812705994
vt 0.11940442025661469 0.23022058606147766
vt 0.95153558254241943 0.24817557632923126
vt 0.9477381706237793 0.27629971504211426
vt 0.93749111890792847 0.27518975734710693
vt 0.96762144565582275 0.2510579526424408
vt 0.99260896444320679 0.25349164009094238
vt 0.96727949380874634 0.26714169979095459
vt 0.18956570327281952 0.18082655966281891
vt 0.24184584617614746 0.13908818364143372
vt 0.23584045469760895 0.18770666420459747
vt 0.33483797311782837 0.3054652214050293
vt 0.31420260667800903 0.26322603225708008
vt 0.35426366329193115 0.28884786367416382
vt 0.27538034319877625 0.2281067818403244
vt 0.30175653100013733 0.20959992706775665
vt 0.33312678337097168 0.59539806842803955
vt 0.35908165574073792 0.62732720375061035
vt 0.35079470276832581 0.63592243194580078
vt 0.32534965872764587 0.55874228477478027
vt 0.31468096375465393 0.55511379241943359
vt 0.30963921546936035 0.50313878059387207
vt 0.2762196958065033 0.42837038636207581
vt 0.23163029551506042 0.36952054500579834
vt 0.23553290963172913 0.3296053409576416
vt 0.18358178436756134 0.29666933417320251
vt 0.34191069006919861 0.57203036546707153
vt 0.29436296224594116 0.51126033067703247
vt 0.30013301968574524 0.4381956160068512
vt 0.36690974235534668 0.61642366647720337
vt 0.27814981341362 0.35638093948364258
vt 0.19025935232639313 0.2326848953962326
vt 0.14791285991668701 0.21115590631961823
vt 0.36865127086639404 0.58409619331359863
vt 0.35450059175491333 0.52872174978256226
vt 0.33303800225257874 0.46742486953735352
vt 0.3236941397190094 0.37710964679718018
vt 0.2463623434305191 0.25307011604309082
vt 0.28979578614234924 0.29766702651977539
vt 0.35385671257972717 0.44112098217010498
vt 0.27538034319877625 0.2281067818403244
vt 0.31320521235466003 0.30518621206283569
vt 0.34479784965515137 0.36854836344718933
vt 0.37312918901443481 0.4258444607257843
vt 0.39973992109298706 0.53893595933914185
vt 0.40842330455780029 0.57384991645812988
vt 0.38786730170249939 0.59279263019561768
vt 0.31420260667800903 0.26322603225708008
vt 0.33483797311782837 0.3054652214050293
vt 0.35871809720993042 0.36139371991157532
vt 0.39974468946456909 0.46343231201171875
vt 0.38458400964736938 0.48739394545555115
vt 0.38030079007148743 0.39727956056594849
vt 0.13004021346569061 0.25190526247024536
vt 0.11940442025661469 0.23022058606147766
vt 0.41096490621566772 0.50779867172241211
vt 0.35657626390457153 0.32687190175056458
vt 0.42651164531707764 0.51112443208694458
vt 0.18956570327281952 0.18082655966281891
vt 0.98118484020233154 0.39006456732749939
vt 0.97340619564056396 0.37897613644599915
vt 0.78651773929595947 0.80794572830200195
vt 0.81781572103500366 0.80045437812805176
vt 0.37674671411514282 0.69659167528152466
vt 0.43348073959350586 0.58261615037918091
vt 0.73964762687683105 0.67409384250640869
vt 0.84402734041213989 0.44634434580802917
vt 0.82670515775680542 0.47756293416023254
vt 0.97223526239395142 0.3411499559879303
vt 0.85379266738891602 0.45756819844245911
vt 0.77312076091766357 0.7978280782699585
vt 0.68019038438796997 0.3744874894618988
vt 0.74147748947143555 0.31299346685409546
vt 0.94696187973022461 0.39361724257469177
vt 0.018096225336194038 0.25545012950897217
vt 0.44978168606758118 0.52462083101272583
vt 0.42651164531707764 0.51112443208694458
vt 0.42565539479255676 0.44772922992706299
vt 0.38030079007148743 0.39727956056594849
vt 0.35657626390457153 0.32687190175056458
vt 0.35426366329193115 0.28884786367416382
vt 0.32569628953933716 0.64364498853683472
vt 0.35079470276832581 0.63592243194580078
vt 0.94762676954269409 0.38829907774925232
vt 0.050295539200305939 0.42460224032402039
vt 0.71795117855072021 0.79283338785171509
vt 0.66280621290206909 0.80306500196456909
vt 0.81544619798660278 0.79185491800308228
vt 0.94229847192764282 0.77523010969161987
vt 0.39184942841529846 0.65965300798416138
vt 0.43860059976577759 0.61497730016708374
vt 0.52520352602005005 0.57582330703735352
vt 0.5377238392829895 0.57115501165390015
vt 0.60830610990524292 0.60966271162033081
vt 0.60335451364517212 0.6305423378944397
vt 0.94268804788589478 0.30417737364768982
vt 0.91088104248046875 0.30109947919845581
vt 0.89183533191680908 0.3668799102306366
vt 0.82360047101974487 0.37929055094718933
vt 0.85379266738891602 0.45756819844245911
vt 0.86841738224029541 0.38363301753997803
vt 0.94775152206420898 0.37920981645584106
vt 0.93294441699981689 0.33555975556373596
vt 0.079993769526481628 0.37072336673736572
vt 0.040558971464633942 0.33267420530319214
vt 0.058957837522029877 0.31005963683128357
vt 0.069368526339530945 0.78839123249053955
vt 0.97005975246429443 0.52348154783248901
vt 0.015859343111515045 0.51386362314224243
vt 0.79149961471557617 0.58831149339675903
vt 0.70384657382965088 0.32666951417922974
vt 0.64078444242477417 0.67222994565963745
vt 0.60788822174072266 0.54455083608627319
vt 0.94229847192764282 0.77523010969161987
vt 0.96087521314620972 0.85931116342544556
vt 0.78224605321884155 0.91371595859527588
vt 0.4550858736038208 0.58128899335861206
vt 0.60335451364517212 0.6305423378944397
vt 0.42298200726509094 0.62467879056930542
vt 0.89301449060440063 0.41271266341209412
vt 0.88126057386398315 0.32152298092842102
vt 0.9477381706237793 0.27629971504211426
vt 0.51211106777191162 0.63133454322814941
vt 0.52520352602005005 0.57582330703735352
vt 0.6510651707649231 0.75163537263870239
vt 0.7050023078918457 0.7630012035369873
vt 0.7633897066116333 0.51917725801467896
vt 0.83012622594833374 0.52013826370239258
vt 0.82822000980377197 0.4971364438533783
vt 0.85379266738891602 0.45756819844245911
vt 0.70526552200317383 0.72673249244689941
vt 0.51328521966934204 0.14427380263805389
vt 0.076864056289196014 0.31883007287979126
vt 0.13004021346569061 0.25190526247024536
vt 0.040558971464633942 0.33267420530319214
vt 0.9477381706237793 0.27629971504211426
vt 0.94297713041305542 0.33855587244033813
vt 0.5243648886680603 0.46122992038726807
vt 0.78298258781433105 0.1543133407831192
vt 0.938484787940979 0.244807168841362
vt 0.27091836929321289 0.46243277192115784
vt 0.23584045469760895 0.18770666420459747
vt 0.43213483691215515 0.54612618684768677
vt 0.049114421010017395 0.3557833731174469
vt 0.73485380411148071 0.8006865382194519
vt 0.73046445846557617 0.79124993085861206
vt 0.73485380411148071 0.8006865382194519
vt 0.73814010620117188 0.81359350681304932
vt 0.74570673704147339 0.8144991397857666
vt 0.72520750761032104 0.69624841213226318
vt 0.72520750761032104 0.69624841213226318
vt 0.74221318960189819 0.74453282356262207
vt 0.75127434730529785 0.75057387351989746
vt 0.73046445846557617 0.79124993085861206
vt 0.73845833539962769 0.57383888959884644
vt 0.7441335916519165 0.47398728132247925
vt 0.7633897066116333 0.51917725801467896
vt 0.72961962223052979 0.34563750028610229
vt 0.73053008317947388 0.40466296672821045
vt 0.74570673704147339 0.8144991397857666
vt 0.81472319364547729 0.79531294107437134
vt 0.72845727205276489 0.76762515306472778
vt 0.77963703870773315 0.80858391523361206
vt 0.77963703870773315 0.80858391523361206
vt 0.72845727205276489 0.76762515306472778
vt 0.80326104164123535 0.78991705179214478
vt 0.80326104164123535 0.78991705179214478
vt 0.81500351428985596 0.8028295636177063
vt 0.86411714553833008 0.8281409740447998
vt 0.78224605321884155 0.91371595859527588
vt 0.81500351428985596 0.8028295636177063
vt 0.72845727205276489 0.76762515306472778
vt 0.72845727205276489 0.76762515306472778
vt 0.72703087329864502 0.75281608104705811
vt 0.72703087329864502 0.75281608104705811
vt 0.73106426000595093 0.64408379793167114
vt 0.74221318960189819 0.74453282356262207
vt 0.72520750761032104 0.69624841213226318
vt 0.75235587358474731 0.72092044353485107
vt 0.74221318960189819 0.74453282356262207
vt 0.72703087329864502 0.75281608104705811
vt 0.75312787294387817 0.19350481033325195
vt 0.77411258220672607 0.26424941420555115
vt 0.74147748947143555 0.31299346685409546
vt 0.74147748947143555 0.31299346685409546
vt 0.74280458688735962 0.12731677293777466
vt 0.75312787294387817 0.19350481033325195
vt 0.73814010620117188 0.81359350681304932
vt 0.73814010620117188 0.81359350681304932
vt 0.73485380411148071 0.8006865382194519
vt 0.73106426000595093 0.64408379793167114
vt 0.72520750761032104 0.69624841213226318
vt 0.74221318960189819 0.74453282356262207
vt 0.75127434730529785 0.75057387351989746
vt 0.73053008317947388 0.40466296672821045
vt 0.7441335916519165 0.47398728132247925
vt 0.73053008317947388 0.40466296672821045
vt 0.72961962223052979 0.34563750028610229
vt 0.74147748947143555 0.31299346685409546
vt 0.72961962223052979 0.34563750028610229
vt 0.81500351428985596 0.8028295636177063
vt 0.72845727205276489 0.76762515306472778
vt 0.78224605321884155 0.91371595859527588
vt 0.78224605321884155 0.91371595859527588
vt 0.73845833539962769 0.57383888959884644
vt 0.73510676622390747 0.6037788987159729
vt 0.73510676622390747 0.6037788987159729
vt 0.72520750761032104 0.69624841213226318
vt 0.75312787294387817 0.19350481033325195
vt 0.74280458688735962 0.12731677293777466
vt 0.50041162967681885 0.63076221942901611
vt 0.59469813108444214 0.73835510015487671
vt 0.52516353130340576 0.58838021755218506
vt 0.52516353130340576 0.58838021755218506
vt 0.51608198881149292 0.56386804580688477
vt 0.55064791440963745 0.58425819873809814
vt 0.50984954833984375 0.58631682395935059
vt 0.53318345546722412 0.58629536628723145
vt 0.51608198881149292 0.56386804580688477
vt 0.50984954833984375 0.58631682395935059
vt 0.51344060897827148 0.61122077703475952
vt 0.5282328724861145 0.60246014595031738
vt 0.50984954833984375 0.58631682395935059
vt 0.50085365772247314 0.62053805589675903
vt 0.51344060897827148 0.61122077703475952
vt 0.50085365772247314 0.62053805589675903
vt 0.50921320915222168 0.63113254308700562
vt 0.50264948606491089 0.61713910102844238
vt 0.50528997182846069 0.60225707292556763
vt 0.50917547941207886 0.59583288431167603
vt 0.50528997182846069 0.60225707292556763
vt 0.5057978630065918 0.5801234245300293
vt 0.50502932071685791 0.57214879989624023
vt 0.5057978630065918 0.5801234245300293
vt 0.50206577777862549 0.5655243992805481
vt 0.50502932071685791 0.57214879989624023
vt 0.50206577777862549 0.5655243992805481
vt 0.50563031435012817 0.62602043151855469
vt 0.50264948606491089 0.61713910102844238
vt 0.51211106777191162 0.63133454322814941
vt 0.50041162967681885 0.63076221942901611
vt 0.50357180833816528 0.36837315559387207
vt 0.50267338752746582 0.224016472697258
vt 0.5089648962020874 0.22467002272605896
vt 0.50357180833816528 0.36837315559387207
vt 0.50508695840835571 0.47833043336868286
vt 0.50505697727203369 0.52930933237075806
vt 0.50508695840835571 0.47833043336868286
vt 0.50206577777862549 0.5655243992805481
vt 0.50505697727203369 0.52930933237075806
vt 0.50206577777862549 0.5655243992805481
vt 0.50267338752746582 0.224016472697258
vt 0.54060232639312744 0.076887466013431549
vt 0.51328521966934204 0.14427380263805389
vt 0.50267338752746582 0.224016472697258
vt 0.59469813108444214 0.73835510015487671
vt 0.52516353130340576 0.58838021755218506
vt 0.51608198881149292 0.56386804580688477
vt 0.51608198881149292 0.56386804580688477
vt 0.50984954833984375 0.58631682395935059
vt 0.50085365772247314 0.62053805589675903
vt 0.50528997182846069 0.60225707292556763
vt 0.50357180833816528 0.36837315559387207
vt 0.50508695840835571 0.47833043336868286
vt 0.50505697727203369 0.52930933237075806
vt 0.77312076091766357 0.7978280782699585
vt 0.7550545334815979 0.56955826282501221
vt 0.75726026296615601 0.61403340101242065
vt 0.76813793182373047 0.56966906785964966
vt 0.75726026296615601 0.61403340101242065
vt 0.75235587358474731 0.72092044353485107
vt 0.75127434730529785 0.75057387351989746
vt 0.75127434730529785 0.75057387351989746
vt 0.76437711715698242 0.75786954164505005
vt 0.76437711715698242 0.75786954164505005
vt 0.76788735389709473 0.43741610646247864
vt 0.78228795528411865 0.46489113569259644
vt 0.76788735389709473 0.43741610646247864
vt 0.76493042707443237 0.36626076698303223
vt 0.77304255962371826 0.32435676455497742
vt 0.76493042707443237 0.36626076698303223
vt 0.81472319364547729 0.79531294107437134
vt 0.80326104164123535 0.78991705179214478
vt 0.7550545334815979 0.56955826282501221
vt 0.74836796522140503 0.65676486492156982
vt 0.76219415664672852 0.69671177864074707
vt 0.76219415664672852 0.69671177864074707
vt 0.75235587358474731 0.72092044353485107
vt 0.75726026296615601 0.61403340101242065
vt 0.74836796522140503 0.65676486492156982
vt 0.75726026296615601 0.61403340101242065
vt 0.79251796007156372 0.7467801570892334
vt 0.76437711715698242 0.75786954164505005
vt 0.77312076091766357 0.7978280782699585
vt 0.79251796007156372 0.7467801570892334
vt 0.77304255962371826 0.32435676455497742
vt 0.78651773929595947 0.80794572830200195
vt 0.74570673704147339 0.8144991397857666
vt 0.78651773929595947 0.80794572830200195
vt 0.77312076091766357 0.7978280782699585
vt 0.7550545334815979 0.56955826282501221
vt 0.76813793182373047 0.56966906785964966
vt 0.76493042707443237 0.36626076698303223
vt 0.77304255962371826 0.32435676455497742
vt 0.77411258220672607 0.26424941420555115
vt 0.69540464878082275 0.81350213289260864
vt 0.70688080787658691 0.81413388252258301
vt 0.69540464878082275 0.81350213289260864
vt 0.6755027174949646 0.71801173686981201
vt 0.68485504388809204 0.69657617807388306
vt 0.69069749116897583 0.55093812942504883
vt 0.67813658714294434 0.62572008371353149
vt 0.69683170318603516 0.4500255286693573
vt 0.7222057580947876 0.53039634227752686
vt 0.69069749116897583 0.55093812942504883
vt 0.68019038438796997 0.3744874894618988
vt 0.69184792041778564 0.39414539933204651
vt 0.69683170318603516 0.4500255286693573
vt 0.78224605321884155 0.91371595859527588
vt 0.70028573274612427 0.81388503313064575
vt 0.69441032409667969 0.78514504432678223
vt 0.69441032409667969 0.78514504432678223
vt 0.69501310586929321 0.76176625490188599
vt 0.69441032409667969 0.78514504432678223
vt 0.69501310586929321 0.76176625490188599
vt 0.71435487270355225 0.75461721420288086
vt 0.69501310586929321 0.76176625490188599
vt 0.71435487270355225 0.75461721420288086
vt 0.7116621732711792 0.7911454439163208
vt 0.69501310586929321 0.76176625490188599
vt 0.71435487270355225 0.75461721420288086
vt 0.67895162105560303 0.80362337827682495
vt 0.68622517585754395 0.80605602264404297
vt 0.68320238590240479 0.81389057636260986
vt 0.67895162105560303 0.80362337827682495
vt 0.67895162105560303 0.80362337827682495
vt 0.67783188819885254 0.77878671884536743
vt 0.67547130584716797 0.75973784923553467
vt 0.67783188819885254 0.77878671884536743
vt 0.68063831329345703 0.73349452018737793
vt 0.68063831329345703 0.73349452018737793
vt 0.67547130584716797 0.75973784923553467
vt 0.68320238590240479 0.81389057636260986
vt 0.68196272850036621 0.099120765924453735
vt 0.70931220054626465 0.18735000491142273
vt 0.68196272850036621 0.099120765924453735
vt 0.70931220054626465 0.18735000491142273
vt 0.71920329332351685 0.25857436656951904
vt 0.70384657382965088 0.32666951417922974
vt 0.68019038438796997 0.3744874894618988
vt 0.71920329332351685 0.25857436656951904
vt 0.68019038438796997 0.3744874894618988
vt 0.70028573274612427 0.81388503313064575
vt 0.70688080787658691 0.81413388252258301
vt 0.70028573274612427 0.81388503313064575
vt 0.67813658714294434 0.62572008371353149
vt 0.68485504388809204 0.69657617807388306
vt 0.67813658714294434 0.62572008371353149
vt 0.67813658714294434 0.62572008371353149
vt 0.69069749116897583 0.55093812942504883
vt 0.69683170318603516 0.4500255286693573
vt 0.7116621732711792 0.7911454439163208
vt 0.7116621732711792 0.7911454439163208
vt 0.67895162105560303 0.80362337827682495
vt 0.67783188819885254 0.77878671884536743
vt 0.67547130584716797 0.75973784923553467
vt 0.6755027174949646 0.71801173686981201
vt 0.68063831329345703 0.73349452018737793
vt 0.70931220054626465 0.18735000491142273
vt 1.0047396421432495 0.38933539390563965
vt 1.0159000158309937 0.34106230735778809
vt 1.0067458152770996 0.35961619019508362
vt 1.0067458152770996 0.35961619019508362
vt 1.0047396421432495 0.38933539390563965
vt 1.0292086601257324 0.71611958742141724
vt 1.0048987865447998 0.78084439039230347
vt 1.004957914352417 0.56212723255157471
vt 1.0383620262145996 0.67278915643692017
vt 1.0292086601257324 0.71611958742141724
vt 1.0158593654632568 0.51386362314224243
vt 1.004957914352417 0.56212723255157471
vt 1.0048987865447998 0.78084439039230347
vt 1.0163618326187134 0.40425801277160645
vt 1.0240061283111572 0.44309112429618835
vt 1.0240061283111572 0.44309112429618835
vt 1.0201245546340942 0.48419085144996643
vt 1.0163618326187134 0.40425801277160645
vt 1.171384334564209 0.92308729887008667
vt 1.171384334564209 0.92308729887008667
vt 1.019376277923584 0.32838788628578186
vt 1.0180962085723877 0.25545012950897217
vt 1.0055148601531982 0.28303316235542297
vt 1.0055148601531982 0.28303316235542297
vt 1.0047396421432495 0.38933539390563965
vt 1.0163618326187134 0.40425801277160645
vt 1.0067458152770996 0.35961619019508362
vt 1.0159000158309937 0.34106230735778809
vt 1.0159000158309937 0.34106230735778809
vt 1.019376277923584 0.32838788628578186
vt 1.0292086601257324 0.71611958742141724
vt 1.0383620262145996 0.67278915643692017
vt 1.0117443799972534 0.60582756996154785
vt 1.0117443799972534 0.60582756996154785
vt 1.0117443799972534 0.60582756996154785
vt 1.004957914352417 0.56212723255157471
vt 1.0201245546340942 0.48419085144996643
vt 1.0158593654632568 0.51386362314224243
vt 1.0201245546340942 0.48419085144996643
vt 1.0776197910308838 0.83601647615432739
vt 1.0048987865447998 0.78084439039230347
vt 1.0776197910308838 0.83601647615432739
vt 1.171384334564209 0.92308729887008667
vt 1.0048987865447998 0.78084439039230347
vt 1.019376277923584 0.32838788628578186
vt 1.0293033123016357 0.30642935633659363
vt 1.0293033123016357 0.30642935633659363
vt 1.0055148601531982 0.28303316235542297
vt 1.0055148601531982 0.28303316235542297
vn -0.82634586095809937 -0.35915669798851013 -0.4337729811668396
vn -0.85198253393173218 -0.3030761182308197 -0.42693161964416504
vn -0.59803539514541626 -0.56513774394989014 -0.56830716133117676
vn -0.96733683347702026 -0.028699742630124092 -0.25186461210250854
vn -0.65067487955093384 -0.50384563207626343 -0.56812131404876709
vn -0.86436921358108521 -0.24529847502708435 -0.43896988034248352
vn -0.95679408311843872 -0.043484006077051163 -0.28749647736549377
vn -0.86353331804275513 -0.16543875634670258 -0.47638240456581116
vn -0.74248266220092773 -0.38305523991584778 -0.54953449964523315
vn -0.95024031400680542 0.026719966903328896 -0.3103698194026947
vn -0.30849608778953552 -0.68874120712280273 -0.65609884262084961
vn 0.95139169692993164 -0.29645952582359314 0.083460234105587006
vn 0.95139169692993164 -0.29645952582359314 0.083460234105587006
vn 0.95139169692993164 -0.29645952582359314 0.083460234105587006
vn 0.015366739593446255 0.81142646074295044 0.58425253629684448
vn 0.17304426431655884 0.97469794750213623 0.14149048924446106
vn -0.077066689729690552 0.98717772960662842 0.13978879153728485
vn -0.060906179249286652 0.82981258630752563 0.55470848083496094
vn -0.42247211933135986 0.90616822242736816 0.019403411075472832
vn -0.5240514874458313 0.85151875019073486 0.016907155513763428
vn -0.25688949227333069 0.84053432941436768 0.47697988152503967
vn -0.35214123129844666 0.81710642576217651 0.45643585920333862
vn -0.60824859142303467 0.79374605417251587 0.00091522512957453728
vn -0.0387110635638237 0.67985415458679199 0.73232489824295044
vn -0.67583197355270386 0.62384492158889771 0.39251583814620972
vn -0.73658221960067749 0.57909971475601196 0.34941405057907104
vn -0.4054095447063446 0.64409202337265015 0.64868217706680298
vn -0.72060811519622803 0.5656353235244751 0.40097463130950928
vn -0.88211864233016968 0.45544511079788208 0.12015191465616226
vn -0.89038091897964478 0.42389804124832153 0.16592833399772644
vn -0.70821875333786011 0.55302125215530396 0.43885496258735657
vn -0.37455669045448303 0.62964093685150146 0.68063175678253174
vn -0.69136863946914673 0.54175925254821777 0.47802338004112244
vn -0.39967966079711914 0.61817842721939087 0.67683941125869751
vn -0.36942708492279053 0.61708509922027588 0.69478744268417358
vn -0.17738372087478638 0.62630468606948853 0.75912940502166748
vn -0.6856766939163208 0.53180009126663208 0.49702727794647217
vn -0.9207531213760376 0.36753746867179871 0.13088120520114899
vn -0.90174275636672974 0.38003954291343689 0.20598524808883667
vn -0.96533459424972534 0.25943118333816528 0.028716374188661575
vn -0.84852182865142822 0.41721513867378235 0.32548770308494568
vn -0.67780286073684692 0.52721297740936279 0.51247411966323853
vn -0.26770073175430298 0.62967592477798462 0.72927671670913696
vn -0.64500850439071655 0.45745021104812622 0.61213016510009766
vn -0.67715215682983398 0.37662169337272644 0.6321558952331543
vn -0.90796208381652832 0.037430386990308762 0.41737726330757141
vn -0.34778299927711487 0.69572615623474121 0.62849992513656616
vn -0.27430239319801331 0.66704797744750977 0.69267970323562622
vn -0.073760010302066803 0.77961921691894531 0.6218949556350708
vn -0.29962611198425293 0.61242115497589111 0.73154938220977783
vn -0.67606872320175171 0.32478851079940796 0.66139507293701172
vn -0.91454964876174927 -0.010885669849812984 0.4043271541595459
vn -0.89868521690368652 -0.043500661849975586 0.43643167614936829
vn -0.65162360668182373 -0.0020816558972001076 0.75853961706161499
vn -0.40932655334472656 0.42151564359664917 0.80918252468109131
vn -0.50723886489868164 0.067781962454319 0.85913580656051636
vn -0.48476937413215637 -0.54018986225128174 0.68789064884185791
vn -0.75060915946960449 -0.41301429271697998 0.51575684547424316
vn -0.78204351663589478 0.28120043873786926 0.55617827177047729
vn -0.88754427433013916 -0.13112920522689819 0.44166767597198486
vn -0.83925390243530273 -0.49429881572723389 0.22654266655445099
vn 0.25109300017356873 -0.17894940078258514 0.95127779245376587
vn 0.34766572713851929 -0.010172414593398571 0.93756335973739624
vn 0.6085737943649292 -0.47900602221488953 0.6326066255569458
vn 0.44619995355606079 0.021731376647949219 0.89466941356658936
vn 0.58307480812072754 -0.062131714075803757 0.81003910303115845
vn 0.23810578882694244 0.31480073928833008 0.91880691051483154
vn 0.65704518556594849 -0.048735462129116058 0.75227415561676025
vn 0.32002401351928711 0.28022772073745728 0.90501773357391357
vn 0.044915258884429932 0.49407365918159485 0.86825907230377197
vn 0.60783237218856812 0.088413745164871216 0.7891278862953186
vn 0.81555753946304321 -0.14126899838447571 0.56116747856140137
vn 0.86520755290985107 -0.12437057495117188 0.48574459552764893
vn 0.31334397196769714 0.33761581778526306 0.88759851455688477
vn 0.025009194388985634 0.5252068042755127 0.85060703754425049
vn 0.63145601749420166 0.15265849232673645 0.76023596525192261
vn 0.33362263441085815 0.3954322338104248 0.85576242208480835
vn 0.12495282292366028 0.5721549391746521 0.81057107448577881
vn 0.94799882173538208 -0.14533708989620209 0.28315255045890808
vn 0.87610560655593872 -0.030386755242943764 0.48116064071655273
vn 0.71404409408569336 0.2145654708147049 0.66641026735305786
vn 0.39804080128669739 0.48886662721633911 0.77625572681427002
vn 0.74115091562271118 -0.60473978519439697 0.29152202606201172
vn 0.82567346096038818 -0.55563205480575562 0.097654245793819427
vn 0.48602846264839172 -0.84761899709701538 0.21288114786148071
vn 0.94683188199996948 -0.29123738408088684 0.1367122083902359
vn 0.26722604036331177 -0.9482351541519165 -0.1715819388628006
vn 0.19911444187164307 -0.97690743207931519 0.077493935823440552
vn -0.42195969820022583 -0.75530946254730225 -0.50145554542541504
vn -0.20649813115596771 -0.96782374382019043 -0.14379063248634338
vn -0.16486561298370361 -0.89515900611877441 -0.41413724422454834
vn -0.0013894557487219572 -0.998790442943573 0.049149859696626663
vn 0.042422719299793243 -0.9757886528968811 -0.21456189453601837
vn -0.4683188796043396 -0.79022318124771118 -0.3952527642250061
vn 0.56578117609024048 -0.57773435115814209 0.58831512928009033
vn 0.86932486295700073 -0.31794145703315735 0.3784012496471405
vn -0.23867952823638916 -0.97107017040252686 0.0074067753739655018
vn 0.2440989762544632 -0.89829170703887939 0.36535972356796265
vn -0.014833319000899792 -0.93820804357528687 0.34575375914573669
vn -0.49386250972747803 -0.85067075490951538 -0.1801641434431076
vn -0.32380443811416626 -0.92916810512542725 0.17831805348396301
vn 0.14567719399929047 -0.67280012369155884 0.72534000873565674
vn -0.18443106114864349 -0.83035558462142944 0.52582770586013794
vn 0.36140969395637512 -0.44967201352119446 0.81680971384048462
vn 0.60478353500366211 -0.086768761277198792 0.7916489839553833
vn -0.57203447818756104 -0.81413531303405762 -0.099800936877727509
vn -0.44672784209251404 -0.85003352165222168 0.27906498312950134
vn 0.2462683767080307 -0.23976331949234009 0.93907690048217773
vn 0.46968761086463928 0.083821646869182587 0.87884438037872314
vn -0.13656692206859589 -0.47385522723197937 0.86994868516921997
vn -0.63221925497055054 -0.7733801007270813 0.046712432056665421
vn -0.6281391978263855 -0.77804172039031982 0.0096045248210430145
vn -0.5279579758644104 -0.68506604433059692 0.50194114446640015
vn -0.40670061111450195 -0.86054754257202148 0.30667984485626221
vn 0.26674067974090576 -0.27106383442878723 0.92486423254013062
vn -0.035465080291032791 -0.096939638257026672 0.99465817213058472
vn 0.3161468505859375 0.18916857242584229 0.92965930700302124
vn -0.1786121279001236 -0.44704517722129822 0.87649774551391602
vn -0.40057826042175293 -0.29084408283233643 0.86887675523757935
vn -0.71048378944396973 -0.70361024141311646 0.012059764005243778
vn -0.68084198236465454 -0.54783910512924194 0.48613426089286804
vn -0.31746414303779602 0.021373812109231949 0.94802933931350708
vn 0.11698027700185776 0.26362240314483643 0.95750659704208374
vn -0.63694125413894653 -0.23059816658496857 0.73561561107635498
vn -0.81836867332458496 -0.44487231969833374 0.36381497979164124
vn -0.51256805658340454 0.15062896907329559 0.84533125162124634
vn -0.078223139047622681 0.37480625510215759 0.92379724979400635
vn -0.77863806486129761 -0.61443901062011719 -0.12723012268543243
vn -0.2201930433511734 0.45242142677307129 0.86419320106506348
vn -0.75757032632827759 -0.1578192412853241 0.6333879828453064
vn -0.38256251811981201 0.46189454197883606 0.80018705129623413
vn -0.90375739336013794 -0.30155259370803833 0.30379033088684082
vn -0.77677327394485474 -0.040352646261453629 0.62848621606826782
vn -0.88597679138183594 -0.46372464299201965 0.0021499039139598608
vn -0.82494854927062988 -0.53420740365982056 -0.18461397290229797
vn -0.59105777740478516 0.25878334045410156 0.76399075984954834
vn 0.31443127989768982 0.39775526523590088 0.861930251121521
vn 0.015094572678208351 0.56628531217575073 0.82407104969024658
vn 0.30305624008178711 0.45607757568359375 0.83674973249435425
vn 0.59207320213317871 0.30319592356681824 0.74667364358901978
vn 0.48782545328140259 0.22250796854496002 0.84410691261291504
vn 0.79962033033370972 0.13985145092010498 0.58399391174316406
vn 0.7022208571434021 0.095775425434112549 0.70548772811889648
vn 0.96051102876663208 -0.10090000927448273 0.25930240750312805
vn 0.88624876737594604 -0.053473606705665588 0.46011269092559814
vn 0.94868570566177368 -0.20547619462013245 0.24036413431167603
vn 0.92882472276687622 -0.33509746193885803 -0.15809610486030579
vn 0.69788259267807007 -0.039655942469835281 0.71511346101760864
vn 0.089461788535118103 0.38554295897483826 0.91834264993667603
vn -0.018029646947979927 0.50587409734725952 0.86241888999938965
vn 0.91747665405273438 -0.24890559911727905 0.31029430031776428
vn 0.29489120841026306 0.11699209362268448 0.9483417272567749
vn 0.52657598257064819 -0.179575115442276 0.83094555139541626
vn 0.86156445741653442 -0.34562090039253235 0.37182372808456421
vn -0.04226207360625267 0.27853798866271973 0.959494948387146
vn -0.08324982225894928 -0.045481476932764053 0.99549025297164917
vn 0.72221338748931885 -0.52838915586471558 0.44633248448371887
vn 0.3342595100402832 -0.41419610381126404 0.84658855199813843
vn -0.24787797033786774 -0.3561113178730011 0.9009668231010437
vn -0.54229158163070679 -0.61430352926254272 0.57319366931915283
vn 0.2591269314289093 -0.80579805374145508 0.53248733282089233
vn -0.10284824669361115 -0.91010725498199463 0.40140634775161743
vn -0.47987207770347595 -0.76606541872024536 0.42762899398803711
vn -0.21643760800361633 -0.94902408123016357 0.22914637625217438
vn 0.19416892528533936 -0.96253347396850586 0.18928210437297821
vn -0.58102983236312866 -0.75520479679107666 0.30343055725097656
vn -0.7618558406829834 -0.59085386991500854 0.26545706391334534
vn -0.75068205595016479 -0.52857530117034912 0.39633902907371521
vn 0.42663842439651489 -0.89440196752548218 -0.13425619900226593
vn 0.1874561607837677 -0.98209524154663086 -0.018683578819036484
vn 0.15033435821533203 -0.98756504058837891 0.045987591147422791
vn -0.48645779490470886 -0.85933810472488403 0.15778717398643494
vn -0.31667527556419373 -0.93693584203720093 0.14787815511226654
vn -0.033571619540452957 -0.99845850467681885 0.044199634343385696
vn -0.67928391695022583 -0.71669846773147583 0.15785002708435059
vn 0.37495148181915283 -0.91296058893203735 -0.16097921133041382
vn -0.020848680287599564 -0.99778854846954346 -0.06311352550983429
vn -0.20450489223003387 -0.97886472940444946 0.0012484426843002439
vn -0.44152677059173584 -0.89609324932098389 0.045508492738008499
vn -0.65270566940307617 -0.75150156021118164 0.096024587750434875
vn -0.8606572151184082 -0.4767020046710968 0.17895345389842987
vn -0.84277701377868652 -0.52207916975021362 0.13099710643291473
vn 0.68259698152542114 -0.6873130202293396 -0.24831880629062653
vn 0.59682726860046387 0.62693166732788086 -0.50075334310531616
vn 0.45965117216110229 0.81411606073379517 -0.3548743724822998
vn 0.70383751392364502 0.65132564306259155 -0.28352710604667664
vn 0.68150967359542847 0.50790965557098389 -0.5268513560295105
vn 0.45551714301109314 0.58094459772109985 -0.67454242706298828
vn 0.78656172752380371 0.52140569686889648 -0.33084243535995483
vn 0.79284787178039551 0.58086669445037842 -0.18435345590114594
vn 0.69062131643295288 0.69806391000747681 0.18907397985458374
vn 0.8673214316368103 0.39505243301391602 -0.3027988076210022
vn 0.85328680276870728 0.40038597583770752 -0.3340548574924469
vn 0.85054188966751099 0.4566575288772583 -0.26084932684898376
vn 0.9044499397277832 0.25141051411628723 -0.34462016820907593
vn 0.89466381072998047 0.33438432216644287 -0.2962496280670166
vn 0.93537545204162598 0.20520897209644318 -0.28803136944770813
vn 0.8991667628288269 0.26405027508735657 -0.34896498918533325
vn 0.8883698582649231 0.40276899933815002 -0.22040003538131714
vn 0.92271625995635986 0.031356994062662125 -0.38420236110687256
vn 0.89859026670455933 0.10632243752479553 -0.42571237683296204
vn 0.88712131977081299 0.30510592460632324 -0.34630361199378967
vn 0.96225082874298096 0.024927699938416481 -0.27102023363113403
vn 0.98081457614898682 -0.054856624454259872 -0.18706569075584412
vn 0.98601227998733521 -0.10311906039714813 -0.13094371557235718
vn 0.94478392601013184 -0.0016168155707418919 -0.32768997550010681
vn 0.98679649829864502 -0.10667948424816132 -0.12186958640813828
vn 0.9779629111289978 -0.10622851550579071 -0.17973341047763824
vn 0.96769928932189941 0.23185408115386963 0.099003791809082031
vn 0.97460919618606567 0.22257556021213531 0.024434484541416168
vn 0.94653201103210449 0.31889736652374268 0.048801545053720474
vn 0.99460363388061523 0.1037246435880661 -0.0022035953588783741
vn 0.98890006542205811 0.12998700141906738 0.071972467005252838
vn 0.98885869979858398 -0.13126318156719208 -0.070203110575675964
vn 0.96230846643447876 -0.23971714079380035 -0.12844517827033997
vn 0.97144657373428345 -0.18660922348499298 -0.14652132987976074
vn 0.97715091705322266 -0.20237810909748077 -0.064954876899719238
vn 0.98486560583114624 -0.17029158771038055 0.032256308943033218
vn 0.94474846124649048 -0.31304311752319336 -0.09723372757434845
vn 0.99120301008224487 0.062060203403234482 0.11689775437116623
vn 0.9084705114364624 0.34422621130943298 0.23704351484775543
vn 0.9053071141242981 0.37669488787651062 0.19626496732234955
vn 0.93358910083770752 0.26598691940307617 0.24012990295886993
vn 0.96279865503311157 0.16016025841236115 0.21764053404331207
vn 0.94930696487426758 0.16920129954814911 0.26492863893508911
vn 0.89706498384475708 0.31156304478645325 0.31337347626686096
vn 0.88077223300933838 0.37291115522384644 0.29185199737548828
vn 0.79574131965637207 0.46457183361053467 0.38854694366455078
vn 0.915740966796875 0.26151490211486816 0.30500563979148865
vn 0.88144588470458984 0.35333347320556641 0.31338256597518921
vn 0.96798783540725708 0.19590185582637787 -0.15691390633583069
vn 0.92816847562789917 0.3705938458442688 -0.034109096974134445
vn 0.94648218154907227 0.31151172518730164 0.084450587630271912
vn 0.91585546731948853 0.39780551195144653 0.054401900619268417
vn 0.97663623094558716 0.042539224028587341 0.2106468677520752
vn 0.98823440074920654 -0.073555499315261841 0.13409839570522308
vn 0.98609131574630737 -0.149645134806633 0.072320714592933655
vn 0.88830232620239258 0.44652315974235535 0.10740586370229721
vn 0.87802457809448242 0.42895585298538208 0.21229641139507294
vn 0.86773914098739624 0.48131376504898071 0.12395917624235153
vn 0.74899810552597046 0.64864045381546021 -0.13515684008598328
vn 0.67030739784240723 0.73418176174163818 -0.10800515115261078
vn 0.60299986600875854 0.79642176628112793 -0.045863814651966095
vn 0.52844125032424927 0.83757752180099487 -0.13861355185508728
vn 0.32757905125617981 0.94440233707427979 -0.028216928243637085
vn 0.82926332950592041 0.55205756425857544 -0.086918070912361145
vn 0.79665380716323853 0.59011721611022949 -0.1307837963104248
vn 0.83166265487670898 0.53468680381774902 -0.14982429146766663
vn 0.81282812356948853 0.55641263723373413 0.17238152027130127
vn 0.86758732795715332 0.48791027069091797 -0.096102796494960785
vn 0.81747472286224365 0.57252413034439087 0.062858499586582184
vn 0.35769215226173401 0.90567559003829956 -0.22761376202106476
vn 0.540901780128479 0.81248390674591064 -0.2174745500087738
vn 0.81171619892120361 0.58104288578033447 -0.059211842715740204
vn 0.78205585479736328 0.58923012018203735 -0.20296916365623474
vn 0.86175000667572021 0.49169209599494934 0.12500332295894623
vn 0.85436445474624634 0.51877743005752563 0.030518122017383575
vn 0.88889205455780029 0.4564802348613739 -0.038687113672494888
vn 0.23856836557388306 0.94429981708526611 -0.22667820751667023
vn -0.31399762630462646 0.84439229965209961 -0.43405887484550476
vn -0.10052838921546936 0.98392975330352783 -0.14756783843040466
vn -0.6177864670753479 0.66688406467437744 -0.41665995121002197
vn -0.52470868825912476 0.75696808099746704 -0.38946127891540527
vn -0.53182113170623779 0.56270629167556763 -0.63287276029586792
vn -0.33870857954025269 0.91595333814620972 -0.21518819034099579
vn -0.24252726137638092 0.90608435869216919 -0.3466867208480835
vn -0.69857394695281982 0.6621781587600708 -0.27113553881645203
vn -0.65681743621826172 0.53960949182510376 -0.52669954299926758
vn -0.80039161443710327 0.52792221307754517 -0.28402706980705261
vn -0.73869979381561279 0.47565850615501404 -0.47756844758987427
vn 0.18401555716991425 0.98171120882034302 -0.048799537122249603
vn -0.49452179670333862 0.8278200626373291 -0.26488128304481506
vn -0.58758288621902466 0.76615101099014282 -0.26030564308166504
vn -0.66704225540161133 0.7292628288269043 -0.15241530537605286
vn -0.11183759570121765 0.98206150531768799 -0.15181435644626617
vn -0.33957532048225403 0.90528392791748047 -0.25524431467056274
vn -0.7495836615562439 0.65314048528671265 -0.10738641023635864
vn -0.70003736019134521 0.71378707885742188 0.021347055211663246
vn 0.19824235141277313 0.97674405574798584 0.08167652040719986
vn -0.49597862362861633 0.83192151784896851 -0.24882084131240845
vn -0.59083694219589233 0.78398805856704712 -0.19045856595039368
vn -0.65035778284072876 0.75164353847503662 -0.10984870791435242
vn -0.76060730218887329 0.6490170955657959 -0.015915669500827789
vn -0.74739444255828857 0.65419340133666992 0.1158989816904068
vn -0.57948857545852661 0.4793352484703064 -0.65911358594894409
vn -0.97319883108139038 0.19445423781871796 -0.12276657670736313
vn -0.97772526741027832 0.083362333476543427 -0.19262394309043884
vn -0.97043502330780029 0.23522810637950897 -0.054069936275482178
vn -0.91210508346557617 0.40994429588317871 -0.0031528235413134098
vn -0.94202452898025513 0.33457773923873901 -0.025447238236665726
vn -0.87788885831832886 0.45835685729980469 0.13863672316074371
vn -0.89041006565093994 0.45416361093521118 -0.030088920146226883
vn -0.84476315975189209 0.50403487682342529 0.1797889769077301
vn -0.82148456573486328 0.54226946830749512 0.17637148499488831
vn -0.8519669771194458 0.52349305152893066 -0.010360457003116608
vn -0.75989419221878052 0.63541519641876221 0.13714361190795898
vn -0.79131162166595459 0.61096453666687012 -0.023414522409439087
vn -0.96408051252365112 0.20135271549224854 -0.1732219010591507
vn -0.91418403387069702 0.38036516308784485 -0.13996373116970062
vn -0.93810498714447021 0.30227938294410706 -0.16907455027103424
vn -0.87817132472991943 0.44346287846565247 -0.17932027578353882
vn -0.77596479654312134 0.61955541372299194 -0.11844722181558609
vn -0.93932002782821655 -0.021053368225693703 -0.34239551424980164
vn -0.90100038051605225 0.36944076418876648 -0.22740229964256287
vn -0.87794017791748047 0.39220288395881653 -0.27458676695823669
vn -0.86979579925537109 0.4256073534488678 -0.24962706863880157
vn -0.92280948162078857 0.22263798117637634 -0.31441220641136169
vn -0.8091546893119812 0.38268566131591797 -0.44589275121688843
vn -0.82769852876663208 0.48414123058319092 -0.28376471996307373
vn -0.74674350023269653 0.42065012454986572 -0.51519668102264404
vn -0.78619080781936646 0.52493453025817871 -0.32611003518104553
vn -0.86079657077789307 0.43843519687652588 -0.25846433639526367
vn -0.88909041881561279 0.31960353255271912 -0.32767632603645325
vn -0.87890607118606567 -0.013920744881033897 -0.47679173946380615
vn -0.87824606895446777 0.18661300837993622 -0.44029471278190613
vn -0.83546119928359985 0.053219318389892578 -0.54696643352508545
vn -0.80594867467880249 0.55802047252655029 -0.19763579964637756
vn -0.84172719717025757 0.24720889329910278 -0.4799824059009552
vn -0.828602135181427 0.40691664814949036 -0.38449624180793762
vn -0.80320602655410767 0.27718627452850342 -0.52728348970413208
vn -0.97245770692825317 0.041127745062112808 -0.22942206263542175
vn -0.959564208984375 -0.0041169780306518078 -0.28145977854728699
vn -0.93893784284591675 0.14678068459033966 -0.31120914220809937
vn -0.91435098648071289 -0.056475058197975159 -0.40096491575241089
vn -0.93224805593490601 0.3548751175403595 0.070549637079238892
vn -0.90606206655502319 0.4068046510219574 0.11645373702049255
vn -0.78307253122329712 0.12597785890102386 -0.60903775691986084
vn -0.77442586421966553 0.62332040071487427 -0.1083337813615799
vn 0.0084953736513853073 0.31064483523368835 0.95048809051513672
vn 0.041292626410722733 0.1224878802895546 0.99161064624786377
vn -0.11287588626146317 0.28343519568443298 0.95232534408569336
vn -0.091654777526855469 0.56705379486083984 0.81856542825698853
vn -0.061335284262895584 0.66916483640670776 0.74057841300964355
vn -0.19427192211151123 0.65272802114486694 0.73225986957550049
vn -0.082252450287342072 0.4504292905330658 0.88901519775390625
vn -0.0891309455037117 0.45909222960472107 0.88390612602233887
vn 0.0058635943569242954 0.39608791470527649 0.91819387674331665
vn 0.20310141146183014 0.22047282755374908 0.9540134072303772
vn -0.19207563996315002 0.55841505527496338 0.8070189356803894
vn -0.16064512729644775 0.58069980144500732 0.79811084270477295
vn -0.16991284489631653 0.7212720513343811 0.67148810625076294
vn -0.24948643147945404 0.71209800243377686 0.65625673532485962
vn 0.023758785799145699 0.42336848378181458 0.90564596652984619
vn 0.24014121294021606 0.27711677551269531 0.93034321069717407
vn -0.15730509161949158 0.52499467134475708 0.83644229173660278
vn -0.040586251765489578 0.49735629558563232 0.866596519947052
vn -0.32988381385803223 0.67415302991867065 0.66082859039306641
vn -0.29065671563148499 0.64318138360977173 0.7084040641784668
vn -0.2070230096578598 0.56067186594009399 0.80174094438552856
vn -0.36359071731567383 0.64722424745559692 0.67000192403793335
vn -0.3173326849937439 0.72500711679458618 0.61128115653991699
vn -0.31105500459671021 0.60729432106018066 0.7310529351234436
vn -0.32130953669548035 0.60903513431549072 0.72514575719833374
vn -0.1079336479306221 0.58608299493789673 0.80302989482879639
vn -0.038112077862024307 0.54667562246322632 0.83647668361663818
vn -0.36171072721481323 0.63181567192077637 0.68554675579071045
vn -0.24958315491676331 0.60240978002548218 0.7581627368927002
vn -0.073593117296695709 0.62450897693634033 0.77754265069961548
vn -0.35431885719299316 0.68873322010040283 0.63253825902938843
vn -0.21213436126708984 0.63498669862747192 0.74282634258270264
vn -0.13370466232299805 0.62726855278015137 0.76724004745483398
vn -0.30659386515617371 0.64250391721725464 0.70227408409118652
vn -0.2819143533706665 0.79568588733673096 0.53610467910766602
vn 0.16602985560894012 0.63205963373184204 0.75692451000213623
vn -0.32830023765563965 0.65178114175796509 0.68366682529449463
vn -0.077004984021186829 0.074413798749446869 0.99424988031387329
vn 0.15118257701396942 0.40097492933273315 0.90352803468704224
vn 0.10028383135795593 0.67248040437698364 0.73328936100006104
vn 0.07540159672498703 0.6302940845489502 0.7726861834526062
vn 0.0023181070573627949 0.67180413007736206 0.74072521924972534
vn -0.18202681839466095 0.75802242755889893 0.62631314992904663
vn -0.26472753286361694 0.71209406852722168 0.65026253461837769
vn -0.28894880414009094 0.76328718662261963 0.57784187793731689
vn 0.17465215921401978 0.66626131534576416 0.72497761249542236
vn 0.12528751790523529 0.6639438271522522 0.73721206188201904
vn 0.027717508375644684 0.70086973905563354 0.71275055408477783
vn 0.065959349274635315 0.72763574123382568 0.68278515338897705
vn -0.058114178478717804 0.71727997064590454 0.69435739517211914
vn -0.079417474567890167 0.77982825040817261 0.62093538045883179
vn 0.14784151315689087 0.72874653339385986 0.66863399744033813
vn 0.03954232856631279 0.77997678518295288 0.62455791234970093
vn -0.20286200940608978 0.81205743551254272 0.54718345403671265
vn -0.063077330589294434 0.8570447564125061 0.51136636734008789
vn 0.22450679540634155 0.69625252485275269 0.68178379535675049
vn 0.25006026029586792 0.65558403730392456 0.71251624822616577
vn 0.060123123228549957 0.83357143402099609 0.54913008213043213
vn 0.2976716160774231 0.68710207939147949 0.66278380155563354
vn 0.1662873774766922 0.78200447559356689 0.6006808876991272
vn 0.25887787342071533 0.73609405755996704 0.62541812658309937
vn 0.10659937560558319 0.86655133962631226 0.48757088184356689
vn -0.12467382103204727 0.87521374225616455 0.46739420294761658
vn 0.054444268345832825 0.89529520273208618 0.44213378429412842
vn 0.25456607341766357 0.78120619058609009 0.57001137733459473
vn 0.20202940702438354 0.82919269800186157 0.52117520570755005
vn 0.3660275936126709 0.63646650314331055 0.67892134189605713
vn 0.38013842701911926 0.67304760217666626 0.6344301700592041
vn 0.031901683658361435 0.44787445664405823 0.89352715015411377
vn 0.020815161988139153 0.51360195875167847 0.85777604579925537
vn -0.13648101687431335 0.69302994012832642 0.70787179470062256
vn -0.055921733379364014 0.67945683002471924 0.73158127069473267
vn 0.31570479273796082 0.72101205587387085 0.61682420969009399
vn 0.063403233885765076 0.86005008220672607 0.50625479221343994
vn 0.085526086390018463 0.85891085863113403 0.50493311882019043
vn 0.16292533278465271 0.82045704126358032 0.54800146818161011
vn 0.20082007348537445 0.79937785863876343 0.56627404689788818
vn 0.15982358157634735 0.79255104064941406 0.58848893642425537
vn 0.26884415745735168 0.7603955864906311 0.59120333194732666
vn 0.23735705018043518 0.77814275026321411 0.58151137828826904
vn 0.43855598568916321 0.63550317287445068 0.63545602560043335
vn 0.36641323566436768 0.65485620498657227 0.66098761558532715
vn 0.36379009485244751 0.69135105609893799 0.62425190210342407
vn 0.49569472670555115 0.59560364484786987 0.63209414482116699
vn 0.38286858797073364 0.612373948097229 0.69167172908782959
vn 0.28734534978866577 0.71401363611221313 0.63844901323318481
vn 0.10857373476028442 0.76701861619949341 0.63237190246582031
vn 0.30770194530487061 0.66332763433456421 0.68214070796966553
vn 0.048497069627046585 0.82607775926589966 0.56146550178527832
vn 0.31519094109535217 0.63017010688781738 0.70960575342178345
vn 0.2069326639175415 0.70516687631607056 0.67817294597625732
vn 0.059021595865488052 0.72012776136398315 0.69132661819458008
vn 0.22455549240112305 0.65017694234848022 0.72584074735641479
vn 0.24843555688858032 0.62634515762329102 0.7388988733291626
vn 0.31114685535430908 0.61300158500671387 0.72623461484909058
vn 0.13558712601661682 0.62957501411437988 0.76501727104187012
vn -0.15466703474521637 0.6230771541595459 0.76671570539474487
vn 0.0070356493815779686 0.60291332006454468 0.79777568578720093
vn -0.17700174450874329 0.4943946897983551 0.85102540254592896
vn 0.16402055323123932 0.59795355796813965 0.78456920385360718
vn 0.18874481320381165 0.62356501817703247 0.75864487886428833
vn 0.24388369917869568 0.61375570297241211 0.75088256597518921
vn -0.42677024006843567 0.3916478157043457 0.81515592336654663
vn -0.40723305940628052 0.49530613422393799 0.76735460758209229
vn -0.41403385996818542 0.24546867609024048 0.87653928995132446
vn 0.027794573456048965 0.53896200656890869 0.84187138080596924
vn -0.137872114777565 0.38983353972434998 0.91050595045089722
vn 0.10401109606027603 0.53722459077835083 0.83700144290924072
vn -0.044634312391281128 0.36858698725700378 0.92852109670639038
vn -0.22340363264083862 0.13275463879108429 0.96564334630966187
vn 0.10138407349586487 0.40583202242851257 0.90830701589584351
vn 0.11727873235940933 0.63861548900604248 0.76053661108016968
vn -0.062053367495536804 0.79742431640625 0.60021984577178955
vn 0.031049497425556183 0.70448744297027588 0.70903688669204712
vn 0.13268347084522247 0.52482950687408447 0.84080266952514648
vn 0.62197738885879517 -0.75917637348175049 -0.19182124733924866
vn 0.65471947193145752 -0.71651387214660645 -0.24072863161563873
vn 0.5240250825881958 -0.82735270261764526 -0.20220091938972473
vn 0.70733374357223511 -0.66801691055297852 -0.23115457594394684
vn 0.61477214097976685 -0.7764887809753418 -0.13827657699584961
vn 0.48811721801757813 -0.86767959594726563 -0.094200626015663147
vn 0.49907511472702026 -0.86602938175201416 0.030284564942121506
vn 0.70715981721878052 -0.69205957651138306 -0.14483976364135742
vn 0.65492486953735352 -0.75263172388076782 -0.067962288856506348
vn 0.74810534715652466 -0.6233978271484375 -0.2274060994386673
vn 0.7107090950012207 -0.67759573459625244 -0.18909420073032379
vn 0.79153800010681152 -0.56643033027648926 -0.22939984500408173
vn 0.62969464063644409 -0.76944178342819214 0.10697662085294724
vn 0.76518237590789795 -0.64292055368423462 -0.033898469060659409
vn 0.78256106376647949 -0.59201562404632568 -0.19265438616275787
vn 0.83693546056747437 -0.50016427040100098 -0.22220426797866821
vn 0.84353512525558472 -0.47963589429855347 -0.24165661633014679
vn 0.86624068021774292 -0.43879327178001404 -0.23892992734909058
vn 0.7816891074180603 -0.60891979932785034 -0.13482880592346191
vn 0.82573944330215454 -0.52800345420837402 -0.19841057062149048
vn 0.80766332149505615 -0.53093892335891724 -0.25648364424705505
vn 0.78277987241744995 -0.59498691558837891 -0.18233563005924225
vn 0.88278627395629883 -0.38531574606895447 -0.26873809099197388
vn 0.86411553621292114 -0.42943048477172852 -0.2624763548374176
vn 0.87881231307983398 -0.37990966439247131 -0.28871715068817139
vn 0.82117688655853271 -0.4550136923789978 -0.34442856907844543
vn 0.86287325620651245 -0.44466888904571533 -0.24024838209152222
vn 0.8829425573348999 -0.35853391885757446 -0.30309379100799561
vn 0.89287573099136353 -0.30093085765838623 -0.33498290181159973
vn 0.87244546413421631 -0.25856408476829529 -0.41470900177955627
vn 0.81677460670471191 -0.33268231153488159 -0.47138279676437378
vn 0.88122963905334473 -0.16390272974967957 -0.44336238503456116
vn 0.27663993835449219 -0.95318210124969482 0.12212374061346054
vn 0.37021404504776001 -0.84668815135955811 0.38217896223068237
vn 0.66434711217880249 0.083013035356998444 0.74279993772506714
vn 0.52509051561355591 0.20910198986530304 0.82495838403701782
vn 0.6302034854888916 0.11906905472278595 0.7672458291053772
vn 0.88860106468200684 -0.1927671879529953 0.41620779037475586
vn 0.9297100305557251 -0.19087840616703033 0.31496769189834595
vn 0.90836071968078613 -0.19435462355613708 0.37027966976165771
vn 0.8153761625289917 -0.059014469385147095 0.57591581344604492
vn 0.7384026050567627 -0.03604486957192421 0.67339617013931274
vn 0.96636497974395752 -0.21336910128593445 0.1435701996088028
vn 0.92122095823287964 -0.17505708336830139 0.34742903709411621
vn 0.60952627658843994 0.19175668060779572 0.76922500133514404
vn 0.82291531562805176 -0.24366672337055206 0.51326107978820801
vn 0.80419772863388062 -0.16169685125350952 0.57194417715072632
vn 0.65949726104736328 0.022153781726956367 0.75138044357299805
vn 0.64328759908676147 0.074586205184459686 0.76198291778564453
vn 0.68417209386825562 -0.14104081690311432 0.7155529260635376
vn 0.83899736404418945 -0.23962207138538361 0.4885331392288208
vn 0.88530266284942627 -0.21383002400398254 0.41293573379516602
vn 0.75106805562973022 -0.26270660758018494 0.60570782423019409
vn 0.75357204675674438 -0.3163125216960907 0.57625997066497803
vn 0.76405131816864014 -0.29051676392555237 0.57604306936264038
vn 0.60360372066497803 -0.057152640074491501 0.79523336887359619
vn 0.65303993225097656 -0.38434582948684692 0.65254664421081543
vn 0.56957823038101196 -0.26717817783355713 0.77730071544647217
vn 0.45526480674743652 -0.19070050120353699 0.86969375610351563
vn 0.56995671987533569 -0.40408408641815186 0.71544766426086426
vn 0.47042334079742432 -0.4792637825012207 0.7409508228302002
vn 0.55314934253692627 -0.058045811951160431 0.83105742931365967
vn 0.29717797040939331 -0.18071477115154266 0.93756461143493652
vn 0.36461380124092102 -0.46976360678672791 0.80397695302963257
vn 0.26674294471740723 -0.53588241338729858 0.80104821920394897
vn 0.13693496584892273 -0.32835769653320313 0.93457478284835815
vn 0.33034127950668335 -0.40517863631248474 0.85246992111206055
vn 0.077195480465888977 -0.51685309410095215 0.85258650779724121
vn 0.21167281270027161 -0.5342908501625061 0.81836903095245361
vn -0.022382792085409164 -0.52933156490325928 0.84811973571777344
vn 0.017733810469508171 -0.57518297433853149 0.81783252954483032
vn -0.96233499050140381 -0.21047799289226532 0.17207679152488708
vn -0.9436647891998291 -0.2480357438325882 0.21903194487094879
vn -0.9103010892868042 -0.40146589279174805 0.10088121145963669
vn -0.94138193130493164 -0.1242508664727211 0.31362682580947876
vn -0.93455862998962402 -0.17742995917797089 0.30841335654258728
vn -0.91145527362823486 -0.18384858965873718 0.36803391575813293
vn -0.83734571933746338 -0.26387020945549011 0.47877410054206848
vn -0.89404571056365967 -0.18439354002475739 0.40826615691184998
vn -0.8160862922668457 -0.24283592402935028 0.52443671226501465
vn -0.66340166330337524 -0.37823027372360229 0.64563155174255371
vn -0.72350668907165527 -0.34975346922874451 0.59515595436096191
vn -0.46725696325302124 -0.46821439266204834 0.74996411800384521
vn -0.25209304690361023 -0.5092010498046875 0.82289940118789673
vn -0.29511278867721558 -0.52195703983306885 0.80029326677322388
vn -0.49905848503112793 -0.44664746522903442 0.74259454011917114
vn -0.90639334917068481 -0.2918127179145813 0.30544459819793701
vn -0.68143624067306519 -0.29797115921974182 0.66847425699234009
vn -0.87507408857345581 -0.284687340259552 0.39140579104423523
vn -0.43339687585830688 -0.38445174694061279 0.81508529186248779
vn -0.82438570261001587 -0.52348899841308594 0.21528451144695282
vn -0.79843717813491821 -0.46550670266151428 0.38183969259262085
vn -0.80555862188339233 -0.19397927820682526 0.55986368656158447
vn -0.7468762993812561 -0.18613329529762268 0.63838088512420654
vn -0.81342542171478271 -0.26504352688789368 0.51777505874633789
vn -0.55455780029296875 -0.21146593987941742 0.80482780933380127
vn -0.69922316074371338 -0.10155563801527023 0.7076534628868103
vn -0.39575862884521484 -0.16655714809894562 0.90312445163726807
vn -0.25510522723197937 -0.30237546563148499 0.91841733455657959
vn -0.14174920320510864 -0.14731504023075104 0.97887969017028809
vn 0.03148149698972702 -0.29516905546188354 0.9549262523651123
vn -0.70914977788925171 -0.34698686003684998 0.61376434564590454
vn -0.73473107814788818 -0.19102083146572113 0.65090805292129517
vn -0.61194133758544922 -0.053120259195566177 0.78911727666854858
vn -0.61787515878677368 0.025003163143992424 0.78587859869003296
vn -0.57614368200302124 0.023581566289067268 0.81700819730758667
vn -0.55846071243286133 -0.17132703959941864 0.81164568662643433
vn -0.85934537649154663 -0.4910539984703064 0.14279884099960327
vn -0.95950239896774292 -0.11257639527320862 0.25822809338569641
vn -0.42392286658287048 0.024512331932783127 0.90536653995513916
vn -0.46385803818702698 0.14116048812866211 0.87459099292755127
vn -0.60226702690124512 0.075961045920848846 0.79467248916625977
vn -0.48375296592712402 0.2421019971370697 0.84105271100997925
vn -0.55578559637069702 0.098944209516048431 0.82541650533676147
vn 0.029429832473397255 0.030642492696642876 0.99909704923629761
vn -0.13689546287059784 -0.12889556586742401 0.98216372728347778
vn 0.13801091909408569 -0.08681807667016983 0.9866182804107666
vn -0.40157529711723328 0.10158738493919373 0.91017431020736694
vn -0.23540304601192474 0.27023854851722717 0.93357193470001221
vn -0.30924391746520996 0.30704176425933838 0.90005195140838623
vn -0.30267727375030518 0.10345686227083206 0.94746142625808716
vn -0.36943471431732178 0.36021965742111206 0.85659778118133545
vn -0.19695046544075012 0.45334208011627197 0.86930519342422485
vn -0.20200999081134796 0.4798201322555542 0.85379421710968018
vn 0.0047575454227626324 0.40321281552314758 0.91509389877319336
vn 0.16953857243061066 0.2425110936164856 0.95521986484527588
vn 0.30312773585319519 0.12813612818717957 0.94429588317871094
vn 0.41591939330101013 0.2641124427318573 0.8702043890953064
vn 0.27091813087463379 0.40714061260223389 0.87226134538650513
vn 0.013682227581739426 0.50088238716125488 0.86540716886520386
vn -0.11732327193021774 0.53192043304443359 0.8386273980140686
vn -0.013794857077300549 0.54751569032669067 0.83668172359466553
vn -0.02963612787425518 0.44337427616119385 0.89584648609161377
vn 0.50438261032104492 0.30833575129508972 0.8065527081489563
vn -0.084275007247924805 0.54039609432220459 0.83717966079711914
vn 0.082565449178218842 0.50687062740325928 0.85805892944335938
vn -0.13023340702056885 0.56648534536361694 0.81371593475341797
vn -0.13712294399738312 0.62347817420959473 0.76972216367721558
vn 0.31518596410751343 0.41435146331787109 0.8537977933883667
vn 0.4084303081035614 0.30268821120262146 0.86114144325256348
vn 0.058622218668460846 0.47738918662071228 0.87673425674438477
vn 0.25470659136772156 0.39191412925720215 0.88404065370559692
vn -0.21963399648666382 0.59562045335769653 0.7726559042930603
vn -0.10475892573595047 0.53563791513442993 0.83792459964752197
vn -0.57113993167877197 -0.0038608156610280275 0.82084363698959351
vn -0.12947335839271545 0.30747580528259277 0.94270634651184082
vn 0.28445965051651001 0.7458956241607666 0.602264404296875
vn 0.23240473866462708 0.76757210493087769 0.59734505414962769
vn 0.34982743859291077 0.75390046834945679 0.55610692501068115
vn 0.66546016931533813 0.60548949241638184 0.43651482462882996
vn 0.70923870801925659 0.54475980997085571 0.44745635986328125
vn 0.67294102907180786 0.59055250883102417 0.44541904330253601
vn 0.52512490749359131 0.6983073353767395 0.48642644286155701
vn 0.47733914852142334 0.69784170389175415 0.534007728099823
vn 0.14848487079143524 0.78343993425369263 0.60346835851669312
vn 0.38317331671714783 0.72367453575134277 0.57399773597717285
vn 0.42286196351051331 0.29537054896354675 -0.85670530796051025
vn 0.62706011533737183 0.2340051531791687 -0.74299204349517822
vn 0.57050555944442749 0.25665155053138733 -0.78016245365142822
vn 0.82371550798416138 0.08350556343793869 -0.56082046031951904
vn 0.75052070617675781 0.15936419367790222 -0.64134365320205688
vn 0.78851020336151123 0.11947081238031387 -0.60330623388290405
vn 0.30095300078392029 0.31816861033439636 -0.89899724721908569
vn 0.72808539867401123 0.17503120005130768 -0.66276371479034424
vn 0.26667222380638123 0.82466775178909302 -0.49880757927894592
vn 0.30677938461303711 0.88411116600036621 -0.35246828198432922
vn 0.22645469009876251 0.75697994232177734 -0.61294341087341309
vn 0.20481742918491364 0.66884785890579224 -0.71462744474411011
vn 0.17999543249607086 0.55268627405166626 -0.81371957063674927
vn 0 0 1
vn 0.29074057936668396 0.28961363434791565 0.91191768646240234
vn -0.044271059334278107 0.35672685503959656 0.93315917253494263
vn 0 0 1
vn -0.18133345246315002 0.31037423014640808 0.93315917253494263
vn -0.53323739767074585 0.40709799528121948 0.74157202243804932
vn -0.36707004904747009 0.053527053445577621 0.92865192890167236
vn 0 0 1
vn -0.64757943153381348 0.17524786293506622 0.74157202243804932
vn -0.86784332990646362 0.27321013808250427 0.41497489809989929
vn -0.95715707540512085 0.28940516710281372 0.0097452327609062195
vn -0.98798274993896484 -0.12261214107275009 0.094108313322067261
vn -0.88604575395584106 -0.10996140539646149 0.45036804676055908
vn -0.66576588153839111 -0.082623891532421112 0.74157202243804932
vn -0.85960549116134644 -0.50221705436706543 0.094108313322067261
vn -0.77091413736343384 -0.45039987564086914 0.45036804676055908
vn -0.49011880159378052 -0.44297471642494202 0.75070428848266602
vn -0.28754857182502747 -0.24280615150928497 0.92647773027420044
vn 0 0 1
vn -0.83943164348602295 -0.42306950688362122 -0.34112566709518433
vn -0.59405308961868286 -0.70936441421508789 -0.37934547662734985
vn -0.60412496328353882 -0.79131323099136353 0.094108313322067261
vn -0.54179328680038452 -0.70966804027557373 0.45036801695823669
vn -0.23297925293445587 -0.92568892240524292 -0.29802802205085754
vn -0.26006418466567993 -0.9609944224357605 0.094108313322067261
vn -0.23323157429695129 -0.86184203624725342 0.45036804676055908
vn -0.17524786293506622 -0.64757943153381348 0.74157202243804932
vn 0 0 1
vn 0.024080514907836914 -0.35888996720314026 0.93306916952133179
vn 0.13821828365325928 -0.98652923107147217 0.087497077882289886
vn 0.10996140539646149 -0.88604575395584106 0.45036804676055908
vn 0.082623891532421112 -0.66576588153839111 0.74157202243804932
vn 0.48229816555976868 -0.79183226823806763 0.37468671798706055
vn 0.43151196837425232 -0.5187409520149231 0.73804152011871338
vn 0.25947433710098267 -0.27393743395805359 0.92608386278152466
vn 0 0 1
vn 0.72210431098937988 -0.56275290250778198 0.40233629941940308
vn 0.88454139232635498 -0.29347246885299683 0.36257475614547729
vn 0.64757943153381348 -0.17524786293506622 0.74157202243804932
vn 0 0 1
vn 0.34698230028152466 -0.093900308012962341 0.93315917253494263
vn 0.6638217568397522 0.10171059519052505 0.74094241857528687
vn 0 0 1
vn 0.29725190997123718 0.28232231736183167 0.91210490465164185
vn -0.66896551847457886 0.56848645210266113 0.47886145114898682
vn -0.96666949987411499 -0.0082108788192272186 -0.25589588284492493
vn -0.2627880871295929 0.71287691593170166 0.65019148588180542
vn 0.17476560175418854 0.64965367317199707 0.73986965417861938
vn -0.21419130265712738 -0.72728335857391357 -0.65205907821655273
vn 0.075323551893234253 -0.96745991706848145 -0.2415526807308197
vn -0.19005274772644043 -0.44935846328735352 0.87290143966674805
vn -0.4630705714225769 -0.62890052795410156 0.62453961372375488
vn -0.056591395288705826 -0.79663199186325073 0.60180968046188354
vn -0.063042588531970978 -0.14905714988708496 0.9868168830871582
vn 0.23958323895931244 -0.41727763414382935 0.87662947177886963
vn 0.48680058121681213 0.07511594146490097 0.87027740478515625
vn 0.13627766072750092 -0.87820446491241455 0.45845967531204224
vn 0.50510436296463013 -0.56207489967346191 0.65493619441986084
vn 0.72465169429779053 -0.058999884873628616 0.68658500909805298
vn -0.38697990775108337 -0.88155841827392578 0.27037256956100464
vn -0.024565279483795166 -0.99698072671890259 0.073661103844642639
vn 0.26296952366828918 -0.95092391967773438 0.1630668044090271
vn 0.67049932479858398 -0.65054416656494141 0.35668319463729858
vn 0.94115376472473145 -0.16647279262542725 0.29413676261901855
vn -0.063146598637104034 -0.98810988664627075 -0.14018332958221436
vn -0.39260938763618469 -0.88074690103530884 0.26484483480453491
vn 0.25988209247589111 -0.93048202991485596 -0.25819462537765503
vn 0.61389970779418945 -0.78938406705856323 0
vn -0.20546771585941315 -0.92664331197738647 -0.3148256242275238
vn -0.38941177725791931 -0.88635748624801636 0.25045731663703918
vn 0.19482073187828064 -0.8452344536781311 -0.4976179301738739
vn -0.54318839311599731 -0.78342241048812866 -0.30198618769645691
vn -0.39786913990974426 -0.88490629196166992 0.24215899407863617
vn -0.6931755542755127 -0.71490329504013062 -0.091765671968460083
vn -0.39398679137229919 -0.88302707672119141 0.25502467155456543
vn -0.66395944356918335 -0.73412281274795532 0.14220263063907623
vn -0.3927190899848938 -0.88125205039978027 0.26299524307250977
vn -0.72547727823257446 -0.52331006526947021 0.44702267646789551
vn -0.39027395844459534 -0.88042736053466797 0.26932114362716675
vn -0.47473740577697754 -0.62391871213912964 0.6207655668258667
vn -0.49404102563858032 -0.3207889199256897 0.80809527635574341
vn -0.19005274772644043 -0.44935846328735352 0.87290143966674805
vn -0.063042588531970978 -0.14905714988708496 0.9868168830871582
vn -0.29340255260467529 0.36745929718017578 0.88254666328430176
vn -0.42611700296401978 0.082250960171222687 0.90092122554779053
vn 0.54961776733398438 -0.74789559841156006 -0.37225323915481567
vn -0.76252973079681396 -0.062325701117515564 0.64394402503967285
vn 0.048535868525505066 0.63856887817382813 0.76803261041641235
vn 0.18983612954616547 0.21814776957035065 0.95727413892745972
vn 0.67056125402450562 0.25961697101593018 0.69494360685348511
vn 0.76465833187103271 -0.15649804472923279 0.62514477968215942
vn 0.83108466863632202 0.33410745859146118 0.44460150599479675
vn 0.32317125797271729 0.24943070113658905 0.91287714242935181
vn 0.40942004323005676 -0.017932407557964325 0.91216975450515747
vn 0 0 1
vn 0.82552367448806763 0.55749142169952393 0.087829068303108215
vn 0.43251514434814453 0.90144449472427368 0.018125060945749283
vn 0.5876537561416626 0.69403201341629028 0.41591182351112366
vn 0.79149544239044189 0.59564274549484253 -0.1369113028049469
vn 0.42682817578315735 0.59064567089080811 0.68480318784713745
vn 0.11411963403224945 0.86845368146896362 0.48245713114738464
vn 0.044050585478544235 0.55140793323516846 0.83307194709777832
vn -0.12990380823612213 0.3720661997795105 0.91907113790512085
vn 0 0 1
vn -0.065345995128154755 0.78344982862472534 0.61800992488861084
vn -0.32501596212387085 0.65821021795272827 0.67906105518341064
vn 0 0 1
vn -0.37227877974510193 0.12588456273078918 0.91954421997070313
vn -0.62597125768661499 0.43437099456787109 0.64767420291900635
vn -0.72252041101455688 0.20750975608825684 0.65947246551513672
vn -0.71679586172103882 -0.088956892490386963 0.69158536195755005
vn -0.38970282673835754 -0.048363491892814636 0.91966986656188965
vn 0 0 1
vn -0.62365633249282837 -0.36436581611633301 0.69158536195755005
vn 0 0 1
vn -0.20248349010944366 -0.34968119859695435 0.9147258996963501
vn -0.80967336893081665 -0.50333636999130249 0.30179724097251892
vn -0.61480045318603516 -0.7316964864730835 0.29434788227081299
vn -0.32667446136474609 -0.66151702404022217 0.67504000663757324
vn -0.38767170906066895 -0.87367486953735352 0.29394367337226868
vn 0.088956892490386963 -0.71679586172103882 0.69158536195755005
vn 0.057994477450847626 -0.9694257378578186 0.2384331226348877
vn 0 0 1
vn 0.17494523525238037 -0.35175937414169312 0.91959744691848755
vn 0.52231043577194214 -0.77268314361572266 0.36076658964157104
vn 0.45200645923614502 -0.55810999870300293 0.6958472728729248
vn 0.43220600485801697 -0.90163445472717285 0.015914259478449821
vn 0.79686719179153442 -0.55480694770812988 0.23914830386638641
vn 0.70077806711196899 -0.68202579021453857 -0.20916713774204254
vn 0.92689567804336548 -0.36871877312660217 -0.070077612996101379
vn 0 0 1
vn 0.31212791800498962 -0.23829282820224762 0.91966986656188965
vn 0.95320385694503784 -0.14278119802474976 0.26648819446563721
vn 0.76305162906646729 -0.16436266899108887 0.62508964538574219
vn 0 0 1
vn 0.40844306349754333 -0.019444592297077179 0.91257667541503906
vn 0.89853417873382568 -0.16177581250667572 -0.40800106525421143
vn 0.98667985200881958 0.16259637475013733 0.0050251097418367863
vn 0.83661574125289917 0.32395437359809875 0.44173255562782288
vn 0.98698019981384277 0.16082264482975006 0.002479243092238903
vn -0.92110699415206909 0.058850869536399841 0.38483569025993347
vn -0.96388435363769531 -0.12612159550189972 0.23456414043903351
vn 0.92008894681930542 -0.39161112904548645 0.0087808473035693169
vn 0.92244237661361694 -0.38604259490966797 -0.0084330635145306587
vn 0.91811954975128174 -0.39552193880081177 0.024877533316612244
vn 0.91027218103408813 -0.40486660599708557 -0.086530722677707672
vn 0.91667211055755615 -0.39788311719894409 -0.037433922290802002
vn 0.91701579093933105 -0.38976007699966431 -0.084670864045619965
vn 0.92242205142974854 -0.3841387927532196 -0.039686143398284912
vn 0.91888684034347534 -0.39450928568840027 -0.0030617322772741318
vn 0.90226376056671143 -0.39658245444297791 -0.16924092173576355
vn 0.9019201397895813 -0.39340817928314209 -0.1782415509223938
vn 0.90509128570556641 -0.40139350295066833 -0.14033184945583344
vn 0.91764092445373535 -0.39624974131584167 0.030352158471941948
vn 0.69150632619857788 0.51896947622299194 0.5024835467338562
vn 0.70512121915817261 0.50757157802581787 0.49515163898468018
vn 0.69215816259384155 0.49072003364562988 0.52925509214401245
vn 0.67170065641403198 0.53679072856903076 0.51056241989135742
vn 0.67482191324234009 0.50479477643966675 0.53832852840423584
vn 0.66097575426101685 0.521678626537323 0.53940939903259277
vn 0.65772634744644165 0.54476451873779297 0.52021884918212891
vn 0.65524929761886597 0.53895562887191772 0.5293157696723938
vn 0.74508142471313477 0.47130769491195679 0.47193512320518494
vn 0.7387690544128418 0.49328365921974182 0.45922929048538208
vn 0.74323773384094238 0.47501373291015625 0.47112587094306946
vn 0.7402302622795105 0.4774053692817688 0.47343766689300537
vn 0.70532000064849854 0.48283180594444275 0.51903486251831055
vn 0.65339481830596924 0.55054348707199097 0.51959317922592163
vn 0.42758965492248535 -0.62953144311904907 -0.64873510599136353
vn 0.38378790020942688 -0.60422831773757935 -0.69829434156417847
vn 0.71139067411422729 -0.46004468202590942 -0.53130233287811279
vn -0.0080282343551516533 -0.70438671112060547 -0.70977103710174561
vn 0.033604592084884644 -0.6037333607673645 -0.79647773504257202
vn -0.30443638563156128 -0.55670660734176636 -0.77291411161422729
vn -0.48874583840370178 -0.56806731224060059 -0.66213822364807129
vn 0.38293918967247009 -0.70349061489105225 -0.59871405363082886
vn 0.68408936262130737 -0.50888270139694214 -0.52255153656005859
vn 0.71291482448577881 -0.51165121793746948 -0.47954714298248291
vn 0.8446965217590332 -0.34438365697860718 -0.40974095463752747
vn 0.05944322794675827 -0.78404653072357178 -0.61784911155700684
vn -0.48170527815818787 -0.65634810924530029 -0.58066099882125854
vn -0.30626875162124634 -0.7553521990776062 -0.57934659719467163
vn -0.63460981845855713 -0.64068341255187988 -0.43219804763793945
vn 0.42463535070419312 -0.72202962636947632 -0.54622161388397217
vn 0.90294671058654785 -0.26798263192176819 -0.33596506714820862
vn 0.72244882583618164 -0.52421379089355469 -0.45085206627845764
vn 0.00036541835288517177 -0.82703202962875366 -0.56215471029281616
vn 0.84858244657516479 -0.38623037934303284 -0.3615715503692627
vn 0.92970919609069824 -0.22440272569656372 -0.2920345664024353
vn 0.53863710165023804 -0.68267166614532471 -0.49379092454910278
vn 0.19029879570007324 -0.82419770956039429 -0.53337085247039795
vn -0.22900336980819702 -0.84487223625183105 -0.48347529768943787
vn -0.35747659206390381 -0.78584873676300049 -0.50463080406188965
vn -0.5532110333442688 -0.73647290468215942 -0.38931375741958618
vn -0.73056656122207642 -0.61684805154800415 -0.29286685585975647
vn -0.75957489013671875 0.31371206045150757 -0.56976372003555298
vn -0.76232165098190308 0.41784518957138062 -0.49423789978027344
vn -0.7074705958366394 0.34289684891700745 -0.61798632144927979
vn -0.68903404474258423 0.48958596587181091 -0.53435724973678589
vn -0.72225505113601685 0.56365907192230225 -0.40079429745674133
vn -0.66522616147994995 0.62456429004669189 -0.40913763642311096
vn -0.61978328227996826 0.59712725877761841 -0.50922262668609619
vn -0.58511793613433838 0.71764928102493286 -0.37764599919319153
vn -0.55434489250183105 0.81535786390304565 -0.16701282560825348
vn -0.51505941152572632 0.79821503162384033 -0.31235656142234802
vn -0.48036536574363708 0.73842447996139526 -0.47326353192329407
vn -0.44137468934059143 0.651650071144104 -0.61687970161437988
vn -0.59885269403457642 0.53215110301971436 -0.59849029779434204
vn -0.53347736597061157 0.65426969528198242 -0.53603458404541016
vn -0.44186305999755859 0.89250338077545166 -0.090524807572364807
vn -0.37412747740745544 0.82045000791549683 -0.43230831623077393
vn -0.38757631182670593 0.72411614656448364 -0.57047384977340698
vn -0.22615832090377808 0.77124106884002686 -0.59501230716705322
vn -0.23004727065563202 0.90520036220550537 -0.35733819007873535
vn 0.032141558825969696 0.86448776721954346 -0.5016251802444458
vn 0.061636731028556824 0.78579342365264893 -0.61541008949279785
vn -0.72301614284515381 0.25106373429298401 -0.64359509944915771
vn -0.68503290414810181 0.42033544182777405 -0.59501940011978149
vn -0.62873744964599609 0.7410157322883606 -0.2357645183801651
vn 0.81092453002929688 -0.13663822412490845 -0.56897401809692383
vn 0.88016331195831299 -0.14678502082824707 -0.45140519738197327
vn 0.84244722127914429 -0.2214551568031311 -0.49116215109825134
vn 0.81454682350158691 -0.083610594272613525 -0.57404071092605591
vn 0.6879388689994812 -0.24438460171222687 -0.68338584899902344
vn 0.76921206712722778 -0.20621725916862488 -0.60480344295501709
vn 0.70887619256973267 -0.31975340843200684 -0.62869095802307129
vn 0.73964095115661621 -0.14721709489822388 -0.65670269727706909
vn 0.65985977649688721 -0.41430136561393738 -0.62684881687164307
vn 0.62491101026535034 -0.45344245433807373 -0.63551253080368042
vn 0.61170375347137451 -0.35622182488441467 -0.70634591579437256
vn 0.64854955673217773 -0.33356389403343201 -0.68419194221496582
vn 0.63252401351928711 -0.26364174485206604 -0.72829002141952515
vn 0.73170393705368042 -0.078347429633140564 -0.6771048903465271
vn 0.65575212240219116 -0.17311176657676697 -0.73486149311065674
vn 0.55903428792953491 -0.20716714859008789 -0.80284643173217773
vn 0.57423210144042969 -0.26497390866279602 -0.77462655305862427
vn 0.61490535736083984 -0.13057155907154083 -0.77771621942520142
vn 0.56845009326934814 -0.23780345916748047 -0.78760015964508057
vn 0.63583844900131226 -0.063530445098876953 -0.7692030668258667
vn 0.51540720462799072 -0.15032924711704254 -0.84365665912628174
vn 0.37395423650741577 -0.075996018946170807 -0.92432832717895508
vn 0.49632066488265991 -0.084656372666358948 -0.8640018105506897
vn 0.4695182740688324 -0.028015188872814178 -0.88247817754745483
vn 0.15297870337963104 -0.0015503279864788055 -0.98822826147079468
vn 0.26311716437339783 0.011116702109575272 -0.96469986438751221
vn 0.75800013542175293 -0.070831954479217529 -0.64839696884155273
vn 0.62925815582275391 -0.56377583742141724 -0.53496825695037842
vn 0.56256395578384399 -0.30952227115631104 -0.76662749052047729
vn 0.88355565071105957 -0.32151171565055847 -0.3405284583568573
vn 0.77660340070724487 -0.48106920719146729 -0.40676718950271606
vn 0.88466662168502808 -0.36449187994003296 -0.29070708155632019
vn 0.44141769409179688 -0.61894631385803223 -0.64965826272964478
vn 0.40621837973594666 -0.63514381647109985 -0.65694671869277954
vn 0.3174578845500946 -0.6352887749671936 -0.70400899648666382
vn 0.36998885869979858 -0.57494270801544189 -0.72975963354110718
vn 0.19406594336032867 -0.60391896963119507 -0.77305907011032104
vn 0.31121730804443359 -0.53368604183197021 -0.78633517026901245
vn 0.095999687910079956 -0.54972541332244873 -0.82981085777282715
vn 0.51845306158065796 -0.62982285022735596 -0.57838535308837891
vn 0.75621342658996582 -0.53485620021820068 -0.37692180275917053
vn 0.90378034114837646 -0.36568182706832886 -0.22239145636558533
vn 0.66620051860809326 -0.61653429269790649 -0.41959783434867859
vn 0.76104611158370972 -0.57303321361541748 -0.30404236912727356
vn 0.53873962163925171 -0.61993670463562012 -0.57047182321548462
vn 0.35166648030281067 -0.49336916208267212 -0.79556113481521606
vn 0.44141197204589844 -0.53772717714309692 -0.7183348536491394
vn 0.43573504686355591 -0.4599747359752655 -0.77366542816162109
vn 0.47027909755706787 -0.58613717555999756 -0.65975809097290039
vn 0.59510290622711182 -0.63000369071960449 -0.49894675612449646
vn 0.64978682994842529 -0.64911502599716187 -0.39550825953483582
vn 0.50677889585494995 -0.51488959789276123 -0.69142156839370728
vn 0.53056776523590088 -0.58303737640380859 -0.61527657508850098
vn 0.80832678079605103 -0.58150166273117065 -0.09199775755405426
vn 0.82268613576889038 -0.51101571321487427 -0.24909929931163788
vn 0.72286677360534668 -0.64641803503036499 -0.24414618313312531
vn 0.56692147254943848 -0.51992779970169067 -0.63896411657333374
vn 0.55148530006408691 -0.43366387486457825 -0.71260058879852295
vn 0.57716482877731323 -0.64175260066986084 -0.5050092339515686
vn 0.60294365882873535 -0.67430019378662109 -0.42635455727577209
vn 0.58874309062957764 -0.59478491544723511 -0.54736870527267456
vn 0.64929133653640747 -0.70173525810241699 -0.29323774576187134
vn 0.73905724287033081 -0.64880812168121338 0.18122485280036926
vn 0.86484938859939575 -0.49960321187973022 0.049317184835672379
vn 0.68642425537109375 -0.71874421834945679 -0.11058253049850464
vn 0.78918737173080444 -0.51617556810379028 0.33278524875640869
vn 0.60670673847198486 -0.65364313125610352 -0.45239099860191345
vn 0.6226927638053894 -0.76636344194412231 -0.15792661905288696
vn 0.62680739164352417 -0.70850104093551636 -0.32425111532211304
vn 0.035294461995363235 -0.48286330699920654 -0.87498420476913452
vn 0.20425677299499512 -0.49991604685783386 -0.84164309501647949
vn 0.95110678672790527 -0.30845552682876587 0.015844544395804405
vn 0.89433431625366211 -0.43340650200843811 -0.11101784557104111
vn 0.91383165121078491 -0.36909416317939758 0.1693553626537323
vn 0.48165056109428406 -0.85420221090316772 0.1958349198102951
vn 0.66845005750656128 -0.74071431159973145 0.067206986248493195
vn 0.49458566308021545 -0.66792696714401245 0.55611026287078857
vn -0.65427172183990479 -0.58254498243331909 -0.48225495219230652
vn -0.74927347898483276 -0.54223579168319702 -0.38022309541702271
vn -0.81838595867156982 -0.43430548906326294 -0.37632849812507629
vn -0.73203051090240479 -0.48338478803634644 -0.48007342219352722
vn -0.66971129179000854 -0.48441547155380249 -0.56287515163421631
vn -0.54659479856491089 -0.58155548572540283 -0.60251748561859131
vn -0.55142754316329956 -0.50997054576873779 -0.66019523143768311
vn -0.55622595548629761 -0.58664488792419434 -0.58860892057418823
vn -0.37540483474731445 -0.50750464200973511 -0.77557086944580078
vn -0.66637688875198364 -0.71150285005569458 -0.2229473888874054
vn -0.62469857931137085 -0.76088732481002808 -0.17550547420978546
vn -0.61969268321990967 -0.73408007621765137 -0.27768218517303467
vn -0.63192284107208252 -0.67208540439605713 -0.38597241044044495
vn -0.43559524416923523 -0.5997006893157959 -0.67127931118011475
vn -0.42924836277961731 -0.54799765348434448 -0.71794456243515015
vn -0.46134254336357117 -0.4495328962802887 -0.76490730047225952
vn -0.41415393352508545 -0.41714099049568176 -0.80899316072463989
vn -0.41253700852394104 -0.49862989783287048 -0.7623525857925415
vn -0.44971215724945068 -0.64311087131500244 -0.61981242895126343
vn -0.52755188941955566 -0.63447922468185425 -0.56491154432296753
vn -0.49826690554618835 -0.69521677494049072 -0.51807695627212524
vn -0.41970288753509521 -0.53121340274810791 -0.73597675561904907
vn -0.4500567615032196 -0.36464822292327881 -0.81515675783157349
vn -0.69650614261627197 -0.64594507217407227 -0.31246477365493774
vn -0.44836008548736572 -0.56602656841278076 -0.69179993867874146
vn -0.57287693023681641 -0.66485142707824707 -0.47935852408409119
vn -0.47361809015274048 -0.60575318336486816 -0.63933479785919189
vn -0.45389360189437866 -0.44099780917167664 -0.77427482604980469
vn -0.43271979689598083 -0.41374176740646362 -0.80098146200180054
vn -0.50682598352432251 -0.48044925928115845 -0.71574854850769043
vn -0.63070511817932129 -0.56535810232162476 -0.53158372640609741
vn -0.70609301328659058 -0.598560631275177 -0.37836205959320068
vn -0.55549407005310059 -0.54151952266693115 -0.63101738691329956
vn -0.77004873752593994 -0.52655357122421265 -0.36023083329200745
vn -0.66607838869094849 -0.58749830722808838 -0.45954903960227966
vn -0.68180370330810547 -0.45346367359161377 -0.57403343915939331
vn -0.76170951128005981 -0.46584853529930115 -0.4503152072429657
vn -0.68090403079986572 -0.69920629262924194 -0.21789953112602234
vn -0.54353874921798706 -0.32843717932701111 -0.77246010303497314
vn -0.59667479991912842 -0.14847104251384735 -0.78862887620925903
vn -0.78244388103485107 -0.56535053253173828 -0.26107531785964966
vn -0.46605581045150757 -0.37013572454452515 -0.80361157655715942
vn -0.5367010235786438 -0.40547478199005127 -0.73996096849441528
vn -0.61001819372177124 -0.43113979697227478 -0.66482800245285034
vn -0.74800783395767212 0.019677978008985519 -0.6633981466293335
vn -0.66906952857971191 0.15320508182048798 -0.72723734378814697
vn -0.69886833429336548 0.037251021713018417 -0.7142796516418457
vn -0.043580934405326843 0.09327300637960434 -0.9946863055229187
vn -0.04748149961233139 0.18738378584384918 -0.98113852739334106
vn 0.17443269491195679 0.042707957327365875 -0.98374247550964355
vn -0.29111602902412415 0.21748173236846924 -0.93164002895355225
vn -0.51914238929748535 0.3213685154914856 -0.79196810722351074
vn -0.33740121126174927 0.31249719858169556 -0.88797855377197266
vn -0.621917724609375 -0.13408829271793365 -0.77151709794998169
vn -0.52283436059951782 -0.24248969554901123 -0.81721657514572144
vn -0.63358992338180542 -0.18677869439125061 -0.75078463554382324
vn -0.80576515197753906 -0.54298168420791626 -0.23646017909049988
vn -0.76001906394958496 -0.34371805191040039 -0.55156946182250977
vn -0.45738708972930908 -0.7562481164932251 -0.46785232424736023
vn -0.77267765998840332 -0.19498731195926666 -0.60411018133163452
vn -0.57179367542266846 -0.34773349761962891 -0.7430567741394043
vn -0.35890927910804749 -0.67233568429946899 -0.64741706848144531
vn -0.49722069501876831 -0.64990729093551636 -0.57479739189147949
vn -0.20017102360725403 -0.72138047218322754 -0.66297948360443115
vn -0.56562495231628418 -0.57870709896087646 -0.5875086784362793
vn -0.47235774993896484 -0.6143983006477356 -0.63197535276412964
vn -0.6625482439994812 -0.48413872718811035 -0.57152384519577026
vn -0.68095481395721436 -0.40273061394691467 -0.61164414882659912
vn -0.65554618835449219 -0.32771143317222595 -0.68034136295318604
vn -0.72887241840362549 -0.26605537533760071 -0.63084030151367188
vn -0.71130096912384033 -0.15237602591514587 -0.68617236614227295
vn -0.63295358419418335 -0.56083673238754272 -0.53369641304016113
vn -0.51958984136581421 -0.55541753768920898 -0.64925938844680786
vn -0.73446393013000488 -0.3929656445980072 -0.55329984426498413
vn -0.56412410736083984 -0.63991600275039673 -0.52179640531539917
vn -0.76919960975646973 -0.30133005976676941 -0.56349986791610718
vn -0.76151913404464722 -0.11493244767189026 -0.63787078857421875
vn -0.74005001783370972 -0.040965113788843155 -0.67130309343338013
vn -0.63928937911987305 -0.60608363151550293 -0.47325649857521057
vn -0.72470271587371826 -0.50733405351638794 -0.46628111600875854
vn -0.75632280111312866 -0.42879074811935425 -0.49407920241355896
vn -0.79491269588470459 -0.34825456142425537 -0.49682244658470154
vn -0.80197054147720337 -0.17468446493148804 -0.57125174999237061
vn -0.8148188591003418 -0.24962128698825836 -0.5232202410697937
vn -0.7550957202911377 -0.45220142602920532 -0.47470447421073914
vn -0.86700838804244995 -0.12833186984062195 -0.48148456215858459
vn -0.81635874509811401 -0.29531228542327881 -0.49633562564849854
vn -0.74735730886459351 -0.42901113629341125 -0.50735241174697876
vn -0.66230165958404541 -0.54111295938491821 -0.51822119951248169
vn -0.67464584112167358 -0.63710242509841919 -0.37276461720466614
vn -0.60696089267730713 -0.7447701096534729 -0.27733722329139709
vn -0.58270597457885742 -0.70575284957885742 -0.40294742584228516
vn -0.85179281234741211 -0.2802722156047821 -0.44260191917419434
vn -0.72453540563583374 -0.44496038556098938 -0.52636361122131348
vn -0.58895140886306763 -0.55850827693939209 -0.58412730693817139
vn -0.50444555282592773 -0.64062958955764771 -0.57890278100967407
vn -0.69482284784317017 -0.56207603216171265 -0.44865551590919495
vn -0.42137598991394043 -0.63776636123657227 -0.64474517107009888
vn -0.72300589084625244 0.020804952830076218 -0.6905285120010376
vn -0.72492235898971558 0.028860127553343773 -0.68822574615478516
vn -0.58889973163604736 -0.65121358633041382 -0.4786626398563385
vn -0.37666976451873779 -0.65294045209884644 -0.65710628032684326
vn -0.56199425458908081 -0.67259025573730469 -0.48144033551216125
vn -0.78552120923995972 -0.053417596966028214 -0.61652487516403198
vn -0.13576292991638184 0.82522886991500854 0.54823875427246094
vn -0.28207686543464661 0.95891129970550537 0.030360572040081024
vn -0.70633363723754883 0.2081717848777771 0.67657762765884399
vn -0.70608073472976685 0.10754361003637314 0.69991737604141235
vn 0.62885326147079468 -0.77752256393432617 0.0015163653297349811
vn -0.47279477119445801 -0.68324971199035645 0.55644851922988892
vn 0.92166590690612793 0.24570062756538391 0.30027177929878235
vn 0.87414026260375977 0.42574754357337952 0.23370464146137238
vn 0.88212096691131592 0.36119821667671204 0.30232170224189758
vn -0.43957892060279846 0.80285489559173584 -0.40273359417915344
vn 0.58803021907806396 0.59738028049468994 0.54530471563339233
vn -0.22991447150707245 0.67767941951751709 0.69849115610122681
vn 0.74300152063369751 -0.57263243198394775 -0.34646910429000854
vn 0.70323795080184937 -0.43953022360801697 -0.55881083011627197
vn 0.16051603853702545 0.78377664089202881 0.59994065761566162
vn -0.65445965528488159 0.47695052623748779 -0.58668625354766846
vn -0.57486015558242798 -0.71754294633865356 -0.39327844977378845
vn -0.60341554880142212 -0.68680661916732788 -0.40519914031028748
vn -0.53834247589111328 -0.65510451793670654 -0.53011840581893921
vn -0.86544430255889893 -0.35522481799125671 -0.35330080986022949
vn -0.84083735942840576 -0.37775495648384094 -0.38767728209495544
vn -0.17848114669322968 -0.75928699970245361 -0.625801682472229
vn -0.97103774547576904 -0.024461718276143074 -0.23767051100730896
vn -0.5802009105682373 -0.58826762437820435 -0.56330102682113647
vn 0.12650148570537567 0.76722258329391479 0.62878203392028809
vn -0.52254903316497803 0.78123605251312256 0.34148600697517395
vn -0.091600753366947174 0.81804394721984863 0.56781452894210815
vn -0.95121616125106812 -0.14823219180107117 0.27058285474777222
vn -0.41206109523773193 0.48689010739326477 0.77015823125839233
vn -0.2287708967924118 -0.11912926286458969 0.96616357564926147
vn 0.76409226655960083 -0.20605619251728058 0.61131322383880615
vn 0.32237574458122253 0.16032132506370544 0.93293672800064087
vn 0.92918610572814941 -0.29210576415061951 -0.22646725177764893
vn 0.93425965309143066 -0.3445599377155304 -0.091855153441429138
vn 0.31727725267410278 -0.73104614019393921 0.60407507419586182
vn -0.37457022070884705 -0.46886858344078064 0.79991209506988525
vn 0.30948254466056824 0.72381073236465454 -0.61669975519180298
vn 0.79146945476531982 0.45477569103240967 -0.40835672616958618
vn 0.84038490056991577 0.51352983713150024 -0.17332147061824799
vn 0.96195805072784424 0.054742146283388138 -0.26765647530555725
vn 0.87826967239379883 0.41900861263275146 0.23037835955619812
vn 0.90266698598861694 0.43024393916130066 0.0090808933600783348
vn 0.21611374616622925 0.96070820093154907 0.17416839301586151
vn 0.72768628597259521 0.62550407648086548 -0.28145578503608704
vn -0.8328673243522644 0.43156209588050842 -0.3465346097946167
vn -0.68291717767715454 0.55726438760757446 -0.47231405973434448
vn -0.72153288125991821 0.6874580979347229 0.082411572337150574
vn 0.14266610145568848 0.17090058326721191 0.97490477561950684
vn 0.0028653489425778389 0.72866624593734741 0.68486297130584717
vn -0.22757771611213684 0.82151508331298828 0.52280145883560181
vn 0.32643318176269531 0.71401727199554443 0.61937123537063599
vn 0.65892356634140015 -0.55064690113067627 -0.51245272159576416
vn 0.31876850128173828 -0.94410580396652222 -0.083969540894031525
vn 0.74404382705688477 -0.63770920038223267 0.19931328296661377
vn -0.22352588176727295 -0.51744067668914795 0.82600927352905273
vn -0.04038606584072113 -0.5697559118270874 0.82082104682922363
vn -0.15719392895698547 -0.48346453905105591 0.86113417148590088
vn 0.097534552216529846 -0.16390244662761688 0.98164302110671997
vn -0.47765901684761047 -0.099808491766452789 0.87285745143890381
vn 0.55038201808929443 0.21073867380619049 0.80787920951843262
vn 0.59929400682449341 0.64402461051940918 0.47547760605812073
vn 0.83056706190109253 0.077705703675746918 -0.55147093534469604
vn 0.099323049187660217 0.34339898824691772 -0.93392294645309448
vn 0.19069740176200867 0.22150056064128876 0.95633256435394287
vn 0.85541516542434692 -0.50073903799057007 -0.13238325715065002
vn -0.17658497393131256 -0.9758307933807373 0.12873218953609467
vn 0.67110103368759155 0.25565904378890991 0.69588929414749146
vn 0.90262687206268311 -0.37414112687110901 -0.21279846131801605
vn 0.72817856073379517 0.50133198499679565 0.46735668182373047
vn 0.72575020790100098 0.50493097305297852 0.46725937724113464
vn 0.70676374435424805 0.54398196935653687 0.45229262113571167
vn 0.65698611736297607 0.55023318529129028 0.51537626981735229
vn -0.25178050994873047 -0.50218474864959717 -0.82729500532150269
vn -0.81216073036193848 0.55618405342102051 -0.17622219026088715
vn -0.78849667310714722 0.11900945007801056 -0.60341507196426392
vn -0.6777569055557251 0.68729054927825928 -0.26129922270774841
vn -0.08693995326757431 0.66114526987075806 -0.74520361423492432
vn 0.24082781374454498 0.92183858156204224 -0.30367013812065125
vn 0.63563936948776245 -0.58758324384689331 -0.50070798397064209
vn 0.50039273500442505 -0.39333546161651611 -0.77129393815994263
vn 0.16720277070999146 -0.0090944552794098854 -0.98588061332702637
vn -0.5519910454750061 -0.49134746193885803 -0.67370879650115967
vn -0.83433669805526733 -0.07144329696893692 -0.54660606384277344
vn -0.62933474779129028 -0.72446399927139282 -0.2812289297580719
vn -0.66891753673553467 0.38181543350219727 -0.63778233528137207
vn -0.27430239319801331 0.66704797744750977 0.69267970323562622
vn -0.073760010302066803 0.77961921691894531 0.6218949556350708
vn -0.27430239319801331 0.66704797744750977 0.69267970323562622
vn -0.67606872320175171 0.32478851079940796 0.66139507293701172
vn -0.89868521690368652 -0.043500661849975586 0.43643167614936829
vn 0.94930696487426758 0.16920129954814911 0.26492863893508911
vn 0.94930696487426758 0.16920129954814911 0.26492863893508911
vn 0.16292533278465271 0.82045704126358032 0.54800146818161011
vn 0.15982358157634735 0.79255104064941406 0.58848893642425537
vn 0.048497069627046585 0.82607775926589966 0.56146550178527832
vn 0.84353512525558472 -0.47963589429855347 -0.24165661633014679
vn 0.86624068021774292 -0.43879327178001404 -0.23892992734909058
vn 0.86411553621292114 -0.42943048477172852 -0.2624763548374176
vn 0.82117688655853271 -0.4550136923789978 -0.34442856907844543
vn 0.86287325620651245 -0.44466888904571533 -0.24024838209152222
vn -0.94138193130493164 -0.1242508664727211 0.31362682580947876
vn -0.83734571933746338 -0.26387020945549011 0.47877410054206848
vn -0.8160862922668457 -0.24283592402935028 0.52443671226501465
vn -0.91145527362823486 -0.18384858965873718 0.36803391575813293
vn -0.91145527362823486 -0.18384858965873718 0.36803391575813293
vn -0.8160862922668457 -0.24283592402935028 0.52443671226501465
vn -0.66340166330337524 -0.37823027372360229 0.64563155174255371
vn -0.66340166330337524 -0.37823027372360229 0.64563155174255371
vn -0.49905848503112793 -0.44664746522903442 0.74259454011917114
vn -0.29511278867721558 -0.52195703983306885 0.80029326677322388
vn -0.15719392895698547 -0.48346453905105591 0.86113417148590088
vn -0.49905848503112793 -0.44664746522903442 0.74259454011917114
vn -0.8160862922668457 -0.24283592402935028 0.52443671226501465
vn -0.8160862922668457 -0.24283592402935028 0.52443671226501465
vn 0.43251514434814453 0.90144449472427368 0.018125060945749283
vn 0.43251514434814453 0.90144449472427368 0.018125060945749283
vn 0.91027218103408813 -0.40486660599708557 -0.086530722677707672
vn 0.66097575426101685 0.521678626537323 0.53940939903259277
vn 0.67170065641403198 0.53679072856903076 0.51056241989135742
vn 0.67482191324234009 0.50479477643966675 0.53832852840423584
vn 0.66097575426101685 0.521678626537323 0.53940939903259277
vn 0.65524929761886597 0.53895562887191772 0.5293157696723938
vn 0.61170375347137451 -0.35622182488441467 -0.70634591579437256
vn 0.64854955673217773 -0.33356389403343201 -0.68419194221496582
vn 0.65985977649688721 -0.41430136561393738 -0.62684881687164307
vn 0.65985977649688721 -0.41430136561393738 -0.62684881687164307
vn 0.43573504686355591 -0.4599747359752655 -0.77366542816162109
vn 0.55148530006408691 -0.43366387486457825 -0.71260058879852295
vn -0.67606872320175171 0.32478851079940796 0.66139507293701172
vn -0.67606872320175171 0.32478851079940796 0.66139507293701172
vn -0.27430239319801331 0.66704797744750977 0.69267970323562622
vn 0.98486560583114624 -0.17029158771038055 0.032256308943033218
vn 0.94930696487426758 0.16920129954814911 0.26492863893508911
vn 0.16292533278465271 0.82045704126358032 0.54800146818161011
vn 0.15982358157634735 0.79255104064941406 0.58848893642425537
vn 0.86287325620651245 -0.44466888904571533 -0.24024838209152222
vn 0.86624068021774292 -0.43879327178001404 -0.23892992734909058
vn 0.86287325620651245 -0.44466888904571533 -0.24024838209152222
vn 0.82117688655853271 -0.4550136923789978 -0.34442856907844543
vn 0.70323795080184937 -0.43953022360801697 -0.55881083011627197
vn 0.82117688655853271 -0.4550136923789978 -0.34442856907844543
vn -0.49905848503112793 -0.44664746522903442 0.74259454011917114
vn -0.8160862922668457 -0.24283592402935028 0.52443671226501465
vn -0.15719392895698547 -0.48346453905105591 0.86113417148590088
vn -0.15719392895698547 -0.48346453905105591 0.86113417148590088
vn 0.90226376056671143 -0.39658245444297791 -0.16924092173576355
vn 0.90509128570556641 -0.40139350295066833 -0.14033184945583344
vn 0.90509128570556641 -0.40139350295066833 -0.14033184945583344
vn 0.67170065641403198 0.53679072856903076 0.51056241989135742
vn 0.55148530006408691 -0.43366387486457825 -0.71260058879852295
vn 0.43573504686355591 -0.4599747359752655 -0.77366542816162109
vn -0.38256251811981201 0.46189454197883606 0.80018705129623413
vn -0.25510522723197937 -0.30237546563148499 0.91841733455657959
vn -0.14174920320510864 -0.14731504023075104 0.97887969017028809
vn -0.13689546287059784 -0.12889556586742401 0.98216372728347778
vn -0.23540304601192474 0.27023854851722717 0.93357193470001221
vn -0.40157529711723328 0.10158738493919373 0.91017431020736694
vn -0.20200999081134796 0.4798201322555542 0.85379421710968018
vn -0.36943471431732178 0.36021965742111206 0.85659778118133545
vn -0.23540304601192474 0.27023854851722717 0.93357193470001221
vn -0.20200999081134796 0.4798201322555542 0.85379421710968018
vn -0.11732327193021774 0.53192043304443359 0.8386273980140686
vn -0.19695046544075012 0.45334208011627197 0.86930519342422485
vn -0.20200999081134796 0.4798201322555542 0.85379421710968018
vn -0.13023340702056885 0.56648534536361694 0.81371593475341797
vn -0.11732327193021774 0.53192043304443359 0.8386273980140686
vn -0.13023340702056885 0.56648534536361694 0.81371593475341797
vn -0.13712294399738312 0.62347817420959473 0.76972216367721558
vn -0.19005274772644043 -0.44935846328735352 0.87290143966674805
vn -0.056591395288705826 -0.79663199186325073 0.60180968046188354
vn 0.13627766072750092 -0.87820446491241455 0.45845967531204224
vn -0.056591395288705826 -0.79663199186325073 0.60180968046188354
vn -0.024565279483795166 -0.99698072671890259 0.073661103844642639
vn -0.063146598637104034 -0.98810988664627075 -0.14018332958221436
vn -0.024565279483795166 -0.99698072671890259 0.073661103844642639
vn -0.20546771585941315 -0.92664331197738647 -0.3148256242275238
vn -0.063146598637104034 -0.98810988664627075 -0.14018332958221436
vn -0.20546771585941315 -0.92664331197738647 -0.3148256242275238
vn -0.063042588531970978 -0.14905714988708496 0.9868168830871582
vn -0.19005274772644043 -0.44935846328735352 0.87290143966674805
vn 0.18983612954616547 0.21814776957035065 0.95727413892745972
vn -0.29340255260467529 0.36745929718017578 0.88254666328430176
vn -0.0080282343551516533 -0.70438671112060547 -0.70977103710174561
vn -0.30443638563156128 -0.55670660734176636 -0.77291411161422729
vn 0.033604592084884644 -0.6037333607673645 -0.79647773504257202
vn -0.0080282343551516533 -0.70438671112060547 -0.70977103710174561
vn 0.05944322794675827 -0.78404653072357178 -0.61784911155700684
vn 0.00036541835288517177 -0.82703202962875366 -0.56215471029281616
vn 0.05944322794675827 -0.78404653072357178 -0.61784911155700684
vn -0.22900336980819702 -0.84487223625183105 -0.48347529768943787
vn 0.00036541835288517177 -0.82703202962875366 -0.56215471029281616
vn -0.22900336980819702 -0.84487223625183105 -0.48347529768943787
vn -0.61001819372177124 -0.43113979697227478 -0.66482800245285034
vn -0.46605581045150757 -0.37013572454452515 -0.80361157655715942
vn -0.5367010235786438 -0.40547478199005127 -0.73996096849441528
vn -0.61001819372177124 -0.43113979697227478 -0.66482800245285034
vn -0.25510522723197937 -0.30237546563148499 0.91841733455657959
vn -0.14174920320510864 -0.14731504023075104 0.97887969017028809
vn -0.23540304601192474 0.27023854851722717 0.93357193470001221
vn -0.23540304601192474 0.27023854851722717 0.93357193470001221
vn -0.20200999081134796 0.4798201322555542 0.85379421710968018
vn -0.13023340702056885 0.56648534536361694 0.81371593475341797
vn -0.056591395288705826 -0.79663199186325073 0.60180968046188354
vn -0.0080282343551516533 -0.70438671112060547 -0.70977103710174561
vn 0.05944322794675827 -0.78404653072357178 -0.61784911155700684
vn 0.00036541835288517177 -0.82703202962875366 -0.56215471029281616
vn -0.29962611198425293 0.61242115497589111 0.73154938220977783
vn 0.97715091705322266 -0.20237810909748077 -0.064954876899719238
vn 0.96279865503311157 0.16016025841236115 0.21764053404331207
vn 0.99120301008224487 0.062060203403234482 0.11689775437116623
vn 0.96279865503311157 0.16016025841236115 0.21764053404331207
vn 0.20082007348537445 0.79937785863876343 0.56627404689788818
vn 0.15982358157634735 0.79255104064941406 0.58848893642425537
vn 0.15982358157634735 0.79255104064941406 0.58848893642425537
vn 0.10857373476028442 0.76701861619949341 0.63237190246582031
vn 0.10857373476028442 0.76701861619949341 0.63237190246582031
vn 0.88278627395629883 -0.38531574606895447 -0.26873809099197388
vn 0.87881231307983398 -0.37990966439247131 -0.28871715068817139
vn 0.88278627395629883 -0.38531574606895447 -0.26873809099197388
vn 0.8829425573348999 -0.35853391885757446 -0.30309379100799561
vn 0.81677460670471191 -0.33268231153488159 -0.47138279676437378
vn 0.8829425573348999 -0.35853391885757446 -0.30309379100799561
vn -0.83734571933746338 -0.26387020945549011 0.47877410054206848
vn -0.66340166330337524 -0.37823027372360229 0.64563155174255371
vn 0.9019201397895813 -0.39340817928314209 -0.1782415509223938
vn 0.70512121915817261 0.50757157802581787 0.49515163898468018
vn 0.69215816259384155 0.49072003364562988 0.52925509214401245
vn 0.69215816259384155 0.49072003364562988 0.52925509214401245
vn 0.67482191324234009 0.50479477643966675 0.53832852840423584
vn 0.96279865503311157 0.16016025841236115 0.21764053404331207
vn 0.915740966796875 0.26151490211486816 0.30500563979148865
vn 0.96279865503311157 0.16016025841236115 0.21764053404331207
vn 0.059021595865488052 0.72012776136398315 0.69132661819458008
vn 0.10857373476028442 0.76701861619949341 0.63237190246582031
vn -0.22991447150707245 0.67767941951751709 0.69849115610122681
vn 0.059021595865488052 0.72012776136398315 0.69132661819458008
vn 0.81677460670471191 -0.33268231153488159 -0.47138279676437378
vn -0.70633363723754883 0.2081717848777771 0.67657762765884399
vn -0.89868521690368652 -0.043500661849975586 0.43643167614936829
vn -0.70633363723754883 0.2081717848777771 0.67657762765884399
vn -0.29962611198425293 0.61242115497589111 0.73154938220977783
vn 0.97715091705322266 -0.20237810909748077 -0.064954876899719238
vn 0.99120301008224487 0.062060203403234482 0.11689775437116623
vn 0.8829425573348999 -0.35853391885757446 -0.30309379100799561
vn 0.70887619256973267 -0.31975340843200684 -0.62869095802307129
vn 0.64854955673217773 -0.33356389403343201 -0.68419194221496582
vn -0.64500850439071655 0.45745021104812622 0.61213016510009766
vn -0.67715215682983398 0.37662169337272644 0.6321558952331543
vn -0.64500850439071655 0.45745021104812622 0.61213016510009766
vn 0.65471947193145752 -0.71651387214660645 -0.24072863161563873
vn 0.70733374357223511 -0.66801691055297852 -0.23115457594394684
vn 0.78256106376647949 -0.59201562404632568 -0.19265438616275787
vn 0.7107090950012207 -0.67759573459625244 -0.18909420073032379
vn 0.82573944330215454 -0.52800345420837402 -0.19841057062149048
vn 0.83693546056747437 -0.50016427040100098 -0.22220426797866821
vn 0.78256106376647949 -0.59201562404632568 -0.19265438616275787
vn 0.74300152063369751 -0.57263243198394775 -0.34646910429000854
vn 0.80766332149505615 -0.53093892335891724 -0.25648364424705505
vn 0.82573944330215454 -0.52800345420837402 -0.19841057062149048
vn -0.022382792085409164 -0.52933156490325928 0.84811973571777344
vn -0.95950239896774292 -0.11257639527320862 0.25822809338569641
vn -0.93455862998962402 -0.17742995917797089 0.30841335654258728
vn -0.93455862998962402 -0.17742995917797089 0.30841335654258728
vn -0.89404571056365967 -0.18439354002475739 0.40826615691184998
vn -0.93455862998962402 -0.17742995917797089 0.30841335654258728
vn -0.89404571056365967 -0.18439354002475739 0.40826615691184998
vn -0.68143624067306519 -0.29797115921974182 0.66847425699234009
vn -0.89404571056365967 -0.18439354002475739 0.40826615691184998
vn -0.68143624067306519 -0.29797115921974182 0.66847425699234009
vn -0.43339687585830688 -0.38445174694061279 0.81508529186248779
vn -0.89404571056365967 -0.18439354002475739 0.40826615691184998
vn -0.68143624067306519 -0.29797115921974182 0.66847425699234009
vn -0.38970282673835754 -0.048363491892814636 0.91966986656188965
vn -0.37227877974510193 0.12588456273078918 0.91954421997070313
vn -0.72252041101455688 0.20750975608825684 0.65947246551513672
vn -0.38970282673835754 -0.048363491892814636 0.91966986656188965
vn -0.38970282673835754 -0.048363491892814636 0.91966986656188965
vn 0.17494523525238037 -0.35175937414169312 0.91959744691848755
vn 0.45200645923614502 -0.55810999870300293 0.6958472728729248
vn 0.17494523525238037 -0.35175937414169312 0.91959744691848755
vn 0.79686719179153442 -0.55480694770812988 0.23914830386638641
vn 0.79686719179153442 -0.55480694770812988 0.23914830386638641
vn 0.45200645923614502 -0.55810999870300293 0.6958472728729248
vn -0.72252041101455688 0.20750975608825684 0.65947246551513672
vn 0.35166648030281067 -0.49336916208267212 -0.79556113481521606
vn 0.50677889585494995 -0.51488959789276123 -0.69142156839370728
vn 0.35166648030281067 -0.49336916208267212 -0.79556113481521606
vn 0.50677889585494995 -0.51488959789276123 -0.69142156839370728
vn 0.56692147254943848 -0.51992779970169067 -0.63896411657333374
vn 0.58874309062957764 -0.59478491544723511 -0.54736870527267456
vn 0.60670673847198486 -0.65364313125610352 -0.45239099860191345
vn 0.56692147254943848 -0.51992779970169067 -0.63896411657333374
vn 0.60670673847198486 -0.65364313125610352 -0.45239099860191345
vn -0.91454964876174927 -0.010885669849812984 0.4043271541595459
vn -0.67715215682983398 0.37662169337272644 0.6321558952331543
vn -0.91454964876174927 -0.010885669849812984 0.4043271541595459
vn 0.7107090950012207 -0.67759573459625244 -0.18909420073032379
vn 0.70733374357223511 -0.66801691055297852 -0.23115457594394684
vn 0.7107090950012207 -0.67759573459625244 -0.18909420073032379
vn 0.7107090950012207 -0.67759573459625244 -0.18909420073032379
vn 0.78256106376647949 -0.59201562404632568 -0.19265438616275787
vn 0.82573944330215454 -0.52800345420837402 -0.19841057062149048
vn -0.43339687585830688 -0.38445174694061279 0.81508529186248779
vn -0.43339687585830688 -0.38445174694061279 0.81508529186248779
vn -0.38970282673835754 -0.048363491892814636 0.91966986656188965
vn 0.17494523525238037 -0.35175937414169312 0.91959744691848755
vn 0.45200645923614502 -0.55810999870300293 0.6958472728729248
vn 0.70077806711196899 -0.68202579021453857 -0.20916713774204254
vn 0.79686719179153442 -0.55480694770812988 0.23914830386638641
vn 0.50677889585494995 -0.51488959789276123 -0.69142156839370728
vn -0.5240514874458313 0.85151875019073486 0.016907155513763428
vn -0.6177864670753479 0.66688406467437744 -0.41665995121002197
vn -0.58758288621902466 0.76615101099014282 -0.26030564308166504
vn -0.58758288621902466 0.76615101099014282 -0.26030564308166504
vn -0.59083694219589233 0.78398805856704712 -0.19045856595039368
vn 0.0084953736513853073 0.31064483523368835 0.95048809051513672
vn 0.041292626410722733 0.1224878802895546 0.99161064624786377
vn -0.19427192211151123 0.65272802114486694 0.73225986957550049
vn -0.082252450287342072 0.4504292905330658 0.88901519775390625
vn 0.0084953736513853073 0.31064483523368835 0.95048809051513672
vn -0.24948643147945404 0.71209800243377686 0.65625673532485962
vn -0.19427192211151123 0.65272802114486694 0.73225986957550049
vn 0.041292626410722733 0.1224878802895546 0.99161064624786377
vn -0.13648101687431335 0.69302994012832642 0.70787179470062256
vn -0.18202681839466095 0.75802242755889893 0.62631314992904663
vn -0.18202681839466095 0.75802242755889893 0.62631314992904663
vn -0.20286200940608978 0.81205743551254272 0.54718345403671265
vn -0.13648101687431335 0.69302994012832642 0.70787179470062256
vn 0.21167281270027161 -0.5342908501625061 0.81836903095245361
vn 0.21167281270027161 -0.5342908501625061 0.81836903095245361
vn -0.62873744964599609 0.7410157322883606 -0.2357645183801651
vn -0.65445965528488159 0.47695052623748779 -0.58668625354766846
vn -0.61978328227996826 0.59712725877761841 -0.50922262668609619
vn -0.61978328227996826 0.59712725877761841 -0.50922262668609619
vn -0.5240514874458313 0.85151875019073486 0.016907155513763428
vn -0.35214123129844666 0.81710642576217651 0.45643585920333862
vn -0.58758288621902466 0.76615101099014282 -0.26030564308166504
vn -0.6177864670753479 0.66688406467437744 -0.41665995121002197
vn -0.6177864670753479 0.66688406467437744 -0.41665995121002197
vn -0.57948857545852661 0.4793352484703064 -0.65911358594894409
vn 0.0084953736513853073 0.31064483523368835 0.95048809051513672
vn -0.082252450287342072 0.4504292905330658 0.88901519775390625
vn -0.16064512729644775 0.58069980144500732 0.79811084270477295
vn -0.16064512729644775 0.58069980144500732 0.79811084270477295
vn -0.16064512729644775 0.58069980144500732 0.79811084270477295
vn -0.19427192211151123 0.65272802114486694 0.73225986957550049
vn -0.20286200940608978 0.81205743551254272 0.54718345403671265
vn -0.22757771611213684 0.82151508331298828 0.52280145883560181
vn -0.20286200940608978 0.81205743551254272 0.54718345403671265
vn 0.26674294471740723 -0.53588241338729858 0.80104821920394897
vn 0.077195480465888977 -0.51685309410095215 0.85258650779724121
vn 0.26674294471740723 -0.53588241338729858 0.80104821920394897
vn 0.21167281270027161 -0.5342908501625061 0.81836903095245361
vn 0.077195480465888977 -0.51685309410095215 0.85258650779724121
vn -0.62873744964599609 0.7410157322883606 -0.2357645183801651
vn -0.66522616147994995 0.62456429004669189 -0.40913763642311096
vn -0.66522616147994995 0.62456429004669189 -0.40913763642311096
vn -0.61978328227996826 0.59712725877761841 -0.50922262668609619
vn -0.61978328227996826 0.59712725877761841 -0.50922262668609619
f 1/1/1 2/2/2 3/3/3
f 4/4/4 2/2/2 1/1/1
f 3/3/3 2/2/2 5/5/5
f 2/2/2 6/6/6 5/5/5
f 7/7/7 6/6/6 2/2/2
f 6/6/6 8/8/8 9/9/9
f 10/10/10 8/8/8 6/6/6
f 11/11/11 3/3/3 5/5/5
f 12/12/12 13/13/13 14/14/14
f 15/15/15 16/16/16 17/17/17
f 18/18/18 15/15/15 17/17/17
f 19/19/19 1323/1323/1323 21/21/21
f 22/22/22 20/20/20 23/23/23
f 24/24/24 15/15/15 18/18/18
f 25/25/25 26/26/26 27/27/27
f 26/26/26 28/28/28 27/27/27
f 29/29/29 30/30/30 28/28/28
f 30/30/30 31/31/31 28/28/28
f 32/32/32 28/28/28 31/31/31
f 33/33/33 31/31/31 30/30/30
f 34/34/34 31/31/31 33/33/33
f 34/34/34 35/35/35 36/36/36
f 37/37/37 33/33/33 38/38/38
f 35/35/35 33/33/33 37/37/37
f 37/37/37 38/38/38 39/39/39
f 38/38/38 40/40/40 39/39/39
f 41/41/41 39/39/39 40/40/40
f 42/42/42 37/37/37 39/39/39
f 43/43/43 37/37/37 42/42/42
f 36/36/36 32/32/32 34/34/34
f 1259/1259/1259 1260/1260/1260 46/46/46
f 47/47/47 45/45/45 44/44/44
f 1098/1098/1098 45/45/45 47/47/47
f 47/47/47 1099/1099/1099 1100/1100/1100
f 1219/1219/1219 51/51/51 48/48/48
f 52/52/52 1101/1101/1101 1102/1102/1102
f 54/54/54 55/55/55 56/56/56
f 56/56/56 57/57/57 58/58/58
f 1261/1261/1261 46/46/46 59/59/59
f 60/60/60 58/58/58 61/61/61
f 62/62/62 63/63/63 64/64/64
f 63/63/63 65/65/65 64/64/64
f 64/64/64 65/65/65 66/66/66
f 67/67/67 66/66/66 65/65/65
f 68/68/68 66/66/66 67/67/67
f 69/69/69 68/68/68 67/67/67
f 69/69/69 67/67/67 70/70/70
f 68/68/68 71/71/71 72/72/72
f 71/71/71 68/68/68 69/69/69
f 72/72/72 71/71/71 73/73/73
f 74/74/74 70/70/70 75/75/75
f 71/71/71 76/76/76 73/73/73
f 76/76/76 71/71/71 74/74/74
f 77/77/77 76/76/76 74/74/74
f 77/77/77 75/75/75 78/78/78
f 79/79/79 73/73/73 80/80/80
f 81/81/81 80/80/80 76/76/76
f 81/81/81 76/76/76 77/77/77
f 82/82/82 81/81/81 77/77/77
f 77/77/77 78/78/78 82/82/82
f 81/81/81 79/79/79 80/80/80
f 84/84/84 1017/1017/1017 85/85/85 83/83/83
f 84/84/84 83/83/83 86/86/86
f 85/85/85 87/87/87 88/88/88
f 89/89/89 90/90/90 91/91/91
f 91/91/91 90/90/90 92/92/92
f 93/93/93 92/92/92 88/88/88
f 89/89/89 94/94/94 90/90/90
f 95/95/95 83/83/83 85/85/85
f 83/83/83 95/95/95 96/96/96
f 97/97/97 90/90/90 94/94/94
f 90/90/90 97/97/97 92/92/92
f 85/85/85 88/88/88 98/98/98
f 98/98/98 92/92/92 99/99/99
f 94/94/94 100/100/100 97/97/97
f 97/97/97 101/101/101 99/99/99
f 95/95/95 98/98/98 102/102/102
f 102/102/102 99/99/99 103/103/103
f 105/105/105 1043/1043/1043 95/95/95 104/104/104
f 106/106/106 107/107/107 101/101/101
f 101/101/101 107/107/107 103/103/103
f 104/104/104 108/108/108 109/109/109
f 108/108/108 102/102/102 110/110/110
f 107/107/107 106/106/106 111/111/111
f 112/112/112 113/113/113 114/114/114
f 115/115/115 116/116/116 117/117/117
f 116/116/116 118/118/118 119/119/119
f 112/112/112 120/120/120 113/113/113
f 119/119/119 113/113/113 121/121/121
f 116/116/116 122/122/122 123/123/123
f 122/122/122 119/119/119 124/124/124
f 124/124/124 121/121/121 125/125/125
f 122/122/122 126/126/126 127/127/127
f 121/121/121 120/120/120 128/128/128
f 125/125/125 121/121/121 128/128/128
f 129/129/129 127/127/127 126/126/126
f 124/124/124 130/130/130 126/126/126
f 1164/1164/1164 129/129/129 126/126/126
f 125/125/125 132/132/132 130/130/130
f 130/130/130 133/133/133 126/126/126
f 128/128/128 134/134/134 125/125/125
f 132/132/132 125/125/125 134/134/134
f 128/128/128 135/135/135 134/134/134
f 126/126/126 136/136/136 131/131/131
f 137/137/137 138/138/138 139/139/139
f 137/137/137 140/140/140 141/141/141
f 140/140/140 142/142/142 143/143/143
f 142/142/142 144/144/144 145/145/145
f 145/145/145 144/144/144 146/146/146
f 146/146/146 144/144/144 147/147/147
f 143/143/143 145/145/145 148/148/148
f 137/137/137 149/149/149 150/150/150
f 148/148/148 146/146/146 151/151/151
f 141/141/141 143/143/143 148/148/148
f 149/149/149 141/141/141 152/152/152
f 152/152/152 148/148/148 153/153/153
f 148/148/148 151/151/151 154/154/154
f 155/155/155 152/152/152 156/156/156
f 153/153/153 154/154/154 157/157/157
f 156/156/156 153/153/153 158/158/158
f 156/156/156 158/158/158 159/159/159
f 160/160/160 1048/1048/1048 161/161/161 162/162/162
f 163/163/163 162/162/162 164/164/164
f 164/164/164 162/162/162 165/165/165
f 166/166/166 163/163/163 164/164/164
f 167/167/167 168/168/168 166/166/166
f 169/169/169 170/170/170 171/171/171
f 172/172/172 166/166/166 173/173/173
f 174/174/174 164/164/164 170/170/170
f 175/175/175 167/167/167 172/172/172
f 169/169/169 176/176/176 170/170/170
f 177/177/177 174/174/174 176/176/176
f 178/178/178 173/173/173 177/177/177
f 179/179/179 172/172/172 178/178/178
f 180/180/180 182/182/182 181/181/181 175/175/175
f 180/180/180 175/175/175 179/179/179
f 176/176/176 169/169/169 183/183/183
f 184/184/184 185/185/185 186/186/186
f 184/184/184 187/187/187 188/188/188
f 184/184/184 186/186/186 189/189/189 187/187/187
f 190/190/190 186/186/186 191/191/191
f 192/192/192 193/193/193 189/189/189
f 192/192/192 189/189/189 194/194/194
f 195/195/195 196/196/196 192/192/192
f 196/196/196 195/195/195 197/197/197
f 198/198/198 194/194/194 199/199/199
f 195/195/195 200/200/200 197/197/197
f 200/200/200 195/195/195 201/201/201
f 201/201/201 202/202/202 198/198/198
f 193/193/193 192/192/192 196/196/196
f 203/203/203 204/204/204 205/205/205
f 206/206/206 210/210/210 204/204/204 203/203/203
f 207/207/207 208/208/208 204/204/204
f 209/209/209 210/210/210 211/211/211
f 212/212/212 207/207/207 204/204/204
f 212/212/212 213/213/213 207/207/207
f 213/213/213 212/212/212 210/210/210
f 214/214/214 215/215/215 216/216/216
f 1220/1220/1220 218/218/218 219/219/219
f 220/220/220 214/214/214 213/213/213
f 209/209/209 221/221/221 213/213/213
f 222/222/222 221/221/221 209/209/209
f 213/213/213 223/223/223 220/220/220
f 221/221/221 223/223/223 213/213/213
f 1221/1221/1221 218/218/218 1222/1222/1222
f 225/225/225 218/218/218 1223/1223/1223
f 223/223/223 226/226/226 224/224/224
f 227/227/227 223/223/223 221/221/221
f 226/226/226 228/228/228 229/229/229
f 227/227/227 230/230/230 226/226/226
f 217/217/217 215/215/215 214/214/214
f 231/231/231 211/211/211 210/210/210 206/206/206
f 232/232/232 211/211/211 231/231/231
f 233/233/233 211/211/211 234/234/234
f 1103/1103/1103 235/235/235 236/236/236
f 237/237/237 1104/1104/1104 236/236/236
f 238/238/238 239/239/239 240/240/240
f 241/241/241 242/242/242 243/243/243
f 243/243/243 244/244/244 245/245/245
f 247/247/247 241/241/241 248/248/248 246/246/246
f 240/240/240 249/249/249 250/250/250
f 249/249/249 251/251/251 246/246/246
f 244/244/244 252/252/252 245/245/245
f 251/251/251 247/247/247 246/246/246
f 242/242/242 1056/1056/1056 253/253/253 244/244/244
f 251/251/251 254/254/254 247/247/247
f 254/254/254 255/255/255 247/247/247
f 251/251/251 249/249/249 256/256/256 257/257/257
f 258/258/258 250/250/250 248/248/248
f 259/259/259 260/260/260 261/261/261
f 1324/1324/1324 263/263/263 264/264/264
f 265/265/265 261/261/261 266/266/266
f 267/267/267 262/262/262 268/268/268
f 269/269/269 267/267/267 270/270/270
f 261/261/261 271/271/271 259/259/259
f 265/265/265 1022/1022/1022 263/263/263 272/272/272
f 267/267/267 274/274/274 273/273/273 262/262/262
f 1325/1325/1325 272/272/272 263/263/263
f 275/275/275 271/271/271 261/261/261
f 276/276/276 275/275/275 265/265/265
f 274/274/274 267/267/267 277/277/277 278/278/278
f 271/271/271 275/275/275 279/279/279
f 1326/1326/1326 1327/1327/1327 280/280/280 272/272/272
f 274/274/274 282/282/282 281/281/281 273/273/273
f 274/274/274 278/278/278 282/282/282
f 283/283/283 284/284/284 278/278/278
f 262/262/262 285/285/285 268/268/268
f 286/286/286 287/287/287 288/288/288
f 289/289/289 290/290/290 291/291/291
f 293/293/293 294/294/294 292/292/292 289/289/289
f 295/295/295 294/294/294 296/296/296
f 295/295/295 292/292/292 294/294/294
f 297/297/297 295/295/295 296/296/296
f 286/286/286 290/290/290 298/298/298
f 299/299/299 300/300/300 289/289/289
f 301/301/301 305/305/305 299/299/299 292/292/292
f 302/302/302 1057/1057/1057 301/301/301 297/297/297
f 298/298/298 303/303/303 286/286/286
f 304/304/304 305/305/305 306/306/306
f 300/300/300 299/299/299 304/304/304 307/307/307
f 306/306/306 305/305/305 308/308/308 309/309/309
f 310/310/310 311/311/311 308/308/308
f 304/304/304 306/306/306 312/312/312 313/313/313
f 314/314/314 307/307/307 315/315/315 316/316/316
f 306/306/306 309/309/309 312/312/312
f 309/309/309 311/311/311 317/317/317
f 315/315/315 313/313/313 318/318/318
f 313/313/313 312/312/312 318/318/318
f 318/318/318 312/312/312 319/319/319 320/320/320
f 312/312/312 309/309/309 317/317/317 319/319/319
f 321/321/321 286/286/286 322/322/322
f 303/303/303 298/298/298 323/323/323 324/324/324
f 290/290/290 325/325/325 326/326/326
f 290/290/290 326/326/326 291/291/291
f 315/315/315 327/327/327 316/316/316
f 317/317/317 311/311/311 328/328/328
f 1328/1328/1328 1329/1329/1329 331/331/331
f 333/333/333 341/341/341 1330/1330/1330 332/332/332
f 1331/1331/1331 1332/1332/1332 336/336/336
f 337/337/337 338/338/338 329/329/329
f 334/334/334 348/348/348 339/339/339 340/340/340
f 341/341/341 1333/1333/1333 1334/1334/1334
f 337/337/337 335/335/335 339/339/339
f 338/338/338 343/343/343 344/344/344
f 345/345/345 337/337/337 339/339/339
f 346/346/346 343/343/343 345/345/345
f 348/348/348 334/334/334 342/342/342 347/347/347
f 349/349/349 346/346/346 345/345/345
f 348/348/348 347/347/347 350/350/350
f 342/342/342 351/351/351 347/347/347
f 348/348/348 350/350/350 352/352/352
f 352/352/352 353/353/353 349/349/349
f 349/349/349 354/354/354 355/355/355
f 350/350/350 356/356/356 352/352/352
f 353/353/353 357/357/357 349/349/349
f 357/357/357 358/358/358 354/354/354
f 351/351/351 359/359/359 347/347/347
f 353/353/353 360/360/360 357/357/357
f 360/360/360 361/361/361 357/357/357
f 353/353/353 356/356/356 362/362/362 360/360/360
f 359/359/359 351/351/351 363/363/363
f 361/361/361 364/364/364 358/358/358
f 356/356/356 350/350/350 365/365/365 362/362/362
f 1335/1335/1335 366/366/366 331/331/331
f 367/367/367 344/344/344 343/343/343
f 358/358/358 357/357/357 361/361/361
f 368/368/368 369/369/369 370/370/370
f 371/371/371 372/372/372 373/373/373
f 368/368/368 374/374/374 375/375/375
f 368/368/368 376/376/376 377/377/377
f 379/379/379 377/377/377 376/376/376 378/378/378
f 378/378/378 1336/1336/1336 1337/1337/1337 379/379/379
f 374/374/374 368/368/368 377/377/377 380/380/380
f 377/377/377 379/379/379 381/381/381
f 379/379/379 1338/1338/1338 1339/1339/1339 383/383/383
f 374/374/374 384/384/384 385/385/385
f 379/379/379 383/383/383 386/386/386 381/381/381
f 385/385/385 384/384/384 387/387/387
f 380/380/380 377/377/377 381/381/381 388/388/388
f 388/388/388 389/389/389 384/384/384 380/380/380
f 383/383/383 390/390/390 386/386/386
f 391/391/391 392/392/392 383/383/383
f 386/386/386 390/390/390 388/388/388
f 390/390/390 393/393/393 388/388/388
f 390/390/390 394/394/394 393/393/393
f 392/392/392 394/394/394 390/390/390
f 395/395/395 387/387/387 396/396/396
f 397/397/397 398/398/398 368/368/368
f 1340/1340/1340 378/378/378 400/400/400
f 372/372/372 371/371/371 399/399/399
f 387/387/387 401/401/401 396/396/396
f 389/389/389 393/393/393 401/401/401
f 402/402/402 403/403/403 1105/1105/1105
f 404/404/404 1224/1224/1224 1225/1225/1225
f 407/407/407 406/406/406 408/408/408
f 406/406/406 405/405/405 408/408/408
f 409/409/409 410/410/410 411/411/411
f 412/412/412 413/413/413 409/409/409
f 410/410/410 416/416/416 414/414/414 411/411/411
f 414/414/414 415/415/415 406/406/406
f 1226/1226/1226 1227/1227/1227 417/417/417
f 418/418/418 410/410/410 413/413/413
f 419/419/419 420/420/420 415/415/415
f 421/421/421 419/419/419 416/416/416
f 422/422/422 421/421/421 416/416/416 418/418/418
f 422/422/422 418/418/418 423/423/423
f 419/419/419 421/421/421 424/424/424
f 425/425/425 426/426/426 427/427/427
f 428/428/428 424/424/424 421/421/421 422/422/422
f 429/429/429 428/428/428 422/422/422 430/430/430
f 425/425/425 431/431/431 432/432/432
f 427/427/427 433/433/433 431/431/431
f 427/427/427 434/434/434 435/435/435
f 436/436/436 434/434/434 428/428/428
f 437/437/437 434/434/434 436/436/436
f 437/437/437 438/438/438 435/435/435
f 439/439/439 437/437/437 436/436/436
f 440/440/440 436/436/436 429/429/429
f 402/402/402 1106/1106/1106 1107/1107/1107
f 417/417/417 1228/1228/1228 441/441/441
f 442/442/442 440/440/440 429/429/429
f 440/440/440 443/443/443 436/436/436
f 444/444/444 1262/1262/1262 446/446/446
f 445/445/445 444/444/444 1263/1263/1263
f 448/448/448 444/444/444 446/446/446
f 450/450/450 452/452/452 448/448/448 449/449/449
f 451/451/451 448/448/448 452/452/452
f 453/453/453 454/454/454 455/455/455
f 452/452/452 456/456/456 457/457/457
f 1264/1264/1264 1265/1265/1265 451/451/451
f 455/455/455 458/458/458 459/459/459 1108/1108/1108
f 1109/1109/1109 1110/1110/1110 460/460/460 459/459/459
f 1266/1266/1266 1267/1267/1267 1268/1268/1268 462/462/462
f 465/465/465 1269/1269/1269 1270/1270/1270 1271/1271/1271
f 1229/1229/1229 1230/1230/1230 467/467/467 461/461/461
f 1111/1111/1111 1112/1112/1112 464/464/464
f 1231/1231/1231 461/461/461 470/470/470 1232/1232/1232
f 472/472/472 468/468/468 466/466/466
f 472/472/472 466/466/466 471/471/471 473/473/473
f 473/473/473 471/471/471 474/474/474
f 1233/1233/1233 1234/1234/1234 469/469/469
f 473/473/473 475/475/475 472/472/472
f 450/450/450 449/449/449 476/476/476
f 476/476/476 477/477/477 456/456/456 450/450/450
f 449/449/449 448/448/448 446/446/446
f 478/478/478 479/479/479 480/480/480
f 481/481/481 482/482/482 483/483/483
f 484/484/484 478/478/478 485/485/485
f 480/480/480 485/485/485 478/478/478
f 486/486/486 482/482/482 487/487/487
f 481/481/481 487/487/487 482/482/482
f 480/480/480 479/479/479 488/488/488
f 489/489/489 481/481/481 490/490/490
f 491/491/491 488/488/488 492/492/492
f 490/490/490 485/485/485 493/493/493
f 489/489/489 494/494/494 495/495/495
f 489/489/489 490/490/490 496/496/496
f 485/485/485 491/491/491 493/493/493
f 494/494/494 497/497/497 498/498/498
f 493/493/493 491/491/491 499/499/499
f 491/491/491 492/492/492 499/499/499
f 497/497/497 496/496/496 500/500/500
f 501/501/501 500/500/500 496/496/496 493/493/493
f 499/499/499 502/502/502 501/501/501 493/493/493
f 500/500/500 503/503/503 498/498/498
f 504/504/504 503/503/503 500/500/500
f 505/505/505 506/506/506 502/502/502
f 507/507/507 504/504/504 508/508/508
f 510/510/510 501/501/501 502/502/502 509/509/509
f 511/511/511 507/507/507 508/508/508
f 509/509/509 512/512/512 510/510/510
f 1341/1341/1341 513/513/513 514/514/514
f 1342/1342/1342 509/509/509 1272/1272/1272
f 516/516/516 551/551/551 517/517/517 515/515/515
f 516/516/516 1273/1273/1273 1113/1113/1113 1274/1274/1274
f 1114/1114/1114 1115/1115/1115 522/522/522 1116/1116/1116
f 1235/1235/1235 1236/1236/1236 523/523/523
f 524/524/524 521/521/521 525/525/525
f 526/526/526 524/524/524 525/525/525
f 527/527/527 528/528/528 526/526/526
f 522/522/522 519/519/519 1117/1117/1117
f 529/529/529 526/526/526 528/528/528
f 1275/1275/1275 530/530/530 516/516/516
f 529/529/529 524/524/524 526/526/526
f 1276/1276/1276 532/532/532 530/530/530 1277/1277/1277
f 531/531/531 1118/1118/1118 1119/1119/1119
f 531/531/531 1120/1120/1120 1121/1121/1121
f 1122/1122/1122 1123/1123/1123 533/533/533 1124/1124/1124
f 534/534/534 530/530/530 535/535/535
f 1125/1125/1125 536/536/536 1278/1278/1278
f 537/537/537 1126/1126/1126 1279/1279/1279
f 1280/1280/1280 538/538/538 532/532/532
f 539/539/539 1281/1281/1281 1282/1282/1282
f 536/536/536 538/538/538 1283/1283/1283
f 539/539/539 537/537/537 1284/1284/1284
f 540/540/540 536/536/536 537/537/537
f 541/541/541 539/539/539 542/542/542
f 540/540/540 537/537/537 539/539/539
f 541/541/541 542/542/542 543/543/543
f 1165/1165/1165 544/544/544 1166/1166/1166
f 545/545/545 546/546/546 547/547/547
f 548/548/548 546/546/546 540/540/540
f 549/549/549 540/540/540 539/539/539
f 547/547/547 550/550/550 545/545/545
f 516/516/516 534/534/534 551/551/551
f 553/553/553 549/549/549 541/541/541
f 543/543/543 553/553/553 541/541/541
f 554/554/554 555/555/555 556/556/556
f 556/556/556 555/555/555 557/557/557
f 558/558/558 1167/1167/1167 560/560/560
f 556/556/556 557/557/557 561/561/561
f 559/559/559 558/558/558 1168/1168/1168 1169/1169/1169
f 554/554/554 563/563/563 564/564/564
f 556/556/556 561/561/561 562/562/562
f 563/563/563 554/554/554 556/556/556 565/565/565
f 565/565/565 567/567/567 566/566/566 563/563/563
f 1170/1170/1170 1171/1171/1171 1172/1172/1172 568/568/568
f 569/569/569 570/570/570 571/571/571
f 568/568/568 569/569/569 572/572/572
f 1173/1173/1173 568/568/568 573/573/573
f 574/574/574 575/575/575 576/576/576
f 573/573/573 568/568/568 572/572/572
f 572/572/572 571/571/571 577/577/577
f 1174/1174/1174 1175/1175/1175 1176/1176/1176 578/578/578
f 572/572/572 582/582/582 579/579/579 573/573/573
f 580/580/580 575/575/575 574/574/574
f 579/579/579 578/578/578 573/573/573
f 1177/1177/1177 1178/1178/1178 578/578/578
f 581/581/581 575/575/575 580/580/580
f 582/582/582 577/577/577 583/583/583
f 584/584/584 579/579/579 585/585/585
f 585/585/585 582/582/582 583/583/583
f 1179/1179/1179 587/587/587 586/586/586 1180/1180/1180
f 587/587/587 578/578/578 579/579/579 584/584/584
f 564/564/564 1071/1071/1071 588/588/588 554/554/554
f 566/566/566 576/576/576 589/589/589
f 566/566/566 589/589/589 563/563/563
f 570/570/570 569/569/569 558/558/558 560/560/560
f 592/592/592 599/599/599 590/590/590 591/591/591
f 593/593/593 594/594/594 595/595/595
f 596/596/596 597/597/597 592/592/592
f 598/598/598 591/591/591 590/590/590
f 597/597/597 599/599/599 592/592/592
f 600/600/600 601/601/601 602/602/602
f 603/603/603 604/604/604 605/605/605
f 600/600/600 602/602/602 606/606/606
f 607/607/607 604/604/604 601/601/601
f 608/608/608 609/609/609 610/610/610
f 611/611/611 612/612/612 610/610/610
f 613/613/613 614/614/614 615/615/615
f 616/616/616 615/615/615 617/617/617
f 618/618/618 619/619/619 617/617/617
f 620/620/620 617/617/617 619/619/619
f 618/618/618 621/621/621 619/619/619
f 624/624/624 625/625/625 622/622/622 623/623/623
f 626/626/626 621/621/621 622/622/622 625/625/625
f 621/621/621 626/626/626 619/619/619
f 628/628/628 625/625/625 624/624/624 627/627/627
f 626/626/626 625/625/625 628/628/628
f 630/630/630 619/619/619 626/626/626 629/629/629
f 631/631/631 619/619/619 630/630/630
f 633/633/633 634/634/634 627/627/627 632/632/632
f 635/635/635 628/628/628 627/627/627 634/634/634
f 628/628/628 635/635/635 629/629/629
f 637/637/637 634/634/634 633/633/633 636/636/636
f 637/637/637 638/638/638 635/635/635 634/634/634
f 639/639/639 629/629/629 635/635/635 638/638/638
f 630/630/630 629/629/629 639/639/639
f 640/640/640 630/630/630 641/641/641
f 642/642/642 643/643/643 638/638/638 637/637/637
f 643/643/643 644/644/644 639/639/639 638/638/638
f 639/639/639 644/644/644 641/641/641
f 646/646/646 644/644/644 643/643/643 645/645/645
f 647/647/647 641/641/641 644/644/644 646/646/646
f 648/648/648 641/641/641 647/647/647
f 645/645/645 649/649/649 646/646/646
f 651/651/651 646/646/646 649/649/649 650/650/650
f 651/651/651 653/653/653 647/647/647 646/646/646
f 652/652/652 647/647/647 653/653/653
f 653/653/653 651/651/651 654/654/654
f 655/655/655 653/653/653 656/656/656
f 657/657/657 622/622/622 621/621/621 618/618/618
f 658/658/658 632/632/632 627/627/627 624/624/624
f 623/623/623 658/658/658 624/624/624
f 659/659/659 618/618/618 617/617/617
f 657/657/657 618/618/618 659/659/659
f 614/614/614 660/660/660 615/615/615
f 659/659/659 615/615/615 660/660/660
f 615/615/615 659/659/659 617/617/617
f 633/633/633 661/661/661 636/636/636
f 637/637/637 636/636/636 662/662/662
f 662/662/662 642/642/642 637/637/637
f 643/643/643 642/642/642 645/645/645
f 1181/1181/1181 664/664/664 1182/1182/1182
f 668/668/668 1076/1076/1076 666/666/666 667/667/667
f 670/670/670 667/667/667 665/665/665 669/669/669
f 671/671/671 668/668/668 667/667/667 670/670/670
f 1183/1183/1183 1184/1184/1184 672/672/672 1185/1185/1185
f 675/675/675 670/670/670 669/669/669 674/674/674
f 676/676/676 671/671/671 670/670/670 675/675/675
f 1186/1186/1186 1187/1187/1187 678/678/678
f 679/679/679 674/674/674 673/673/673 677/677/677
f 680/680/680 674/674/674 679/679/679
f 1188/1188/1188 1189/1189/1189 682/682/682
f 683/683/683 679/679/679 677/677/677 681/681/681
f 684/684/684 1190/1190/1190 685/685/685
f 686/686/686 684/684/684 687/687/687
f 688/688/688 686/686/686 689/689/689
f 691/691/691 692/692/692 690/690/690 688/688/688
f 690/690/690 692/692/692 693/693/693
f 1191/1191/1191 697/697/697 693/693/693 1192/1192/1192
f 695/695/695 1193/1193/1193 1194/1194/1194 697/697/697
f 683/683/683 698/698/698 679/679/679
f 693/693/693 697/697/697 699/699/699
f 700/700/700 696/696/696 701/701/701
f 702/702/702 703/703/703 704/704/704
f 705/705/705 706/706/706 702/702/702
f 707/707/707 706/706/706 705/705/705
f 708/708/708 1127/1127/1127 710/710/710
f 708/708/708 710/710/710 704/704/704
f 708/708/708 711/711/711 1128/1128/1128
f 704/704/704 710/710/710 712/712/712 702/702/702
f 705/705/705 702/702/702 712/712/712
f 709/709/709 713/713/713 710/710/710
f 710/710/710 713/713/713 712/712/712
f 712/712/712 713/713/713 714/714/714
f 714/714/714 715/715/715 705/705/705
f 716/716/716 705/705/705 715/715/715
f 714/714/714 717/717/717 718/718/718
f 715/715/715 714/714/714 718/718/718
f 719/719/719 715/715/715 720/720/720
f 721/721/721 722/722/722 720/720/720
f 1285/1285/1285 1286/1286/1286 1287/1287/1287 723/723/723
f 725/725/725 720/720/720 724/724/724
f 1288/1288/1288 723/723/723 726/726/726
f 727/727/727 1289/1289/1289 728/728/728
f 731/731/731 726/726/726 729/729/729 730/730/730
f 726/726/726 731/731/731 728/728/728
f 731/731/731 730/730/730 732/732/732
f 731/731/731 732/732/732 734/734/734 733/733/733
f 728/728/728 731/731/731 733/733/733
f 735/735/735 728/728/728 1290/1290/1290
f 733/733/733 734/734/734 737/737/737
f 733/733/733 1291/1291/1291 1292/1292/1292
f 739/739/739 1293/1293/1293 737/737/737
f 741/741/741 742/742/742 740/740/740
f 737/737/737 1294/1294/1294 1295/1295/1295
f 743/743/743 736/736/736 744/744/744
f 740/740/740 745/745/745 746/746/746
f 744/744/744 738/738/738 746/746/746
f 747/747/747 744/744/744 748/748/748
f 749/749/749 750/750/750 742/742/742
f 742/742/742 750/750/750 745/745/745
f 746/746/746 745/745/745 751/751/751
f 752/752/752 711/711/711 708/708/708
f 708/708/708 704/704/704 752/752/752
f 753/753/753 723/723/723 1296/1296/1296
f 721/721/721 720/720/720 715/715/715
f 723/723/723 754/754/754 729/729/729 726/726/726
f 753/753/753 754/754/754 723/723/723
f 755/755/755 756/756/756 757/757/757
f 1129/1129/1129 759/759/759 760/760/760
f 761/761/761 759/759/759 762/762/762
f 763/763/763 1237/1237/1237 765/765/765
f 755/755/755 766/766/766 756/756/756
f 761/761/761 760/760/760 759/759/759
f 767/767/767 1238/1238/1238 1239/1239/1239
f 1130/1130/1130 773/773/773 1131/1131/1131 1132/1132/1132
f 1133/1133/1133 1134/1134/1134 773/773/773
f 775/775/775 776/776/776 777/777/777
f 776/776/776 775/775/775 778/778/778
f 768/768/768 779/779/779 769/769/769
f 767/767/767 1240/1240/1240 1241/1241/1241
f 774/774/774 772/772/772 780/780/780
f 768/768/768 775/775/775 779/779/779
f 770/770/770 767/767/767 771/771/771
f 781/781/781 782/782/782 783/783/783
f 782/782/782 781/781/781 784/784/784
f 785/785/785 782/782/782 784/784/784
f 1195/1195/1195 787/787/787 1196/1196/1196 1197/1197/1197
f 788/788/788 789/789/789 790/790/790
f 781/781/781 783/783/783 789/789/789
f 788/788/788 781/781/781 789/789/789
f 789/789/789 783/783/783 791/791/791
f 791/791/791 797/797/797 790/790/790 789/789/789
f 788/788/788 792/792/792 784/784/784
f 784/784/784 781/781/781 788/788/788
f 793/793/793 787/787/787 1198/1198/1198
f 794/794/794 793/793/793 1199/1199/1199
f 794/794/794 795/795/795 793/793/793
f 788/788/788 790/790/790 796/796/796
f 797/797/797 801/801/801 798/798/798 790/790/790
f 792/792/792 788/788/788 796/796/796
f 1200/1200/1200 794/794/794 1201/1201/1201
f 800/800/800 798/798/798 801/801/801
f 798/798/798 800/800/800 802/802/802
f 796/796/796 802/802/802 803/803/803
f 799/799/799 796/796/796 803/803/803
f 1202/1202/1202 805/805/805 1203/1203/1203
f 799/799/799 803/803/803 804/804/804
f 806/806/806 795/795/795 805/805/805
f 1204/1204/1204 806/806/806 805/805/805
f 807/807/807 795/795/795 806/806/806
f 810/810/810 829/829/829 808/808/808 809/809/809
f 810/810/810 809/809/809 811/811/811
f 809/809/809 812/812/812 811/811/811
f 811/811/811 812/812/812 813/813/813
f 814/814/814 1028/1028/1028 811/811/811 813/813/813
f 815/815/815 816/816/816 817/817/817
f 818/818/818 821/821/821 815/815/815 817/817/817
f 819/819/819 820/820/820 821/821/821
f 823/823/823 818/818/818 817/817/817 822/822/822
f 824/824/824 819/819/819 821/821/821 818/818/818
f 824/824/824 818/818/818 823/823/823 825/825/825
f 825/825/825 826/826/826 827/827/827
f 825/825/825 827/827/827 828/828/828
f 810/810/810 811/811/811 830/830/830
f 816/816/816 815/815/815 1343/1343/1343
f 832/832/832 833/833/833 834/834/834
f 832/832/832 835/835/835 833/833/833
f 838/838/838 843/843/843 836/836/836 837/837/837
f 839/839/839 832/832/832 837/837/837 836/836/836
f 1135/1135/1135 1136/1136/1136 1137/1137/1137 841/841/841
f 835/835/835 832/832/832 839/839/839
f 836/836/836 843/843/843 844/844/844
f 839/839/839 845/845/845 835/835/835
f 836/836/836 844/844/844 846/846/846 839/839/839
f 845/845/845 839/839/839 846/846/846
f 846/846/846 844/844/844 847/847/847
f 844/844/844 843/843/843 842/842/842 848/848/848
f 845/845/845 846/846/846 849/849/849
f 847/847/847 844/844/844 850/850/850
f 848/848/848 850/850/850 844/844/844
f 847/847/847 852/852/852 849/849/849 846/846/846
f 851/851/851 845/845/845 849/849/849
f 852/852/852 853/853/853 854/854/854
f 855/855/855 854/854/854 853/853/853
f 853/853/853 856/856/856 857/857/857
f 838/838/838 837/837/837 834/834/834
f 845/845/845 858/858/858 835/835/835
f 841/841/841 1138/1138/1138 859/859/859
f 842/842/842 860/860/860 848/848/848
f 861/861/861 862/862/862 863/863/863
f 864/864/864 865/865/865 866/866/866
f 867/867/867 866/866/866 868/868/868
f 864/864/864 866/866/866 867/867/867
f 867/867/867 868/868/868 869/869/869
f 870/870/870 869/869/869 868/868/868
f 864/864/864 871/871/871 865/865/865
f 863/863/863 872/872/872 873/873/873
f 874/874/874 875/875/875 872/872/872
f 871/871/871 864/864/864 876/876/876
f 1297/1297/1297 878/878/878 869/869/869
f 1139/1139/1139 1298/1298/1298 878/878/878 1299/1299/1299
f 880/880/880 876/876/876 864/864/864
f 874/874/874 881/881/881 882/882/882
f 880/880/880 884/884/884 876/876/876
f 875/875/875 885/885/885 886/886/886
f 875/875/875 874/874/874 882/882/882 887/887/887
f 1300/1300/1300 1301/1301/1301 884/884/884
f 887/887/887 885/885/885 875/875/875
f 1140/1140/1140 888/888/888 883/883/883
f 890/890/890 891/891/891 882/882/882
f 1302/1302/1302 1303/1303/1303 890/890/890 884/884/884
f 1304/1304/1304 892/892/892 884/884/884
f 887/887/887 882/882/882 893/893/893
f 894/894/894 895/895/895 885/885/885
f 896/896/896 885/885/885 887/887/887
f 896/896/896 887/887/887 893/893/893
f 895/895/895 894/894/894 897/897/897
f 896/896/896 893/893/893 899/899/899
f 893/893/893 891/891/891 900/900/900
f 902/902/902 869/869/869 870/870/870 901/901/901
f 903/903/903 873/873/873 904/904/904
f 905/905/905 904/904/904 895/895/895
f 905/905/905 895/895/895 897/897/897
f 906/906/906 894/894/894 907/907/907
f 894/894/894 906/906/906 908/908/908
f 900/900/900 899/899/899 893/893/893
f 1305/1305/1305 900/900/900 891/891/891
f 909/909/909 910/910/910 911/911/911
f 912/912/912 909/909/909 911/911/911
f 913/913/913 914/914/914 915/915/915
f 913/913/913 916/916/916 912/912/912
f 914/914/914 917/917/917 915/915/915
f 915/915/915 916/916/916 913/913/913
f 918/918/918 919/919/919 920/920/920
f 921/921/921 918/918/918 920/920/920
f 915/915/915 922/922/922 916/916/916
f 923/923/923 922/922/922 915/915/915
f 924/924/924 931/931/931 925/925/925 926/926/926
f 929/929/929 1031/1031/1031 927/927/927 928/928/928
f 926/926/926 930/930/930 923/923/923
f 921/921/921 932/932/932 918/918/918
f 930/930/930 933/933/933 923/923/923
f 929/929/929 928/928/928 934/934/934
f 933/933/933 935/935/935 922/922/922
f 936/936/936 938/938/938 930/930/930 926/926/926
f 937/937/937 936/936/936 925/925/925
f 939/939/939 943/943/943 934/934/934 928/928/928
f 934/934/934 943/943/943 940/940/940 921/921/921
f 921/921/921 940/940/940 932/932/932
f 941/941/941 944/944/944 939/939/939 928/928/928
f 942/942/942 940/940/940 943/943/943
f 944/944/944 945/945/945 939/939/939
f 938/938/938 1205/1205/1205 944/944/944 941/941/941
f 919/919/919 946/946/946 920/920/920
f 947/947/947 948/948/948 931/931/931 924/924/924
f 949/949/949 940/940/940 942/942/942
f 942/942/942 943/943/943 945/945/945
f 1206/1206/1206 1207/1207/1207 936/936/936
f 936/936/936 1208/1208/1208 938/938/938
f 953/953/953 954/954/954 955/955/955
f 958/958/958 1093/1093/1093 956/956/956 957/957/957
f 959/959/959 961/961/961 957/957/957 956/956/956
f 959/959/959 960/960/960 961/961/961
f 962/962/962 963/963/963 964/964/964
f 965/965/965 966/966/966 967/967/967
f 968/968/968 969/969/969 966/966/966
f 964/964/964 969/969/969 968/968/968
f 970/970/970 971/971/971 972/972/972
f 971/971/971 970/970/970 973/973/973
f 973/973/973 974/974/974 975/975/975
f 976/976/976 977/977/977 978/978/978
f 979/979/979 978/978/978 977/977/977
f 973/973/973 980/980/980 971/971/971
f 981/981/981 1094/1094/1094 976/976/976 975/975/975
f 980/980/980 973/973/973 975/975/975
f 982/982/982 975/975/975 976/976/976
f 971/971/971 980/980/980 983/983/983
f 976/976/976 978/978/978 984/984/984
f 985/985/985 979/979/979 986/986/986
f 980/980/980 987/987/987 983/983/983
f 988/988/988 975/975/975 989/989/989
f 984/984/984 990/990/990 982/982/982
f 991/991/991 992/992/992 984/984/984
f 989/989/989 982/982/982 990/990/990 993/993/993
f 991/991/991 994/994/994 992/992/992
f 995/995/995 1002/1002/1002 996/996/996 990/990/990
f 990/990/990 996/996/996 993/993/993
f 996/996/996 1003/1003/1003 997/997/997 993/993/993
f 998/998/998 999/999/999 1000/1000/1000
f 1001/1001/1001 1002/1002/1002 995/995/995
f 1002/1002/1002 1003/1003/1003 996/996/996
f 997/997/997 1004/1004/1004 1005/1005/1005
f 1003/1003/1003 1006/1006/1006 997/997/997
f 1007/1007/1007 1008/1008/1008 979/979/979
f 1008/1008/1008 986/986/986 979/979/979
f 1005/1005/1005 1009/1009/1009 998/998/998
f 1002/1002/1002 1010/1010/1010 1003/1003/1003
f 1009/1009/1009 1011/1011/1011 998/998/998
f 1012/1012/1012 985/985/985 986/986/986
f 1013/1013/1013 1014/1014/1014 19/19/19
f 60/60/60 53/53/53 1015/1015/1015
f 58/58/58 60/60/60 1016/1016/1016
f 103/103/103 1018/1018/1018 110/110/110
f 212/212/212 204/204/204 210/210/210
f 214/214/214 207/207/207 213/213/213
f 214/214/214 216/216/216 207/207/207
f 1019/1019/1019 225/225/225 1242/1242/1242
f 1243/1243/1243 1019/1019/1019 1244/1244/1244
f 1020/1020/1020 240/240/240 239/239/239
f 256/256/256 249/249/249 1020/1020/1020
f 238/238/238 240/240/240 258/258/258
f 1021/1021/1021 1020/1020/1020 239/239/239
f 1022/1022/1022 264/264/264 263/263/263
f 325/325/325 286/286/286 288/288/288
f 324/324/324 323/323/323 314/314/314
f 293/293/293 289/289/289 291/291/291
f 367/367/367 346/346/346 355/355/355
f 382/382/382 371/371/371 373/373/373
f 412/412/412 409/409/409 1023/1023/1023
f 414/414/414 407/407/407 411/411/411
f 1245/1245/1245 441/441/441 1246/1246/1246
f 1247/1247/1247 441/441/441 1248/1248/1248
f 1026/1026/1026 1249/1249/1249 469/469/469
f 497/497/497 494/494/494 489/489/489
f 505/505/505 499/499/499 492/492/492
f 502/502/502 499/499/499 505/505/505
f 510/510/510 504/504/504 501/501/501
f 552/552/552 516/516/516 515/515/515
f 1027/1027/1027 591/591/591 598/598/598
f 1028/1028/1028 830/830/830 811/811/811
f 820/820/820 1344/1344/1344 1345/1345/1345
f 821/821/821 820/820/820 1346/1346/1346
f 877/877/877 869/869/869 902/902/902
f 880/880/880 864/864/864 867/867/867
f 890/890/890 881/881/881 876/876/876
f 897/897/897 894/894/894 908/908/908
f 1029/1029/1029 920/920/920 1030/1030/1030
f 929/929/929 1030/1030/1030 1031/1031/1031
f 929/929/929 1029/1029/1029 1030/1030/1030
f 1032/1032/1032 912/912/912 911/911/911
f 1033/1033/1033 912/912/912 1032/1032/1032
f 951/951/951 952/952/952 936/936/936
f 1006/1006/1006 1004/1004/1004 997/997/997
f 1004/1004/1004 1009/1009/1009 1005/1005/1005
f 1010/1010/1010 1006/1006/1006 1003/1003/1003
f 1034/1034/1034 1010/1010/1010 1002/1002/1002
f 4/4/4 1/1/1 1035/1035/1035
f 1/1/1 3/3/3 1036/1036/1036
f 7/7/7 2/2/2 4/4/4
f 6/6/6 9/9/9 5/5/5
f 10/10/10 6/6/6 7/7/7
f 1037/1037/1037 16/16/16 15/15/15
f 18/18/18 17/17/17 1014/1014/1014
f 1014/1014/1014 1013/1013/1013 18/18/18
f 19/19/19 21/21/21 1013/1013/1013
f 21/21/21 1347/1347/1347 1348/1348/1348
f 22/22/22 23/23/23 1038/1038/1038
f 29/29/29 28/28/28 26/26/26
f 28/28/28 32/32/32 27/27/27
f 31/31/31 34/34/34 32/32/32
f 33/33/33 30/30/30 38/38/38
f 34/34/34 33/33/33 35/35/35
f 35/35/35 43/43/43 36/36/36
f 35/35/35 37/37/37 43/43/43
f 42/42/42 39/39/39 41/41/41
f 47/47/47 1039/1039/1039 49/49/49
f 1306/1306/1306 1040/1040/1040 46/46/46
f 46/46/46 1307/1307/1307 1308/1308/1308
f 45/45/45 1141/1141/1141 52/52/52
f 1142/1142/1142 45/45/45 1143/1143/1143
f 51/51/51 1250/1250/1250 1251/1251/1251
f 1252/1252/1252 51/51/51 1253/1253/1253
f 1041/1041/1041 1015/1015/1015 50/50/50
f 1015/1015/1015 1016/1016/1016 60/60/60
f 1016/1016/1016 1015/1015/1015 1041/1041/1041
f 1016/1016/1016 1041/1041/1041 55/55/55
f 1016/1016/1016 54/54/54 58/58/58
f 54/54/54 1016/1016/1016 55/55/55
f 54/54/54 56/56/56 58/58/58
f 56/56/56 1042/1042/1042 57/57/57
f 71/71/71 69/69/69 74/74/74
f 69/69/69 70/70/70 74/74/74
f 76/76/76 80/80/80 73/73/73
f 74/74/74 75/75/75 77/77/77
f 1017/1017/1017 87/87/87 85/85/85
f 93/93/93 88/88/88 87/87/87
f 91/91/91 92/92/92 93/93/93
f 83/83/83 96/96/96 86/86/86
f 88/88/88 92/92/92 98/98/98
f 85/85/85 98/98/98 95/95/95
f 97/97/97 99/99/99 92/92/92
f 95/95/95 1043/1043/1043 96/96/96
f 100/100/100 101/101/101 97/97/97
f 98/98/98 99/99/99 102/102/102
f 95/95/95 102/102/102 104/104/104
f 101/101/101 103/103/103 99/99/99
f 106/106/106 101/101/101 100/100/100
f 104/104/104 109/109/109 105/105/105
f 104/104/104 102/102/102 108/108/108
f 107/107/107 1018/1018/1018 103/103/103
f 102/102/102 103/103/103 110/110/110
f 108/108/108 1044/1044/1044 109/109/109
f 115/115/115 118/118/118 116/116/116
f 118/118/118 113/113/113 119/119/119
f 116/116/116 123/123/123 117/117/117
f 120/120/120 121/121/121 113/113/113
f 116/116/116 119/119/119 122/122/122
f 122/122/122 127/127/127 123/123/123
f 119/119/119 121/121/121 124/124/124
f 122/122/122 124/124/124 126/126/126
f 125/125/125 130/130/130 124/124/124
f 132/132/132 133/133/133 130/130/130
f 133/133/133 136/136/136 126/126/126
f 147/147/147 144/144/144 1045/1045/1045
f 139/139/139 140/140/140 137/137/137
f 140/140/140 143/143/143 141/141/141
f 142/142/142 145/145/145 143/143/143
f 146/146/146 147/147/147 1046/1046/1046
f 137/137/137 150/150/150 138/138/138
f 145/145/145 146/146/146 148/148/148
f 1046/1046/1046 151/151/151 146/146/146
f 137/137/137 141/141/141 149/149/149
f 141/141/141 148/148/148 152/152/152
f 149/149/149 152/152/152 155/155/155
f 148/148/148 154/154/154 153/153/153
f 152/152/152 153/153/153 156/156/156
f 153/153/153 157/157/157 158/158/158
f 158/158/158 157/157/157 1047/1047/1047
f 158/158/158 1047/1047/1047 159/159/159
f 161/161/161 165/165/165 162/162/162
f 160/160/160 162/162/162 163/163/163
f 160/160/160 163/163/163 168/168/168
f 164/164/164 165/165/165 171/171/171
f 168/168/168 163/163/163 166/166/166
f 166/166/166 164/164/164 173/173/173
f 164/164/164 171/171/171 170/170/170
f 167/167/167 166/166/166 172/172/172
f 173/173/173 164/164/164 174/174/174
f 167/167/167 175/175/175 181/181/181
f 174/174/174 170/170/170 176/176/176
f 173/173/173 174/174/174 177/177/177
f 172/172/172 173/173/173 178/178/178
f 175/175/175 172/172/172 179/179/179
f 184/184/184 188/188/188 1049/1049/1049
f 184/184/184 1049/1049/1049 185/185/185
f 187/187/187 189/189/189 1050/1050/1050
f 189/189/189 186/186/186 190/190/190
f 193/193/193 1050/1050/1050 189/189/189
f 189/189/189 190/190/190 194/194/194
f 194/194/194 190/190/190 1051/1051/1051
f 195/195/195 192/192/192 202/202/202
f 202/202/202 192/192/192 194/194/194
f 194/194/194 1051/1051/1051 199/199/199
f 202/202/202 194/194/194 198/198/198
f 195/195/195 202/202/202 201/201/201
f 200/200/200 1052/1052/1052 197/197/197
f 207/207/207 216/216/216 208/208/208
f 209/209/209 211/211/211 233/233/233
f 213/213/213 210/210/210 209/209/209
f 222/222/222 209/209/209 233/233/233
f 217/217/217 214/214/214 220/220/220
f 218/218/218 1254/1254/1254 1255/1255/1255
f 223/223/223 224/224/224 220/220/220
f 237/237/237 1144/1144/1144 1145/1145/1145
f 226/226/226 229/229/229 224/224/224
f 227/227/227 226/226/226 223/223/223
f 1053/1053/1053 227/227/227 221/221/221
f 1054/1054/1054 234/234/234 211/211/211 232/232/232
f 233/233/233 234/234/234 222/222/222
f 240/240/240 250/250/250 258/258/258
f 243/243/243 245/245/245 1055/1055/1055
f 247/247/247 242/242/242 241/241/241
f 250/250/250 246/246/246 248/248/248
f 1020/1020/1020 249/249/249 240/240/240
f 242/242/242 244/244/244 243/243/243
f 249/249/249 246/246/246 250/250/250
f 247/247/247 1056/1056/1056 242/242/242
f 257/257/257 254/254/254 251/251/251
f 265/265/265 266/266/266 1022/1022/1022
f 1349/1349/1349 263/263/263 1350/1350/1350
f 277/277/277 267/267/267 269/269/269
f 275/275/275 261/261/261 265/265/265
f 276/276/276 265/265/265 272/272/272
f 278/278/278 277/277/277 283/283/283
f 280/280/280 276/276/276 272/272/272
f 1351/1351/1351 264/264/264 1352/1352/1352
f 287/287/287 286/286/286 321/321/321
f 290/290/290 286/286/286 325/325/325
f 299/299/299 289/289/289 292/292/292
f 301/301/301 292/292/292 295/295/295
f 301/301/301 295/295/295 297/297/297
f 300/300/300 290/290/290 289/289/289
f 300/300/300 298/298/298 290/290/290
f 303/303/303 322/322/322 286/286/286
f 305/305/305 301/301/301 1057/1057/1057
f 300/300/300 323/323/323 298/298/298
f 305/305/305 304/304/304 299/299/299
f 308/308/308 305/305/305 1057/1057/1057
f 300/300/300 307/307/307 323/323/323
f 323/323/323 307/307/307 314/314/314
f 313/313/313 315/315/315 307/307/307 304/304/304
f 311/311/311 309/309/309 308/308/308
f 1058/1058/1058 311/311/311 310/310/310
f 327/327/327 315/315/315 318/318/318
f 1057/1057/1057 310/310/310 308/308/308
f 318/318/318 320/320/320 327/327/327
f 1058/1058/1058 1059/1059/1059 311/311/311
f 331/331/331 336/336/336 1353/1353/1353
f 329/329/329 1060/1060/1060 330/330/330
f 1354/1354/1354 336/336/336 1355/1355/1355
f 1356/1356/1356 336/336/336 332/332/332
f 1357/1357/1357 332/332/332 1358/1358/1358
f 329/329/329 338/338/338 1060/1060/1060
f 337/337/337 329/329/329 335/335/335
f 339/339/339 335/335/335 340/340/340
f 343/343/343 338/338/338 337/337/337
f 343/343/343 337/337/337 345/345/345
f 345/345/345 339/339/339 352/352/352
f 352/352/352 339/339/339 348/348/348
f 367/367/367 343/343/343 346/346/346
f 352/352/352 349/349/349 345/345/345
f 355/355/355 346/346/346 349/349/349
f 357/357/357 354/354/354 349/349/349
f 356/356/356 353/353/353 352/352/352
f 359/359/359 365/365/365 350/350/350 347/347/347
f 341/341/341 333/333/333 1061/1061/1061
f 376/376/376 368/368/368 370/370/370
f 378/378/378 376/376/376 370/370/370
f 380/380/380 384/384/384 374/374/374
f 391/391/391 383/383/383 1359/1359/1359
f 1360/1360/1360 391/391/391 1361/1361/1361
f 386/386/386 388/388/388 381/381/381
f 384/384/384 389/389/389 387/387/387
f 392/392/392 390/390/390 383/383/383
f 393/393/393 389/389/389 388/388/388
f 378/378/378 370/370/370 400/400/400
f 387/387/387 395/395/395 385/385/385
f 382/382/382 373/373/373 1062/1062/1062
f 389/389/389 401/401/401 387/387/387
f 1146/1146/1146 1147/1147/1147 402/402/402
f 410/410/410 409/409/409 413/413/413
f 414/414/414 406/406/406 407/407/407
f 419/419/419 415/415/415 414/414/414
f 416/416/416 410/410/410 418/418/418
f 419/419/419 414/414/414 416/416/416
f 419/419/419 426/426/426 420/420/420
f 420/420/420 426/426/426 425/425/425
f 419/419/419 424/424/424 426/426/426
f 425/425/425 427/427/427 431/431/431
f 424/424/424 434/434/434 426/426/426
f 424/424/424 428/428/428 434/434/434
f 426/426/426 434/434/434 427/427/427
f 435/435/435 438/438/438 433/433/433 427/427/427
f 435/435/435 434/434/434 437/437/437
f 436/436/436 428/428/428 429/429/429
f 439/439/439 436/436/436 443/443/443
f 411/411/411 407/407/407 1063/1063/1063
f 413/413/413 423/423/423 418/418/418
f 423/423/423 430/430/430 422/422/422
f 444/444/444 1309/1309/1309 1310/1310/1310
f 452/452/452 450/450/450 456/456/456
f 444/444/444 448/448/448 1311/1311/1311
f 447/447/447 454/454/454 453/453/453
f 448/448/448 451/451/451 1312/1312/1312
f 454/454/454 458/458/458 455/455/455
f 451/451/451 452/452/452 462/462/462
f 1313/1313/1313 451/451/451 462/462/462
f 452/452/452 457/457/457 462/462/462
f 457/457/457 465/465/465 462/462/462
f 462/462/462 465/465/465 1314/1314/1314
f 459/459/459 463/463/463 1148/1148/1148 1149/1149/1149
f 1150/1150/1150 463/463/463 464/464/464
f 1025/1025/1025 1064/1064/1064 1151/1151/1151 464/464/464
f 1256/1256/1256 470/470/470 469/469/469
f 1152/1152/1152 1153/1153/1153 1064/1064/1064
f 449/449/449 1065/1065/1065 476/476/476
f 449/449/449 446/446/446 1065/1065/1065
f 457/457/457 456/456/456 1066/1066/1066
f 482/482/482 486/486/486 483/483/483
f 483/483/483 484/484/484 481/481/481
f 481/481/481 484/484/484 490/490/490
f 490/490/490 484/484/484 485/485/485
f 485/485/485 480/480/480 491/491/491
f 481/481/481 495/495/495 487/487/487
f 480/480/480 488/488/488 491/491/491
f 481/481/481 489/489/489 495/495/495
f 490/490/490 493/493/493 496/496/496
f 489/489/489 496/496/496 497/497/497
f 497/497/497 500/500/500 498/498/498
f 500/500/500 501/501/501 504/504/504
f 503/503/503 504/504/504 507/507/507
f 504/504/504 512/512/512 508/508/508
f 512/512/512 504/504/504 510/510/510
f 509/509/509 502/502/502 506/506/506
f 1362/1362/1362 514/514/514 1363/1363/1363
f 1364/1364/1364 1365/1365/1365 514/514/514
f 1067/1067/1067 1366/1366/1366 514/514/514
f 518/518/518 520/520/520 519/519/519
f 528/528/528 527/527/527 1068/1068/1068
f 528/528/528 1068/1068/1068 1069/1069/1069
f 531/531/531 1154/1154/1154 533/533/533
f 516/516/516 530/530/530 534/534/534
f 530/530/530 532/532/532 535/535/535
f 536/536/536 1155/1155/1155 537/537/537
f 1315/1315/1315 1156/1156/1156 542/542/542
f 1209/1209/1209 1157/1157/1157 544/544/544
f 538/538/538 545/545/545 535/535/535 532/532/532
f 539/539/539 1316/1316/1316 542/542/542
f 538/538/538 536/536/536 546/546/546
f 546/546/546 536/536/536 540/540/540
f 538/538/538 546/546/546 545/545/545
f 547/547/547 546/546/546 548/548/548
f 549/549/549 539/539/539 541/541/541
f 548/548/548 540/540/540 549/549/549
f 1210/1210/1210 544/544/544 1070/1070/1070
f 556/556/556 562/562/562 565/565/565
f 563/563/563 589/589/589 564/564/564
f 558/558/558 569/569/569 1211/1211/1211
f 1212/1212/1212 569/569/569 568/568/568
f 569/569/569 571/571/571 572/572/572
f 574/574/574 576/576/576 566/566/566
f 578/578/578 1213/1213/1213 573/573/573
f 572/572/572 577/577/577 582/582/582
f 1214/1214/1214 578/578/578 587/587/587
f 579/579/579 582/582/582 585/585/585
f 555/555/555 554/554/554 588/588/588
f 583/583/583 577/577/577 1072/1072/1072
f 593/593/593 595/595/595 1073/1073/1073
f 593/593/593 1073/1073/1073 596/596/596
f 1073/1073/1073 597/597/597 596/596/596
f 1074/1074/1074 603/603/603 605/605/605
f 605/605/605 604/604/604 607/607/607
f 600/600/600 606/606/606 1075/1075/1075
f 604/604/604 602/602/602 601/601/601
f 626/626/626 628/628/628 629/629/629
f 630/630/630 639/639/639 641/641/641
f 653/653/653 654/654/654 656/656/656
f 654/654/654 651/651/651 650/650/650
f 664/664/664 672/672/672 1215/1215/1215
f 663/663/663 665/665/665 667/667/667
f 663/663/663 667/667/667 666/666/666
f 669/669/669 673/673/673 674/674/674
f 675/675/675 674/674/674 680/680/680
f 675/675/675 680/680/680 1077/1077/1077
f 680/680/680 679/679/679 698/698/698
f 690/690/690 693/693/693 699/699/699
f 693/693/693 692/692/692 694/694/694
f 698/698/698 1077/1077/1077 680/680/680
f 676/676/676 675/675/675 1077/1077/1077
f 714/714/714 705/705/705 712/712/712
f 717/717/717 714/714/714 713/713/713
f 1317/1317/1317 726/726/726 728/728/728
f 732/732/732 1078/1078/1078 734/734/734
f 728/728/728 733/733/733 1318/1318/1318
f 733/733/733 737/737/737 1319/1319/1319
f 739/739/739 1320/1320/1320 1321/1321/1321
f 738/738/738 744/744/744 736/736/736
f 745/745/745 740/740/740 742/742/742
f 746/746/746 738/738/738 740/740/740
f 744/744/744 746/746/746 748/748/748
f 750/750/750 751/751/751 745/745/745
f 748/748/748 746/746/746 1079/1079/1079
f 721/721/721 715/715/715 718/718/718
f 741/741/741 749/749/749 742/742/742
f 737/737/737 734/734/734 739/739/739
f 1080/1080/1080 764/764/764 763/763/763
f 757/757/757 756/756/756 762/762/762
f 1158/1158/1158 1159/1159/1159 760/760/760
f 1160/1160/1160 758/758/758 760/760/760
f 761/761/761 762/762/762 756/756/756
f 1081/1081/1081 1082/1082/1082 1083/1083/1083
f 1161/1161/1161 773/773/773 1084/1084/1084
f 785/785/785 786/786/786 1085/1085/1085
f 793/793/793 1216/1216/1216 1217/1217/1217
f 790/790/790 798/798/798 796/796/796
f 792/792/792 796/796/796 799/799/799
f 805/805/805 794/794/794 1218/1218/1218
f 795/795/795 794/794/794 805/805/805
f 798/798/798 802/802/802 796/796/796
f 1086/1086/1086 812/812/812 809/809/809
f 829/829/829 1087/1087/1087 808/808/808
f 1088/1088/1088 813/813/813 812/812/812
f 1088/1088/1088 831/831/831 813/813/813
f 1367/1367/1367 815/815/815 1368/1368/1368
f 1369/1369/1369 815/815/815 1370/1370/1370
f 1371/1371/1371 815/815/815 821/821/821
f 822/822/822 826/826/826 823/823/823
f 825/825/825 1089/1089/1089 819/819/819 824/824/824
f 823/823/823 826/826/826 825/825/825
f 825/825/825 828/828/828 1089/1089/1089
f 826/826/826 1090/1090/1090 827/827/827
f 817/817/817 816/816/816 822/822/822
f 834/834/834 837/837/837 832/832/832
f 1257/1257/1257 840/840/840 1258/1258/1258
f 849/849/849 854/854/854 851/851/851
f 854/854/854 855/855/855 851/851/851
f 853/853/853 857/857/857 855/855/855
f 852/852/852 854/854/854 849/849/849
f 872/872/872 862/862/862 1091/1091/1091
f 862/862/862 872/872/872 863/863/863
f 874/874/874 872/872/872 1091/1091/1091
f 881/881/881 1091/1091/1091 871/871/871
f 881/881/881 874/874/874 1091/1091/1091
f 881/881/881 871/871/871 876/876/876
f 872/872/872 886/886/886 873/873/873
f 878/878/878 880/880/880 867/867/867 869/869/869
f 886/886/886 872/872/872 875/875/875
f 904/904/904 873/873/873 886/886/886
f 878/878/878 1322/1322/1322 884/884/884 880/880/880
f 881/881/881 890/890/890 882/882/882
f 1162/1162/1162 883/883/883 1163/1163/1163
f 885/885/885 904/904/904 886/886/886
f 885/885/885 895/895/895 904/904/904
f 884/884/884 890/890/890 876/876/876
f 882/882/882 891/891/891 893/893/893
f 894/894/894 885/885/885 907/907/907
f 907/907/907 885/885/885 896/896/896
f 890/890/890 898/898/898 891/891/891
f 903/903/903 904/904/904 905/905/905
f 907/907/907 896/896/896 899/899/899
f 1092/1092/1092 889/889/889 879/879/879
f 1030/1030/1030 910/910/910 909/909/909
f 913/913/913 912/912/912 1033/1033/1033
f 916/916/916 909/909/909 912/912/912
f 917/917/917 924/924/924 915/915/915
f 1030/1030/1030 909/909/909 1031/1031/1031
f 916/916/916 927/927/927 1031/1031/1031 909/909/909
f 924/924/924 926/926/926 923/923/923 915/915/915
f 1029/1029/1029 921/921/921 920/920/920
f 922/922/922 935/935/935 927/927/927 916/916/916
f 929/929/929 934/934/934 1029/1029/1029
f 934/934/934 921/921/921 1029/1029/1029
f 935/935/935 928/928/928 927/927/927
f 933/933/933 922/922/922 923/923/923
f 936/936/936 926/926/926 925/925/925
f 938/938/938 933/933/933 930/930/930
f 928/928/928 935/935/935 941/941/941
f 941/941/941 935/935/935 933/933/933
f 938/938/938 941/941/941 933/933/933
f 936/936/936 937/937/937 950/950/950
f 932/932/932 940/940/940 949/949/949
f 945/945/945 943/943/943 939/939/939
f 964/964/964 963/963/963 969/969/969
f 974/974/974 981/981/981 975/975/975
f 1094/1094/1094 977/977/977 976/976/976
f 985/985/985 991/991/991 978/978/978 979/979/979
f 976/976/976 984/984/984 982/982/982
f 980/980/980 975/975/975 988/988/988
f 975/975/975 982/982/982 989/989/989
f 991/991/991 984/984/984 978/978/978
f 988/988/988 987/987/987 980/980/980
f 1095/1095/1095 991/991/991 985/985/985
f 1012/1012/1012 1095/1095/1095 985/985/985
f 992/992/992 995/995/995 990/990/990 984/984/984
f 994/994/994 991/991/991 1095/1095/1095
f 988/988/988 1005/1005/1005 998/998/998 987/987/987
f 993/993/993 1005/1005/1005 988/988/988 989/989/989
f 987/987/987 998/998/998 1000/1000/1000
f 994/994/994 995/995/995 992/992/992
f 997/997/997 1005/1005/1005 993/993/993
f 1001/1001/1001 995/995/995 994/994/994
f 998/998/998 1011/1011/1011 1096/1096/1096 999/999/999
f 983/983/983 987/987/987 1000/1000/1000
f 1058/1058/1058 310/310/310 1097/1097/1097
f 425/425/425 1024/1024/1024 420/420/420
f 432/432/432 1024/1024/1024 425/425/425
