# Rhino

mtllib female-interiorled-lower-260316.mtl
g Fem_virtual LED_support surf_lower_lower
o object_1
usemtl LED Support Lower
v -1.4161056280136108 1.4611968994140625 -46.834510803222656
v -1.682984471321106 1.3475899696350098 -47.111183166503906
v -1.9296506643295288 1.1992059946060181 -47.388332366943359
v -2.1547739505767822 1.0199646949768066 -47.663932800292969
v -2.3584334850311279 0.81330174207687378 -47.937381744384766
v -2.5407094955444336 0.58265036344528198 -48.208065032958984
v -2.7016808986663818 0.33144533634185791 -48.475368499755859
v -2.841425895690918 0.063121296465396881 -48.738685607910156
v -2.9597513675689697 -0.21816249191761017 -48.996761322021484
v -3.057654857635498 -0.51226657629013062 -49.251636505126953
v -3.1336648464202881 -0.81540393829345703 -49.501121520996094
v -3.1871542930603027 -1.1254528760910034 -49.744518280029297
v -3.2178955078125 -1.4414942264556885 -49.982143402099609
v -3.2256083488464355 -1.7637544870376587 -50.215087890625
v -3.2097585201263428 -2.0912525653839111 -50.443470001220703
v -3.1698107719421387 -2.4230077266693115 -50.667411804199219
v -3.1046779155731201 -2.7604482173919678 -50.888587951660156
v -3.0175888538360596 -3.0871491432189941 -51.097297668457031
v -2.9045271873474121 -3.4128613471984863 -51.300930023193359
v -2.7614586353302002 -3.7363424301147461 -51.499443054199219
v -2.5842571258544922 -4.0527658462524414 -51.690521240234375
v -2.3742794990539551 -4.3483219146728516 -51.866580963134766
v -2.129824161529541 -4.6170306205749512 -52.024871826171875
v -1.8491897583007813 -4.8529109954833984 -52.16265869140625
v -1.5345220565795898 -5.0479788780212402 -52.276035308837891
v -1.1753935813903809 -5.2030181884765625 -52.366062164306641
v -0.79498451948165894 -5.3106074333190918 -52.428546905517578
v -0.39781075716018677 -5.3743557929992676 -52.465579986572266
v 0.0067913508974015713 -5.3949809074401855 -52.477584838867188
v 0.41121938824653625 -5.3728666305541992 -52.46478271484375
v 0.80609208345413208 -5.3080105781555176 -52.427165985107422
v 1.1820282936096191 -5.2004075050354004 -52.364734649658203
v 1.5329998731613159 -5.0483078956604004 -52.276470184326172
v 1.8536235094070435 -4.8489274978637695 -52.160636901855469
v 2.1385936737060547 -4.6074018478393555 -52.019569396972656
v 2.379786491394043 -4.3398771286010742 -51.861961364746094
v 2.5834817886352539 -4.051938533782959 -51.690444946289063
v 2.7561819553375244 -3.7442657947540283 -51.504711151123047
v 2.8994548320770264 -3.4223675727844238 -51.307292938232422
v 3.0148684978485107 -3.091752290725708 -51.1007080078125
v 3.103400707244873 -2.7604987621307373 -50.889152526855469
v 3.1680471897125244 -2.4266641139984131 -50.670394897460938
v 3.2081873416900635 -2.0968611240386963 -50.447891235351563
v 3.2245538234710693 -1.7690836191177368 -50.219463348388672
v 3.2171988487243652 -1.444391131401062 -49.984886169433594
v 3.1864712238311768 -1.1260055303573608 -49.745563507080078
v 3.1329114437103271 -0.81492894887924194 -49.501373291015625
v 3.0570604801177979 -0.51216369867324829 -49.252185821533203
v 2.9591906070709229 -0.21799907088279724 -48.997245788574219
v 2.8411109447479248 0.062807552516460419 -48.739608764648438
v 2.7017743587493896 0.33050674200057983 -48.476932525634766
v 2.5410809516906738 0.58148866891860962 -48.209926605224609
v 2.3588917255401611 0.81223934888839722 -47.939212799072266
v 2.1553199291229248 1.0190023183822632 -47.665721893310547
v 1.9302952289581299 1.1983401775360107 -47.390068054199219
v 1.6837471723556519 1.3468155860900879 -47.11285400390625
v 1.4156053066253662 1.4609909057617188 -46.834693908691406
v -1.1016979217529297 1.45888352394104 -47.148876190185547
v -1.3689858913421631 1.3697497844696045 -47.425399780273438
v -1.6186740398406982 1.2450757026672363 -47.703201293945313
v -1.8492214679718018 1.0885775089263916 -47.980159759521484
v -2.0604918003082275 0.9036136269569397 -48.255550384521484
v -2.2523505687713623 0.69354033470153809 -48.528644561767578
v -2.4246604442596436 0.4617152214050293 -48.798721313476563
v -2.5772848129272461 0.2114957720041275 -49.065048217773438
v -2.7097773551940918 -0.053076386451721191 -49.326255798339844
v -2.8230764865875244 -0.33178436756134033 -49.584323883056641
v -2.9154016971588135 -0.62107062339782715 -49.8370361328125
v -2.9858803749084473 -0.91893541812896729 -50.083702087402344
v -3.034104585647583 -1.2245185375213623 -50.324665069580078
v -3.0596809387207031 -1.5380805730819702 -50.561046600341797
v -3.0618960857391357 -1.8587261438369751 -50.792995452880859
v -3.0400357246398926 -2.1855592727661133 -51.020645141601563
v -2.9929614067077637 -2.5200810432434082 -51.2457275390625
v -2.9229354858398438 -2.8459174633026123 -51.458362579345703
v -2.8264420032501221 -3.1724224090576172 -51.666042327880859
v -2.6993484497070313 -3.4980783462524414 -51.868675231933594
v -2.5372316837310791 -3.8177850246429443 -52.063877105712891
v -2.3407323360443115 -4.1173105239868164 -52.243854522705078
v -2.107825756072998 -4.390289306640625 -52.40576171875
v -1.8364871740341187 -4.6303548812866211 -52.546756744384766
v -1.5284782648086548 -4.829099178314209 -52.662803649902344
v -1.1734074354171753 -4.9870963096618652 -52.754955291748047
v -0.79483973979949951 -5.0967388153076172 -52.818916320800781
v -0.39811503887176514 -5.1617050170898438 -52.856826782226563
v 0.0067174774594604969 -5.1827254295349121 -52.869113922119141
v 0.41136443614959717 -5.160191535949707 -52.856006622314453
v 0.80575829744338989 -5.0940995216369629 -52.817501068115234
v 1.1798315048217773 -4.9844446182250977 -52.753597259521484
v 1.5268168449401855 -4.8294434547424316 -52.663249969482422
v 1.8406326770782471 -4.6263046264648438 -52.544681549072266
v 2.1160686016082764 -4.3805012702941895 -52.400325775146484
v 2.3457510471343994 -4.1087398529052734 -52.239116668701172
v 2.5363197326660156 -3.8169417381286621 -52.063777923583984
v 2.6943733692169189 -3.5060601234436035 -51.874031066894531
v 2.8217766284942627 -3.181959867477417 -51.672500610351563
v 2.9203939437866211 -2.8505046367645264 -51.461803436279297
v 2.9916355609893799 -2.5201153755187988 -51.246257781982422
v 3.038421630859375 -2.189159631729126 -51.023635864257813
v 3.0605833530426025 -1.8642259836196899 -50.797439575195313
v 3.0588686466217041 -1.5432792901992798 -50.565444946289063
v 3.0335102081298828 -1.2273304462432861 -50.327404022216797
v 2.985163688659668 -0.91947329044342041 -50.084720611572266
v 2.9145534038543701 -0.62062150239944458 -49.837245941162109
v 2.822404146194458 -0.33168870210647583 -49.5848388671875
v 2.7091362476348877 -0.052915249019861221 -49.326705932617188
v 2.5769169330596924 0.211223304271698 -49.065937042236328
v 2.4247362613677979 0.46088334918022156 -48.800251007080078
v 2.2527189254760742 0.69253110885620117 -48.530475616455078
v 2.0609455108642578 0.90272295475006104 -48.257343292236328
v 1.8497587442398071 1.0877993106842041 -47.981906890869141
v 1.6193017959594727 1.2443965673446655 -47.704887390136719
v 1.3697178363800049 1.3691514730453491 -47.427017211914063
v 1.1011502742767334 1.45870041847229 -47.149013519287109
v -0.78729021549224854 1.4565701484680176 -47.463245391845703
v -1.0549873113632202 1.3919095993041992 -47.739612579345703
v -1.3076972961425781 1.2909454107284546 -48.018074035644531
v -1.5436689853668213 1.1571903228759766 -48.296390533447266
v -1.7625503540039063 0.99392545223236084 -48.573719024658203
v -1.9639915227890015 0.80443030595779419 -48.849227905273438
v -2.1476399898529053 0.59198510646820068 -49.1220703125
v -2.3131434917449951 0.35987022519111633 -49.391414642333984
v -2.459803581237793 0.11200971901416779 -49.655750274658203
v -2.5884978771209717 -0.15130218863487244 -49.917011260986328
v -2.6971385478973389 -0.42673724889755249 -50.172946929931641
v -2.7846064567565918 -0.71241796016693115 -50.422882080078125
v -2.850313663482666 -1.0075428485870361 -50.667182922363281
v -2.8937535285949707 -1.3124067783355713 -50.907005310058594
v -2.9140336513519287 -1.62619948387146 -51.14251708984375
v -2.9102609157562256 -1.9481109380722046 -51.373878479003906
v -2.8812448978424072 -2.2797138690948486 -51.602863311767578
v -2.8282821178436279 -2.6046857833862305 -51.819431304931641
v -2.748356819152832 -2.9319837093353271 -52.031150817871094
v -2.6372382640838623 -3.2598145008087158 -52.237911224365234
v -2.490206241607666 -3.5828042030334473 -52.437232971191406
v -2.3071854114532471 -3.8862991333007813 -52.621131896972656
v -2.0858273506164551 -4.1635479927062988 -52.786655426025391
v -1.8237844705581665 -4.4077987670898438 -52.930858612060547
v -1.5224344730377197 -4.6102194786071777 -53.049571990966797
v -1.1714214086532593 -4.7711739540100098 -53.143852233886719
v -0.79469490051269531 -4.8828701972961426 -53.209285736083984
v -0.39841929078102112 -4.9490542411804199 -53.248069763183594
v 0.0066436044871807098 -4.9704699516296387 -53.260643005371094
v 0.41150948405265808 -4.9475159645080566 -53.247234344482422
v 0.80542451143264771 -4.8801884651184082 -53.207839965820313
v 1.1776348352432251 -4.7684822082519531 -53.142459869384766
v 1.5206339359283447 -4.6105794906616211 -53.050025939941406
v 1.8276419639587402 -4.4036822319030762 -52.928730010986328
v 2.093543529510498 -4.1536002159118652 -52.781085968017578
v 2.3117156028747559 -3.8776028156280518 -52.61627197265625
v 2.4891576766967773 -3.5819449424743652 -52.437110900878906
v 2.6325650215148926 -3.2678546905517578 -52.24334716796875
v 2.744098424911499 -2.9415521621704102 -52.037704467773438
v 2.8259196281433105 -2.6092572212219238 -51.822898864746094
v 2.8798706531524658 -2.2797319889068604 -51.603366851806641
v 2.9087960720062256 -1.9516551494598389 -51.376876831054688
v 2.9129796028137207 -1.6315908432006836 -51.146991729736328
v 2.8931832313537598 -1.3174749612808228 -50.911426544189453
v 2.8498218059539795 -1.0102697610855103 -50.669921875
v 2.7838561534881592 -0.71294111013412476 -50.423873901367188
v 2.6961953639984131 -0.42631405591964722 -50.173118591308594
v 2.5877480506896973 -0.15121367573738098 -49.917488098144531
v 2.4590818881988525 0.1121685653924942 -49.656162261962891
v 2.3127231597900391 0.35963904857635498 -49.392265319824219
v 2.1476984024047852 0.59126001596450806 -49.123569488525391
v 1.9643566608428955 0.80357354879379272 -48.851024627685547
v 1.762999415397644 0.99320656061172485 -48.575473785400391
v 1.5441975593566895 1.1565961837768555 -48.298091888427734
v 1.3083082437515259 1.2904530763626099 -48.019710540771484
v 1.0556883811950684 1.3914874792098999 -47.741180419921875
v 0.78669518232345581 1.4564099311828613 -47.463333129882813
v -0.472882479429245 1.4542566537857056 -47.777610778808594
v -0.74098867177963257 1.4140694141387939 -48.053825378417969
v -0.99672067165374756 1.3368151187896729 -48.332942962646484
v -1.2381163835525513 1.225803017616272 -48.612617492675781
v -1.464608907699585 1.0842373371124268 -48.891887664794922
v -1.6756324768066406 0.91532021760940552 -49.169811248779297
v -1.8706194162368774 0.72225499153137207 -49.445423126220703
v -2.0490024089813232 0.50824469327926636 -49.717777252197266
v -2.209829568862915 0.27709582448005676 -49.985244750976563
v -2.3539192676544189 0.029179990291595459 -50.249698638916016
v -2.4788753986358643 -0.23240391910076141 -50.508861541748047
v -2.5833325386047363 -0.50590050220489502 -50.762065887451172
v -2.666522741317749 -0.79056710004806519 -51.00970458984375
v -2.7278263568878174 -1.0867328643798828 -51.252967834472656
v -2.7661712169647217 -1.3936729431152344 -51.492038726806641
v -2.7804858684539795 -1.7106624841690063 -51.727108001708984
v -2.7695283889770508 -2.0393466949462891 -51.960002899169922
v -2.7336289882659912 -2.3634541034698486 -52.180496215820313
v -2.670271635055542 -2.691544771194458 -52.396259307861328
v -2.5751280784606934 -3.0215504169464111 -52.607143402099609
v -2.443181037902832 -3.3478233814239502 -52.810588836669922
v -2.2736382484436035 -3.6552877426147461 -52.998409271240234
v -2.0638289451599121 -3.9368064403533936 -53.167545318603516
v -1.8110818862915039 -4.1852421760559082 -53.314956665039063
v -1.5163906812667847 -4.3913397789001465 -53.436344146728516
v -1.1694352626800537 -4.5552520751953125 -53.532745361328125
v -0.79455006122589111 -4.669001579284668 -53.599655151367188
v -0.39872357249259949 -4.7364034652709961 -53.639316558837891
v 0.0065697310492396355 -4.7582144737243652 -53.652172088623047
v 0.41165456175804138 -4.7348408699035645 -53.638462066650391
v 0.80509072542190552 -4.6662774085998535 -53.598178863525391
v 1.1754380464553833 -4.5525193214416504 -53.531322479248047
v 1.5144509077072144 -4.3917150497436523 -53.436805725097656
v 1.8146511316299438 -4.1810598373413086 -53.312774658203125
v 2.0710186958312988 -3.9266996383666992 -53.161846160888672
v 2.2776801586151123 -3.6464657783508301 -52.993431091308594
v 2.4419956207275391 -3.3469481468200684 -52.810440063476563
v 2.5707564353942871 -3.029649019241333 -52.612667083740234
v 2.6664204597473145 -2.7011444568634033 -52.402912139892578
v 2.7314450740814209 -2.3680098056793213 -52.183994293212891
v 2.7681055068969727 -2.0393486022949219 -51.960472106933594
v 2.7791705131530762 -1.7141507863998413 -51.730117797851563
v 2.7653758525848389 -1.3989558219909668 -51.496540069580078
v 2.7274980545043945 -1.0916705131530762 -51.257408142089844
v 2.6661331653594971 -0.79320907592773438 -51.012435913085938
v 2.5825488567352295 -0.5064089298248291 -50.763027191162109
v 2.4778373241424561 -0.23200663924217224 -50.508995056152344
v 2.3530919551849365 0.029261345043778419 -50.250141143798828
v 2.2090275287628174 0.27725237607955933 -49.985618591308594
v 2.0485293865203857 0.50805479288101196 -49.718593597412109
v 1.8706601858139038 0.72163659334182739 -49.446891784667969
v 1.6759945154190063 0.91461598873138428 -49.171573638916016
v 1.4650533199310303 1.0836901664733887 -48.893604278564453
v 1.2386364936828613 1.2253931760787964 -48.614273071289063
v 0.9973146915435791 1.3365094661712646 -48.33453369140625
v 0.74165898561477661 1.4138233661651611 -48.055339813232422
v 0.47224012017250061 1.4541193246841431 -47.77764892578125
v -0.15847474336624146 1.4519432783126831 -48.091976165771484
v -0.42699006199836731 1.4362292289733887 -48.368038177490234
v -0.68574398756027222 1.3826848268508911 -48.647811889648438
v -0.93256396055221558 1.2944158315658569 -48.928844451904297
v -1.1666674613952637 1.1745491027832031 -49.210056304931641
v -1.3872734308242798 1.0262101888656616 -49.490390777587891
v -1.5935989618301392 0.85252487659454346 -49.768775939941406
v -1.7848610877990723 0.65661919116973877 -50.044139862060547
v -1.9598556756973267 0.44218194484710693 -50.314739227294922
v -2.1193406581878662 0.20966216921806335 -50.582386016845703
v -2.2606122493743896 -0.03807058185338974 -50.844772338867188
v -2.3820586204528809 -0.2993830144405365 -51.101249694824219
v -2.482731819152832 -0.57359141111373901 -51.352222442626953
v -2.561898946762085 -0.86105901002883911 -51.598926544189453
v -2.6183087825775146 -1.1611464023590088 -51.841564178466797
v -2.6507110595703125 -1.4732141494750977 -52.080341339111328
v -2.6578118801116943 -1.7989794015884399 -52.317142486572266
v -2.6389756202697754 -2.1222224235534668 -52.541561126708984
v -2.5921862125396729 -2.451106071472168 -52.761371612548828
v -2.5130181312561035 -2.7832865715026855 -52.976375579833984
v -2.3961555957794189 -3.1128425598144531 -53.183944702148438
v -2.24009108543396 -3.4242763519287109 -53.375682830810547
v -2.0418305397033691 -3.7100651264190674 -53.548439025878906
v -1.7983791828155518 -3.96268630027771 -53.699054718017578
v -1.5103468894958496 -4.172459602355957 -53.823112487792969
v -1.1674491167068481 -4.339329719543457 -53.921638488769531
v -0.79440522193908691 -4.4551329612731934 -53.990024566650391
v -0.39902782440185547 -4.5237526893615723 -54.030559539794922
v 0.0064958576112985611 -4.5459589958190918 -54.043701171875
v 0.41179960966110229 -4.5221657752990723 -54.029685974121094
v 0.80475693941116333 -4.4523663520812988 -53.988517761230469
v 1.1732413768768311 -4.3365569114685059 -53.920185089111328
v 1.508267879486084 -4.1728506088256836 -53.823581695556641
v 1.8016602993011475 -3.9584372043609619 -53.696823120117188
v 2.0484936237335205 -3.6997988224029541 -53.542606353759766
v 2.2436447143554688 -3.4153287410736084 -53.370586395263672
v 2.3948335647583008 -3.1119513511657715 -53.183773040771484
v 2.5089480876922607 -2.7914435863494873 -52.981983184814453
v 2.5887422561645508 -2.4607367515563965 -52.768119812011719
v 2.6369705200195313 -2.1267623901367188 -52.545089721679688
v 2.6563405990600586 -1.7989650964736938 -52.317581176757813
v 2.6495451927185059 -1.4766463041305542 -52.083358764648438
v 2.617772102355957 -1.1663206815719604 -51.846092224121094
v 2.5618126392364502 -0.86586624383926392 -51.603389739990234
v 2.4824447631835938 -0.5761483907699585 -51.354953765869141
v 2.3812413215637207 -0.29987674951553345 -51.102184295654297
v 2.259479284286499 -0.037699218839406967 -50.844867706298828
v 2.1184358596801758 0.20973636209964752 -50.582794189453125
v 1.9589732885360718 0.44233620166778564 -50.315078735351563
v 1.7843354940414429 0.65647059679031372 -50.044921875
v 1.593622088432312 0.8520132303237915 -49.770210266113281
v 1.3876322507858276 1.0256584882736206 -49.492122650146484
v 1.1671072244644165 1.1741737127304077 -49.211734771728516
v 0.93307530879974365 1.2941900491714478 -48.930458068847656
v 0.6863211989402771 1.3825658559799194 -48.649356842041016
v 0.42762953042984009 1.4361593723297119 -48.369503021240234
v 0.1577850729227066 1.4518288373947144 -48.091968536376953
v 0.1559329628944397 1.4496299028396606 -48.406345367431641
v -0.11299146711826324 1.4583891630172729 -48.6822509765625
v -0.37476730346679688 1.4285545349121094 -48.962684631347656
v -0.62701141834259033 1.3630286455154419 -49.245071411132813
v -0.86872589588165283 1.264860987663269 -49.528228759765625
v -1.0989143848419189 1.1371001005172729 -49.81097412109375
v -1.3165785074234009 0.98279476165771484 -50.092124938964844
v -1.5207198858261108 0.80499362945556641 -50.370502471923828
v -1.7098817825317383 0.60726803541183472 -50.644237518310547
v -1.884762167930603 0.39014434814453125 -50.915073394775391
v -2.042349100112915 0.15626275539398193 -51.180686950683594
v -2.1807847023010254 -0.092865541577339172 -51.4404296875
v -2.2989411354064941 -0.35661575198173523 -51.694744110107422
v -2.3959715366363525 -0.63538515567779541 -51.94488525390625
v -2.4704463481903076 -0.9286198616027832 -52.191085815429688
v -2.5209360122680664 -1.235765814781189 -52.433574676513672
v -2.5460953712463379 -1.5586122274398804 -52.674278259277344
v -2.5443222522735596 -1.8809906244277954 -52.902629852294922
v -2.5141010284423828 -2.2106671333312988 -53.126480102539063
v -2.4509079456329346 -2.5450224876403809 -53.345607757568359
v -2.3491301536560059 -2.8778617382049561 -53.557300567626953
v -2.2065439224243164 -3.1932649612426758 -53.752960205078125
v -2.0198321342468262 -3.4833238124847412 -53.929328918457031
v -1.7856764793395996 -3.7401299476623535 -54.083156585693359
v -1.504302978515625 -3.9535799026489258 -54.209880828857422
v -1.1654629707336426 -4.1234078407287598 -54.310535430908203
v -0.79426038265228271 -4.2412643432617188 -54.380393981933594
v -0.39933210611343384 -4.3111019134521484 -54.421806335449219
v 0.006421984639018774 -4.3337035179138184 -54.435230255126953
v 0.41194465756416321 -4.3094902038574219 -54.420913696289063
v 0.80442315340042114 -4.2384557723999023 -54.378856658935547
v 1.1710445880889893 -4.1205940246582031 -54.309051513671875
v 1.5020848512649536 -3.953986644744873 -54.210361480712891
v 1.7886694669723511 -3.7358148097991943 -54.080867767333984
v 2.0259685516357422 -3.4728982448577881 -53.923362731933594
v 2.2096092700958252 -3.1841914653778076 -53.74774169921875
v 2.3476715087890625 -2.8769545555114746 -53.557106018066406
v 2.4471395015716553 -2.5532379150390625 -53.351299285888672
v 2.5110640525817871 -2.2203290462493896 -53.133327484130859
v 2.5424959659576416 -1.8855148553848267 -52.906185150146484
v 2.5445754528045654 -1.5585817098617554 -52.674690246582031
v 2.5199196338653564 -1.2391419410705566 -52.436599731445313
v 2.4701683521270752 -0.93368560075759888 -52.195640563964844
v 2.396127462387085 -0.64006185531616211 -51.949371337890625
v 2.2987561225891113 -0.35908767580986023 -51.697467803955078
v 2.1799337863922119 -0.093344561755657196 -51.441337585449219
v 2.0411214828491211 0.1566082090139389 -51.180740356445313
v 1.883779764175415 0.39021140336990356 -50.915443420410156
v 1.7089189291000366 0.60742002725601196 -50.644535064697266
v 1.5201417207717896 0.8048863410949707 -50.371250152587891
v 1.3165839910507202 0.98238986730575562 -50.093532562255859
v 1.0992701053619385 1.1367008686065674 -49.812671661376953
v 0.86916112899780273 1.2646572589874268 -49.529865264892578
v 0.62751418352127075 1.3629870414733887 -49.246639251708984
v 0.37532767653465271 1.4286222457885742 -48.964179992675781
v 0.11360011994838715 1.4584952592849731 -48.683666229248047
v -0.1566699892282486 1.4495383501052856 -48.406288146972656
v 0.47034069895744324 1.4473165273666382 -48.720710754394531
v 0.20100714266300201 1.4805489778518677 -48.996463775634766
v -0.063790634274482727 1.4744242429733276 -49.277553558349609
v -0.32145896553993225 1.4316413402557373 -49.561298370361328
v -0.57078438997268677 1.355172872543335 -49.846397399902344
v -0.81055533885955811 1.2479900121688843 -50.131557464599609
v -1.0395580530166626 1.1130646467208862 -50.415477752685547
v -1.2565786838531494 0.95336812734603882 -50.696865081787109
v -1.4599078893661499 0.7723541259765625 -50.973731994628906
v -1.6501836776733398 0.57062655687332153 -51.247760772705078
v -1.8240858316421509 0.3505961000919342 -51.516597747802734
v -1.9795107841491699 0.11365192383527756 -51.779613494873047
v -2.1151502132415771 -0.13964004814624786 -52.037261962890625
v -2.2300441265106201 -0.40971130132675171 -52.290843963623047
v -2.3225841522216797 -0.69609326124191284 -52.540607452392578
v -2.3911612033843994 -0.9983174204826355 -52.78680419921875
v -2.4343788623809814 -1.3182450532913208 -53.031417846679688
v -2.4496688842773438 -1.6397589445114136 -53.263694763183594
v -2.4360158443450928 -1.9702283143997192 -53.491592407226563
v -2.3887977600097656 -2.3067586421966553 -53.71484375
v -2.3021047115325928 -2.6428806781768799 -53.930656433105469
v -2.172996997833252 -2.9622535705566406 -54.130237579345703
v -1.9978336095809937 -3.256582498550415 -54.310222625732422
v -1.772973895072937 -3.5175738334655762 -54.467254638671875
v -1.4982591867446899 -3.7347002029418945 -54.596649169921875
v -1.163476824760437 -3.9074854850769043 -54.699428558349609
v -0.79411554336547852 -4.0273957252502441 -54.770763397216797
v -0.39963635802268982 -4.0984511375427246 -54.81304931640625
v 0.0063481112010776997 -4.1214480400085449 -54.826759338378906
v 0.41208970546722412 -4.0968151092529297 -54.812141418457031
v 0.80408930778503418 -4.0245447158813477 -54.769195556640625
v 1.168847918510437 -3.9046313762664795 -54.697914123535156
v 1.4959018230438232 -3.7351222038269043 -54.597137451171875
v 1.7756787538528442 -3.5131921768188477 -54.464916229248047
v 2.003443717956543 -3.245997428894043 -54.304122924804688
v 2.1755738258361816 -2.9530544281005859 -54.124897003173828
v 2.3005094528198242 -2.6419577598571777 -53.930438995361328
v 2.3853311538696289 -2.3150324821472168 -53.720619201660156
v 2.4333858489990234 -1.9799214601516724 -53.498531341552734
v 2.448021411895752 -1.6442674398422241 -53.267280578613281
v 2.4328105449676514 -1.3181982040405273 -53.031795501708984
v 2.390294075012207 -1.0016374588012695 -52.789836883544922
v 2.3225646018981934 -0.7010505199432373 -52.545192718505859
v 2.2304420471191406 -0.41425749659538269 -52.295352935791016
v 2.115067720413208 -0.14202697575092316 -52.039985656738281
v 1.9786263704299927 0.11318761855363846 -51.780490875244141
v 1.8227633237838745 0.35091564059257507 -51.516616821289063
v 1.6491236686706543 0.57068639993667603 -51.248096466064453
v 1.458864688873291 0.77250385284423828 -50.973991394042969
v 1.2559478282928467 0.95330208539962769 -50.697578430175781
v 1.0395458936691284 1.1127665042877197 -50.416851043701172
v 0.81090790033340454 1.2477433681488037 -50.133220672607422
v 0.57121503353118896 1.3551409244537354 -49.847995758056641
v 0.32195302844047546 1.43178391456604 -49.562824249267578
v 0.06433415412902832 1.474678635597229 -49.279003143310547
v -0.20042930543422699 1.4808311462402344 -48.997829437255859
v -0.4711250364780426 1.4472478628158569 -48.720607757568359
v 0.78474843502044678 1.4450030326843262 -49.035076141357422
v 0.51500576734542847 1.5027087926864624 -49.310676574707031
v 0.24718604981899261 1.5202939510345459 -49.592426300048828
v -0.015906460583209991 1.5002541542053223 -49.877525329589844
v -0.27284291386604309 1.4454847574234009 -50.164566040039063
v -0.52219629287719727 1.3588800430297852 -50.452136993408203
v -0.76253753900527954 1.2433345317840576 -50.73883056640625
v -0.99243748188018799 1.1017426252365112 -51.023231506347656
v -1.2099339962005615 0.93744027614593506 -51.303226470947266
v -1.4156050682067871 0.75110870599746704 -51.580448150634766
v -1.6058226823806763 0.54492944478988647 -51.852512359619141
v -1.7782368659973145 0.32016938924789429 -52.118797302246094
v -1.9313592910766602 0.077335640788078308 -52.379783630371094
v -2.0641167163848877 -0.18403744697570801 -52.636802673339844
v -2.1747217178344727 -0.46356672048568726 -52.890129089355469
v -2.2613861560821533 -0.76086902618408203 -53.140037536621094
v -2.3226621150970459 -1.0778777599334717 -53.388553619384766
v -2.3550155162811279 -1.3985272645950317 -53.624759674072266
v -2.3579306602478027 -1.7297894954681396 -53.856700897216797
v -2.3266875743865967 -2.0684945583343506 -54.084075927734375
v -2.2550792694091797 -2.4078998565673828 -54.304012298583984
v -2.1394498348236084 -2.7312419414520264 -54.507511138916016
v -1.9758352041244507 -3.0298411846160889 -54.691112518310547
v -1.7602711915969849 -3.2950177192687988 -54.851352691650391
v -1.4922153949737549 -3.5158202648162842 -54.983421325683594
v -1.1614906787872314 -3.6915633678436279 -55.088321685791016
v -0.79397070407867432 -3.8135268688201904 -55.161136627197266
v -0.39994063973426819 -3.8858001232147217 -55.204296112060547
v 0.0062742377631366253 -3.9091928005218506 -55.218288421630859
v 0.41223475337028503 -3.8841395378112793 -55.203365325927734
v 0.80375552177429199 -3.810633659362793 -55.159530639648438
v 1.1666511297225952 -3.6886687278747559 -55.086776733398438
v 1.4897187948226929 -3.5162580013275146 -54.983913421630859
v 1.7626879215240479 -3.2905697822570801 -54.848960876464844
v 1.9809186458587646 -3.0190966129302979 -54.684883117675781
v 2.1415383815765381 -2.7219173908233643 -54.502056121826172
v 2.2533473968505859 -2.4069609642028809 -54.30377197265625
v 2.3235225677490234 -2.076826810836792 -54.089935302734375
v 2.3557078838348389 -1.7395137548446655 -53.863739013671875
v 2.3535470962524414 -1.403019905090332 -53.628372192382813
v 2.3210453987121582 -1.0778148174285889 -53.388904571533203
v 2.2606685161590576 -0.76413309574127197 -53.143077850341797
v 2.1749606132507324 -0.46841543912887573 -52.894741058349609
v 2.0647566318511963 -0.18845315277576447 -52.641338348388672
v 1.9313791990280151 0.075033716857433319 -52.382503509521484
v 1.7773189544677734 0.31971979141235352 -52.119647979736328
v 1.6044052839279175 0.54522305727005005 -51.852489471435547
v 1.4144675731658936 0.75116145610809326 -51.58074951171875
v 1.2088103294372559 0.9375876784324646 -51.303451538085938
v 0.99175399541854858 1.1017178297042847 -51.023906707763672
v 0.7625078558921814 1.2431430816650391 -50.740169525146484
v 0.52254569530487061 1.3587857484817505 -50.453769683837891
v 0.27326890826225281 1.4456244707107544 -50.166126251220703
v 0.016391867771744728 1.5005807876586914 -49.879009246826172
v -0.24665936827659607 1.5207350254058838 -49.593822479248047
v -0.51445871591567993 1.5031671524047852 -49.311992645263672
v -0.7855800986289978 1.4449572563171387 -49.034923553466797
v 1.0991561412811279 1.4426896572113037 -49.349445343017578
v 0.82900434732437134 1.5248686075210571 -49.624889373779297
v 0.55816268920898438 1.5661636590957642 -49.907295227050781
v 0.28964602947235107 1.5688669681549072 -50.193752288818359
v 0.025098584592342377 1.5357965230941772 -50.482734680175781
v -0.23383726179599762 1.4697699546813965 -50.772720336914063
v -0.48551705479621887 1.373604416847229 -51.062179565429688
v -0.72829627990722656 1.2501170635223389 -51.349594116210938
v -0.95996016263961792 1.1025263071060181 -51.632720947265625
v -1.1810265779495239 0.93159091472625732 -51.913135528564453
v -1.3875595331192017 0.73926275968551636 -52.188423156738281
v -1.5769630670547485 0.52668684720993042 -52.457981109619141
v -1.7475683689117432 0.29431131482124329 -52.722301483154297
v -1.8981894254684448 0.041636418551206589 -52.982761383056641
v -2.0268592834472656 -0.23104014992713928 -53.239654541015625
v -2.1316113471984863 -0.52342069149017334 -53.493270874023438
v -2.2109456062316895 -0.83751058578491211 -53.745693206787109
v -2.2603621482849121 -1.1572955846786499 -53.985828399658203
v -2.2798452377319336 -1.4893506765365601 -54.221809387207031
v -2.2645776271820068 -1.8302305936813354 -54.45330810546875
v -2.2080538272857666 -2.1729190349578857 -54.6773681640625
v -2.1059026718139648 -2.5002305507659912 -54.884788513183594
v -1.9538367986679077 -2.8030998706817627 -55.072006225585938
v -1.7475686073303223 -3.0724613666534424 -55.235454559326172
v -1.4861716032028198 -3.2969405651092529 -55.370189666748047
v -1.1595045328140259 -3.4756412506103516 -55.477218627929688
v -0.79382586479187012 -3.5996584892272949 -55.551506042480469
v -0.40024489164352417 -3.6731493473052979 -55.595539093017578
v 0.0062003647908568382 -3.6969375610351563 -55.609813690185547
v 0.41237983107566833 -3.671464204788208 -55.594593048095703
v 0.8034217357635498 -3.5967228412628174 -55.549869537353516
v 1.1644543409347534 -3.4727060794830322 -55.475639343261719
v 1.4835358858108521 -3.297393798828125 -55.370693206787109
v 1.7496970891952515 -3.0679471492767334 -55.233009338378906
v 1.9583936929702759 -2.7921960353851318 -55.065639495849609
v 2.1075029373168945 -2.4907803535461426 -54.87921142578125
v 2.2061853408813477 -2.171964168548584 -54.677104949951172
v 2.2617142200469971 -1.8386212587356567 -54.459255218505859
v 2.2780296802520752 -1.4991060495376587 -54.228946685791016
v 2.2590725421905518 -1.1617724895477295 -53.989467620849609
v 2.2092804908752441 -0.83743131160736084 -53.746009826660156
v 2.1310429573059082 -0.52662867307662964 -53.496318817138672
v 2.0273568630218506 -0.23578035831451416 -53.244293212890625
v 1.8990714550018311 0.037351194769144058 -52.987319946289063
v 1.7476906776428223 0.29209440946578979 -52.725017547607422
v 1.5760115385055542 0.52625197172164917 -52.45880126953125
v 1.38604736328125 0.73953050374984741 -52.188362121582031
v 1.1798114776611328 0.93163645267486572 -51.913398742675781
v 0.95875602960586548 1.1026715040206909 -51.632907867431641
v 0.72756016254425049 1.2501336336135864 -51.350234985351563
v 0.48546978831291199 1.3735197782516479 -51.063491821289063
v 0.23418347537517548 1.4698282480239868 -50.774318695068359
v -0.024677198380231857 1.5361080169677734 -50.484256744384766
v -0.28916928172111511 1.5693777799606323 -50.1951904296875
v -0.55765289068222046 1.5667914152145386 -49.908645629882813
v -0.82848817110061646 1.5255030393600464 -49.626155853271484
v -1.1000351905822754 1.44266676902771 -49.3492431640625
v 1.4135638475418091 1.4403762817382813 -49.663810729980469
v 1.143002986907959 1.5470284223556519 -49.939102172851563
v 0.86913937330245972 1.6120333671569824 -50.22216796875
v 0.59519851207733154 1.6374796628952026 -50.509979248046875
v 0.32304006814956665 1.6261084079742432 -50.8009033203125
v 0.054521765559911728 1.5806598663330078 -51.093303680419922
v -0.20849655568599701 1.5038743019104004 -51.385532379150391
v -0.46415501832962036 1.3984915018081665 -51.675956726074219
v -0.70998626947402954 1.2676124572753906 -51.962215423583984
v -0.94644796848297119 1.1120730638504028 -52.245822906494141
v -1.1692963838577271 0.93359613418579102 -52.524337768554688
v -1.3756891489028931 0.73320430517196655 -52.797161102294922
v -1.5637775659561157 0.51128703355789185 -53.064823150634766
v -1.7322620153427124 0.26731029152870178 -53.328720092773438
v -1.8789968490600586 0.0014864091062918305 -53.589176177978516
v -2.0018362998962402 -0.28597229719161987 -53.846500396728516
v -2.099229097366333 -0.59714341163635254 -54.102828979492188
v -2.1657087802886963 -0.91606384515762329 -54.346893310546875
v -2.2017600536346436 -1.2489118576049805 -54.586921691894531
v -2.2024674415588379 -1.5919666290283203 -54.822544097900391
v -2.1610283851623535 -1.9379382133483887 -55.050724029541016
v -2.0723557472229004 -2.2692191600799561 -55.262065887451172
v -1.9318382740020752 -2.5763585567474365 -55.452896118164063
v -1.7348659038543701 -2.849905252456665 -55.619552612304688
v -1.4801278114318848 -3.0780606269836426 -55.7569580078125
v -1.1575185060501099 -3.2597191333770752 -55.866111755371094
v -0.79368102550506592 -3.3857898712158203 -55.941875457763672
v -0.40054917335510254 -3.460498571395874 -55.986785888671875
v 0.0061264913529157639 -3.4846820831298828 -56.0013427734375
v 0.41252487897872925 -3.4587888717651367 -55.985820770263672
v 0.80308794975280762 -3.3828117847442627 -55.940208435058594
v 1.1622576713562012 -3.2567431926727295 -55.864501953125
v 1.4773528575897217 -3.0785295963287354 -55.757469177246094
v 1.7367063760757446 -2.8453247547149658 -55.617053985595703
v 1.9358686208724976 -2.5652952194213867 -55.446399688720703
v 2.073467493057251 -2.2596430778503418 -55.256366729736328
v 2.1590232849121094 -1.9369672536849976 -55.050437927246094
v 2.1999056339263916 -1.6004157066345215 -54.828571319580078
v 2.2003514766693115 -1.2586983442306519 -54.594154357910156
v 2.1645979881286621 -0.92052501440048218 -54.350563049316406
v 2.097515344619751 -0.59704786539077759 -54.103118896484375
v 2.0014173984527588 -0.2891242504119873 -53.849559783935547
v 1.8797531127929688 -0.0031452707480639219 -53.593841552734375
v 1.7333861589431763 0.26315554976463318 -53.333301544189453
v 1.5640021562576294 0.50915509462356567 -53.067535400390625
v 1.3747040033340454 0.73278415203094482 -52.797954559326172
v 1.167689323425293 0.933837890625 -52.524238586425781
v 0.94515532255172729 1.1121114492416382 -52.246051788330078
v 0.7087017297744751 1.2677552700042725 -51.962364196777344
v 0.46336635947227478 1.3985493183135986 -51.676563262939453
v 0.20843169093132019 1.5038963556289673 -51.386810302734375
v -0.054178714752197266 1.5808707475662231 -51.094867706298828
v -0.32262331247329712 1.626591682434082 -50.802387237548828
v -0.5947304368019104 1.6381746530532837 -50.511375427246094
v -0.86864638328552246 1.6128478050231934 -50.223468780517578
v -1.1425175666809082 1.5478390455245972 -49.940319061279297
v -1.4144902229309082 1.4403762817382813 -49.663562774658203
vt 0 0
vt 0 0.017784114927053452
vt 0 0.035658352077007294
vt 0 0.053532436490058899
vt 0 0.071406379342079163
vt 0 0.089280322194099426
vt 0 0.10715427249670029
vt 0 0.12502820789813995
vt 0 0.1428571492433548
vt 0 0.16081887483596802
vt 0 0.17876212298870087
vt 0 0.19662496447563171
vt 0 0.21441733837127686
vt 0 0.2322096973657608
vt 0 0.25000205636024475
vt 0 0.26779443025588989
vt 0 0.28571429848670959
vt 0 0.3029843270778656
vt 0 0.32036304473876953
vt 0 0.33808067440986633
vt 0 0.35622015595436096
vt 0 0.3743596076965332
vt 0 0.39249908924102783
vt 0 0.41063857078552246
vt 0 0.4285714328289032
vt 0 0.44687899947166443
vt 0 0.46478927135467529
vt 0 0.48260027170181274
vt 0 0.50032991170883179
vt 0 0.51805955171585083
vt 0 0.53578919172286987
vt 0 0.55351883172988892
vt 0 0.57142859697341919
vt 0 0.58972257375717163
vt 0 0.60821372270584106
vt 0 0.62620139122009277
vt 0 0.64384543895721436
vt 0 0.66148948669433594
vt 0 0.67913353443145752
vt 0 0.69677764177322388
vt 0 0.71428573131561279
vt 0 0.73201048374176025
vt 0 0.74969291687011719
vt 0 0.76749414205551147
vt 0 0.78541499376296997
vt 0 0.80333590507507324
vt 0 0.82125675678253174
vt 0 0.83917766809463501
vt 0 0.8571428656578064
vt 0 0.87494111061096191
vt 0 0.89277112483978271
vt 0 0.91062432527542114
vt 0 0.92849946022033691
vt 0 0.94637459516525269
vt 0 0.96424973011016846
vt 0 0.98212486505508423
vt 0 1
vt 0.1111111119389534 0
vt 0.1111111119389534 0.017784114927053452
vt 0.1111111119389534 0.035658352077007294
vt 0.1111111119389534 0.053532436490058899
vt 0.1111111119389534 0.071406379342079163
vt 0.1111111119389534 0.089280322194099426
vt 0.1111111119389534 0.10715427249670029
vt 0.1111111119389534 0.12502820789813995
vt 0.1111111119389534 0.1428571492433548
vt 0.1111111119389534 0.16081887483596802
vt 0.1111111119389534 0.17876212298870087
vt 0.1111111119389534 0.19662496447563171
vt 0.1111111119389534 0.21441733837127686
vt 0.1111111119389534 0.2322096973657608
vt 0.1111111119389534 0.25000205636024475
vt 0.1111111119389534 0.26779443025588989
vt 0.1111111119389534 0.28571429848670959
vt 0.1111111119389534 0.3029843270778656
vt 0.1111111119389534 0.32036304473876953
vt 0.1111111119389534 0.33808067440986633
vt 0.1111111119389534 0.35622015595436096
vt 0.1111111119389534 0.3743596076965332
vt 0.1111111119389534 0.39249908924102783
vt 0.1111111119389534 0.41063857078552246
vt 0.1111111119389534 0.4285714328289032
vt 0.1111111119389534 0.44687899947166443
vt 0.1111111119389534 0.46478927135467529
vt 0.1111111119389534 0.48260027170181274
vt 0.1111111119389534 0.50032991170883179
vt 0.1111111119389534 0.51805955171585083
vt 0.1111111119389534 0.53578919172286987
vt 0.1111111119389534 0.55351883172988892
vt 0.1111111119389534 0.57142859697341919
vt 0.1111111119389534 0.58972257375717163
vt 0.1111111119389534 0.60821372270584106
vt 0.1111111119389534 0.62620139122009277
vt 0.1111111119389534 0.64384543895721436
vt 0.1111111119389534 0.66148948669433594
vt 0.1111111119389534 0.67913353443145752
vt 0.1111111119389534 0.69677764177322388
vt 0.1111111119389534 0.71428573131561279
vt 0.1111111119389534 0.73201048374176025
vt 0.1111111119389534 0.74969291687011719
vt 0.1111111119389534 0.76749414205551147
vt 0.1111111119389534 0.78541499376296997
vt 0.1111111119389534 0.80333590507507324
vt 0.1111111119389534 0.82125675678253174
vt 0.1111111119389534 0.83917766809463501
vt 0.1111111119389534 0.8571428656578064
vt 0.1111111119389534 0.87494111061096191
vt 0.1111111119389534 0.89277112483978271
vt 0.1111111119389534 0.91062432527542114
vt 0.1111111119389534 0.92849946022033691
vt 0.1111111119389534 0.94637459516525269
vt 0.1111111119389534 0.96424973011016846
vt 0.1111111119389534 0.98212486505508423
vt 0.1111111119389534 1
vt 0.2222222238779068 0
vt 0.2222222238779068 0.017784114927053452
vt 0.2222222238779068 0.035658352077007294
vt 0.2222222238779068 0.053532436490058899
vt 0.2222222238779068 0.071406379342079163
vt 0.2222222238779068 0.089280322194099426
vt 0.2222222238779068 0.10715427249670029
vt 0.2222222238779068 0.12502820789813995
vt 0.2222222238779068 0.1428571492433548
vt 0.2222222238779068 0.16081887483596802
vt 0.2222222238779068 0.17876212298870087
vt 0.2222222238779068 0.19662496447563171
vt 0.2222222238779068 0.21441733837127686
vt 0.2222222238779068 0.2322096973657608
vt 0.2222222238779068 0.25000205636024475
vt 0.2222222238779068 0.26779443025588989
vt 0.2222222238779068 0.28571429848670959
vt 0.2222222238779068 0.3029843270778656
vt 0.2222222238779068 0.32036304473876953
vt 0.2222222238779068 0.33808067440986633
vt 0.2222222238779068 0.35622015595436096
vt 0.2222222238779068 0.3743596076965332
vt 0.2222222238779068 0.39249908924102783
vt 0.2222222238779068 0.41063857078552246
vt 0.2222222238779068 0.4285714328289032
vt 0.2222222238779068 0.44687899947166443
vt 0.2222222238779068 0.46478927135467529
vt 0.2222222238779068 0.48260027170181274
vt 0.2222222238779068 0.50032991170883179
vt 0.2222222238779068 0.51805955171585083
vt 0.2222222238779068 0.53578919172286987
vt 0.2222222238779068 0.55351883172988892
vt 0.2222222238779068 0.57142859697341919
vt 0.2222222238779068 0.58972257375717163
vt 0.2222222238779068 0.60821372270584106
vt 0.2222222238779068 0.62620139122009277
vt 0.2222222238779068 0.64384543895721436
vt 0.2222222238779068 0.66148948669433594
vt 0.2222222238779068 0.67913353443145752
vt 0.2222222238779068 0.69677764177322388
vt 0.2222222238779068 0.71428573131561279
vt 0.2222222238779068 0.73201048374176025
vt 0.2222222238779068 0.74969291687011719
vt 0.2222222238779068 0.76749414205551147
vt 0.2222222238779068 0.78541499376296997
vt 0.2222222238779068 0.80333590507507324
vt 0.2222222238779068 0.82125675678253174
vt 0.2222222238779068 0.83917766809463501
vt 0.2222222238779068 0.8571428656578064
vt 0.2222222238779068 0.87494111061096191
vt 0.2222222238779068 0.89277112483978271
vt 0.2222222238779068 0.91062432527542114
vt 0.2222222238779068 0.92849946022033691
vt 0.2222222238779068 0.94637459516525269
vt 0.2222222238779068 0.96424973011016846
vt 0.2222222238779068 0.98212486505508423
vt 0.2222222238779068 1
vt 0.3333333432674408 0
vt 0.3333333432674408 0.017784114927053452
vt 0.3333333432674408 0.035658352077007294
vt 0.3333333432674408 0.053532436490058899
vt 0.3333333432674408 0.071406379342079163
vt 0.3333333432674408 0.089280322194099426
vt 0.3333333432674408 0.10715427249670029
vt 0.3333333432674408 0.12502820789813995
vt 0.3333333432674408 0.1428571492433548
vt 0.3333333432674408 0.16081887483596802
vt 0.3333333432674408 0.17876212298870087
vt 0.3333333432674408 0.19662496447563171
vt 0.3333333432674408 0.21441733837127686
vt 0.3333333432674408 0.2322096973657608
vt 0.3333333432674408 0.25000205636024475
vt 0.3333333432674408 0.26779443025588989
vt 0.3333333432674408 0.28571429848670959
vt 0.3333333432674408 0.3029843270778656
vt 0.3333333432674408 0.32036304473876953
vt 0.3333333432674408 0.33808067440986633
vt 0.3333333432674408 0.35622015595436096
vt 0.3333333432674408 0.3743596076965332
vt 0.3333333432674408 0.39249908924102783
vt 0.3333333432674408 0.41063857078552246
vt 0.3333333432674408 0.4285714328289032
vt 0.3333333432674408 0.44687899947166443
vt 0.3333333432674408 0.46478927135467529
vt 0.3333333432674408 0.48260027170181274
vt 0.3333333432674408 0.50032991170883179
vt 0.3333333432674408 0.51805955171585083
vt 0.3333333432674408 0.53578919172286987
vt 0.3333333432674408 0.55351883172988892
vt 0.3333333432674408 0.57142859697341919
vt 0.3333333432674408 0.58972257375717163
vt 0.3333333432674408 0.60821372270584106
vt 0.3333333432674408 0.62620139122009277
vt 0.3333333432674408 0.64384543895721436
vt 0.3333333432674408 0.66148948669433594
vt 0.3333333432674408 0.67913353443145752
vt 0.3333333432674408 0.69677764177322388
vt 0.3333333432674408 0.71428573131561279
vt 0.3333333432674408 0.73201048374176025
vt 0.3333333432674408 0.74969291687011719
vt 0.3333333432674408 0.76749414205551147
vt 0.3333333432674408 0.78541499376296997
vt 0.3333333432674408 0.80333590507507324
vt 0.3333333432674408 0.82125675678253174
vt 0.3333333432674408 0.83917766809463501
vt 0.3333333432674408 0.8571428656578064
vt 0.3333333432674408 0.87494111061096191
vt 0.3333333432674408 0.89277112483978271
vt 0.3333333432674408 0.91062432527542114
vt 0.3333333432674408 0.92849946022033691
vt 0.3333333432674408 0.94637459516525269
vt 0.3333333432674408 0.96424973011016846
vt 0.3333333432674408 0.98212486505508423
vt 0.3333333432674408 1
vt 0.4444444477558136 0
vt 0.4444444477558136 0.017784114927053452
vt 0.4444444477558136 0.035658352077007294
vt 0.4444444477558136 0.053532436490058899
vt 0.4444444477558136 0.071406379342079163
vt 0.4444444477558136 0.089280322194099426
vt 0.4444444477558136 0.10715427249670029
vt 0.4444444477558136 0.12502820789813995
vt 0.4444444477558136 0.1428571492433548
vt 0.4444444477558136 0.16081887483596802
vt 0.4444444477558136 0.17876212298870087
vt 0.4444444477558136 0.19662496447563171
vt 0.4444444477558136 0.21441733837127686
vt 0.4444444477558136 0.2322096973657608
vt 0.4444444477558136 0.25000205636024475
vt 0.4444444477558136 0.26779443025588989
vt 0.4444444477558136 0.28571429848670959
vt 0.4444444477558136 0.3029843270778656
vt 0.4444444477558136 0.32036304473876953
vt 0.4444444477558136 0.33808067440986633
vt 0.4444444477558136 0.35622015595436096
vt 0.4444444477558136 0.3743596076965332
vt 0.4444444477558136 0.39249908924102783
vt 0.4444444477558136 0.41063857078552246
vt 0.4444444477558136 0.4285714328289032
vt 0.4444444477558136 0.44687899947166443
vt 0.4444444477558136 0.46478927135467529
vt 0.4444444477558136 0.48260027170181274
vt 0.4444444477558136 0.50032991170883179
vt 0.4444444477558136 0.51805955171585083
vt 0.4444444477558136 0.53578919172286987
vt 0.4444444477558136 0.55351883172988892
vt 0.4444444477558136 0.57142859697341919
vt 0.4444444477558136 0.58972257375717163
vt 0.4444444477558136 0.60821372270584106
vt 0.4444444477558136 0.62620139122009277
vt 0.4444444477558136 0.64384543895721436
vt 0.4444444477558136 0.66148948669433594
vt 0.4444444477558136 0.67913353443145752
vt 0.4444444477558136 0.69677764177322388
vt 0.4444444477558136 0.71428573131561279
vt 0.4444444477558136 0.73201048374176025
vt 0.4444444477558136 0.74969291687011719
vt 0.4444444477558136 0.76749414205551147
vt 0.4444444477558136 0.78541499376296997
vt 0.4444444477558136 0.80333590507507324
vt 0.4444444477558136 0.82125675678253174
vt 0.4444444477558136 0.83917766809463501
vt 0.4444444477558136 0.8571428656578064
vt 0.4444444477558136 0.87494111061096191
vt 0.4444444477558136 0.89277112483978271
vt 0.4444444477558136 0.91062432527542114
vt 0.4444444477558136 0.92849946022033691
vt 0.4444444477558136 0.94637459516525269
vt 0.4444444477558136 0.96424973011016846
vt 0.4444444477558136 0.98212486505508423
vt 0.4444444477558136 1
vt 0.55555558204650879 0
vt 0.55555558204650879 0.017784114927053452
vt 0.55555558204650879 0.035658352077007294
vt 0.55555558204650879 0.053532436490058899
vt 0.55555558204650879 0.071406379342079163
vt 0.55555558204650879 0.089280322194099426
vt 0.55555558204650879 0.10715427249670029
vt 0.55555558204650879 0.12502820789813995
vt 0.55555558204650879 0.1428571492433548
vt 0.55555558204650879 0.16081887483596802
vt 0.55555558204650879 0.17876212298870087
vt 0.55555558204650879 0.19662496447563171
vt 0.55555558204650879 0.21441733837127686
vt 0.55555558204650879 0.2322096973657608
vt 0.55555558204650879 0.25000205636024475
vt 0.55555558204650879 0.26779443025588989
vt 0.55555558204650879 0.28571429848670959
vt 0.55555558204650879 0.3029843270778656
vt 0.55555558204650879 0.32036304473876953
vt 0.55555558204650879 0.33808067440986633
vt 0.55555558204650879 0.35622015595436096
vt 0.55555558204650879 0.3743596076965332
vt 0.55555558204650879 0.39249908924102783
vt 0.55555558204650879 0.41063857078552246
vt 0.55555558204650879 0.4285714328289032
vt 0.55555558204650879 0.44687899947166443
vt 0.55555558204650879 0.46478927135467529
vt 0.55555558204650879 0.48260027170181274
vt 0.55555558204650879 0.50032991170883179
vt 0.55555558204650879 0.51805955171585083
vt 0.55555558204650879 0.53578919172286987
vt 0.55555558204650879 0.55351883172988892
vt 0.55555558204650879 0.57142859697341919
vt 0.55555558204650879 0.58972257375717163
vt 0.55555558204650879 0.60821372270584106
vt 0.55555558204650879 0.62620139122009277
vt 0.55555558204650879 0.64384543895721436
vt 0.55555558204650879 0.66148948669433594
vt 0.55555558204650879 0.67913353443145752
vt 0.55555558204650879 0.69677764177322388
vt 0.55555558204650879 0.71428573131561279
vt 0.55555558204650879 0.73201048374176025
vt 0.55555558204650879 0.74969291687011719
vt 0.55555558204650879 0.76749414205551147
vt 0.55555558204650879 0.78541499376296997
vt 0.55555558204650879 0.80333590507507324
vt 0.55555558204650879 0.82125675678253174
vt 0.55555558204650879 0.83917766809463501
vt 0.55555558204650879 0.8571428656578064
vt 0.55555558204650879 0.87494111061096191
vt 0.55555558204650879 0.89277112483978271
vt 0.55555558204650879 0.91062432527542114
vt 0.55555558204650879 0.92849946022033691
vt 0.55555558204650879 0.94637459516525269
vt 0.55555558204650879 0.96424973011016846
vt 0.55555558204650879 0.98212486505508423
vt 0.55555558204650879 1
vt 0.66666668653488159 0
vt 0.66666668653488159 0.017784114927053452
vt 0.66666668653488159 0.035658352077007294
vt 0.66666668653488159 0.053532436490058899
vt 0.66666668653488159 0.071406379342079163
vt 0.66666668653488159 0.089280322194099426
vt 0.66666668653488159 0.10715427249670029
vt 0.66666668653488159 0.12502820789813995
vt 0.66666668653488159 0.1428571492433548
vt 0.66666668653488159 0.16081887483596802
vt 0.66666668653488159 0.17876212298870087
vt 0.66666668653488159 0.19662496447563171
vt 0.66666668653488159 0.21441733837127686
vt 0.66666668653488159 0.2322096973657608
vt 0.66666668653488159 0.25000205636024475
vt 0.66666668653488159 0.26779443025588989
vt 0.66666668653488159 0.28571429848670959
vt 0.66666668653488159 0.3029843270778656
vt 0.66666668653488159 0.32036304473876953
vt 0.66666668653488159 0.33808067440986633
vt 0.66666668653488159 0.35622015595436096
vt 0.66666668653488159 0.3743596076965332
vt 0.66666668653488159 0.39249908924102783
vt 0.66666668653488159 0.41063857078552246
vt 0.66666668653488159 0.4285714328289032
vt 0.66666668653488159 0.44687899947166443
vt 0.66666668653488159 0.46478927135467529
vt 0.66666668653488159 0.48260027170181274
vt 0.66666668653488159 0.50032991170883179
vt 0.66666668653488159 0.51805955171585083
vt 0.66666668653488159 0.53578919172286987
vt 0.66666668653488159 0.55351883172988892
vt 0.66666668653488159 0.57142859697341919
vt 0.66666668653488159 0.58972257375717163
vt 0.66666668653488159 0.60821372270584106
vt 0.66666668653488159 0.62620139122009277
vt 0.66666668653488159 0.64384543895721436
vt 0.66666668653488159 0.66148948669433594
vt 0.66666668653488159 0.67913353443145752
vt 0.66666668653488159 0.69677764177322388
vt 0.66666668653488159 0.71428573131561279
vt 0.66666668653488159 0.73201048374176025
vt 0.66666668653488159 0.74969291687011719
vt 0.66666668653488159 0.76749414205551147
vt 0.66666668653488159 0.78541499376296997
vt 0.66666668653488159 0.80333590507507324
vt 0.66666668653488159 0.82125675678253174
vt 0.66666668653488159 0.83917766809463501
vt 0.66666668653488159 0.8571428656578064
vt 0.66666668653488159 0.87494111061096191
vt 0.66666668653488159 0.89277112483978271
vt 0.66666668653488159 0.91062432527542114
vt 0.66666668653488159 0.92849946022033691
vt 0.66666668653488159 0.94637459516525269
vt 0.66666668653488159 0.96424973011016846
vt 0.66666668653488159 0.98212486505508423
vt 0.66666668653488159 1
vt 0.77777779102325439 0
vt 0.77777779102325439 0.017784114927053452
vt 0.77777779102325439 0.035658352077007294
vt 0.77777779102325439 0.053532436490058899
vt 0.77777779102325439 0.071406379342079163
vt 0.77777779102325439 0.089280322194099426
vt 0.77777779102325439 0.10715427249670029
vt 0.77777779102325439 0.12502820789813995
vt 0.77777779102325439 0.1428571492433548
vt 0.77777779102325439 0.16081887483596802
vt 0.77777779102325439 0.17876212298870087
vt 0.77777779102325439 0.19662496447563171
vt 0.77777779102325439 0.21441733837127686
vt 0.77777779102325439 0.2322096973657608
vt 0.77777779102325439 0.25000205636024475
vt 0.77777779102325439 0.26779443025588989
vt 0.77777779102325439 0.28571429848670959
vt 0.77777779102325439 0.3029843270778656
vt 0.77777779102325439 0.32036304473876953
vt 0.77777779102325439 0.33808067440986633
vt 0.77777779102325439 0.35622015595436096
vt 0.77777779102325439 0.3743596076965332
vt 0.77777779102325439 0.39249908924102783
vt 0.77777779102325439 0.41063857078552246
vt 0.77777779102325439 0.4285714328289032
vt 0.77777779102325439 0.44687899947166443
vt 0.77777779102325439 0.46478927135467529
vt 0.77777779102325439 0.48260027170181274
vt 0.77777779102325439 0.50032991170883179
vt 0.77777779102325439 0.51805955171585083
vt 0.77777779102325439 0.53578919172286987
vt 0.77777779102325439 0.55351883172988892
vt 0.77777779102325439 0.57142859697341919
vt 0.77777779102325439 0.58972257375717163
vt 0.77777779102325439 0.60821372270584106
vt 0.77777779102325439 0.62620139122009277
vt 0.77777779102325439 0.64384543895721436
vt 0.77777779102325439 0.66148948669433594
vt 0.77777779102325439 0.67913353443145752
vt 0.77777779102325439 0.69677764177322388
vt 0.77777779102325439 0.71428573131561279
vt 0.77777779102325439 0.73201048374176025
vt 0.77777779102325439 0.74969291687011719
vt 0.77777779102325439 0.76749414205551147
vt 0.77777779102325439 0.78541499376296997
vt 0.77777779102325439 0.80333590507507324
vt 0.77777779102325439 0.82125675678253174
vt 0.77777779102325439 0.83917766809463501
vt 0.77777779102325439 0.8571428656578064
vt 0.77777779102325439 0.87494111061096191
vt 0.77777779102325439 0.89277112483978271
vt 0.77777779102325439 0.91062432527542114
vt 0.77777779102325439 0.92849946022033691
vt 0.77777779102325439 0.94637459516525269
vt 0.77777779102325439 0.96424973011016846
vt 0.77777779102325439 0.98212486505508423
vt 0.77777779102325439 1
vt 0.8888888955116272 0
vt 0.8888888955116272 0.017784114927053452
vt 0.8888888955116272 0.035658352077007294
vt 0.8888888955116272 0.053532436490058899
vt 0.8888888955116272 0.071406379342079163
vt 0.8888888955116272 0.089280322194099426
vt 0.8888888955116272 0.10715427249670029
vt 0.8888888955116272 0.12502820789813995
vt 0.8888888955116272 0.1428571492433548
vt 0.8888888955116272 0.16081887483596802
vt 0.8888888955116272 0.17876212298870087
vt 0.8888888955116272 0.19662496447563171
vt 0.8888888955116272 0.21441733837127686
vt 0.8888888955116272 0.2322096973657608
vt 0.8888888955116272 0.25000205636024475
vt 0.8888888955116272 0.26779443025588989
vt 0.8888888955116272 0.28571429848670959
vt 0.8888888955116272 0.3029843270778656
vt 0.8888888955116272 0.32036304473876953
vt 0.8888888955116272 0.33808067440986633
vt 0.8888888955116272 0.35622015595436096
vt 0.8888888955116272 0.3743596076965332
vt 0.8888888955116272 0.39249908924102783
vt 0.8888888955116272 0.41063857078552246
vt 0.8888888955116272 0.4285714328289032
vt 0.8888888955116272 0.44687899947166443
vt 0.8888888955116272 0.46478927135467529
vt 0.8888888955116272 0.48260027170181274
vt 0.8888888955116272 0.50032991170883179
vt 0.8888888955116272 0.51805955171585083
vt 0.8888888955116272 0.53578919172286987
vt 0.8888888955116272 0.55351883172988892
vt 0.8888888955116272 0.57142859697341919
vt 0.8888888955116272 0.58972257375717163
vt 0.8888888955116272 0.60821372270584106
vt 0.8888888955116272 0.62620139122009277
vt 0.8888888955116272 0.64384543895721436
vt 0.8888888955116272 0.66148948669433594
vt 0.8888888955116272 0.67913353443145752
vt 0.8888888955116272 0.69677764177322388
vt 0.8888888955116272 0.71428573131561279
vt 0.8888888955116272 0.73201048374176025
vt 0.8888888955116272 0.74969291687011719
vt 0.8888888955116272 0.76749414205551147
vt 0.8888888955116272 0.78541499376296997
vt 0.8888888955116272 0.80333590507507324
vt 0.8888888955116272 0.82125675678253174
vt 0.8888888955116272 0.83917766809463501
vt 0.8888888955116272 0.8571428656578064
vt 0.8888888955116272 0.87494111061096191
vt 0.8888888955116272 0.89277112483978271
vt 0.8888888955116272 0.91062432527542114
vt 0.8888888955116272 0.92849946022033691
vt 0.8888888955116272 0.94637459516525269
vt 0.8888888955116272 0.96424973011016846
vt 0.8888888955116272 0.98212486505508423
vt 0.8888888955116272 1
vt 1 0
vt 1 0.017784114927053452
vt 1 0.035658352077007294
vt 1 0.053532436490058899
vt 1 0.071406379342079163
vt 1 0.089280322194099426
vt 1 0.10715427249670029
vt 1 0.12502820789813995
vt 1 0.1428571492433548
vt 1 0.16081887483596802
vt 1 0.17876212298870087
vt 1 0.19662496447563171
vt 1 0.21441733837127686
vt 1 0.2322096973657608
vt 1 0.25000205636024475
vt 1 0.26779443025588989
vt 1 0.28571429848670959
vt 1 0.3029843270778656
vt 1 0.32036304473876953
vt 1 0.33808067440986633
vt 1 0.35622015595436096
vt 1 0.3743596076965332
vt 1 0.39249908924102783
vt 1 0.41063857078552246
vt 1 0.4285714328289032
vt 1 0.44687899947166443
vt 1 0.46478927135467529
vt 1 0.48260027170181274
vt 1 0.50032991170883179
vt 1 0.51805955171585083
vt 1 0.53578919172286987
vt 1 0.55351883172988892
vt 1 0.57142859697341919
vt 1 0.58972257375717163
vt 1 0.60821372270584106
vt 1 0.62620139122009277
vt 1 0.64384543895721436
vt 1 0.66148948669433594
vt 1 0.67913353443145752
vt 1 0.69677764177322388
vt 1 0.71428573131561279
vt 1 0.73201048374176025
vt 1 0.74969291687011719
vt 1 0.76749414205551147
vt 1 0.78541499376296997
vt 1 0.80333590507507324
vt 1 0.82125675678253174
vt 1 0.83917766809463501
vt 1 0.8571428656578064
vt 1 0.87494111061096191
vt 1 0.89277112483978271
vt 1 0.91062432527542114
vt 1 0.92849946022033691
vt 1 0.94637459516525269
vt 1 0.96424973011016846
vt 1 0.98212486505508423
vt 1 1
vn -0.16374824941158295 0.97158277034759521 -0.17091944813728333
vn -0.26678761839866638 0.9427497386932373 -0.20011818408966064
vn -0.36333799362182617 0.90352427959442139 -0.22722113132476807
vn -0.4517364501953125 0.85619860887527466 -0.25071534514427185
vn -0.53155773878097534 0.80288112163543701 -0.26986712217330933
vn -0.60289371013641357 0.74538540840148926 -0.28446409106254578
vn -0.66615152359008789 0.6851314902305603 -0.29468119144439697
vn -0.72188639640808105 0.62314039468765259 -0.3009585440158844
vn -0.77056878805160522 0.56023818254470825 -0.30390286445617676
vn -0.8136591911315918 0.49469798803329468 -0.3053402304649353
vn -0.85117602348327637 0.42602711915969849 -0.30659469962120056
vn -0.8827710747718811 0.3550402820110321 -0.30767130851745605
vn -0.9083436131477356 0.28230047225952148 -0.30857458710670471
vn -0.92791694402694702 0.20810730755329132 -0.3092920184135437
vn -0.94145774841308594 0.13302876055240631 -0.30977523326873779
vn -0.94901126623153687 0.057610396295785904 -0.30993324518203735
vn -0.95068728923797607 -0.018175765872001648 -0.30961796641349792
vn -0.94619756937026978 -0.092749744653701782 -0.31001225113868713
vn -0.93401467800140381 -0.17206414043903351 -0.31306630373001099
vn -0.91158771514892578 -0.25816604495048523 -0.31993460655212402
vn -0.87514221668243408 -0.3521360456943512 -0.33185279369354248
vn -0.82113701105117798 -0.45131158828735352 -0.34935921430587769
vn -0.74516057968139648 -0.55323851108551025 -0.37237468361854553
vn -0.6434674859046936 -0.65290135145187378 -0.39958658814430237
vn -0.51670545339584351 -0.74163401126861572 -0.42777857184410095
vn -0.37688058614730835 -0.80899560451507568 -0.45109552145004272
vn -0.24555347859859467 -0.85011708736419678 -0.46583738923072815
vn -0.12003085762262344 -0.87229472398757935 -0.47401952743530273
vn 0.0020796721801161766 -0.8791230320930481 -0.47659033536911011
vn 0.12426145374774933 -0.87178528308868408 -0.47386658191680908
vn 0.24940097332000732 -0.84914892911911011 -0.46555906534194946
vn 0.37963059544563293 -0.8078683614730835 -0.45080962777137756
vn 0.51656347513198853 -0.74164581298828125 -0.4279295802116394
vn 0.64569127559661865 -0.65095078945159912 -0.39918148517608643
vn 0.74858611822128296 -0.54916077852249146 -0.37153905630111694
vn 0.82309579849243164 -0.44809526205062866 -0.34888955950737
vn 0.8752782940864563 -0.35170289874076843 -0.33195328712463379
vn 0.9108586311340332 -0.26026666164398193 -0.32030892372131348
vn 0.93347972631454468 -0.17441460490226746 -0.31336107850074768
vn 0.94602882862091064 -0.093831621110439301 -0.31020170450210571
vn 0.95062464475631714 -0.018251786008477211 -0.30980592966079712
vn 0.94899874925613403 0.056666381657123566 -0.31014558672904968
vn 0.94157940149307251 0.13159893453121185 -0.31001603603363037
vn 0.92813903093338013 0.20672276616096497 -0.30955395102500916
vn 0.90850657224655151 0.28148213028907776 -0.30884236097335815
vn 0.88278281688690186 0.35478630661964417 -0.30793043971061707
vn 0.85108208656311035 0.4260430634021759 -0.30683320760726929
vn 0.8135993480682373 0.49466881155967712 -0.30554682016372681
vn 0.77049010992050171 0.56026232242584229 -0.304057776927948
vn 0.72189289331436157 0.62308430671691895 -0.3010590672492981
vn 0.66632205247879028 0.68493872880935669 -0.29474377632141113
vn 0.60318732261657715 0.74513578414916992 -0.28449550271034241
vn 0.53190398216247559 0.80265301465988159 -0.26986348628997803
vn 0.45212751626968384 0.85600107908248901 -0.2506847083568573
vn 0.36375397443771362 0.90336894989013672 -0.22717306017875671
vn 0.26719546318054199 0.94264596700668335 -0.20006301999092102
vn 0.16356578469276428 0.97164905071258545 -0.17071734368801117
vn -0.12203871458768845 0.98406755924224854 -0.12929634749889374
vn -0.22761200368404388 0.96056473255157471 -0.15971292555332184
vn -0.32701879739761353 0.9261167049407959 -0.18805986642837524
vn -0.4184744656085968 0.882953941822052 -0.2127709835767746
vn -0.50146204233169556 0.83319211006164551 -0.23308104276657104
vn -0.57600301504135132 0.77867758274078369 -0.24876047670841217
vn -0.64245450496673584 0.72087675333023071 -0.25997871160507202
vn -0.7013390064239502 0.66086232662200928 -0.26717904210090637
vn -0.75310134887695313 0.59950870275497437 -0.2709755003452301
vn -0.79933464527130127 0.53513514995574951 -0.27330291271209717
vn -0.84010165929794312 0.4672151505947113 -0.27557078003883362
vn -0.87498033046722412 0.39654770493507385 -0.27777567505836487
vn -0.90380561351776123 0.32370594143867493 -0.27991047501564026
vn -0.92654979228973389 0.24901746213436127 -0.28195005655288696
vn -0.94312328100204468 0.17309631407260895 -0.28382411599159241
vn -0.95352798700332642 0.096551358699798584 -0.2854158878326416
vn -0.95786547660827637 0.019420288503170013 -0.28655984997749329
vn -0.95585012435913086 -0.056555356830358505 -0.28836086392402649
vn -0.94619524478912354 -0.13751858472824097 -0.29292178153991699
vn -0.92631947994232178 -0.22583325207233429 -0.3015485405921936
vn -0.8922419548034668 -0.32293131947517395 -0.31562581658363342
vn -0.83993250131607056 -0.42636075615882874 -0.33575275540351868
vn -0.76433968544006348 -0.53370851278305054 -0.3618563711643219
vn -0.66102594137191772 -0.6395605206489563 -0.39243727922439575
vn -0.5303884744644165 -0.73422282934188843 -0.42379823327064514
vn -0.38586217164993286 -0.8057364821434021 -0.4493318498134613
vn -0.25081953406333923 -0.84893298149108887 -0.46519064903259277
vn -0.12241766601800919 -0.87203937768936157 -0.4738788902759552
vn 0.002114931121468544 -0.87912297248840332 -0.47659030556678772
vn 0.12672793865203857 -0.87151151895523071 -0.4737168550491333
vn 0.2547580897808075 -0.84792321920394897 -0.4648919403553009
vn 0.38869363069534302 -0.80454975366592407 -0.44901779294013977
vn 0.53023743629455566 -0.73423999547958374 -0.4239574670791626
vn 0.66329604387283325 -0.63749068975448608 -0.39197447896003723
vn 0.76777338981628418 -0.5294080376625061 -0.36090317368507385
vn 0.84184306859970093 -0.42300865054130554 -0.33520722389221191
vn 0.89235943555831909 -0.32250338792800903 -0.31573125720024109
vn 0.92564254999160767 -0.22801785171031952 -0.30198302865028381
vn 0.94572997093200684 -0.13994412124156952 -0.29327547550201416
vn 0.95571702718734741 -0.057675138115882874 -0.28858029842376709
vn 0.95780909061431885 0.019333755597472191 -0.28675413131713867
vn 0.95355576276779175 0.09559214860200882 -0.2856457531452179
vn 0.94330745935440063 0.17165590822696686 -0.28408673405647278
vn 0.92683553695678711 0.24763423204421997 -0.28222894668579102
vn 0.90400934219360352 0.32290038466453552 -0.28018280863761902
vn 0.87500786781311035 0.39630866050720215 -0.27803000807762146
vn 0.84001165628433228 0.46723973751068115 -0.27580329775810242
vn 0.79928368330001831 0.53510546684265137 -0.27351009845733643
vn 0.75303488969802856 0.5995180606842041 -0.27113932371139526
vn 0.70136922597885132 0.66078203916549683 -0.26729810237884521
vn 0.64266204833984375 0.72066015005111694 -0.26006618142127991
vn 0.57633984088897705 0.77841019630432129 -0.24881716072559357
vn 0.50184816122055054 0.83295542001724243 -0.2330959290266037
vn 0.41889426112174988 0.88276100158691406 -0.21274538338184357
vn 0.32744321227073669 0.92597967386245728 -0.18799613416194916
vn 0.22799891233444214 0.96048933267593384 -0.15961450338363647
vn 0.12178739905357361 0.98413604497909546 -0.1290118396282196
vn -0.078700639307498932 0.99318015575408936 -0.086019665002822876
vn -0.18655876815319061 0.97537475824356079 -0.11764325201511383
vn -0.28861910104751587 0.94605618715286255 -0.14723029732704163
vn -0.38296791911125183 0.9073866605758667 -0.17316177487373352
vn -0.46898916363716125 0.86148953437805176 -0.19464048743247986
vn -0.54662883281707764 0.81024616956710815 -0.21141916513442993
vn -0.61619043350219727 0.75517219305038452 -0.2236611545085907
vn -0.67816215753555298 0.69739454984664917 -0.23181229829788208
vn -0.73296242952346802 0.63783794641494751 -0.23649291694164276
vn -0.78232693672180176 0.57487761974334717 -0.23975053429603577
vn -0.82637536525726318 0.50794965028762817 -0.24308612942695618
vn -0.86461091041564941 0.43782502412796021 -0.24648991227149963
vn -0.89679855108261108 0.36507585644721985 -0.24994403123855591
vn -0.92285126447677612 0.29004934430122375 -0.25341054797172546
vn -0.94261175394058228 0.21339929103851318 -0.25679540634155273
vn -0.95602518320083618 0.13579528033733368 -0.25995293259620667
vn -0.96317291259765625 0.057342074811458588 -0.26269727945327759
vn -0.96376156806945801 -0.020003367215394974 -0.26601409912109375
vn -0.95677864551544189 -0.10252977907657623 -0.27214378118515015
vn -0.93964689970016479 -0.19293355941772461 -0.28256040811538696
vn -0.9082074761390686 -0.29303064942359924 -0.29881799221038818
vn -0.85793912410736084 -0.40063872933387756 -0.32160395383834839
vn -0.7831045389175415 -0.51344954967498779 -0.35088014602661133
vn -0.67847436666488647 -0.62567645311355591 -0.384969562292099
vn -0.54409819841384888 -0.72652876377105713 -0.41965827345848083
vn -0.39487051963806152 -0.80237740278244019 -0.44751283526420593
vn -0.25609099864959717 -0.84772086143493652 -0.46452853083610535
vn -0.12480225414037704 -0.87177920341491699 -0.47373560070991516
vn 0.002150131156668067 -0.87912291288375854 -0.47659027576446533
vn 0.12919227778911591 -0.87123256921768188 -0.47356429696083069
vn 0.26012110710144043 -0.8466683030128479 -0.46420881152153015
vn 0.39778375625610352 -0.80112898349761963 -0.44716936349868774
vn 0.54393768310546875 -0.72655200958251953 -0.41982612013816833
vn 0.68078535795211792 -0.62348377704620361 -0.3844466507434845
vn 0.78653162717819214 -0.50892406702041626 -0.34980612993240356
vn 0.85978990793228149 -0.39715451002120972 -0.32098230719566345
vn 0.90830588340759277 -0.29261121153831482 -0.29892989993095398
vn 0.93902879953384399 -0.19520138204097748 -0.28305709362030029
vn 0.95638936758041382 -0.10502892732620239 -0.27255880832672119
vn 0.96366751194000244 -0.021160870790481567 -0.26626524329185486
vn 0.96312397718429565 0.057245522737503052 -0.26289761066436768
vn 0.95609539747238159 0.13482290506362915 -0.26020056009292603
vn 0.94286066293716431 0.21195197105407715 -0.25707995891571045
vn 0.92320197820663452 0.28867188096046448 -0.25370576977729797
vn 0.89704269170761108 0.36428654193878174 -0.25021925568580627
vn 0.86465293169021606 0.4376024603843689 -0.24673740565776825
vn 0.82628864049911499 0.50798302888870239 -0.24331116676330566
vn 0.78228557109832764 0.57484722137451172 -0.23995819687843323
vn 0.73291105031967163 0.63783228397369385 -0.23666715621948242
vn 0.67822074890136719 0.69729083776473999 -0.23195284605026245
vn 0.61644011735916138 0.75493401288986206 -0.22377713024616241
vn 0.54701334238052368 0.80996429920196533 -0.21150457859039307
vn 0.46941819787025452 0.861247718334198 -0.19467654824256897
vn 0.3834172785282135 0.90720057487487793 -0.17314255237579346
vn 0.28905054926872253 0.94593679904937744 -0.14715081453323364
vn 0.18692192435264587 0.975322425365448 -0.11750035732984543
vn 0.078379303216934204 0.99323743581771851 -0.08565124124288559
vn -0.034165464341640472 0.99855345487594604 -0.041518211364746094
vn -0.14399370551109314 0.9867851734161377 -0.074302539229393005
vn -0.2484448254108429 0.96292793750762939 -0.10509498417377472
vn -0.34546875953674316 0.92906838655471802 -0.13222414255142212
vn -0.43434232473373413 0.88733601570129395 -0.15485984086990356
vn -0.51492959260940552 0.83964866399765015 -0.17273581027984619
vn -0.58747678995132446 0.78757351636886597 -0.18600805103778839
vn -0.65243512392044067 0.73229449987411499 -0.19512361288070679
vn -0.71019554138183594 0.67478793859481812 -0.20070770382881165
vn -0.76264548301696777 0.61349719762802124 -0.20492205023765564
vn -0.80997532606124878 0.54781991243362427 -0.2093641608953476
vn -0.85161423683166504 0.47848549485206604 -0.21402071416378021
vn -0.88725376129150391 0.4060528576374054 -0.2188647985458374
vn -0.91674011945724487 0.33087822794914246 -0.22384633123874664
vn -0.93983662128448486 0.25364652276039124 -0.22884619235992432
vn -0.95641833543777466 0.17508329451084137 -0.23368735611438751
vn -0.96653294563293457 0.095360234379768372 -0.23816068470478058
vn -0.96985989809036255 0.016701145097613335 -0.24309015274047852
vn -0.96568882465362549 -0.0672793909907341 -0.25083565711975098
vn -0.95148473978042603 -0.15962079167366028 -0.26305517554283142
vn -0.92294591665267944 -0.26255151629447937 -0.28149154782295227
vn -0.87506657838821411 -0.37421941757202148 -0.30694997310638428
vn -0.80138427019119263 -0.49249327182769775 -0.33946079015731812
vn -0.69577336311340332 -0.61125367879867554 -0.37718477845191956
vn -0.55782163143157959 -0.71854954957962036 -0.41535714268684387
vn -0.40390291810035706 -0.79891753196716309 -0.44563797116279602
vn -0.26136744022369385 -0.84648054838180542 -0.46385097503662109
vn -0.12718459963798523 -0.87151414155960083 -0.473589688539505
vn 0.0021852727513760328 -0.87912285327911377 -0.47659024596214294
vn 0.13165441155433655 -0.8709484338760376 -0.47340890765190125
vn 0.26548945903778076 -0.84538406133651733 -0.46350961923599243
vn 0.4068981409072876 -0.79760515689849854 -0.44526383280754089
vn 0.55765122175216675 -0.71857959032058716 -0.41553398966789246
vn 0.69811946153640747 -0.60893517732620239 -0.37659949064254761
vn 0.80478912591934204 -0.48774206638336182 -0.33826348185539246
vn 0.87684601545333862 -0.3706081211566925 -0.30625271797180176
vn 0.92302525043487549 -0.26214385032653809 -0.28161147236824036
vn 0.95093250274658203 -0.16197006404399872 -0.26361545920372009
vn 0.96538197994232178 -0.069849684834480286 -0.25131377577781677
vn 0.96980845928192139 0.015506695955991745 -0.24337433278560638
vn 0.96649259328842163 0.095254331827163696 -0.23836663365364075
vn 0.95653295516967773 0.1741001158952713 -0.23395271599292755
vn 0.94015216827392578 0.25219631195068359 -0.22915254533290863
vn 0.91715645790100098 0.32951119542121887 -0.22415699064731598
vn 0.88753741979598999 0.40528318285942078 -0.21914112567901611
vn 0.85166925191879272 0.4782806932926178 -0.21425935626029968
vn 0.8098909854888916 0.54786193370819092 -0.20958030223846436
vn 0.76261460781097412 0.61346608400344849 -0.20512999594211578
vn 0.71016222238540649 0.67476761341094971 -0.2008935958147049
vn 0.65252655744552612 0.73216909170150757 -0.19528816640377045
vn 0.58777338266372681 0.78731733560562134 -0.1861555427312851
vn 0.51536577939987183 0.83935689926147461 -0.1728527694940567
vn 0.43481653928756714 0.88709336519241333 -0.15491916239261627
vn 0.34594804048538208 0.92889171838760376 -0.13221244513988495
vn 0.24888193607330322 0.96282541751861572 -0.10500007122755051
vn 0.1443311870098114 0.98674994707107544 -0.074115246534347534
vn 0.033775553107261658 0.99858534336090088 -0.041067123413085938
vn 0.011065101251006126 0.9999319314956665 0.0037081185728311539
vn -0.10035675764083862 0.99449455738067627 -0.030151689425110817
vn -0.20687843859195709 0.97639507055282593 -0.062080767005681992
vn -0.3063068687915802 0.94763493537902832 -0.090355798602104187
vn -0.39780309796333313 0.91034668684005737 -0.11411206424236298
vn -0.48114266991615295 0.86648494005203247 -0.1330622136592865
vn -0.55650955438613892 0.81767004728317261 -0.14735281467437744
vn -0.62431508302688599 0.7651447057723999 -0.15743008255958557
vn -0.68492138385772705 0.70993822813034058 -0.16392205655574799
vn -0.74037480354309082 0.65057593584060669 -0.16910378634929657
vn -0.79095065593719482 0.58641839027404785 -0.17467255890369415
vn -0.83600765466690063 0.51814025640487671 -0.1806151419878006
vn -0.87516230344772339 0.44627347588539124 -0.18689820170402527
vn -0.90818768739700317 0.37117102742195129 -0.19346092641353607
vn -0.93475764989852905 0.29353800415992737 -0.20015901327133179
vn -0.95466303825378418 0.21414873003959656 -0.20678205788135529
vn -0.967903733253479 0.13323971629142761 -0.21309517323970795
vn -0.97410362958908081 0.053348571062088013 -0.21971815824508667
vn -0.97287589311599731 -0.031954497098922729 -0.22910995781421661
vn -0.9617689847946167 -0.12605617940425873 -0.24312609434127808
vn -0.93637895584106445 -0.23162071406841278 -0.26371639966964722
vn -0.8912319540977478 -0.34718611836433411 -0.29183453321456909
vn -0.81910961866378784 -0.47087821364402771 -0.32761728763580322
vn -0.71288281679153442 -0.59629988670349121 -0.36908602714538574
vn -0.57154518365859985 -0.71028339862823486 -0.41089361906051636
vn -0.41295653581619263 -0.79535603523254395 -0.44370678067207336
vn -0.26664835214614868 -0.84521204233169556 -0.46315795183181763
vn -0.12956465780735016 -0.87124425172805786 -0.47344112396240234
vn 0.0022203559055924416 -0.87912279367446899 -0.47659021615982056
vn 0.13411429524421692 -0.87065905332565308 -0.47325068712234497
vn 0.27086269855499268 -0.84407037496566772 -0.46279430389404297
vn 0.41603389382362366 -0.79397749900817871 -0.44330072402954102
vn 0.57136458158493042 -0.71032094955444336 -0.41107994318008423
vn 0.71525758504867554 -0.59385287761688232 -0.36843636631965637
vn 0.82247591018676758 -0.46590223908424377 -0.32629507780075073
vn 0.89292865991592407 -0.34345412254333496 -0.29106298089027405
vn 0.93643951416015625 -0.23122803866863251 -0.26384586095809937
vn 0.96128946542739868 -0.12848411500453949 -0.24375073611736298
vn 0.97265779972076416 -0.034592442214488983 -0.22965222597122192
vn 0.97409838438034058 0.052118569612503052 -0.22003631293773651
vn 0.9678729772567749 0.13312532007694244 -0.21330617368221283
vn 0.95482355356216431 0.21315744519233704 -0.20706488192081451
vn 0.93514114618301392 0.29208934307098389 -0.20048666000366211
vn 0.90866976976394653 0.3698192834854126 -0.19378587603569031
vn 0.8754839301109314 0.44552651047706604 -0.18717376887798309
vn 0.83607381582260132 0.51795405149459839 -0.18084299564361572
vn 0.79086786508560181 0.58646863698959351 -0.17487850785255432
vn 0.74035513401031494 0.65054422616958618 -0.16931179165840149
vn 0.68490904569625854 0.70990419387817383 -0.16412059962749481
vn 0.62444370985031128 0.76500052213668823 -0.15762053430080414
vn 0.55685716867446899 0.81740063428878784 -0.14753398299217224
vn 0.48163357377052307 0.86618906259536743 -0.13321264088153839
vn 0.39832404255867004 0.91010838747024536 -0.11419600248336792
vn 0.30681586265563965 0.94747054576873779 -0.090352438390254974
vn 0.20731993019580841 0.97630834579467773 -0.06197110190987587
vn 0.1006677970290184 0.99447005987167358 -0.029921507462859154
vn -0.011519369669258595 0.99992465972900391 0.0042376816272735596
vn 0.056444894522428513 0.99719697237014771 0.049113966524600983
vn -0.056141465902328491 0.99832034111022949 0.014303214848041534
vn -0.16436263918876648 0.98622345924377441 -0.018658962100744247
vn -0.26587721705436707 0.96281123161315918 -0.047998055815696716
vn -0.35972204804420471 0.93021416664123535 -0.072812691330909729
vn -0.44557702541351318 0.89042168855667114 -0.092791654169559479
vn -0.52355855703353882 0.84510797262191772 -0.10806918144226074
vn -0.59403479099273682 0.79557567834854126 -0.11908799409866333
vn -0.65733689069747925 0.74290776252746582 -0.1264762282371521
vn -0.71567511558532715 0.68572694063186646 -0.13261866569519043
vn -0.76942408084869385 0.62336051464080811 -0.13931356370449066
vn -0.81787782907485962 0.55641567707061768 -0.14655205607414246
vn -0.86057847738265991 0.48538321256637573 -0.15429793298244476
vn -0.89722228050231934 0.41059929132461548 -0.16248214244842529
vn -0.92738407850265503 0.33277571201324463 -0.17093606293201447
vn -0.95075750350952148 0.25272589921951294 -0.17941498756408691
vn -0.96727997064590454 0.17074699699878693 -0.18765626847743988
vn -0.97648286819458008 0.089730694890022278 -0.19603464007377625
vn -0.97831743955612183 0.0032573521602898836 -0.20708538591861725
vn -0.9704582691192627 -0.092404574155807495 -0.22287257015705109
vn -0.94844454526901245 -0.20037183165550232 -0.24556882679462433
vn -0.90636128187179565 -0.31963044404983521 -0.27630710601806641
vn -0.83621382713317871 -0.44864964485168457 -0.31537267565727234
vn -0.72976207733154297 -0.5808258056640625 -0.36067819595336914
vn -0.58525484800338745 -0.70172929763793945 -0.40626692771911621
vn -0.42202851176261902 -0.79169207811355591 -0.44171884655952454
vn -0.27193322777748108 -0.84391522407531738 -0.46244943141937256
vn -0.13194239139556885 -0.87096947431564331 -0.47328993678092957
vn 0.0022553806193172932 -0.87912267446517944 -0.47659018635749817
vn 0.13657189905643463 -0.8703644871711731 -0.47308963537216187
vn 0.27624025940895081 -0.84272724390029907 -0.46206283569335938
vn 0.4251880943775177 -0.79024511575698853 -0.44127961993217468
vn 0.585063636302948 -0.70177507400512695 -0.4064631462097168
vn 0.7321586012840271 -0.57824814319610596 -0.35996237397193909
vn 0.83952480554580688 -0.44345152378082275 -0.31392490863800049
vn 0.90796446800231934 -0.31578546762466431 -0.27546331286430359
vn 0.94848722219467163 -0.1999972015619278 -0.24570935964584351
vn 0.9700581431388855 -0.09490734338760376 -0.22356164455413818
vn 0.97819405794143677 0.00055623153457418084 -0.20769216120243073
vn 0.97652733325958252 0.088467150926589966 -0.19638732075691223
vn 0.96725970506668091 0.17062506079673767 -0.18787164986133575
vn 0.95096522569656372 0.25172948837280273 -0.17971475422382355
vn 0.92783617973327637 0.3313332200050354 -0.17128416895866394
vn 0.8977692723274231 0.40926757454872131 -0.16281998157501221
vn 0.86093598604202271 0.4846617579460144 -0.15457090735435486
vn 0.81795293092727661 0.55624842643737793 -0.14676743745803833
vn 0.76934194564819336 0.62341833114624023 -0.13950823247432709
vn 0.71566742658615112 0.68569475412368774 -0.13282644748687744
vn 0.65734821557998657 0.74286162853240967 -0.12668801844120026
vn 0.59420430660247803 0.79541653394699097 -0.11930546909570694
vn 0.52396053075790405 0.84483116865158081 -0.10828519612550735
vn 0.44612464308738708 0.89012819528579712 -0.092976383864879608
vn 0.36029022932052612 0.92998570203781128 -0.072921760380268097
vn 0.26641508936882019 0.96266227960586548 -0.048003450036048889
vn 0.16480736434459686 0.98615157604217529 -0.018535615876317024
vn 0.056426465511322021 0.99830037355422974 0.014573377557098866
vn -0.056956637650728226 0.99713808298110962 0.049714960157871246
vn 0.1014152467250824 0.99037998914718628 0.09414035826921463
vn -0.011867919936776161 0.99821454286575317 0.058539059013128281
vn -0.12137758731842041 0.99229955673217773 0.024679668247699738
vn -0.22462068498134613 0.97443008422851563 -0.0056132292374968529
vn -0.32050237059593201 0.94672715663909912 -0.031399238854646683
vn -0.40859982371330261 0.91121166944503784 -0.052339915186166763
vn -0.4889565110206604 0.86961019039154053 -0.068553701043128967
vn -0.56189316511154175 0.82328587770462036 -0.080476418137550354
vn -0.62770813703536987 0.77337503433227539 -0.088733240962028503
vn -0.68877750635147095 0.71861368417739868 -0.095812074840068817
vn -0.74558848142623901 0.65830278396606445 -0.10361118614673615
vn -0.7973787784576416 0.59297025203704834 -0.11213083565235138
vn -0.84361976385116577 0.52305185794830322 -0.12133624404668808
vn -0.88392901420593262 0.44885212182998657 -0.13115367293357849
vn -0.91777557134628296 0.37107446789741516 -0.1413922905921936
vn -0.94474345445632935 0.29055914282798767 -0.15177334845066071
vn -0.96469312906265259 0.20765712857246399 -0.16200515627861023
vn -0.97701948881149292 0.12564656138420105 -0.17217957973480225
vn -0.98201876878738403 0.038173053413629532 -0.18488366901874542
vn -0.97753477096557617 -0.05883030965924263 -0.2023976743221283
vn -0.95909881591796875 -0.16894236207008362 -0.22712983191013336
vn -0.9203912615776062 -0.29165077209472656 -0.26042228937149048
vn -0.85263359546661377 -0.42585909366607666 -0.3027539849281311
vn -0.74637019634246826 -0.56484520435333252 -0.35196793079376221
vn -0.59893608093261719 -0.6928868293762207 -0.40147659182548523
vn -0.43111592531204224 -0.787925124168396 -0.43967375159263611
vn -0.27722159028053284 -0.84258997440338135 -0.46172535419464111
vn -0.13431775569915771 -0.87068992853164673 -0.47313615679740906
vn 0.0022903471253812313 -0.87912261486053467 -0.47659015655517578
vn 0.13902716338634491 -0.87006473541259766 -0.47292578220367432
vn 0.28162166476249695 -0.8413546085357666 -0.46131518483161926
vn 0.43435764312744141 -0.786407470703125 -0.43920010328292847
vn 0.59873408079147339 -0.69294166564941406 -0.40168315172195435
vn 0.74878114461898804 -0.56213545799255371 -0.35118451714515686
vn 0.85587233304977417 -0.42044326663017273 -0.30118098855018616
vn 0.92189085483551025 -0.28770169615745544 -0.25950914621353149
vn 0.95912480354309082 -0.16858862340450287 -0.2272828221321106
vn 0.97722029685974121 -0.061403185129165649 -0.20315049588680267
vn 0.98199558258056641 0.035414129495620728 -0.18555453419685364
vn 0.97711682319641113 0.12435205280780792 -0.17256684601306915
vn 0.96468394994735718 0.2075287401676178 -0.16222414374351501
vn 0.94499915838241577 0.28956073522567749 -0.15208925306797028
vn 0.91829639673233032 0.36964291334152222 -0.14175967872142792
vn 0.88453966379165649 0.44754508137702942 -0.13150279223918915
vn 0.84401077032089233 0.522358238697052 -0.12160488218069077
vn 0.79746079444885254 0.59282183647155762 -0.11233231425285339
vn 0.7455061674118042 0.65836721658706665 -0.10379372537136078
vn 0.68878233432769775 0.71858137845993042 -0.09601929783821106
vn 0.62774544954299927 0.77331888675689697 -0.088958397507667542
vn 0.5621064305305481 0.82311630249023438 -0.080721192061901093
vn 0.48941484093666077 0.86933255195617676 -0.068804584443569183
vn 0.40920493006706238 0.91092747449874878 -0.05255865678191185
vn 0.32111722230911255 0.94651436805725098 -0.031533017754554749
vn 0.22518600523471832 0.97429955005645752 -0.0056273788213729858
vn 0.12182455509901047 0.99224138259887695 0.024815309792757034
vn 0.012128408066928387 0.99819344282150269 0.05884503573179245
vn -0.10197530686855316 0.99025923013687134 0.094803281128406525
vn 0.14543886482715607 0.97966057062149048 0.13824860751628876
vn 0.031947411596775055 0.9942665696144104 0.10204602777957916
vn -0.078414082527160645 0.99463629722595215 0.067452281713485718
vn -0.1830003559589386 0.98244094848632813 0.036340262740850449
vn -0.28057888150215149 0.95978206396102905 0.0096917003393173218
vn -0.37061774730682373 0.92870634794235229 -0.012124110944569111
vn -0.45308193564414978 0.89099031686782837 -0.02920587919652462
vn -0.52824091911315918 0.84805619716644287 -0.041978742927312851
vn -0.59635764360427856 0.80109316110610962 -0.051061395555734634
vn -0.6599729061126709 0.7489662766456604 -0.059035688638687134
vn -0.71969848871231079 0.69095885753631592 -0.067896552383899689
vn -0.77472603321075439 0.62751001119613647 -0.077658325433731079
vn -0.82446211576461792 0.55898714065551758 -0.088292643427848816
vn -0.86844712495803833 0.48564848303794861 -0.099725544452667236
vn -0.90603965520858765 0.40817233920097351 -0.11174748092889786
vn -0.93670392036437988 0.32741108536720276 -0.12404722720384598
vn -0.9602094292640686 0.24376049637794495 -0.13630369305610657
vn -0.97576534748077393 0.16090787947177887 -0.14829239249229431
vn -0.98401182889938354 0.072618566453456879 -0.1626262366771698
vn -0.98300397396087646 -0.025493359193205833 -0.18180553615093231
vn -0.96831631660461426 -0.13747067749500275 -0.20848330855369568
vn -0.93327057361602783 -0.26335045695304871 -0.24423883855342865
vn -0.86831045150756836 -0.40256378054618835 -0.28979194164276123
vn -0.76266652345657349 -0.54837536811828613 -0.34296387434005737
vn -0.61257404088973999 -0.68375641107559204 -0.3965226411819458
vn -0.44021570682525635 -0.78405457735061646 -0.4375711977481842
vn -0.28251296281814575 -0.84123635292053223 -0.46098572015762329
vn -0.13669072091579437 -0.87040555477142334 -0.47297975420951843
vn 0.002325255423784256 -0.87912255525588989 -0.47659012675285339
vn 0.14148007333278656 -0.86975985765457153 -0.47275912761688232
vn 0.28700634837150574 -0.83995229005813599 -0.46055132150650024
vn 0.44353944063186646 -0.78246390819549561 -0.43706181645393372
vn 0.61236095428466797 -0.68382120132446289 -0.39674001932144165
vn 0.76508420705795288 -0.54553252458572388 -0.34211170673370361
vn 0.87146008014678955 -0.39693650603294373 -0.28809505701065063
vn 0.93465739488601685 -0.25930720567703247 -0.24325990676879883
vn 0.96832722425460815 -0.13714040815830231 -0.20865003764629364
vn 0.98278093338012695 -0.028130766004323959 -0.18262079358100891
vn 0.98409366607666016 0.069807976484298706 -0.16336005926132202
vn 0.97591835260391235 0.15958547592163086 -0.1487138569355011
vn 0.96021187305450439 0.24362680315971375 -0.13652542233467102
vn 0.93700802326202393 0.32641395926475525 -0.12437821924686432
vn 0.90662860870361328 0.40675640106201172 -0.11213273555040359
vn 0.86911934614181519 0.48437047004699707 -0.10008423030376434
vn 0.82488369941711426 0.5583232045173645 -0.08855535089969635
vn 0.77481263875961304 0.6273798942565918 -0.077844813466072083
vn 0.71961522102355957 0.691028892993927 -0.068066366016864777
vn 0.65999078750610352 0.74893426895141602 -0.059241969138383865
vn 0.59642267227172852 0.80102956295013428 -0.051299594342708588
vn 0.52849984169006348 0.84788137674331665 -0.042250189930200577
vn 0.45359748601913452 0.89071863889694214 -0.02949054166674614
vn 0.37127968668937683 0.92843860387802124 -0.012375429272651672
vn 0.28123867511749268 0.95959049463272095 0.0095345145091414452
vn 0.18359111249446869 0.98233157396316528 0.036317773163318634
vn 0.078862465918064117 0.99459093809127808 0.067598596215248108
vn -0.03170892596244812 0.99423956871032715 0.10238265991210938
vn -0.14603643119335175 0.97947072982788086 0.13896213471889496
vn 0.18803094327449799 0.96535015106201172 0.1809515655040741
vn 0.074820943176746368 0.98669302463531494 0.14435616135597229
vn -0.035946369171142578 0.99336850643157959 0.10921012610197067
vn -0.14147624373435974 0.9869086742401123 0.077432036399841309
vn -0.24039454758167267 0.96938419342041016 0.050046853721141815
vn -0.33205509185791016 0.94286024570465088 0.027458295226097107
vn -0.41633951663970947 0.90915864706039429 0.0095914527773857117
vn -0.49346199631690979 0.86975830793380737 -0.0039640688337385654
vn -0.56364750862121582 0.82589983940124512 -0.013816808350384235
vn -0.62959742546081543 0.77659183740615845 -0.022631052881479263
vn -0.69205737113952637 0.72111082077026367 -0.032492846250534058
vn -0.75018513202667236 0.65979963541030884 -0.043435435742139816
vn -0.80333131551742554 0.59294605255126953 -0.055442281067371368
vn -0.85096281766891479 0.52074718475341797 -0.068444445729255676
vn -0.8923267126083374 0.44383916258811951 -0.082218319177627563
vn -0.92675930261611938 0.36306986212730408 -0.096423223614692688
vn -0.95392656326293945 0.27886831760406494 -0.11070947349071503
vn -0.97279936075210571 0.19534355401992798 -0.12450806051492691
vn -0.98435312509536743 0.1064329519867897 -0.14043118059635162
vn -0.98689377307891846 0.0074543110094964504 -0.1611989289522171
vn -0.97609055042266846 -0.10609310120344162 -0.18971423804759979
vn -0.94496071338653564 -0.23483598232269287 -0.22781850397586823
vn -0.88319140672683716 -0.37882617115974426 -0.27652060985565186
vn -0.77861106395721436 -0.53143662214279175 -0.33367642760276794
vn -0.62615346908569336 -0.67433935403823853 -0.39140555262565613
vn -0.44932478666305542 -0.78007984161376953 -0.43541088700294495
vn -0.28780683875083923 -0.83985424041748047 -0.46023046970367432
vn -0.13906124234199524 -0.87011641263961792 -0.47282072901725769
vn 0.0023601059801876545 -0.87912249565124512 -0.47659006714820862
vn 0.14393055438995361 -0.86944979429244995 -0.47258970141410828
vn 0.29239380359649658 -0.83852028846740723 -0.45977118611335754
vn 0.45273026823997498 -0.77841389179229736 -0.43486449122428894
vn 0.62592917680740356 -0.67441481351852417 -0.39163419604301453
vn 0.78102743625640869 -0.52846044301986694 -0.33275473117828369
vn 0.88623535633087158 -0.37299537658691406 -0.27470222115516663
vn 0.94622665643692017 -0.23070937395095825 -0.22677801549434662
vn 0.97608828544616699 -0.10578852891921997 -0.18989580869674683
vn 0.98676705360412598 0.0047586490400135517 -0.16207462549209595
vn 0.98454397916793823 0.10357747226953506 -0.14122612774372101
vn 0.97301054000854492 0.19399677217006683 -0.12496288120746613
vn 0.95394086837768555 0.27873051166534424 -0.11093305796384811
vn 0.92711162567138672 0.36207729578018188 -0.09676806628704071
vn 0.89298254251480103 0.44244340062141418 -0.082619763910770416
vn 0.85169392824172974 0.51950216293334961 -0.068810872733592987
vn 0.80378043651580811 0.59231305122375488 -0.055697690695524216
vn 0.75027436017990112 0.65968692302703857 -0.043606214225292206
vn 0.69197261333465576 0.72118508815765381 -0.032649602741003036
vn 0.62962865829467773 0.77656054496765137 -0.022835960611701012
vn 0.56374144554138184 0.82583153247833252 -0.014067255891859531
vn 0.4937673807144165 0.8695836067199707 -0.0042607258073985577
vn 0.41691175103187561 0.90889966487884521 0.0092751523479819298
vn 0.332771897315979 0.94261562824249268 0.027176858857274055
vn 0.24109652638435364 0.96921908855438232 0.049868348985910416
vn 0.14208988845348358 0.98682290315628052 0.077401995658874512
vn 0.03639548271894455 0.9933350682258606 0.10936534404754639
vn -0.074601233005523682 0.98665672540664673 0.14471764862537384
vn -0.1886543333530426 0.96508729457855225 0.18170331418514252
vn 0.22878351807594299 0.9478638768196106 0.22183813154697418
vn 0.11632663756608963 0.97581684589385986 0.18506646156311035
vn 0.0055922414176166058 0.98873680830001831 0.14956030249595642
vn -0.10048151761293411 0.98800241947174072 0.11728022992610931
vn -0.20037761330604553 0.97564089298248291 0.089295633137226105
vn -0.29333198070526123 0.95372641086578369 0.066047810018062592
vn -0.37913882732391357 0.92412036657333374 0.047489594668149948
vn -0.45795333385467529 0.88835495710372925 0.033229369670152664
vn -0.52996021509170532 0.84771937131881714 0.022672466933727264
vn -0.59801399707794189 0.80137884616851807 0.013085381127893925
vn -0.66300112009048462 0.74861490726470947 0.0022985599935054779
vn -0.72405844926834106 0.68966978788375854 -0.0097446739673614502
vn -0.78049129247665405 0.62474179267883301 -0.023045063018798828
vn -0.83170014619827271 0.55395418405532837 -0.037544421851634979
vn -0.87682235240936279 0.47788324952125549 -0.053010877221822739
vn -0.91506141424179077 0.39735475182533264 -0.069078646600246429
vn -0.94596892595291138 0.31281709671020508 -0.085371434688568115
vn -0.96822381019592285 0.22880338132381439 -0.10095375776290894
vn -0.98312085866928101 0.13947167992591858 -0.1184103786945343
vn -0.98925238847732544 0.03987189382314682 -0.14067681133747101
vn -0.98243308067321777 -0.074941053986549377 -0.17090676724910736
vn -0.95543676614761353 -0.20621493458747864 -0.21122495830059052
vn -0.89723008871078491 -0.35471287369728088 -0.26297697424888611
vn -0.79416477680206299 -0.51405233144760132 -0.3241179883480072
vn -0.63965892791748047 -0.66463756561279297 -0.38612616062164307
vn -0.45844000577926636 -0.77600061893463135 -0.43319255113601685
vn -0.2931026816368103 -0.83844363689422607 -0.45945960283279419
vn -0.14142930507659912 -0.86982244253158569 -0.47265914082527161
vn 0.0023948987945914268 -0.87912237644195557 -0.47659003734588623
vn 0.14637859165668488 -0.86913466453552246 -0.47241747379302979
vn 0.2977834939956665 -0.83705860376358032 -0.45897477865219116
vn 0.46192684769630432 -0.77425706386566162 -0.43260788917541504
vn 0.6394231915473938 -0.66472464799880981 -0.38636654615402222
vn 0.79657155275344849 -0.51094341278076172 -0.32312631607055664
vn 0.90015244483947754 -0.34868818521499634 -0.26104044914245605
vn 0.95657497644424438 -0.20201651751995087 -0.21012768149375916
vn 0.98241978883743286 -0.07466404139995575 -0.17110411822795868
vn 0.98922610282897949 0.037124801427125931 -0.14161038398742676
vn 0.98342382907867432 0.13657850027084351 -0.11926400661468506
vn 0.96849501132965088 0.22743602097034454 -0.10144072026014328
vn 0.94599515199661255 0.31267637014389038 -0.085595943033695221
vn 0.91546136140823364 0.39636990427970886 -0.069435924291610718
vn 0.87754315137863159 0.47651192545890808 -0.05342666432261467
vn 0.83248704671859741 0.55274558067321777 -0.037916764616966248
vn 0.78096485137939453 0.62414050102233887 -0.02329203300178051
vn 0.72414839267730713 0.68957310914993286 -0.0098994048312306404
vn 0.66291433572769165 0.74869215488433838 0.0021549118682742119
vn 0.59805864095687866 0.80134880542755127 0.012882310897111893
vn 0.53008365631103516 0.84764915704727173 0.022410959005355835
vn 0.4583050012588501 0.88818550109863281 0.032909698784351349
vn 0.37976586818695068 0.92388051748275757 0.047144677489995956
vn 0.29410046339035034 0.95351099967956543 0.065739549696445465
vn 0.20111814141273499 0.9755064845085144 0.089098520576953888
vn 0.10111512988805771 0.98794209957122803 0.11724372208118439
vn -0.0051429420709609985 0.98871463537216187 0.149722620844841
vn -0.1161220446228981 0.97576904296875 0.18544676899909973
vn -0.22942091524600983 0.94752746820449829 0.2226155549287796
f 59/59/59 2/2/2 1/1/1 58/58/58
f 60/60/60 3/3/3 2/2/2 59/59/59
f 61/61/61 4/4/4 3/3/3 60/60/60
f 62/62/62 5/5/5 4/4/4 61/61/61
f 63/63/63 6/6/6 5/5/5 62/62/62
f 64/64/64 7/7/7 6/6/6 63/63/63
f 65/65/65 8/8/8 7/7/7 64/64/64
f 66/66/66 9/9/9 8/8/8 65/65/65
f 67/67/67 10/10/10 9/9/9 66/66/66
f 68/68/68 11/11/11 10/10/10 67/67/67
f 69/69/69 12/12/12 11/11/11 68/68/68
f 70/70/70 13/13/13 12/12/12 69/69/69
f 71/71/71 14/14/14 13/13/13 70/70/70
f 72/72/72 15/15/15 14/14/14 71/71/71
f 73/73/73 16/16/16 15/15/15 72/72/72
f 74/74/74 17/17/17 16/16/16 73/73/73
f 75/75/75 18/18/18 17/17/17 74/74/74
f 76/76/76 19/19/19 18/18/18 75/75/75
f 77/77/77 20/20/20 19/19/19 76/76/76
f 78/78/78 21/21/21 20/20/20 77/77/77
f 79/79/79 22/22/22 21/21/21 78/78/78
f 80/80/80 23/23/23 22/22/22 79/79/79
f 81/81/81 24/24/24 23/23/23 80/80/80
f 82/82/82 25/25/25 24/24/24 81/81/81
f 83/83/83 26/26/26 25/25/25 82/82/82
f 84/84/84 27/27/27 26/26/26 83/83/83
f 85/85/85 28/28/28 27/27/27 84/84/84
f 86/86/86 29/29/29 28/28/28 85/85/85
f 87/87/87 30/30/30 29/29/29 86/86/86
f 88/88/88 31/31/31 30/30/30 87/87/87
f 89/89/89 32/32/32 31/31/31 88/88/88
f 90/90/90 33/33/33 32/32/32 89/89/89
f 91/91/91 34/34/34 33/33/33 90/90/90
f 92/92/92 35/35/35 34/34/34 91/91/91
f 93/93/93 36/36/36 35/35/35 92/92/92
f 94/94/94 37/37/37 36/36/36 93/93/93
f 95/95/95 38/38/38 37/37/37 94/94/94
f 96/96/96 39/39/39 38/38/38 95/95/95
f 97/97/97 40/40/40 39/39/39 96/96/96
f 98/98/98 41/41/41 40/40/40 97/97/97
f 99/99/99 42/42/42 41/41/41 98/98/98
f 100/100/100 43/43/43 42/42/42 99/99/99
f 101/101/101 44/44/44 43/43/43 100/100/100
f 102/102/102 45/45/45 44/44/44 101/101/101
f 103/103/103 46/46/46 45/45/45 102/102/102
f 104/104/104 47/47/47 46/46/46 103/103/103
f 105/105/105 48/48/48 47/47/47 104/104/104
f 106/106/106 49/49/49 48/48/48 105/105/105
f 107/107/107 50/50/50 49/49/49 106/106/106
f 108/108/108 51/51/51 50/50/50 107/107/107
f 109/109/109 52/52/52 51/51/51 108/108/108
f 110/110/110 53/53/53 52/52/52 109/109/109
f 111/111/111 54/54/54 53/53/53 110/110/110
f 112/112/112 55/55/55 54/54/54 111/111/111
f 113/113/113 56/56/56 55/55/55 112/112/112
f 114/114/114 57/57/57 56/56/56 113/113/113
f 116/116/116 59/59/59 58/58/58 115/115/115
f 117/117/117 60/60/60 59/59/59 116/116/116
f 118/118/118 61/61/61 60/60/60 117/117/117
f 119/119/119 62/62/62 61/61/61 118/118/118
f 120/120/120 63/63/63 62/62/62 119/119/119
f 121/121/121 64/64/64 63/63/63 120/120/120
f 122/122/122 65/65/65 64/64/64 121/121/121
f 123/123/123 66/66/66 65/65/65 122/122/122
f 124/124/124 67/67/67 66/66/66 123/123/123
f 125/125/125 68/68/68 67/67/67 124/124/124
f 126/126/126 69/69/69 68/68/68 125/125/125
f 127/127/127 70/70/70 69/69/69 126/126/126
f 128/128/128 71/71/71 70/70/70 127/127/127
f 129/129/129 72/72/72 71/71/71 128/128/128
f 130/130/130 73/73/73 72/72/72 129/129/129
f 131/131/131 74/74/74 73/73/73 130/130/130
f 132/132/132 75/75/75 74/74/74 131/131/131
f 133/133/133 76/76/76 75/75/75 132/132/132
f 134/134/134 77/77/77 76/76/76 133/133/133
f 135/135/135 78/78/78 77/77/77 134/134/134
f 136/136/136 79/79/79 78/78/78 135/135/135
f 137/137/137 80/80/80 79/79/79 136/136/136
f 138/138/138 81/81/81 80/80/80 137/137/137
f 139/139/139 82/82/82 81/81/81 138/138/138
f 140/140/140 83/83/83 82/82/82 139/139/139
f 141/141/141 84/84/84 83/83/83 140/140/140
f 142/142/142 85/85/85 84/84/84 141/141/141
f 143/143/143 86/86/86 85/85/85 142/142/142
f 144/144/144 87/87/87 86/86/86 143/143/143
f 145/145/145 88/88/88 87/87/87 144/144/144
f 146/146/146 89/89/89 88/88/88 145/145/145
f 147/147/147 90/90/90 89/89/89 146/146/146
f 148/148/148 91/91/91 90/90/90 147/147/147
f 149/149/149 92/92/92 91/91/91 148/148/148
f 150/150/150 93/93/93 92/92/92 149/149/149
f 151/151/151 94/94/94 93/93/93 150/150/150
f 152/152/152 95/95/95 94/94/94 151/151/151
f 153/153/153 96/96/96 95/95/95 152/152/152
f 154/154/154 97/97/97 96/96/96 153/153/153
f 155/155/155 98/98/98 97/97/97 154/154/154
f 156/156/156 99/99/99 98/98/98 155/155/155
f 157/157/157 100/100/100 99/99/99 156/156/156
f 158/158/158 101/101/101 100/100/100 157/157/157
f 159/159/159 102/102/102 101/101/101 158/158/158
f 160/160/160 103/103/103 102/102/102 159/159/159
f 161/161/161 104/104/104 103/103/103 160/160/160
f 162/162/162 105/105/105 104/104/104 161/161/161
f 163/163/163 106/106/106 105/105/105 162/162/162
f 164/164/164 107/107/107 106/106/106 163/163/163
f 165/165/165 108/108/108 107/107/107 164/164/164
f 166/166/166 109/109/109 108/108/108 165/165/165
f 167/167/167 110/110/110 109/109/109 166/166/166
f 168/168/168 111/111/111 110/110/110 167/167/167
f 169/169/169 112/112/112 111/111/111 168/168/168
f 170/170/170 113/113/113 112/112/112 169/169/169
f 171/171/171 114/114/114 113/113/113 170/170/170
f 173/173/173 116/116/116 115/115/115 172/172/172
f 174/174/174 117/117/117 116/116/116 173/173/173
f 175/175/175 118/118/118 117/117/117 174/174/174
f 176/176/176 119/119/119 118/118/118 175/175/175
f 177/177/177 120/120/120 119/119/119 176/176/176
f 178/178/178 121/121/121 120/120/120 177/177/177
f 179/179/179 122/122/122 121/121/121 178/178/178
f 180/180/180 123/123/123 122/122/122 179/179/179
f 181/181/181 124/124/124 123/123/123 180/180/180
f 182/182/182 125/125/125 124/124/124 181/181/181
f 183/183/183 126/126/126 125/125/125 182/182/182
f 184/184/184 127/127/127 126/126/126 183/183/183
f 185/185/185 128/128/128 127/127/127 184/184/184
f 186/186/186 129/129/129 128/128/128 185/185/185
f 187/187/187 130/130/130 129/129/129 186/186/186
f 188/188/188 131/131/131 130/130/130 187/187/187
f 189/189/189 132/132/132 131/131/131 188/188/188
f 190/190/190 133/133/133 132/132/132 189/189/189
f 191/191/191 134/134/134 133/133/133 190/190/190
f 192/192/192 135/135/135 134/134/134 191/191/191
f 193/193/193 136/136/136 135/135/135 192/192/192
f 194/194/194 137/137/137 136/136/136 193/193/193
f 195/195/195 138/138/138 137/137/137 194/194/194
f 196/196/196 139/139/139 138/138/138 195/195/195
f 197/197/197 140/140/140 139/139/139 196/196/196
f 198/198/198 141/141/141 140/140/140 197/197/197
f 199/199/199 142/142/142 141/141/141 198/198/198
f 200/200/200 143/143/143 142/142/142 199/199/199
f 201/201/201 144/144/144 143/143/143 200/200/200
f 202/202/202 145/145/145 144/144/144 201/201/201
f 203/203/203 146/146/146 145/145/145 202/202/202
f 204/204/204 147/147/147 146/146/146 203/203/203
f 205/205/205 148/148/148 147/147/147 204/204/204
f 206/206/206 149/149/149 148/148/148 205/205/205
f 207/207/207 150/150/150 149/149/149 206/206/206
f 208/208/208 151/151/151 150/150/150 207/207/207
f 209/209/209 152/152/152 151/151/151 208/208/208
f 210/210/210 153/153/153 152/152/152 209/209/209
f 211/211/211 154/154/154 153/153/153 210/210/210
f 212/212/212 155/155/155 154/154/154 211/211/211
f 213/213/213 156/156/156 155/155/155 212/212/212
f 214/214/214 157/157/157 156/156/156 213/213/213
f 215/215/215 158/158/158 157/157/157 214/214/214
f 216/216/216 159/159/159 158/158/158 215/215/215
f 217/217/217 160/160/160 159/159/159 216/216/216
f 218/218/218 161/161/161 160/160/160 217/217/217
f 219/219/219 162/162/162 161/161/161 218/218/218
f 220/220/220 163/163/163 162/162/162 219/219/219
f 221/221/221 164/164/164 163/163/163 220/220/220
f 222/222/222 165/165/165 164/164/164 221/221/221
f 223/223/223 166/166/166 165/165/165 222/222/222
f 224/224/224 167/167/167 166/166/166 223/223/223
f 225/225/225 168/168/168 167/167/167 224/224/224
f 226/226/226 169/169/169 168/168/168 225/225/225
f 227/227/227 170/170/170 169/169/169 226/226/226
f 228/228/228 171/171/171 170/170/170 227/227/227
f 230/230/230 173/173/173 172/172/172 229/229/229
f 231/231/231 174/174/174 173/173/173 230/230/230
f 232/232/232 175/175/175 174/174/174 231/231/231
f 233/233/233 176/176/176 175/175/175 232/232/232
f 234/234/234 177/177/177 176/176/176 233/233/233
f 235/235/235 178/178/178 177/177/177 234/234/234
f 236/236/236 179/179/179 178/178/178 235/235/235
f 237/237/237 180/180/180 179/179/179 236/236/236
f 238/238/238 181/181/181 180/180/180 237/237/237
f 239/239/239 182/182/182 181/181/181 238/238/238
f 240/240/240 183/183/183 182/182/182 239/239/239
f 241/241/241 184/184/184 183/183/183 240/240/240
f 242/242/242 185/185/185 184/184/184 241/241/241
f 243/243/243 186/186/186 185/185/185 242/242/242
f 244/244/244 187/187/187 186/186/186 243/243/243
f 245/245/245 188/188/188 187/187/187 244/244/244
f 246/246/246 189/189/189 188/188/188 245/245/245
f 247/247/247 190/190/190 189/189/189 246/246/246
f 248/248/248 191/191/191 190/190/190 247/247/247
f 249/249/249 192/192/192 191/191/191 248/248/248
f 250/250/250 193/193/193 192/192/192 249/249/249
f 251/251/251 194/194/194 193/193/193 250/250/250
f 252/252/252 195/195/195 194/194/194 251/251/251
f 253/253/253 196/196/196 195/195/195 252/252/252
f 254/254/254 197/197/197 196/196/196 253/253/253
f 255/255/255 198/198/198 197/197/197 254/254/254
f 256/256/256 199/199/199 198/198/198 255/255/255
f 257/257/257 200/200/200 199/199/199 256/256/256
f 258/258/258 201/201/201 200/200/200 257/257/257
f 259/259/259 202/202/202 201/201/201 258/258/258
f 260/260/260 203/203/203 202/202/202 259/259/259
f 261/261/261 204/204/204 203/203/203 260/260/260
f 262/262/262 205/205/205 204/204/204 261/261/261
f 263/263/263 206/206/206 205/205/205 262/262/262
f 264/264/264 207/207/207 206/206/206 263/263/263
f 265/265/265 208/208/208 207/207/207 264/264/264
f 266/266/266 209/209/209 208/208/208 265/265/265
f 267/267/267 210/210/210 209/209/209 266/266/266
f 268/268/268 211/211/211 210/210/210 267/267/267
f 269/269/269 212/212/212 211/211/211 268/268/268
f 270/270/270 213/213/213 212/212/212 269/269/269
f 271/271/271 214/214/214 213/213/213 270/270/270
f 272/272/272 215/215/215 214/214/214 271/271/271
f 273/273/273 216/216/216 215/215/215 272/272/272
f 274/274/274 217/217/217 216/216/216 273/273/273
f 275/275/275 218/218/218 217/217/217 274/274/274
f 276/276/276 219/219/219 218/218/218 275/275/275
f 277/277/277 220/220/220 219/219/219 276/276/276
f 278/278/278 221/221/221 220/220/220 277/277/277
f 279/279/279 222/222/222 221/221/221 278/278/278
f 280/280/280 223/223/223 222/222/222 279/279/279
f 281/281/281 224/224/224 223/223/223 280/280/280
f 282/282/282 225/225/225 224/224/224 281/281/281
f 283/283/283 226/226/226 225/225/225 282/282/282
f 284/284/284 227/227/227 226/226/226 283/283/283
f 285/285/285 228/228/228 227/227/227 284/284/284
f 287/287/287 230/230/230 229/229/229 286/286/286
f 288/288/288 231/231/231 230/230/230 287/287/287
f 289/289/289 232/232/232 231/231/231 288/288/288
f 290/290/290 233/233/233 232/232/232 289/289/289
f 291/291/291 234/234/234 233/233/233 290/290/290
f 292/292/292 235/235/235 234/234/234 291/291/291
f 293/293/293 236/236/236 235/235/235 292/292/292
f 294/294/294 237/237/237 236/236/236 293/293/293
f 295/295/295 238/238/238 237/237/237 294/294/294
f 296/296/296 239/239/239 238/238/238 295/295/295
f 297/297/297 240/240/240 239/239/239 296/296/296
f 298/298/298 241/241/241 240/240/240 297/297/297
f 299/299/299 242/242/242 241/241/241 298/298/298
f 300/300/300 243/243/243 242/242/242 299/299/299
f 301/301/301 244/244/244 243/243/243 300/300/300
f 302/302/302 245/245/245 244/244/244 301/301/301
f 303/303/303 246/246/246 245/245/245 302/302/302
f 304/304/304 247/247/247 246/246/246 303/303/303
f 305/305/305 248/248/248 247/247/247 304/304/304
f 306/306/306 249/249/249 248/248/248 305/305/305
f 307/307/307 250/250/250 249/249/249 306/306/306
f 308/308/308 251/251/251 250/250/250 307/307/307
f 309/309/309 252/252/252 251/251/251 308/308/308
f 310/310/310 253/253/253 252/252/252 309/309/309
f 311/311/311 254/254/254 253/253/253 310/310/310
f 312/312/312 255/255/255 254/254/254 311/311/311
f 313/313/313 256/256/256 255/255/255 312/312/312
f 314/314/314 257/257/257 256/256/256 313/313/313
f 315/315/315 258/258/258 257/257/257 314/314/314
f 316/316/316 259/259/259 258/258/258 315/315/315
f 317/317/317 260/260/260 259/259/259 316/316/316
f 318/318/318 261/261/261 260/260/260 317/317/317
f 319/319/319 262/262/262 261/261/261 318/318/318
f 320/320/320 263/263/263 262/262/262 319/319/319
f 321/321/321 264/264/264 263/263/263 320/320/320
f 322/322/322 265/265/265 264/264/264 321/321/321
f 323/323/323 266/266/266 265/265/265 322/322/322
f 324/324/324 267/267/267 266/266/266 323/323/323
f 325/325/325 268/268/268 267/267/267 324/324/324
f 326/326/326 269/269/269 268/268/268 325/325/325
f 327/327/327 270/270/270 269/269/269 326/326/326
f 328/328/328 271/271/271 270/270/270 327/327/327
f 329/329/329 272/272/272 271/271/271 328/328/328
f 330/330/330 273/273/273 272/272/272 329/329/329
f 331/331/331 274/274/274 273/273/273 330/330/330
f 332/332/332 275/275/275 274/274/274 331/331/331
f 333/333/333 276/276/276 275/275/275 332/332/332
f 334/334/334 277/277/277 276/276/276 333/333/333
f 335/335/335 278/278/278 277/277/277 334/334/334
f 336/336/336 279/279/279 278/278/278 335/335/335
f 337/337/337 280/280/280 279/279/279 336/336/336
f 338/338/338 281/281/281 280/280/280 337/337/337
f 339/339/339 282/282/282 281/281/281 338/338/338
f 340/340/340 283/283/283 282/282/282 339/339/339
f 341/341/341 284/284/284 283/283/283 340/340/340
f 342/342/342 285/285/285 284/284/284 341/341/341
f 344/344/344 287/287/287 286/286/286 343/343/343
f 345/345/345 288/288/288 287/287/287 344/344/344
f 346/346/346 289/289/289 288/288/288 345/345/345
f 347/347/347 290/290/290 289/289/289 346/346/346
f 348/348/348 291/291/291 290/290/290 347/347/347
f 349/349/349 292/292/292 291/291/291 348/348/348
f 350/350/350 293/293/293 292/292/292 349/349/349
f 351/351/351 294/294/294 293/293/293 350/350/350
f 352/352/352 295/295/295 294/294/294 351/351/351
f 353/353/353 296/296/296 295/295/295 352/352/352
f 354/354/354 297/297/297 296/296/296 353/353/353
f 355/355/355 298/298/298 297/297/297 354/354/354
f 356/356/356 299/299/299 298/298/298 355/355/355
f 357/357/357 300/300/300 299/299/299 356/356/356
f 358/358/358 301/301/301 300/300/300 357/357/357
f 359/359/359 302/302/302 301/301/301 358/358/358
f 360/360/360 303/303/303 302/302/302 359/359/359
f 361/361/361 304/304/304 303/303/303 360/360/360
f 362/362/362 305/305/305 304/304/304 361/361/361
f 363/363/363 306/306/306 305/305/305 362/362/362
f 364/364/364 307/307/307 306/306/306 363/363/363
f 365/365/365 308/308/308 307/307/307 364/364/364
f 366/366/366 309/309/309 308/308/308 365/365/365
f 367/367/367 310/310/310 309/309/309 366/366/366
f 368/368/368 311/311/311 310/310/310 367/367/367
f 369/369/369 312/312/312 311/311/311 368/368/368
f 370/370/370 313/313/313 312/312/312 369/369/369
f 371/371/371 314/314/314 313/313/313 370/370/370
f 372/372/372 315/315/315 314/314/314 371/371/371
f 373/373/373 316/316/316 315/315/315 372/372/372
f 374/374/374 317/317/317 316/316/316 373/373/373
f 375/375/375 318/318/318 317/317/317 374/374/374
f 376/376/376 319/319/319 318/318/318 375/375/375
f 377/377/377 320/320/320 319/319/319 376/376/376
f 378/378/378 321/321/321 320/320/320 377/377/377
f 379/379/379 322/322/322 321/321/321 378/378/378
f 380/380/380 323/323/323 322/322/322 379/379/379
f 381/381/381 324/324/324 323/323/323 380/380/380
f 382/382/382 325/325/325 324/324/324 381/381/381
f 383/383/383 326/326/326 325/325/325 382/382/382
f 384/384/384 327/327/327 326/326/326 383/383/383
f 385/385/385 328/328/328 327/327/327 384/384/384
f 386/386/386 329/329/329 328/328/328 385/385/385
f 387/387/387 330/330/330 329/329/329 386/386/386
f 388/388/388 331/331/331 330/330/330 387/387/387
f 389/389/389 332/332/332 331/331/331 388/388/388
f 390/390/390 333/333/333 332/332/332 389/389/389
f 391/391/391 334/334/334 333/333/333 390/390/390
f 392/392/392 335/335/335 334/334/334 391/391/391
f 393/393/393 336/336/336 335/335/335 392/392/392
f 394/394/394 337/337/337 336/336/336 393/393/393
f 395/395/395 338/338/338 337/337/337 394/394/394
f 396/396/396 339/339/339 338/338/338 395/395/395
f 397/397/397 340/340/340 339/339/339 396/396/396
f 398/398/398 341/341/341 340/340/340 397/397/397
f 399/399/399 342/342/342 341/341/341 398/398/398
f 401/401/401 344/344/344 343/343/343 400/400/400
f 402/402/402 345/345/345 344/344/344 401/401/401
f 403/403/403 346/346/346 345/345/345 402/402/402
f 404/404/404 347/347/347 346/346/346 403/403/403
f 405/405/405 348/348/348 347/347/347 404/404/404
f 406/406/406 349/349/349 348/348/348 405/405/405
f 407/407/407 350/350/350 349/349/349 406/406/406
f 408/408/408 351/351/351 350/350/350 407/407/407
f 409/409/409 352/352/352 351/351/351 408/408/408
f 410/410/410 353/353/353 352/352/352 409/409/409
f 411/411/411 354/354/354 353/353/353 410/410/410
f 412/412/412 355/355/355 354/354/354 411/411/411
f 413/413/413 356/356/356 355/355/355 412/412/412
f 414/414/414 357/357/357 356/356/356 413/413/413
f 415/415/415 358/358/358 357/357/357 414/414/414
f 416/416/416 359/359/359 358/358/358 415/415/415
f 417/417/417 360/360/360 359/359/359 416/416/416
f 418/418/418 361/361/361 360/360/360 417/417/417
f 419/419/419 362/362/362 361/361/361 418/418/418
f 420/420/420 363/363/363 362/362/362 419/419/419
f 421/421/421 364/364/364 363/363/363 420/420/420
f 422/422/422 365/365/365 364/364/364 421/421/421
f 423/423/423 366/366/366 365/365/365 422/422/422
f 424/424/424 367/367/367 366/366/366 423/423/423
f 425/425/425 368/368/368 367/367/367 424/424/424
f 426/426/426 369/369/369 368/368/368 425/425/425
f 427/427/427 370/370/370 369/369/369 426/426/426
f 428/428/428 371/371/371 370/370/370 427/427/427
f 429/429/429 372/372/372 371/371/371 428/428/428
f 430/430/430 373/373/373 372/372/372 429/429/429
f 431/431/431 374/374/374 373/373/373 430/430/430
f 432/432/432 375/375/375 374/374/374 431/431/431
f 433/433/433 376/376/376 375/375/375 432/432/432
f 434/434/434 377/377/377 376/376/376 433/433/433
f 435/435/435 378/378/378 377/377/377 434/434/434
f 436/436/436 379/379/379 378/378/378 435/435/435
f 437/437/437 380/380/380 379/379/379 436/436/436
f 438/438/438 381/381/381 380/380/380 437/437/437
f 439/439/439 382/382/382 381/381/381 438/438/438
f 440/440/440 383/383/383 382/382/382 439/439/439
f 441/441/441 384/384/384 383/383/383 440/440/440
f 442/442/442 385/385/385 384/384/384 441/441/441
f 443/443/443 386/386/386 385/385/385 442/442/442
f 444/444/444 387/387/387 386/386/386 443/443/443
f 445/445/445 388/388/388 387/387/387 444/444/444
f 446/446/446 389/389/389 388/388/388 445/445/445
f 447/447/447 390/390/390 389/389/389 446/446/446
f 448/448/448 391/391/391 390/390/390 447/447/447
f 449/449/449 392/392/392 391/391/391 448/448/448
f 450/450/450 393/393/393 392/392/392 449/449/449
f 451/451/451 394/394/394 393/393/393 450/450/450
f 452/452/452 395/395/395 394/394/394 451/451/451
f 453/453/453 396/396/396 395/395/395 452/452/452
f 454/454/454 397/397/397 396/396/396 453/453/453
f 455/455/455 398/398/398 397/397/397 454/454/454
f 456/456/456 399/399/399 398/398/398 455/455/455
f 458/458/458 401/401/401 400/400/400 457/457/457
f 459/459/459 402/402/402 401/401/401 458/458/458
f 460/460/460 403/403/403 402/402/402 459/459/459
f 461/461/461 404/404/404 403/403/403 460/460/460
f 462/462/462 405/405/405 404/404/404 461/461/461
f 463/463/463 406/406/406 405/405/405 462/462/462
f 464/464/464 407/407/407 406/406/406 463/463/463
f 465/465/465 408/408/408 407/407/407 464/464/464
f 466/466/466 409/409/409 408/408/408 465/465/465
f 467/467/467 410/410/410 409/409/409 466/466/466
f 468/468/468 411/411/411 410/410/410 467/467/467
f 469/469/469 412/412/412 411/411/411 468/468/468
f 470/470/470 413/413/413 412/412/412 469/469/469
f 471/471/471 414/414/414 413/413/413 470/470/470
f 472/472/472 415/415/415 414/414/414 471/471/471
f 473/473/473 416/416/416 415/415/415 472/472/472
f 474/474/474 417/417/417 416/416/416 473/473/473
f 475/475/475 418/418/418 417/417/417 474/474/474
f 476/476/476 419/419/419 418/418/418 475/475/475
f 477/477/477 420/420/420 419/419/419 476/476/476
f 478/478/478 421/421/421 420/420/420 477/477/477
f 479/479/479 422/422/422 421/421/421 478/478/478
f 480/480/480 423/423/423 422/422/422 479/479/479
f 481/481/481 424/424/424 423/423/423 480/480/480
f 482/482/482 425/425/425 424/424/424 481/481/481
f 483/483/483 426/426/426 425/425/425 482/482/482
f 484/484/484 427/427/427 426/426/426 483/483/483
f 485/485/485 428/428/428 427/427/427 484/484/484
f 486/486/486 429/429/429 428/428/428 485/485/485
f 487/487/487 430/430/430 429/429/429 486/486/486
f 488/488/488 431/431/431 430/430/430 487/487/487
f 489/489/489 432/432/432 431/431/431 488/488/488
f 490/490/490 433/433/433 432/432/432 489/489/489
f 491/491/491 434/434/434 433/433/433 490/490/490
f 492/492/492 435/435/435 434/434/434 491/491/491
f 493/493/493 436/436/436 435/435/435 492/492/492
f 494/494/494 437/437/437 436/436/436 493/493/493
f 495/495/495 438/438/438 437/437/437 494/494/494
f 496/496/496 439/439/439 438/438/438 495/495/495
f 497/497/497 440/440/440 439/439/439 496/496/496
f 498/498/498 441/441/441 440/440/440 497/497/497
f 499/499/499 442/442/442 441/441/441 498/498/498
f 500/500/500 443/443/443 442/442/442 499/499/499
f 501/501/501 444/444/444 443/443/443 500/500/500
f 502/502/502 445/445/445 444/444/444 501/501/501
f 503/503/503 446/446/446 445/445/445 502/502/502
f 504/504/504 447/447/447 446/446/446 503/503/503
f 505/505/505 448/448/448 447/447/447 504/504/504
f 506/506/506 449/449/449 448/448/448 505/505/505
f 507/507/507 450/450/450 449/449/449 506/506/506
f 508/508/508 451/451/451 450/450/450 507/507/507
f 509/509/509 452/452/452 451/451/451 508/508/508
f 510/510/510 453/453/453 452/452/452 509/509/509
f 511/511/511 454/454/454 453/453/453 510/510/510
f 512/512/512 455/455/455 454/454/454 511/511/511
f 513/513/513 456/456/456 455/455/455 512/512/512
f 515/515/515 458/458/458 457/457/457 514/514/514
f 516/516/516 459/459/459 458/458/458 515/515/515
f 517/517/517 460/460/460 459/459/459 516/516/516
f 518/518/518 461/461/461 460/460/460 517/517/517
f 519/519/519 462/462/462 461/461/461 518/518/518
f 520/520/520 463/463/463 462/462/462 519/519/519
f 521/521/521 464/464/464 463/463/463 520/520/520
f 522/522/522 465/465/465 464/464/464 521/521/521
f 523/523/523 466/466/466 465/465/465 522/522/522
f 524/524/524 467/467/467 466/466/466 523/523/523
f 525/525/525 468/468/468 467/467/467 524/524/524
f 526/526/526 469/469/469 468/468/468 525/525/525
f 527/527/527 470/470/470 469/469/469 526/526/526
f 528/528/528 471/471/471 470/470/470 527/527/527
f 529/529/529 472/472/472 471/471/471 528/528/528
f 530/530/530 473/473/473 472/472/472 529/529/529
f 531/531/531 474/474/474 473/473/473 530/530/530
f 532/532/532 475/475/475 474/474/474 531/531/531
f 533/533/533 476/476/476 475/475/475 532/532/532
f 534/534/534 477/477/477 476/476/476 533/533/533
f 535/535/535 478/478/478 477/477/477 534/534/534
f 536/536/536 479/479/479 478/478/478 535/535/535
f 537/537/537 480/480/480 479/479/479 536/536/536
f 538/538/538 481/481/481 480/480/480 537/537/537
f 539/539/539 482/482/482 481/481/481 538/538/538
f 540/540/540 483/483/483 482/482/482 539/539/539
f 541/541/541 484/484/484 483/483/483 540/540/540
f 542/542/542 485/485/485 484/484/484 541/541/541
f 543/543/543 486/486/486 485/485/485 542/542/542
f 544/544/544 487/487/487 486/486/486 543/543/543
f 545/545/545 488/488/488 487/487/487 544/544/544
f 546/546/546 489/489/489 488/488/488 545/545/545
f 547/547/547 490/490/490 489/489/489 546/546/546
f 548/548/548 491/491/491 490/490/490 547/547/547
f 549/549/549 492/492/492 491/491/491 548/548/548
f 550/550/550 493/493/493 492/492/492 549/549/549
f 551/551/551 494/494/494 493/493/493 550/550/550
f 552/552/552 495/495/495 494/494/494 551/551/551
f 553/553/553 496/496/496 495/495/495 552/552/552
f 554/554/554 497/497/497 496/496/496 553/553/553
f 555/555/555 498/498/498 497/497/497 554/554/554
f 556/556/556 499/499/499 498/498/498 555/555/555
f 557/557/557 500/500/500 499/499/499 556/556/556
f 558/558/558 501/501/501 500/500/500 557/557/557
f 559/559/559 502/502/502 501/501/501 558/558/558
f 560/560/560 503/503/503 502/502/502 559/559/559
f 561/561/561 504/504/504 503/503/503 560/560/560
f 562/562/562 505/505/505 504/504/504 561/561/561
f 563/563/563 506/506/506 505/505/505 562/562/562
f 564/564/564 507/507/507 506/506/506 563/563/563
f 565/565/565 508/508/508 507/507/507 564/564/564
f 566/566/566 509/509/509 508/508/508 565/565/565
f 567/567/567 510/510/510 509/509/509 566/566/566
f 568/568/568 511/511/511 510/510/510 567/567/567
f 569/569/569 512/512/512 511/511/511 568/568/568
f 570/570/570 513/513/513 512/512/512 569/569/569
