# Rhino

mtllib male-body-260316.mtl
g Male_virtual body shell_neopixel
o object_1
usemtl neopixel ring
v -0.125 -2.5 -39.209999084472656
v -0.72449290752410889 -2.5 -39.357761383056641
v -1.1866492033004761 -2.5 -39.767196655273438
v -1.4055944681167603 -2.5 -40.344509124755859
v -1.331170916557312 -2.5 -40.957439422607422
v -0.98042821884155273 -2.5 -41.465579986572266
v -0.43371722102165222 -2.5 -41.752513885498047
v 0.18371720612049103 -2.5 -41.752513885498047
v 0.73042821884155273 -2.5 -41.465579986572266
v 1.081170916557312 -2.5 -40.957439422607422
v 1.1555944681167603 -2.5 -40.344509124755859
v 0.93664920330047607 -2.5 -39.767196655273438
v 0.4744928777217865 -2.5 -39.357761383056641
vt 0.5 0.010045496746897697
vt 0.73406821489334106 0.067578054964542389
vt 0.91451418399810791 0.22699570655822754
vt 1 0.45177781581878662
vt 0.97094184160232544 0.6904294490814209
vt 0.83399653434753418 0.88827848434448242
vt 0.6205366849899292 1
vt 0.3794633150100708 1
vt 0.16600346565246582 0.88827848434448242
vt 0.029058182612061501 0.6904294490814209
vt 0 0.45177781581878662
vt 0.085485793650150299 0.22699570655822754
vt 0.26593178510665894 0.067578054964542389
vn 0 -1 0
vn 0 -1 0
vn 0 -1 0
vn 0 -1 0
vn 0 -1 0
vn 0 -1 0
vn 0 -1 0
vn 0 -1 0
vn 0 -1 0
vn 0 -1 0
vn 0 -1 0
vn 0 -1 0
vn 0 -1 0
f 12/12/12 8/8/8 11/11/11
f 12/12/12 7/7/7 8/8/8
f 10/10/10 11/11/11 9/9/9
f 8/8/8 9/9/9 11/11/11
f 7/7/7 12/12/12 13/13/13
f 13/13/13 2/2/2 3/3/3
f 7/7/7 13/13/13 3/3/3
f 6/6/6 7/7/7 3/3/3
f 6/6/6 4/4/4 5/5/5
f 6/6/6 3/3/3 4/4/4
f 1/1/1 2/2/2 13/13/13
g Male_virtual body shell_white
o object_2
usemtl Plastic White
v 5.875 -1.440000057220459 -30.75
v 5.875 -1.375 -30.75
v 5.875 -1.440000057220459 -37.75
v 5.875 -1.375 -37.75
v 5.875 -1.440000057220459 -37.75
v 5.875 -1.375 -37.75
v -6.125 -1.440000057220459 -37.75
v -6.125 -1.375 -37.75
v -6.125 -1.440000057220459 -37.75
v -6.125 -1.375 -37.75
v -6.125 -1.440000057220459 -30.75
v -6.125 -1.375 -30.75
v -6.125 -1.440000057220459 -30.75
v -6.125 -1.375 -30.75
v 5.875 -1.440000057220459 -30.75
v 5.875 -1.375 -30.75
v 5.875 -1.440000057220459 -30.75
v 5.875 -1.440000057220459 -37.75
v -6.125 -1.440000057220459 -37.75
v -6.125 -1.440000057220459 -30.75
v 5.875 -1.375 -30.75
v 5.875 -1.375 -37.75
v -6.125 -1.375 -37.75
v -6.125 -1.375 -30.75
vt 0 0
vt 0 0.50231045484542847
vt 0.18421052396297455 0
vt 0.18421052396297455 0.50231045484542847
vt 0.18421052396297455 0
vt 0.18421052396297455 0.50231045484542847
vt 0.5 0
vt 0.5 0.50231045484542847
vt 0.5 0
vt 0.5 0.50231045484542847
vt 0.68421053886413574 0
vt 0.68421053886413574 0.50231045484542847
vt 0.68421053886413574 0
vt 0.68421053886413574 0.50231045484542847
vt 1 0
vt 1 0.50231045484542847
vt 0 0.50231093168258667
vt 0 1
vt 0.31578946113586426 1
vt 0.31578946113586426 0.50231093168258667
vt 0.68421053886413574 1
vt 0.68421053886413574 0.50231093168258667
vt 1 0.50231093168258667
vt 1 1
vn 1 0 0
vn 1 0 0
vn 1 0 0
vn 1 0 0
vn 0 0 -1
vn 0 0 -1
vn 0 0 -1
vn 0 0 -1
vn -1 0 0
vn -1 0 0
vn -1 0 0
vn -1 0 0
vn 0 0 1
vn 0 0 1
vn 0 0 1
vn 0 0 1
vn 0 -1 0
vn 0 -1 0
vn 0 -1 0
vn 0 -1 0
vn 0 1 0
vn 0 1 0
vn 0 1 0
vn 0 1 0
f 14/14/14 16/16/16 17/17/17 15/15/15
f 18/18/18 20/20/20 21/21/21 19/19/19
f 22/22/22 24/24/24 25/25/25 23/23/23
f 26/26/26 28/28/28 29/29/29 27/27/27
f 32/32/32 31/31/31 30/30/30
f 30/30/30 33/33/33 32/32/32
f 36/36/36 34/34/34 35/35/35
f 34/34/34 36/36/36 37/37/37
g Male_virtual body shell_black
o object_3
usemtl Plastic Black
v -7.190000057220459 -2.75 -50.881000518798828
v -7.190000057220459 -1.2380000352859497 -50.881000518798828
v -7.190000057220459 -2.75 -29.625
v -7.190000057220459 -1.2380000352859497 -29.625
v -7.190000057220459 -2.75 -29.625
v -7.190000057220459 -1.2380000352859497 -29.625
v 6.940000057220459 -2.75 -29.625
v 6.940000057220459 -1.2380000352859497 -29.625
v 6.940000057220459 -2.75 -29.625
v 6.940000057220459 -1.2380000352859497 -29.625
v 6.940000057220459 -2.75 -50.881000518798828
v 6.940000057220459 -1.2380000352859497 -50.881000518798828
v 6.940000057220459 -2.75 -50.881000518798828
v 6.940000057220459 -1.2380000352859497 -50.881000518798828
v -7.190000057220459 -2.75 -50.881000518798828
v -7.190000057220459 -1.2380000352859497 -50.881000518798828
v -7.125 -2.75 -29.75
v -7.125 -1.2380000352859497 -29.75
v -7.125 -2.75 -50.75
v -7.125 -1.2380000352859497 -50.75
v -7.125 -2.75 -50.75
v -7.125 -1.2380000352859497 -50.75
v 6.875 -2.75 -50.75
v 6.875 -1.2380000352859497 -50.75
v 6.875 -2.75 -50.75
v 6.875 -1.2380000352859497 -50.75
v 6.875 -2.75 -29.75
v 6.875 -1.2380000352859497 -29.75
v 6.875 -2.75 -29.75
v 6.875 -1.2380000352859497 -29.75
v -7.125 -2.75 -29.75
v -7.125 -1.2380000352859497 -29.75
v -7.190000057220459 -2.75 -50.881000518798828
v -7.190000057220459 -2.75 -29.625
v 6.940000057220459 -2.75 -29.625
v 6.940000057220459 -2.75 -50.881000518798828
v -7.125 -2.75 -29.75
v -7.125 -2.75 -50.75
v 6.875 -2.75 -50.75
v 6.875 -2.75 -29.75
v -7.190000057220459 -1.2380000352859497 -50.881000518798828
v -7.190000057220459 -1.2380000352859497 -29.625
v 6.940000057220459 -1.2380000352859497 -29.625
v 6.940000057220459 -1.2380000352859497 -50.881000518798828
v -7.125 -1.2380000352859497 -29.75
v -7.125 -1.2380000352859497 -50.75
v 6.875 -1.2380000352859497 -50.75
v 6.875 -1.2380000352859497 -29.75
vt 0 0
vt 0 0.52539271116256714
vt 0.15099593997001648 0
vt 0.15099593997001648 0.52539271116256714
vt 0.15099593997001648 0
vt 0.15099593997001648 0.52539271116256714
vt 0.25137102603912354 0
vt 0.25137102603912354 0.52539271116256714
vt 0.25137102603912354 0
vt 0.25137102603912354 0.52539271116256714
vt 0.40236693620681763 0
vt 0.40236693620681763 0.52539271116256714
vt 0.40236693620681763 0
vt 0.40236693620681763 0.52539271116256714
vt 0.50274205207824707 0
vt 0.50274205207824707 0.52539271116256714
vt 0.50274205207824707 0
vt 0.50274205207824707 0.52539271116256714
vt 0.65191942453384399 0
vt 0.65191942453384399 0.52539271116256714
vt 0.65191942453384399 0
vt 0.65191942453384399 0.52539271116256714
vt 0.75137102603912354 0
vt 0.75137102603912354 0.52539271116256714
vt 0.75137102603912354 0
vt 0.75137102603912354 0.52539271116256714
vt 0.90054839849472046 0
vt 0.90054839849472046 0.52539271116256714
vt 0.90054839849472046 0
vt 0.90054839849472046 0.52539271116256714
vt 1 0
vt 1 0.52539271116256714
vt 0 1
vt 0.15099593997001648 1
vt 0.15099593997001648 0.52539324760437012
vt 0 0.52539324760437012
vt 0.1501079797744751 0.99781674146652222
vt 0.00093058281345292926 0.99781674146652222
vt 0.00093058281345292926 0.5275765061378479
vt 0.1501079797744751 0.5275765061378479
vt 0 0.52539324760437012
vt 0.15099593997001648 0.52539324760437012
vt 0.15099593997001648 1
vt 0 1
vt 0.1501079797744751 0.5275765061378479
vt 0.00093058281345292926 0.5275765061378479
vt 0.00093058281345292926 0.99781674146652222
vt 0.1501079797744751 0.99781674146652222
vn -1 0 0
vn -1 0 0
vn -1 0 0
vn -1 0 0
vn 0 0 1
vn 0 0 1
vn 0 0 1
vn 0 0 1
vn 1 0 0
vn 1 0 0
vn 1 0 0
vn 1 0 0
vn 0 0 -1
vn 0 0 -1
vn 0 0 -1
vn 0 0 -1
vn 1 0 0
vn 1 0 0
vn 1 0 0
vn 1 0 0
vn 0 0 1
vn 0 0 1
vn 0 0 1
vn 0 0 1
vn -1 0 0
vn -1 0 0
vn -1 0 0
vn -1 0 0
vn 0 0 -1
vn 0 0 -1
vn 0 0 -1
vn 0 0 -1
vn 0 -1 0
vn 0 -1 0
vn 0 -1 0
vn 0 -1 0
vn 0 -1 0
vn 0 -1 0
vn 0 -1 0
vn 0 -1 0
vn 0 1 0
vn 0 1 0
vn 0 1 0
vn 0 1 0
vn 0 1 0
vn 0 1 0
vn 0 1 0
vn 0 1 0
f 38/38/38 40/40/40 41/41/41 39/39/39
f 42/42/42 44/44/44 45/45/45 43/43/43
f 46/46/46 48/48/48 49/49/49 47/47/47
f 50/50/50 52/52/52 53/53/53 51/51/51
f 54/54/54 56/56/56 57/57/57 55/55/55
f 58/58/58 60/60/60 61/61/61 59/59/59
f 62/62/62 64/64/64 65/65/65 63/63/63
f 66/66/66 68/68/68 69/69/69 67/67/67
f 75/75/75 74/74/74 71/71/71
f 72/72/72 71/71/71 74/74/74
f 76/76/76 75/75/75 70/70/70
f 71/71/71 70/70/70 75/75/75
f 76/76/76 72/72/72 77/77/77
f 74/74/74 77/77/77 72/72/72
f 70/70/70 73/73/73 76/76/76
f 72/72/72 76/76/76 73/73/73
f 83/83/83 79/79/79 82/82/82
f 80/80/80 82/82/82 79/79/79
f 84/84/84 78/78/78 83/83/83
f 79/79/79 83/83/83 78/78/78
f 84/84/84 85/85/85 80/80/80
f 82/82/82 80/80/80 85/85/85
f 78/78/78 84/84/84 81/81/81
f 80/80/80 81/81/81 84/84/84
o object_4
usemtl Plastic Black
v -7.125 -1.309999942779541 -50.75
v -7.125 -1.375 -50.75
v 6.875 -1.309999942779541 -50.75
v 6.875 -1.375 -50.75
v 6.875 -1.309999942779541 -50.75
v 6.875 -1.375 -50.75
v 6.875 -1.309999942779541 -29.75
v 6.875 -1.375 -29.75
v 6.875 -1.309999942779541 -29.75
v 6.875 -1.375 -29.75
v -7.125 -1.309999942779541 -29.75
v -7.125 -1.375 -29.75
v -7.125 -1.309999942779541 -29.75
v -7.125 -1.375 -29.75
v -7.125 -1.309999942779541 -50.75
v -7.125 -1.375 -50.75
v -2.125 -1.309999942779541 -31.100000381469727
v -2.125 -1.375 -31.100000381469727
v -5.625 -1.309999942779541 -31.100000381469727
v -5.625 -1.375 -31.100000381469727
v -5.625 -1.309999942779541 -31.100000381469727
v -5.625 -1.375 -31.100000381469727
v -5.625 -1.309999942779541 -31
v -5.625 -1.375 -31
v -5.625 -1.309999942779541 -31
v -5.625 -1.375 -31
v -2.125 -1.309999942779541 -31
v -2.125 -1.375 -31
v -2.125 -1.309999942779541 -31
v -2.125 -1.375 -31
v -2.125 -1.309999942779541 -31.100000381469727
v -2.125 -1.375 -31.100000381469727
v -2.125 -1.309999942779541 -31.899999618530273
v -2.125 -1.375 -31.899999618530273
v -5.625 -1.309999942779541 -31.899999618530273
v -5.625 -1.375 -31.899999618530273
v -5.625 -1.309999942779541 -31.899999618530273
v -5.625 -1.375 -31.899999618530273
v -5.625 -1.309999942779541 -31.799999237060547
v -5.625 -1.375 -31.799999237060547
v -5.625 -1.309999942779541 -31.799999237060547
v -5.625 -1.375 -31.799999237060547
v -2.125 -1.309999942779541 -31.799999237060547
v -2.125 -1.375 -31.799999237060547
v -2.125 -1.309999942779541 -31.799999237060547
v -2.125 -1.375 -31.799999237060547
v -2.125 -1.309999942779541 -31.899999618530273
v -2.125 -1.375 -31.899999618530273
v -2.125 -1.309999942779541 -31.5
v -2.125 -1.375 -31.5
v -5.625 -1.309999942779541 -31.5
v -5.625 -1.375 -31.5
v -5.625 -1.309999942779541 -31.5
v -5.625 -1.375 -31.5
v -5.625 -1.309999942779541 -31.399999618530273
v -5.625 -1.375 -31.399999618530273
v -5.625 -1.309999942779541 -31.399999618530273
v -5.625 -1.375 -31.399999618530273
v -2.125 -1.309999942779541 -31.399999618530273
v -2.125 -1.375 -31.399999618530273
v -2.125 -1.309999942779541 -31.399999618530273
v -2.125 -1.375 -31.399999618530273
v -2.125 -1.309999942779541 -31.5
v -2.125 -1.375 -31.5
v 5.375 -1.309999942779541 -31
v 5.375 -1.375 -31
v 5.375 -1.309999942779541 -31.100000381469727
v 5.375 -1.375 -31.100000381469727
v 5.375 -1.309999942779541 -31.100000381469727
v 5.375 -1.375 -31.100000381469727
v 1.875 -1.309999942779541 -31.100000381469727
v 1.875 -1.375 -31.100000381469727
v 1.875 -1.309999942779541 -31.100000381469727
v 1.875 -1.375 -31.100000381469727
v 1.875 -1.309999942779541 -31
v 1.875 -1.375 -31
v 1.875 -1.309999942779541 -31
v 1.875 -1.375 -31
v 5.375 -1.309999942779541 -31
v 5.375 -1.375 -31
v 5.375 -1.309999942779541 -31.399999618530273
v 5.375 -1.375 -31.399999618530273
v 5.375 -1.309999942779541 -31.5
v 5.375 -1.375 -31.5
v 5.375 -1.309999942779541 -31.5
v 5.375 -1.375 -31.5
v 1.875 -1.309999942779541 -31.5
v 1.875 -1.375 -31.5
v 1.875 -1.309999942779541 -31.5
v 1.875 -1.375 -31.5
v 1.875 -1.309999942779541 -31.399999618530273
v 1.875 -1.375 -31.399999618530273
v 1.875 -1.309999942779541 -31.399999618530273
v 1.875 -1.375 -31.399999618530273
v 5.375 -1.309999942779541 -31.399999618530273
v 5.375 -1.375 -31.399999618530273
v 5.375 -1.309999942779541 -31.799999237060547
v 5.375 -1.375 -31.799999237060547
v 5.375 -1.309999942779541 -31.899999618530273
v 5.375 -1.375 -31.899999618530273
v 5.375 -1.309999942779541 -31.899999618530273
v 5.375 -1.375 -31.899999618530273
v 1.875 -1.309999942779541 -31.899999618530273
v 1.875 -1.375 -31.899999618530273
v 1.875 -1.309999942779541 -31.899999618530273
v 1.875 -1.375 -31.899999618530273
v 1.875 -1.309999942779541 -31.799999237060547
v 1.875 -1.375 -31.799999237060547
v 1.875 -1.309999942779541 -31.799999237060547
v 1.875 -1.375 -31.799999237060547
v 5.375 -1.309999942779541 -31.799999237060547
v 5.375 -1.375 -31.799999237060547
v -0.625 -1.309999942779541 -49.25
v -0.625 -1.375 -49.25
v -5.625 -1.309999942779541 -49.25
v -5.625 -1.375 -49.25
v -5.625 -1.309999942779541 -49.25
v -5.625 -1.375 -49.25
v -5.625 -1.309999942779541 -49.150001525878906
v -5.625 -1.375 -49.150001525878906
v -5.625 -1.309999942779541 -49.150001525878906
v -5.625 -1.375 -49.150001525878906
v -0.625 -1.309999942779541 -49.150001525878906
v -0.625 -1.375 -49.150001525878906
v -0.625 -1.309999942779541 -49.150001525878906
v -0.625 -1.375 -49.150001525878906
v -0.625 -1.309999942779541 -49.25
v -0.625 -1.375 -49.25
v -0.625 -1.309999942779541 -48.849998474121094
v -0.625 -1.375 -48.849998474121094
v -5.625 -1.309999942779541 -48.849998474121094
v -5.625 -1.375 -48.849998474121094
v -5.625 -1.309999942779541 -48.849998474121094
v -5.625 -1.375 -48.849998474121094
v -5.625 -1.309999942779541 -48.75
v -5.625 -1.375 -48.75
v -5.625 -1.309999942779541 -48.75
v -5.625 -1.375 -48.75
v -0.625 -1.309999942779541 -48.75
v -0.625 -1.375 -48.75
v -0.625 -1.309999942779541 -48.75
v -0.625 -1.375 -48.75
v -0.625 -1.309999942779541 -48.849998474121094
v -0.625 -1.375 -48.849998474121094
v 5.375 -1.309999942779541 -49.150001525878906
v 5.375 -1.375 -49.150001525878906
v 5.375 -1.309999942779541 -49.25
v 5.375 -1.375 -49.25
v 5.375 -1.309999942779541 -49.25
v 5.375 -1.375 -49.25
v 0.375 -1.309999942779541 -49.25
v 0.375 -1.375 -49.25
v 0.375 -1.309999942779541 -49.25
v 0.375 -1.375 -49.25
v 0.375 -1.309999942779541 -49.150001525878906
v 0.375 -1.375 -49.150001525878906
v 0.375 -1.309999942779541 -49.150001525878906
v 0.375 -1.375 -49.150001525878906
v 5.375 -1.309999942779541 -49.150001525878906
v 5.375 -1.375 -49.150001525878906
v 5.375 -1.309999942779541 -48.75
v 5.375 -1.375 -48.75
v 5.375 -1.309999942779541 -48.849998474121094
v 5.375 -1.375 -48.849998474121094
v 5.375 -1.309999942779541 -48.849998474121094
v 5.375 -1.375 -48.849998474121094
v 0.375 -1.309999942779541 -48.849998474121094
v 0.375 -1.375 -48.849998474121094
v 0.375 -1.309999942779541 -48.849998474121094
v 0.375 -1.375 -48.849998474121094
v 0.375 -1.309999942779541 -48.75
v 0.375 -1.375 -48.75
v 0.375 -1.309999942779541 -48.75
v 0.375 -1.375 -48.75
v 5.375 -1.309999942779541 -48.75
v 5.375 -1.375 -48.75
v -7.125 -1.309999942779541 -50.75
v 6.875 -1.309999942779541 -50.75
v 6.875 -1.309999942779541 -29.75
v -7.125 -1.309999942779541 -29.75
v -2.125 -1.309999942779541 -31.100000381469727
v -5.625 -1.309999942779541 -31.100000381469727
v -5.625 -1.309999942779541 -31
v -2.125 -1.309999942779541 -31
v -2.125 -1.309999942779541 -31.899999618530273
v -5.625 -1.309999942779541 -31.899999618530273
v -5.625 -1.309999942779541 -31.799999237060547
v -2.125 -1.309999942779541 -31.799999237060547
v -2.125 -1.309999942779541 -31.5
v -5.625 -1.309999942779541 -31.5
v -5.625 -1.309999942779541 -31.399999618530273
v -2.125 -1.309999942779541 -31.399999618530273
v 5.375 -1.309999942779541 -31
v 5.375 -1.309999942779541 -31.100000381469727
v 1.875 -1.309999942779541 -31.100000381469727
v 1.875 -1.309999942779541 -31
v 5.375 -1.309999942779541 -31.399999618530273
v 5.375 -1.309999942779541 -31.5
v 1.875 -1.309999942779541 -31.5
v 1.875 -1.309999942779541 -31.399999618530273
v 5.375 -1.309999942779541 -31.799999237060547
v 5.375 -1.309999942779541 -31.899999618530273
v 1.875 -1.309999942779541 -31.899999618530273
v 1.875 -1.309999942779541 -31.799999237060547
v -0.625 -1.309999942779541 -49.25
v -5.625 -1.309999942779541 -49.25
v -5.625 -1.309999942779541 -49.150001525878906
v -0.625 -1.309999942779541 -49.150001525878906
v -0.625 -1.309999942779541 -48.849998474121094
v -5.625 -1.309999942779541 -48.849998474121094
v -5.625 -1.309999942779541 -48.75
v -0.625 -1.309999942779541 -48.75
v 5.375 -1.309999942779541 -49.150001525878906
v 5.375 -1.309999942779541 -49.25
v 0.375 -1.309999942779541 -49.25
v 0.375 -1.309999942779541 -49.150001525878906
v 5.375 -1.309999942779541 -48.75
v 5.375 -1.309999942779541 -48.849998474121094
v 0.375 -1.309999942779541 -48.849998474121094
v 0.375 -1.309999942779541 -48.75
v -7.125 -1.375 -50.75
v 6.875 -1.375 -50.75
v 6.875 -1.375 -29.75
v -7.125 -1.375 -29.75
v -2.125 -1.375 -31.100000381469727
v -5.625 -1.375 -31.100000381469727
v -5.625 -1.375 -31
v -2.125 -1.375 -31
v -2.125 -1.375 -31.899999618530273
v -5.625 -1.375 -31.899999618530273
v -5.625 -1.375 -31.799999237060547
v -2.125 -1.375 -31.799999237060547
v -2.125 -1.375 -31.5
v -5.625 -1.375 -31.5
v -5.625 -1.375 -31.399999618530273
v -2.125 -1.375 -31.399999618530273
v 5.375 -1.375 -31
v 5.375 -1.375 -31.100000381469727
v 1.875 -1.375 -31.100000381469727
v 1.875 -1.375 -31
v 5.375 -1.375 -31.399999618530273
v 5.375 -1.375 -31.5
v 1.875 -1.375 -31.5
v 1.875 -1.375 -31.399999618530273
v 5.375 -1.375 -31.799999237060547
v 5.375 -1.375 -31.899999618530273
v 1.875 -1.375 -31.899999618530273
v 1.875 -1.375 -31.799999237060547
v -0.625 -1.375 -49.25
v -5.625 -1.375 -49.25
v -5.625 -1.375 -49.150001525878906
v -0.625 -1.375 -49.150001525878906
v -0.625 -1.375 -48.849998474121094
v -5.625 -1.375 -48.849998474121094
v -5.625 -1.375 -48.75
v -0.625 -1.375 -48.75
v 5.375 -1.375 -49.150001525878906
v 5.375 -1.375 -49.25
v 0.375 -1.375 -49.25
v 0.375 -1.375 -49.150001525878906
v 5.375 -1.375 -48.75
v 5.375 -1.375 -48.849998474121094
v 0.375 -1.375 -48.849998474121094
v 0.375 -1.375 -48.75
vt 0 0
vt 0 0.50115776062011719
vt 0.090909093618392944 0
vt 0.090909093618392944 0.50115776062011719
vt 0.090909093618392944 0
vt 0.090909093618392944 0.50115776062011719
vt 0.22727273404598236 0
vt 0.22727273404598236 0.50115776062011719
vt 0.22727273404598236 0
vt 0.22727273404598236 0.50115776062011719
vt 0.31818181276321411 0
vt 0.31818181276321411 0.50115776062011719
vt 0.31818181276321411 0
vt 0.31818181276321411 0.50115776062011719
vt 0.45454546809196472 0
vt 0.45454546809196472 0.50115776062011719
vt 0.45454546809196472 0
vt 0.45454546809196472 0.50115776062011719
vt 0.47727271914482117 0
vt 0.47727271914482117 0.50115776062011719
vt 0.47727271914482117 0
vt 0.47727271914482117 0.50115776062011719
vt 0.47792208194732666 0
vt 0.47792208194732666 0.50115776062011719
vt 0.47792208194732666 0
vt 0.47792208194732666 0.50115776062011719
vt 0.50064933300018311 0
vt 0.50064933300018311 0.50115776062011719
vt 0.50064933300018311 0
vt 0.50064933300018311 0.50115776062011719
vt 0.50129872560501099 0
vt 0.50129872560501099 0.50115776062011719
vt 0.50129872560501099 0
vt 0.50129872560501099 0.50115776062011719
vt 0.52402597665786743 0
vt 0.52402597665786743 0.50115776062011719
vt 0.52402597665786743 0
vt 0.52402597665786743 0.50115776062011719
vt 0.52467530965805054 0
vt 0.52467530965805054 0.50115776062011719
vt 0.52467530965805054 0
vt 0.52467530965805054 0.50115776062011719
vt 0.54740262031555176 0
vt 0.54740262031555176 0.50115776062011719
vt 0.54740262031555176 0
vt 0.54740262031555176 0.50115776062011719
vt 0.54805195331573486 0
vt 0.54805195331573486 0.50115776062011719
vt 0.54805195331573486 0
vt 0.54805195331573486 0.50115776062011719
vt 0.57077920436859131 0
vt 0.57077920436859131 0.50115776062011719
vt 0.57077920436859131 0
vt 0.57077920436859131 0.50115776062011719
vt 0.57142859697341919 0
vt 0.57142859697341919 0.50115776062011719
vt 0.57142859697341919 0
vt 0.57142859697341919 0.50115776062011719
vt 0.59415584802627563 0
vt 0.59415584802627563 0.50115776062011719
vt 0.59415584802627563 0
vt 0.59415584802627563 0.50115776062011719
vt 0.59480518102645874 0
vt 0.59480518102645874 0.50115776062011719
vt 0.59480518102645874 0
vt 0.59480518102645874 0.50115776062011719
vt 0.59545457363128662 0
vt 0.59545457363128662 0.50115776062011719
vt 0.59545457363128662 0
vt 0.59545457363128662 0.50115776062011719
vt 0.61818182468414307 0
vt 0.61818182468414307 0.50115776062011719
vt 0.61818182468414307 0
vt 0.61818182468414307 0.50115776062011719
vt 0.61883115768432617 0
vt 0.61883115768432617 0.50115776062011719
vt 0.61883115768432617 0
vt 0.61883115768432617 0.50115776062011719
vt 0.64155846834182739 0
vt 0.64155846834182739 0.50115776062011719
vt 0.64155846834182739 0
vt 0.64155846834182739 0.50115776062011719
vt 0.6422078013420105 0
vt 0.6422078013420105 0.50115776062011719
vt 0.6422078013420105 0
vt 0.6422078013420105 0.50115776062011719
vt 0.66493505239486694 0
vt 0.66493505239486694 0.50115776062011719
vt 0.66493505239486694 0
vt 0.66493505239486694 0.50115776062011719
vt 0.66558444499969482 0
vt 0.66558444499969482 0.50115776062011719
vt 0.66558444499969482 0
vt 0.66558444499969482 0.50115776062011719
vt 0.68831169605255127 0
vt 0.68831169605255127 0.50115776062011719
vt 0.68831169605255127 0
vt 0.68831169605255127 0.50115776062011719
vt 0.68896102905273438 0
vt 0.68896102905273438 0.50115776062011719
vt 0.68896102905273438 0
vt 0.68896102905273438 0.50115776062011719
vt 0.7116883397102356 0
vt 0.7116883397102356 0.50115776062011719
vt 0.7116883397102356 0
vt 0.7116883397102356 0.50115776062011719
vt 0.7123376727104187 0
vt 0.7123376727104187 0.50115776062011719
vt 0.7123376727104187 0
vt 0.7123376727104187 0.50115776062011719
vt 0.73506492376327515 0
vt 0.73506492376327515 0.50115776062011719
vt 0.73506492376327515 0
vt 0.73506492376327515 0.50115776062011719
vt 0.76753246784210205 0
vt 0.76753246784210205 0.50115776062011719
vt 0.76753246784210205 0
vt 0.76753246784210205 0.50115776062011719
vt 0.76818180084228516 0
vt 0.76818180084228516 0.50115776062011719
vt 0.76818180084228516 0
vt 0.76818180084228516 0.50115776062011719
vt 0.80064934492111206 0
vt 0.80064934492111206 0.50115776062011719
vt 0.80064934492111206 0
vt 0.80064934492111206 0.50115776062011719
vt 0.80129867792129517 0
vt 0.80129867792129517 0.50115776062011719
vt 0.80129867792129517 0
vt 0.80129867792129517 0.50115776062011719
vt 0.83376622200012207 0
vt 0.83376622200012207 0.50115776062011719
vt 0.83376622200012207 0
vt 0.83376622200012207 0.50115776062011719
vt 0.83441555500030518 0
vt 0.83441555500030518 0.50115776062011719
vt 0.83441555500030518 0
vt 0.83441555500030518 0.50115776062011719
vt 0.86688309907913208 0
vt 0.86688309907913208 0.50115776062011719
vt 0.86688309907913208 0
vt 0.86688309907913208 0.50115776062011719
vt 0.86753249168395996 0
vt 0.86753249168395996 0.50115776062011719
vt 0.86753249168395996 0
vt 0.86753249168395996 0.50115776062011719
vt 0.86818182468414307 0
vt 0.86818182468414307 0.50115776062011719
vt 0.86818182468414307 0
vt 0.86818182468414307 0.50115776062011719
vt 0.90064936876296997 0
vt 0.90064936876296997 0.50115776062011719
vt 0.90064936876296997 0
vt 0.90064936876296997 0.50115776062011719
vt 0.90129870176315308 0
vt 0.90129870176315308 0.50115776062011719
vt 0.90129870176315308 0
vt 0.90129870176315308 0.50115776062011719
vt 0.93376624584197998 0
vt 0.93376624584197998 0.50115776062011719
vt 0.93376624584197998 0
vt 0.93376624584197998 0.50115776062011719
vt 0.93441557884216309 0
vt 0.93441557884216309 0.50115776062011719
vt 0.93441557884216309 0
vt 0.93441557884216309 0.50115776062011719
vt 0.96688312292098999 0
vt 0.96688312292098999 0.50115776062011719
vt 0.96688312292098999 0
vt 0.96688312292098999 0.50115776062011719
vt 0.9675324559211731 0
vt 0.9675324559211731 0.50115776062011719
vt 0.9675324559211731 0
vt 0.9675324559211731 0.50115776062011719
vt 1 0
vt 1 0.50115776062011719
vt 0 0.50115829706192017
vt 0 1
vt 0.13636364042758942 1
vt 0.13636364042758942 0.50115829706192017
vt 0.12759740650653839 0.67931604385375977
vt 0.12759740650653839 0.55460560321807861
vt 0.12824675440788269 0.55460560321807861
vt 0.12824675440788269 0.67931604385375977
vt 0.12240260094404221 0.67931604385375977
vt 0.12240260094404221 0.55460560321807861
vt 0.12305194884538651 0.55460560321807861
vt 0.12305194884538651 0.67931604385375977
vt 0.125 0.67931604385375977
vt 0.125 0.55460560321807861
vt 0.1256493479013443 0.55460560321807861
vt 0.1256493479013443 0.67931604385375977
vt 0.12824675440788269 0.94655269384384155
vt 0.12759740650653839 0.94655269384384155
vt 0.12759740650653839 0.8218422532081604
vt 0.12824675440788269 0.8218422532081604
vt 0.1256493479013443 0.94655269384384155
vt 0.125 0.94655269384384155
vt 0.125 0.8218422532081604
vt 0.1256493479013443 0.8218422532081604
vt 0.12305194884538651 0.94655269384384155
vt 0.12240260094404221 0.94655269384384155
vt 0.12240260094404221 0.8218422532081604
vt 0.12305194884538651 0.8218422532081604
vt 0.0097402594983577728 0.73276335000991821
vt 0.0097402594983577728 0.55460560321807861
vt 0.010389610193669796 0.55460560321807861
vt 0.010389610193669796 0.73276335000991821
vt 0.012337662279605865 0.73276335000991821
vt 0.012337662279605865 0.55460560321807861
vt 0.012987012974917889 0.55460560321807861
vt 0.012987012974917889 0.73276335000991821
vt 0.010389610193669796 0.94655269384384155
vt 0.0097402594983577728 0.94655269384384155
vt 0.0097402594983577728 0.76839488744735718
vt 0.010389610193669796 0.76839488744735718
vt 0.012987012974917889 0.94655269384384155
vt 0.012337662279605865 0.94655269384384155
vt 0.012337662279605865 0.76839488744735718
vt 0.012987012974917889 0.76839488744735718
vt 0 1
vt 0 0.50115829706192017
vt 0.13636364042758942 0.50115829706192017
vt 0.13636364042758942 1
vt 0.12759740650653839 0.8218422532081604
vt 0.12759740650653839 0.94655269384384155
vt 0.12824675440788269 0.94655269384384155
vt 0.12824675440788269 0.8218422532081604
vt 0.12240260094404221 0.8218422532081604
vt 0.12240260094404221 0.94655269384384155
vt 0.12305194884538651 0.94655269384384155
vt 0.12305194884538651 0.8218422532081604
vt 0.125 0.8218422532081604
vt 0.125 0.94655269384384155
vt 0.1256493479013443 0.94655269384384155
vt 0.1256493479013443 0.8218422532081604
vt 0.12824675440788269 0.55460560321807861
vt 0.12759740650653839 0.55460560321807861
vt 0.12759740650653839 0.67931604385375977
vt 0.12824675440788269 0.67931604385375977
vt 0.1256493479013443 0.55460560321807861
vt 0.125 0.55460560321807861
vt 0.125 0.67931604385375977
vt 0.1256493479013443 0.67931604385375977
vt 0.12305194884538651 0.55460560321807861
vt 0.12240260094404221 0.55460560321807861
vt 0.12240260094404221 0.67931604385375977
vt 0.12305194884538651 0.67931604385375977
vt 0.0097402594983577728 0.76839488744735718
vt 0.0097402594983577728 0.94655269384384155
vt 0.010389610193669796 0.94655269384384155
vt 0.010389610193669796 0.76839488744735718
vt 0.012337662279605865 0.76839488744735718
vt 0.012337662279605865 0.94655269384384155
vt 0.012987012974917889 0.94655269384384155
vt 0.012987012974917889 0.76839488744735718
vt 0.010389610193669796 0.55460560321807861
vt 0.0097402594983577728 0.55460560321807861
vt 0.0097402594983577728 0.73276335000991821
vt 0.010389610193669796 0.73276335000991821
vt 0.012987012974917889 0.55460560321807861
vt 0.012337662279605865 0.55460560321807861
vt 0.012337662279605865 0.73276335000991821
vt 0.012987012974917889 0.73276335000991821
vn 0 0 -1
vn 0 0 -1
vn 0 0 -1
vn 0 0 -1
vn 1 0 0
vn 1 0 0
vn 1 0 0
vn 1 0 0
vn 0 0 1
vn 0 0 1
vn 0 0 1
vn 0 0 1
vn -1 0 0
vn -1 0 0
vn -1 0 0
vn -1 0 0
vn 0 0 1
vn 0 0 1
vn 0 0 1
vn 0 0 1
vn 1 0 0
vn 1 0 0
vn 1 0 0
vn 1 0 0
vn 0 0 -1
vn 0 0 -1
vn 0 0 -1
vn 0 0 -1
vn -1 0 0
vn -1 0 0
vn -1 0 0
vn -1 0 0
vn 0 0 1
vn 0 0 1
vn 0 0 1
vn 0 0 1
vn 1 0 0
vn 1 0 0
vn 1 0 0
vn 1 0 0
vn 0 0 -1
vn 0 0 -1
vn 0 0 -1
vn 0 0 -1
vn -1 0 0
vn -1 0 0
vn -1 0 0
vn -1 0 0
vn 0 0 1
vn 0 0 1
vn 0 0 1
vn 0 0 1
vn 1 0 0
vn 1 0 0
vn 1 0 0
vn 1 0 0
vn 0 0 -1
vn 0 0 -1
vn 0 0 -1
vn 0 0 -1
vn -1 0 0
vn -1 0 0
vn -1 0 0
vn -1 0 0
vn -1 0 0
vn -1 0 0
vn -1 0 0
vn -1 0 0
vn 0 0 1
vn 0 0 1
vn 0 0 1
vn 0 0 1
vn 1 0 0
vn 1 0 0
vn 1 0 0
vn 1 0 0
vn 0 0 -1
vn 0 0 -1
vn 0 0 -1
vn 0 0 -1
vn -1 0 0
vn -1 0 0
vn -1 0 0
vn -1 0 0
vn 0 0 1
vn 0 0 1
vn 0 0 1
vn 0 0 1
vn 1 0 0
vn 1 0 0
vn 1 0 0
vn 1 0 0
vn 0 0 -1
vn 0 0 -1
vn 0 0 -1
vn 0 0 -1
vn -1 0 0
vn -1 0 0
vn -1 0 0
vn -1 0 0
vn 0 0 1
vn 0 0 1
vn 0 0 1
vn 0 0 1
vn 1 0 0
vn 1 0 0
vn 1 0 0
vn 1 0 0
vn 0 0 -1
vn 0 0 -1
vn 0 0 -1
vn 0 0 -1
vn 0 0 1
vn 0 0 1
vn 0 0 1
vn 0 0 1
vn 1 0 0
vn 1 0 0
vn 1 0 0
vn 1 0 0
vn 0 0 -1
vn 0 0 -1
vn 0 0 -1
vn 0 0 -1
vn -1 0 0
vn -1 0 0
vn -1 0 0
vn -1 0 0
vn 0 0 1
vn 0 0 1
vn 0 0 1
vn 0 0 1
vn 1 0 0
vn 1 0 0
vn 1 0 0
vn 1 0 0
vn 0 0 -1
vn 0 0 -1
vn 0 0 -1
vn 0 0 -1
vn -1 0 0
vn -1 0 0
vn -1 0 0
vn -1 0 0
vn -1 0 0
vn -1 0 0
vn -1 0 0
vn -1 0 0
vn 0 0 1
vn 0 0 1
vn 0 0 1
vn 0 0 1
vn 1 0 0
vn 1 0 0
vn 1 0 0
vn 1 0 0
vn 0 0 -1
vn 0 0 -1
vn 0 0 -1
vn 0 0 -1
vn -1 0 0
vn -1 0 0
vn -1 0 0
vn -1 0 0
vn 0 0 1
vn 0 0 1
vn 0 0 1
vn 0 0 1
vn 1 0 0
vn 1 0 0
vn 1 0 0
vn 1 0 0
vn 0 0 -1
vn 0 0 -1
vn 0 0 -1
vn 0 0 -1
vn 0 1 0
vn 0 1 0
vn 0 1 0
vn 0 1 0
vn 0 1 0
vn 0 1 0
vn 0 1 0
vn 0 1 0
vn 0 1 0
vn 0 1 0
vn 0 1 0
vn 0 1 0
vn 0 1 0
vn 0 1 0
vn 0 1 0
vn 0 1 0
vn 0 1 0
vn 0 1 0
vn 0 1 0
vn 0 1 0
vn 0 1 0
vn 0 1 0
vn 0 1 0
vn 0 1 0
vn 0 1 0
vn 0 1 0
vn 0 1 0
vn 0 1 0
vn 0 1 0
vn 0 1 0
vn 0 1 0
vn 0 1 0
vn 0 1 0
vn 0 1 0
vn 0 1 0
vn 0 1 0
vn 0 1 0
vn 0 1 0
vn 0 1 0
vn 0 1 0
vn 0 1 0
vn 0 1 0
vn 0 1 0
vn 0 1 0
vn 0 -1 0
vn 0 -1 0
vn 0 -1 0
vn 0 -1 0
vn 0 -1 0
vn 0 -1 0
vn 0 -1 0
vn 0 -1 0
vn 0 -1 0
vn 0 -1 0
vn 0 -1 0
vn 0 -1 0
vn 0 -1 0
vn 0 -1 0
vn 0 -1 0
vn 0 -1 0
vn 0 -1 0
vn 0 -1 0
vn 0 -1 0
vn 0 -1 0
vn 0 -1 0
vn 0 -1 0
vn 0 -1 0
vn 0 -1 0
vn 0 -1 0
vn 0 -1 0
vn 0 -1 0
vn 0 -1 0
vn 0 -1 0
vn 0 -1 0
vn 0 -1 0
vn 0 -1 0
vn 0 -1 0
vn 0 -1 0
vn 0 -1 0
vn 0 -1 0
vn 0 -1 0
vn 0 -1 0
vn 0 -1 0
vn 0 -1 0
vn 0 -1 0
vn 0 -1 0
vn 0 -1 0
vn 0 -1 0
f 86/86/86 88/88/88 89/89/89 87/87/87
f 90/90/90 92/92/92 93/93/93 91/91/91
f 94/94/94 96/96/96 97/97/97 95/95/95
f 98/98/98 100/100/100 101/101/101 99/99/99
f 102/102/102 104/104/104 105/105/105 103/103/103
f 106/106/106 108/108/108 109/109/109 107/107/107
f 110/110/110 112/112/112 113/113/113 111/111/111
f 114/114/114 116/116/116 117/117/117 115/115/115
f 118/118/118 120/120/120 121/121/121 119/119/119
f 122/122/122 124/124/124 125/125/125 123/123/123
f 126/126/126 128/128/128 129/129/129 127/127/127
f 130/130/130 132/132/132 133/133/133 131/131/131
f 134/134/134 136/136/136 137/137/137 135/135/135
f 138/138/138 140/140/140 141/141/141 139/139/139
f 142/142/142 144/144/144 145/145/145 143/143/143
f 146/146/146 148/148/148 149/149/149 147/147/147
f 150/150/150 152/152/152 153/153/153 151/151/151
f 154/154/154 156/156/156 157/157/157 155/155/155
f 158/158/158 160/160/160 161/161/161 159/159/159
f 162/162/162 164/164/164 165/165/165 163/163/163
f 166/166/166 168/168/168 169/169/169 167/167/167
f 170/170/170 172/172/172 173/173/173 171/171/171
f 174/174/174 176/176/176 177/177/177 175/175/175
f 178/178/178 180/180/180 181/181/181 179/179/179
f 182/182/182 184/184/184 185/185/185 183/183/183
f 186/186/186 188/188/188 189/189/189 187/187/187
f 190/190/190 192/192/192 193/193/193 191/191/191
f 194/194/194 196/196/196 197/197/197 195/195/195
f 198/198/198 200/200/200 201/201/201 199/199/199
f 202/202/202 204/204/204 205/205/205 203/203/203
f 206/206/206 208/208/208 209/209/209 207/207/207
f 210/210/210 212/212/212 213/213/213 211/211/211
f 214/214/214 216/216/216 217/217/217 215/215/215
f 218/218/218 220/220/220 221/221/221 219/219/219
f 222/222/222 224/224/224 225/225/225 223/223/223
f 226/226/226 228/228/228 229/229/229 227/227/227
f 230/230/230 232/232/232 233/233/233 231/231/231
f 234/234/234 236/236/236 237/237/237 235/235/235
f 238/238/238 240/240/240 241/241/241 239/239/239
f 242/242/242 244/244/244 245/245/245 243/243/243
f 246/246/246 248/248/248 249/249/249 247/247/247
f 250/250/250 252/252/252 253/253/253 251/251/251
f 254/254/254 256/256/256 257/257/257 255/255/255
f 258/258/258 260/260/260 261/261/261 259/259/259
f 279/279/279 278/278/278 264/264/264
f 281/281/281 264/264/264 278/278/278
f 264/264/264 282/282/282 279/279/279
f 280/280/280 279/279/279 282/282/282
f 264/264/264 283/283/283 282/282/282
f 286/286/286 283/283/283 264/264/264
f 280/280/280 282/282/282 285/285/285
f 280/280/280 285/285/285 266/266/266
f 285/285/285 284/284/284 277/277/277
f 289/289/289 284/284/284 286/286/286
f 284/284/284 283/283/283 286/286/286
f 289/289/289 288/288/288 273/273/273
f 274/274/274 284/284/284 289/289/289
f 281/281/281 265/265/265 264/264/264
f 287/287/287 286/286/286 264/264/264
f 263/263/263 302/302/302 287/287/287
f 288/288/288 287/287/287 302/302/302
f 298/298/298 303/303/303 263/263/263
f 302/302/302 263/263/263 303/303/303
f 304/304/304 303/303/303 298/298/298
f 299/299/299 298/298/298 263/263/263
f 264/264/264 263/263/263 287/287/287
f 288/288/288 305/305/305 270/270/270
f 297/297/297 305/305/305 304/304/304
f 298/298/298 301/301/301 304/304/304
f 293/293/293 301/301/301 300/300/300
f 263/263/263 300/300/300 299/299/299
f 301/301/301 294/294/294 304/304/304
f 288/288/288 302/302/302 305/305/305
f 290/290/290 300/300/300 263/263/263
f 269/269/269 281/281/281 280/280/280
f 266/266/266 285/285/285 277/277/277
f 274/274/274 289/289/289 273/273/273
f 275/275/275 274/274/274 273/273/273
f 273/273/273 288/288/288 270/270/270
f 277/277/277 267/267/267 266/266/266
f 277/277/277 284/284/284 274/274/274
f 267/267/267 265/265/265 268/268/268
f 269/269/269 268/268/268 265/265/265
f 276/276/276 265/265/265 267/267/267
f 265/265/265 276/276/276 275/275/275
f 265/265/265 275/275/275 272/272/272
f 273/273/273 272/272/272 275/275/275
f 272/272/272 271/271/271 265/265/265
f 277/277/277 276/276/276 267/267/267
f 265/265/265 281/281/281 269/269/269
f 270/270/270 305/305/305 297/297/297
f 301/301/301 293/293/293 294/294/294
f 294/294/294 293/293/293 295/295/295
f 300/300/300 290/290/290 293/293/293
f 297/297/297 296/296/296 270/270/270
f 304/304/304 294/294/294 297/297/297
f 270/270/270 296/296/296 271/271/271
f 262/262/262 271/271/271 296/296/296
f 262/262/262 296/296/296 295/295/295
f 291/291/291 262/262/262 292/292/292
f 295/295/295 292/292/292 262/262/262
f 290/290/290 262/262/262 291/291/291
f 262/262/262 265/265/265 271/271/271
f 293/293/293 292/292/292 295/295/295
f 263/263/263 262/262/262 290/290/290
f 269/269/269 280/280/280 266/266/266
f 323/323/323 308/308/308 322/322/322
f 325/325/325 322/322/322 308/308/308
f 308/308/308 323/323/323 326/326/326
f 324/324/324 326/326/326 323/323/323
f 308/308/308 326/326/326 327/327/327
f 330/330/330 308/308/308 327/327/327
f 324/324/324 329/329/329 326/326/326
f 324/324/324 310/310/310 329/329/329
f 329/329/329 321/321/321 328/328/328
f 333/333/333 330/330/330 328/328/328
f 328/328/328 330/330/330 327/327/327
f 333/333/333 317/317/317 332/332/332
f 318/318/318 333/333/333 328/328/328
f 325/325/325 308/308/308 309/309/309
f 331/331/331 308/308/308 330/330/330
f 307/307/307 331/331/331 346/346/346
f 332/332/332 346/346/346 331/331/331
f 342/342/342 307/307/307 347/347/347
f 346/346/346 347/347/347 307/307/307
f 348/348/348 342/342/342 347/347/347
f 343/343/343 307/307/307 342/342/342
f 308/308/308 331/331/331 307/307/307
f 332/332/332 314/314/314 349/349/349
f 341/341/341 348/348/348 349/349/349
f 342/342/342 348/348/348 345/345/345
f 337/337/337 344/344/344 345/345/345
f 307/307/307 343/343/343 344/344/344
f 345/345/345 348/348/348 338/338/338
f 332/332/332 349/349/349 346/346/346
f 334/334/334 307/307/307 344/344/344
f 313/313/313 324/324/324 325/325/325
f 310/310/310 321/321/321 329/329/329
f 318/318/318 317/317/317 333/333/333
f 319/319/319 317/317/317 318/318/318
f 317/317/317 314/314/314 332/332/332
f 321/321/321 310/310/310 311/311/311
f 321/321/321 318/318/318 328/328/328
f 311/311/311 312/312/312 309/309/309
f 313/313/313 309/309/309 312/312/312
f 320/320/320 311/311/311 309/309/309
f 309/309/309 319/319/319 320/320/320
f 309/309/309 316/316/316 319/319/319
f 317/317/317 319/319/319 316/316/316
f 316/316/316 309/309/309 315/315/315
f 321/321/321 311/311/311 320/320/320
f 309/309/309 313/313/313 325/325/325
f 314/314/314 341/341/341 349/349/349
f 345/345/345 338/338/338 337/337/337
f 338/338/338 339/339/339 337/337/337
f 344/344/344 337/337/337 334/334/334
f 341/341/341 314/314/314 340/340/340
f 348/348/348 341/341/341 338/338/338
f 314/314/314 315/315/315 340/340/340
f 306/306/306 340/340/340 315/315/315
f 306/306/306 339/339/339 340/340/340
f 335/335/335 336/336/336 306/306/306
f 339/339/339 306/306/306 336/336/336
f 334/334/334 335/335/335 306/306/306
f 306/306/306 315/315/315 309/309/309
f 337/337/337 339/339/339 336/336/336
f 307/307/307 334/334/334 306/306/306
f 313/313/313 310/310/310 324/324/324
o object_5
usemtl Plastic Black
v -7.125 -2.690000057220459 -29.75
v -7.125 -2.625 -29.75
v 6.875 -2.690000057220459 -29.75
v 6.875 -2.625 -29.75
v 6.875 -2.690000057220459 -29.75
v 6.875 -2.625 -29.75
v 6.875 -2.690000057220459 -50.75
v 6.875 -2.625 -50.75
v 6.875 -2.690000057220459 -50.75
v 6.875 -2.625 -50.75
v -7.125 -2.690000057220459 -50.75
v -7.125 -2.625 -50.75
v -7.125 -2.690000057220459 -50.75
v -7.125 -2.625 -50.75
v -7.125 -2.690000057220459 -29.75
v -7.125 -2.625 -29.75
v -2.125 -2.690000057220459 -36.75
v -2.125 -2.625 -36.75
v -2.125 -2.690000057220459 -31
v -2.125 -2.625 -31
v -2.125 -2.690000057220459 -31
v -2.125 -2.625 -31
v -5.625 -2.690000057220459 -31
v -5.625 -2.625 -31
v -5.625 -2.690000057220459 -31
v -5.625 -2.625 -31
v -5.625 -2.690000057220459 -36.75
v -5.625 -2.625 -36.75
v -5.625 -2.690000057220459 -36.75
v -5.625 -2.625 -36.75
v -2.125 -2.690000057220459 -36.75
v -2.125 -2.625 -36.75
v 1.375 -2.690000057220459 -33.75
v 1.375 -2.625 -33.75
v 1.2696824073791504 -2.690000057220459 -33.197856903076172
v 1.2696824073791504 -2.625 -33.197856903076172
v 0.93566018342971802 -2.690000057220459 -32.689338684082031
v 0.93566018342971802 -2.625 -32.689338684082031
v 0.42714205384254456 -2.690000057220459 -32.355316162109375
v 0.42714205384254456 -2.625 -32.355316162109375
v -0.125 -2.690000057220459 -32.25
v -0.125 -2.625 -32.25
v -0.67714208364486694 -2.690000057220459 -32.355316162109375
v -0.67714208364486694 -2.625 -32.355316162109375
v -1.1856601238250732 -2.690000057220459 -32.689338684082031
v -1.1856601238250732 -2.625 -32.689338684082031
v -1.5196824073791504 -2.690000057220459 -33.197856903076172
v -1.5196824073791504 -2.625 -33.197856903076172
v -1.625 -2.690000057220459 -33.75
v -1.625 -2.625 -33.75
v -1.5196824073791504 -2.690000057220459 -34.302143096923828
v -1.5196824073791504 -2.625 -34.302143096923828
v -1.1856601238250732 -2.690000057220459 -34.810661315917969
v -1.1856601238250732 -2.625 -34.810661315917969
v -0.67714208364486694 -2.690000057220459 -35.144683837890625
v -0.67714208364486694 -2.625 -35.144683837890625
v -0.125 -2.690000057220459 -35.25
v -0.125 -2.625 -35.25
v 0.42714205384254456 -2.690000057220459 -35.144683837890625
v 0.42714205384254456 -2.625 -35.144683837890625
v 0.93566018342971802 -2.690000057220459 -34.810661315917969
v 0.93566018342971802 -2.625 -34.810661315917969
v 1.2696824073791504 -2.690000057220459 -34.302143096923828
v 1.2696824073791504 -2.625 -34.302143096923828
v 1.375 -2.690000057220459 -33.75
v 1.375 -2.625 -33.75
v 5.375 -2.690000057220459 -31
v 5.375 -2.625 -31
v 1.875 -2.690000057220459 -31
v 1.875 -2.625 -31
v 1.875 -2.690000057220459 -31
v 1.875 -2.625 -31
v 1.875 -2.690000057220459 -36.75
v 1.875 -2.625 -36.75
v 1.875 -2.690000057220459 -36.75
v 1.875 -2.625 -36.75
v 5.375 -2.690000057220459 -36.75
v 5.375 -2.625 -36.75
v 5.375 -2.690000057220459 -36.75
v 5.375 -2.625 -36.75
v 5.375 -2.690000057220459 -31
v 5.375 -2.625 -31
v 2.375 -2.690000057220459 -40.5
v 2.375 -2.625 -40.5
v 2.1994707584381104 -2.690000057220459 -39.579761505126953
v 2.1994707584381104 -2.625 -39.579761505126953
v 1.9674887657165527 -2.690000057220459 -39.131977081298828
v 1.9674887657165527 -2.625 -39.131977081298828
v 1.6427669525146484 -2.690000057220459 -38.732231140136719
v 1.6427669525146484 -2.625 -38.732231140136719
v 1.2430243492126465 -2.690000057220459 -38.407512664794922
v 1.2430243492126465 -2.625 -38.407512664794922
v 0.79523676633834839 -2.690000057220459 -38.175529479980469
v 0.79523676633834839 -2.625 -38.175529479980469
v -0.125 -2.690000057220459 -38
v -0.125 -2.625 -38
v -1.0452368259429932 -2.690000057220459 -38.175529479980469
v -1.0452368259429932 -2.625 -38.175529479980469
v -1.4930243492126465 -2.690000057220459 -38.407512664794922
v -1.4930243492126465 -2.625 -38.407512664794922
v -1.8927669525146484 -2.690000057220459 -38.732231140136719
v -1.8927669525146484 -2.625 -38.732231140136719
v -2.2174887657165527 -2.690000057220459 -39.131977081298828
v -2.2174887657165527 -2.625 -39.131977081298828
v -2.4494707584381104 -2.690000057220459 -39.579761505126953
v -2.4494707584381104 -2.625 -39.579761505126953
v -2.625 -2.690000057220459 -40.5
v -2.625 -2.625 -40.5
v -2.4494707584381104 -2.690000057220459 -41.420238494873047
v -2.4494707584381104 -2.625 -41.420238494873047
v -2.2174887657165527 -2.690000057220459 -41.868022918701172
v -2.2174887657165527 -2.625 -41.868022918701172
v -1.8927669525146484 -2.690000057220459 -42.267768859863281
v -1.8927669525146484 -2.625 -42.267768859863281
v -1.4930243492126465 -2.690000057220459 -42.592487335205078
v -1.4930243492126465 -2.625 -42.592487335205078
v -1.0452368259429932 -2.690000057220459 -42.824470520019531
v -1.0452368259429932 -2.625 -42.824470520019531
v -0.125 -2.690000057220459 -43
v -0.125 -2.625 -43
v 0.79523676633834839 -2.690000057220459 -42.824470520019531
v 0.79523676633834839 -2.625 -42.824470520019531
v 1.2430243492126465 -2.690000057220459 -42.592487335205078
v 1.2430243492126465 -2.625 -42.592487335205078
v 1.6427669525146484 -2.690000057220459 -42.267768859863281
v 1.6427669525146484 -2.625 -42.267768859863281
v 1.9674887657165527 -2.690000057220459 -41.868022918701172
v 1.9674887657165527 -2.625 -41.868022918701172
v 2.1994707584381104 -2.690000057220459 -41.420238494873047
v 2.1994707584381104 -2.625 -41.420238494873047
v 2.375 -2.690000057220459 -40.5
v 2.375 -2.625 -40.5
v -0.625 -2.690000057220459 -49.25
v -0.625 -2.625 -49.25
v -0.625 -2.690000057220459 -44.25
v -0.625 -2.625 -44.25
v -0.625 -2.690000057220459 -44.25
v -0.625 -2.625 -44.25
v -5.625 -2.690000057220459 -44.25
v -5.625 -2.625 -44.25
v -5.625 -2.690000057220459 -44.25
v -5.625 -2.625 -44.25
v -5.625 -2.690000057220459 -49.25
v -5.625 -2.625 -49.25
v -5.625 -2.690000057220459 -49.25
v -5.625 -2.625 -49.25
v -0.625 -2.690000057220459 -49.25
v -0.625 -2.625 -49.25
v 5.375 -2.690000057220459 -44.25
v 5.375 -2.625 -44.25
v 0.375 -2.690000057220459 -44.25
v 0.375 -2.625 -44.25
v 0.375 -2.690000057220459 -44.25
v 0.375 -2.625 -44.25
v 0.375 -2.690000057220459 -49.25
v 0.375 -2.625 -49.25
v 0.375 -2.690000057220459 -49.25
v 0.375 -2.625 -49.25
v 5.375 -2.690000057220459 -49.25
v 5.375 -2.625 -49.25
v 5.375 -2.690000057220459 -49.25
v 5.375 -2.625 -49.25
v 5.375 -2.690000057220459 -44.25
v 5.375 -2.625 -44.25
v -7.125 -2.690000057220459 -29.75
v 6.875 -2.690000057220459 -29.75
v 6.875 -2.690000057220459 -50.75
v -7.125 -2.690000057220459 -50.75
v -2.125 -2.690000057220459 -36.75
v -2.125 -2.690000057220459 -31
v -5.625 -2.690000057220459 -31
v -5.625 -2.690000057220459 -36.75
v 1.375 -2.690000057220459 -33.75
v 1.2696824073791504 -2.690000057220459 -33.197856903076172
v 0.93566018342971802 -2.690000057220459 -32.689338684082031
v 0.42714205384254456 -2.690000057220459 -32.355316162109375
v -0.125 -2.690000057220459 -32.25
v -0.67714208364486694 -2.690000057220459 -32.355316162109375
v -1.1856601238250732 -2.690000057220459 -32.689338684082031
v -1.5196824073791504 -2.690000057220459 -33.197856903076172
v -1.625 -2.690000057220459 -33.75
v -1.5196824073791504 -2.690000057220459 -34.302143096923828
v -1.1856601238250732 -2.690000057220459 -34.810661315917969
v -0.67714208364486694 -2.690000057220459 -35.144683837890625
v -0.125 -2.690000057220459 -35.25
v 0.42714205384254456 -2.690000057220459 -35.144683837890625
v 0.93566018342971802 -2.690000057220459 -34.810661315917969
v 1.2696824073791504 -2.690000057220459 -34.302143096923828
v 5.375 -2.690000057220459 -31
v 1.875 -2.690000057220459 -31
v 1.875 -2.690000057220459 -36.75
v 5.375 -2.690000057220459 -36.75
v 2.375 -2.690000057220459 -40.5
v 2.1994707584381104 -2.690000057220459 -39.579761505126953
v 1.9674887657165527 -2.690000057220459 -39.131977081298828
v 1.6427669525146484 -2.690000057220459 -38.732231140136719
v 1.2430243492126465 -2.690000057220459 -38.407512664794922
v 0.79523676633834839 -2.690000057220459 -38.175529479980469
v -0.125 -2.690000057220459 -38
v -1.0452368259429932 -2.690000057220459 -38.175529479980469
v -1.4930243492126465 -2.690000057220459 -38.407512664794922
v -1.8927669525146484 -2.690000057220459 -38.732231140136719
v -2.2174887657165527 -2.690000057220459 -39.131977081298828
v -2.4494707584381104 -2.690000057220459 -39.579761505126953
v -2.625 -2.690000057220459 -40.5
v -2.4494707584381104 -2.690000057220459 -41.420238494873047
v -2.2174887657165527 -2.690000057220459 -41.868022918701172
v -1.8927669525146484 -2.690000057220459 -42.267768859863281
v -1.4930243492126465 -2.690000057220459 -42.592487335205078
v -1.0452368259429932 -2.690000057220459 -42.824470520019531
v -0.125 -2.690000057220459 -43
v 0.79523676633834839 -2.690000057220459 -42.824470520019531
v 1.2430243492126465 -2.690000057220459 -42.592487335205078
v 1.6427669525146484 -2.690000057220459 -42.267768859863281
v 1.9674887657165527 -2.690000057220459 -41.868022918701172
v 2.1994707584381104 -2.690000057220459 -41.420238494873047
v -0.625 -2.690000057220459 -49.25
v -0.625 -2.690000057220459 -44.25
v -5.625 -2.690000057220459 -44.25
v -5.625 -2.690000057220459 -49.25
v 5.375 -2.690000057220459 -44.25
v 0.375 -2.690000057220459 -44.25
v 0.375 -2.690000057220459 -49.25
v 5.375 -2.690000057220459 -49.25
v -7.125 -2.625 -29.75
v 6.875 -2.625 -29.75
v 6.875 -2.625 -50.75
v -7.125 -2.625 -50.75
v -2.125 -2.625 -36.75
v -2.125 -2.625 -31
v -5.625 -2.625 -31
v -5.625 -2.625 -36.75
v 1.375 -2.625 -33.75
v 1.2696824073791504 -2.625 -33.197856903076172
v 0.93566018342971802 -2.625 -32.689338684082031
v 0.42714205384254456 -2.625 -32.355316162109375
v -0.125 -2.625 -32.25
v -0.67714208364486694 -2.625 -32.355316162109375
v -1.1856601238250732 -2.625 -32.689338684082031
v -1.5196824073791504 -2.625 -33.197856903076172
v -1.625 -2.625 -33.75
v -1.5196824073791504 -2.625 -34.302143096923828
v -1.1856601238250732 -2.625 -34.810661315917969
v -0.67714208364486694 -2.625 -35.144683837890625
v -0.125 -2.625 -35.25
v 0.42714205384254456 -2.625 -35.144683837890625
v 0.93566018342971802 -2.625 -34.810661315917969
v 1.2696824073791504 -2.625 -34.302143096923828
v 5.375 -2.625 -31
v 1.875 -2.625 -31
v 1.875 -2.625 -36.75
v 5.375 -2.625 -36.75
v 2.375 -2.625 -40.5
v 2.1994707584381104 -2.625 -39.579761505126953
v 1.9674887657165527 -2.625 -39.131977081298828
v 1.6427669525146484 -2.625 -38.732231140136719
v 1.2430243492126465 -2.625 -38.407512664794922
v 0.79523676633834839 -2.625 -38.175529479980469
v -0.125 -2.625 -38
v -1.0452368259429932 -2.625 -38.175529479980469
v -1.4930243492126465 -2.625 -38.407512664794922
v -1.8927669525146484 -2.625 -38.732231140136719
v -2.2174887657165527 -2.625 -39.131977081298828
v -2.4494707584381104 -2.625 -39.579761505126953
v -2.625 -2.625 -40.5
v -2.4494707584381104 -2.625 -41.420238494873047
v -2.2174887657165527 -2.625 -41.868022918701172
v -1.8927669525146484 -2.625 -42.267768859863281
v -1.4930243492126465 -2.625 -42.592487335205078
v -1.0452368259429932 -2.625 -42.824470520019531
v -0.125 -2.625 -43
v 0.79523676633834839 -2.625 -42.824470520019531
v 1.2430243492126465 -2.625 -42.592487335205078
v 1.6427669525146484 -2.625 -42.267768859863281
v 1.9674887657165527 -2.625 -41.868022918701172
v 2.1994707584381104 -2.625 -41.420238494873047
v -0.625 -2.625 -49.25
v -0.625 -2.625 -44.25
v -5.625 -2.625 -44.25
v -5.625 -2.625 -49.25
v 5.375 -2.625 -44.25
v 0.375 -2.625 -44.25
v 0.375 -2.625 -49.25
v 5.375 -2.625 -49.25
vt 0 0
vt 0 0.50115776062011719
vt 0.081332579255104065 0
vt 0.081332579255104065 0.50115776062011719
vt 0.081332579255104065 0
vt 0.081332579255104065 0.50115776062011719
vt 0.20333145558834076 0
vt 0.20333145558834076 0.50115776062011719
vt 0.20333145558834076 0
vt 0.20333145558834076 0.50115776062011719
vt 0.28466403484344482 0
vt 0.28466403484344482 0.50115776062011719
vt 0.28466403484344482 0
vt 0.28466403484344482 0.50115776062011719
vt 0.40666291117668152 0
vt 0.40666291117668152 0.50115776062011719
vt 0.40666291117668152 0
vt 0.40666291117668152 0.50115776062011719
vt 0.4400673508644104 0
vt 0.4400673508644104 0.50115776062011719
vt 0.4400673508644104 0
vt 0.4400673508644104 0.50115776062011719
vt 0.46040049195289612 0
vt 0.46040049195289612 0.50115776062011719
vt 0.46040049195289612 0
vt 0.46040049195289612 0.50115776062011719
vt 0.49380496144294739 0
vt 0.49380496144294739 0.50115776062011719
vt 0.49380496144294739 0
vt 0.49380496144294739 0.50115776062011719
vt 0.51413810253143311 0
vt 0.51413810253143311 0.50115776062011719
vt 0.51413810253143311 0
vt 0.51413810253143311 0.50115776062011719
vt 0.51756018400192261 0
vt 0.51756018400192261 0.50115776062011719
vt 0.52098220586776733 0
vt 0.52098220586776733 0.50115776062011719
vt 0.52440428733825684 0
vt 0.52440428733825684 0.50115776062011719
vt 0.52782630920410156 0
vt 0.52782630920410156 0.50115776062011719
vt 0.53124839067459106 0
vt 0.53124839067459106 0.50115776062011719
vt 0.53467047214508057 0
vt 0.53467047214508057 0.50115776062011719
vt 0.53809249401092529 0
vt 0.53809249401092529 0.50115776062011719
vt 0.54151457548141479 0
vt 0.54151457548141479 0.50115776062011719
vt 0.5449366569519043 0
vt 0.5449366569519043 0.50115776062011719
vt 0.54835867881774902 0
vt 0.54835867881774902 0.50115776062011719
vt 0.55178076028823853 0
vt 0.55178076028823853 0.50115776062011719
vt 0.55520284175872803 0
vt 0.55520284175872803 0.50115776062011719
vt 0.55862486362457275 0
vt 0.55862486362457275 0.50115776062011719
vt 0.56204694509506226 0
vt 0.56204694509506226 0.50115776062011719
vt 0.56546902656555176 0
vt 0.56546902656555176 0.50115776062011719
vt 0.56889104843139648 0
vt 0.56889104843139648 0.50115776062011719
vt 0.56889104843139648 0
vt 0.56889104843139648 0.50115776062011719
vt 0.58922421932220459 0
vt 0.58922421932220459 0.50115776062011719
vt 0.58922421932220459 0
vt 0.58922421932220459 0.50115776062011719
vt 0.62262868881225586 0
vt 0.62262868881225586 0.50115776062011719
vt 0.62262868881225586 0
vt 0.62262868881225586 0.50115776062011719
vt 0.64296180009841919 0
vt 0.64296180009841919 0.50115776062011719
vt 0.64296180009841919 0
vt 0.64296180009841919 0.50115776062011719
vt 0.67636626958847046 0
vt 0.67636626958847046 0.50115776062011719
vt 0.67636626958847046 0
vt 0.67636626958847046 0.50115776062011719
vt 0.68206971883773804 0
vt 0.68206971883773804 0.50115776062011719
vt 0.68492138385772705 0
vt 0.68492138385772705 0.50115776062011719
vt 0.68777310848236084 0
vt 0.68777310848236084 0.50115776062011719
vt 0.69062483310699463 0
vt 0.69062483310699463 0.50115776062011719
vt 0.69347655773162842 0
vt 0.69347655773162842 0.50115776062011719
vt 0.699180006980896 0
vt 0.699180006980896 0.50115776062011719
vt 0.70488345623016357 0
vt 0.70488345623016357 0.50115776062011719
vt 0.70773512125015259 0
vt 0.70773512125015259 0.50115776062011719
vt 0.71058684587478638 0
vt 0.71058684587478638 0.50115776062011719
vt 0.71343857049942017 0
vt 0.71343857049942017 0.50115776062011719
vt 0.71629029512405396 0
vt 0.71629029512405396 0.50115776062011719
vt 0.72199374437332153 0
vt 0.72199374437332153 0.50115776062011719
vt 0.72769713401794434 0
vt 0.72769713401794434 0.50115776062011719
vt 0.73054885864257813 0
vt 0.73054885864257813 0.50115776062011719
vt 0.73340058326721191 0
vt 0.73340058326721191 0.50115776062011719
vt 0.7362523078918457 0
vt 0.7362523078918457 0.50115776062011719
vt 0.73910403251647949 0
vt 0.73910403251647949 0.50115776062011719
vt 0.74480748176574707 0
vt 0.74480748176574707 0.50115776062011719
vt 0.75051087141036987 0
vt 0.75051087141036987 0.50115776062011719
vt 0.75336259603500366 0
vt 0.75336259603500366 0.50115776062011719
vt 0.75621432065963745 0
vt 0.75621432065963745 0.50115776062011719
vt 0.75906604528427124 0
vt 0.75906604528427124 0.50115776062011719
vt 0.76191776990890503 0
vt 0.76191776990890503 0.50115776062011719
vt 0.76762121915817261 0
vt 0.76762121915817261 0.50115776062011719
vt 0.76762121915817261 0
vt 0.76762121915817261 0.50115776062011719
vt 0.79666852951049805 0
vt 0.79666852951049805 0.50115776062011719
vt 0.79666852951049805 0
vt 0.79666852951049805 0.50115776062011719
vt 0.82571589946746826 0
vt 0.82571589946746826 0.50115776062011719
vt 0.82571589946746826 0
vt 0.82571589946746826 0.50115776062011719
vt 0.85476326942443848 0
vt 0.85476326942443848 0.50115776062011719
vt 0.85476326942443848 0
vt 0.85476326942443848 0.50115776062011719
vt 0.88381057977676392 0
vt 0.88381057977676392 0.50115776062011719
vt 0.88381057977676392 0
vt 0.88381057977676392 0.50115776062011719
vt 0.91285794973373413 0
vt 0.91285794973373413 0.50115776062011719
vt 0.91285794973373413 0
vt 0.91285794973373413 0.50115776062011719
vt 0.94190531969070435 0
vt 0.94190531969070435 0.50115776062011719
vt 0.94190531969070435 0
vt 0.94190531969070435 0.50115776062011719
vt 0.97095263004302979 0
vt 0.97095263004302979 0.50115776062011719
vt 0.97095263004302979 0
vt 0.97095263004302979 0.50115776062011719
vt 1 0
vt 1 0.50115776062011719
vt 0.12208361178636551 1
vt 0.12208361178636551 0.50115829706192017
vt 0 0.50115829706192017
vt 0 1
vt 0.081389077007770538 0.8218422532081604
vt 0.11481673270463943 0.8218422532081604
vt 0.11481673270463943 0.94655269384384155
vt 0.081389077007770538 0.94655269384384155
vt 0.098829589784145355 0.69713181257247925
vt 0.10203947126865387 0.70088446140289307
vt 0.10499574244022369 0.71278619766235352
vt 0.10693758726119995 0.73090547323226929
vt 0.10754984617233276 0.7505791187286377
vt 0.10693758726119995 0.77025282382965088
vt 0.10499574244022369 0.78837209939956665
vt 0.10203947126865387 0.8002738356590271
vt 0.098829589784145355 0.80402648448944092
vt 0.095619708299636841 0.8002738356590271
vt 0.092663437128067017 0.78837209939956665
vt 0.090721599757671356 0.77025282382965088
vt 0.090109333395957947 0.7505791187286377
vt 0.090721599757671356 0.73090547323226929
vt 0.092663437128067017 0.71278619766235352
vt 0.095619708299636841 0.70088446140289307
vt 0.11481673270463943 0.55460560321807861
vt 0.11481673270463943 0.67931604385375977
vt 0.081389077007770538 0.67931604385375977
vt 0.081389077007770538 0.55460560321807861
vt 0.05958842858672142 0.66150027513504028
vt 0.06493823230266571 0.6677546501159668
vt 0.067541450262069702 0.67602050304412842
vt 0.069865353405475616 0.6875908374786377
vt 0.071753121912479401 0.70183432102203369
vt 0.073101751506328583 0.71778964996337891
vt 0.074122190475463867 0.7505791187286377
vt 0.073101751506328583 0.78336858749389648
vt 0.071753121912479401 0.79932397603988647
vt 0.069865353405475616 0.8135673999786377
vt 0.067541450262069702 0.82513773441314697
vt 0.06493823230266571 0.83340364694595337
vt 0.05958842858672142 0.83965802192687988
vt 0.054238628596067429 0.83340364694595337
vt 0.051635414361953735 0.82513773441314697
vt 0.049311507493257523 0.8135673999786377
vt 0.04742373526096344 0.79932397603988647
vt 0.046075105667114258 0.78336858749389648
vt 0.045054666697978973 0.7505791187286377
vt 0.046075105667114258 0.71778964996337891
vt 0.04742373526096344 0.70183432102203369
vt 0.049311507493257523 0.6875908374786377
vt 0.051635414361953735 0.67602050304412842
vt 0.054238628596067429 0.6677546501159668
vt 0.0087202582508325577 0.76839488744735718
vt 0.037787783890962601 0.76839488744735718
vt 0.037787783890962601 0.94655269384384155
vt 0.0087202582508325577 0.94655269384384155
vt 0.037787783890962601 0.55460560321807861
vt 0.037787783890962601 0.73276335000991821
vt 0.0087202582508325577 0.73276335000991821
vt 0.0087202582508325577 0.55460560321807861
vt 0.12208361178636551 0.50115829706192017
vt 0.12208361178636551 1
vt 0 1
vt 0 0.50115829706192017
vt 0.081389077007770538 0.67931604385375977
vt 0.11481673270463943 0.67931604385375977
vt 0.11481673270463943 0.55460560321807861
vt 0.081389077007770538 0.55460560321807861
vt 0.098829589784145355 0.80402648448944092
vt 0.10203947126865387 0.8002738356590271
vt 0.10499574244022369 0.78837209939956665
vt 0.10693758726119995 0.77025282382965088
vt 0.10754984617233276 0.7505791187286377
vt 0.10693758726119995 0.73090547323226929
vt 0.10499574244022369 0.71278619766235352
vt 0.10203947126865387 0.70088446140289307
vt 0.098829589784145355 0.69713181257247925
vt 0.095619708299636841 0.70088446140289307
vt 0.092663437128067017 0.71278619766235352
vt 0.090721599757671356 0.73090547323226929
vt 0.090109333395957947 0.7505791187286377
vt 0.090721599757671356 0.77025282382965088
vt 0.092663437128067017 0.78837209939956665
vt 0.095619708299636841 0.8002738356590271
vt 0.11481673270463943 0.94655269384384155
vt 0.11481673270463943 0.8218422532081604
vt 0.081389077007770538 0.8218422532081604
vt 0.081389077007770538 0.94655269384384155
vt 0.05958842858672142 0.83965802192687988
vt 0.06493823230266571 0.83340364694595337
vt 0.067541450262069702 0.82513773441314697
vt 0.069865353405475616 0.8135673999786377
vt 0.071753121912479401 0.79932397603988647
vt 0.073101751506328583 0.78336858749389648
vt 0.074122190475463867 0.7505791187286377
vt 0.073101751506328583 0.71778964996337891
vt 0.071753121912479401 0.70183432102203369
vt 0.069865353405475616 0.6875908374786377
vt 0.067541450262069702 0.67602050304412842
vt 0.06493823230266571 0.6677546501159668
vt 0.05958842858672142 0.66150027513504028
vt 0.054238628596067429 0.6677546501159668
vt 0.051635414361953735 0.67602050304412842
vt 0.049311507493257523 0.6875908374786377
vt 0.04742373526096344 0.70183432102203369
vt 0.046075105667114258 0.71778964996337891
vt 0.045054666697978973 0.7505791187286377
vt 0.046075105667114258 0.78336858749389648
vt 0.04742373526096344 0.79932397603988647
vt 0.049311507493257523 0.8135673999786377
vt 0.051635414361953735 0.82513773441314697
vt 0.054238628596067429 0.83340364694595337
vt 0.0087202582508325577 0.73276335000991821
vt 0.037787783890962601 0.73276335000991821
vt 0.037787783890962601 0.55460560321807861
vt 0.0087202582508325577 0.55460560321807861
vt 0.037787783890962601 0.94655269384384155
vt 0.037787783890962601 0.76839488744735718
vt 0.0087202582508325577 0.76839488744735718
vt 0.0087202582508325577 0.94655269384384155
vn 0 0 1
vn 0 0 1
vn 0 0 1
vn 0 0 1
vn 1 0 0
vn 1 0 0
vn 1 0 0
vn 1 0 0
vn 0 0 -1
vn 0 0 -1
vn 0 0 -1
vn 0 0 -1
vn -1 0 0
vn -1 0 0
vn -1 0 0
vn -1 0 0
vn -1 0 0
vn -1 0 0
vn -1 0 0
vn -1 0 0
vn 0 0 -1
vn 0 0 -1
vn 0 0 -1
vn 0 0 -1
vn 1 0 0
vn 1 0 0
vn 1 0 0
vn 1 0 0
vn 0 0 1
vn 0 0 1
vn 0 0 1
vn 0 0 1
vn -1 0 0
vn -1 0 0
vn -0.92978829145431519 0 -0.36809471249580383
vn -0.92978829145431519 0 -0.36809471249580383
vn -0.70710676908493042 0 -0.70710676908493042
vn -0.70710676908493042 0 -0.70710676908493042
vn -0.36809471249580383 0 -0.92978829145431519
vn -0.36809471249580383 0 -0.92978829145431519
vn 0 0 -1
vn 0 0 -1
vn 0.36809471249580383 0 -0.92978829145431519
vn 0.36809471249580383 0 -0.92978829145431519
vn 0.70710676908493042 0 -0.70710676908493042
vn 0.70710676908493042 0 -0.70710676908493042
vn 0.92978829145431519 0 -0.36809471249580383
vn 0.92978829145431519 0 -0.36809471249580383
vn 1 0 0
vn 1 0 0
vn 0.92978829145431519 0 0.36809471249580383
vn 0.92978829145431519 0 0.36809471249580383
vn 0.70710676908493042 0 0.70710676908493042
vn 0.70710676908493042 0 0.70710676908493042
vn 0.36809471249580383 0 0.92978829145431519
vn 0.36809471249580383 0 0.92978829145431519
vn 0 0 1
vn 0 0 1
vn -0.36809471249580383 0 0.92978829145431519
vn -0.36809471249580383 0 0.92978829145431519
vn -0.70710676908493042 0 0.70710676908493042
vn -0.70710676908493042 0 0.70710676908493042
vn -0.92978829145431519 0 0.36809471249580383
vn -0.92978829145431519 0 0.36809471249580383
vn -1 0 0
vn -1 0 0
vn 0 0 -1
vn 0 0 -1
vn 0 0 -1
vn 0 0 -1
vn 1 0 0
vn 1 0 0
vn 1 0 0
vn 1 0 0
vn 0 0 1
vn 0 0 1
vn 0 0 1
vn 0 0 1
vn -1 0 0
vn -1 0 0
vn -1 0 0
vn -1 0 0
vn -1 0 0
vn -1 0 0
vn -0.92978829145431519 0 -0.36809471249580383
vn -0.92978829145431519 0 -0.36809471249580383
vn -0.83699548244476318 0 -0.54720973968505859
vn -0.83699548244476318 0 -0.54720973968505859
vn -0.70710676908493042 0 -0.70710676908493042
vn -0.70710676908493042 0 -0.70710676908493042
vn -0.54720973968505859 0 -0.83699548244476318
vn -0.54720973968505859 0 -0.83699548244476318
vn -0.36809471249580383 0 -0.92978829145431519
vn -0.36809471249580383 0 -0.92978829145431519
vn 0 0 -1
vn 0 0 -1
vn 0.36809471249580383 0 -0.92978829145431519
vn 0.36809471249580383 0 -0.92978829145431519
vn 0.54720973968505859 0 -0.83699548244476318
vn 0.54720973968505859 0 -0.83699548244476318
vn 0.70710676908493042 0 -0.70710676908493042
vn 0.70710676908493042 0 -0.70710676908493042
vn 0.83699548244476318 0 -0.54720973968505859
vn 0.83699548244476318 0 -0.54720973968505859
vn 0.92978829145431519 0 -0.36809471249580383
vn 0.92978829145431519 0 -0.36809471249580383
vn 1 0 0
vn 1 0 0
vn 0.92978829145431519 0 0.36809471249580383
vn 0.92978829145431519 0 0.36809471249580383
vn 0.83699548244476318 0 0.54720973968505859
vn 0.83699548244476318 0 0.54720973968505859
vn 0.70710676908493042 0 0.70710676908493042
vn 0.70710676908493042 0 0.70710676908493042
vn 0.54720973968505859 0 0.83699548244476318
vn 0.54720973968505859 0 0.83699548244476318
vn 0.36809471249580383 0 0.92978829145431519
vn 0.36809471249580383 0 0.92978829145431519
vn 0 0 1
vn 0 0 1
vn -0.36809471249580383 0 0.92978829145431519
vn -0.36809471249580383 0 0.92978829145431519
vn -0.54720973968505859 0 0.83699548244476318
vn -0.54720973968505859 0 0.83699548244476318
vn -0.70710676908493042 0 0.70710676908493042
vn -0.70710676908493042 0 0.70710676908493042
vn -0.83699548244476318 0 0.54720973968505859
vn -0.83699548244476318 0 0.54720973968505859
vn -0.92978829145431519 0 0.36809471249580383
vn -0.92978829145431519 0 0.36809471249580383
vn -1 0 0
vn -1 0 0
vn -1 0 0
vn -1 0 0
vn -1 0 0
vn -1 0 0
vn 0 0 -1
vn 0 0 -1
vn 0 0 -1
vn 0 0 -1
vn 1 0 0
vn 1 0 0
vn 1 0 0
vn 1 0 0
vn 0 0 1
vn 0 0 1
vn 0 0 1
vn 0 0 1
vn 0 0 -1
vn 0 0 -1
vn 0 0 -1
vn 0 0 -1
vn 1 0 0
vn 1 0 0
vn 1 0 0
vn 1 0 0
vn 0 0 1
vn 0 0 1
vn 0 0 1
vn 0 0 1
vn -1 0 0
vn -1 0 0
vn -1 0 0
vn -1 0 0
vn 0 -1 0
vn 0 -1 0
vn 0 -1 0
vn 0 -1 0
vn 0 -1 0
vn 0 -1 0
vn 0 -1 0
vn 0 -1 0
vn 0 -1 0
vn 0 -1 0
vn 0 -1 0
vn 0 -1 0
vn 0 -1 0
vn 0 -1 0
vn 0 -1 0
vn 0 -1 0
vn 0 -1 0
vn 0 -1 0
vn 0 -1 0
vn 0 -1 0
vn 0 -1 0
vn 0 -1 0
vn 0 -1 0
vn 0 -1 0
vn 0 -1 0
vn 0 -1 0
vn 0 -1 0
vn 0 -1 0
vn 0 -1 0
vn 0 -1 0
vn 0 -1 0
vn 0 -1 0
vn 0 -1 0
vn 0 -1 0
vn 0 -1 0
vn 0 -1 0
vn 0 -1 0
vn 0 -1 0
vn 0 -1 0
vn 0 -1 0
vn 0 -1 0
vn 0 -1 0
vn 0 -1 0
vn 0 -1 0
vn 0 -1 0
vn 0 -1 0
vn 0 -1 0
vn 0 -1 0
vn 0 -1 0
vn 0 -1 0
vn 0 -1 0
vn 0 -1 0
vn 0 -1 0
vn 0 -1 0
vn 0 -1 0
vn 0 -1 0
vn 0 -1 0
vn 0 -1 0
vn 0 -1 0
vn 0 -1 0
vn 0 1 0
vn 0 1 0
vn 0 1 0
vn 0 1 0
vn 0 1 0
vn 0 1 0
vn 0 1 0
vn 0 1 0
vn 0 1 0
vn 0 1 0
vn 0 1 0
vn 0 1 0
vn 0 1 0
vn 0 1 0
vn 0 1 0
vn 0 1 0
vn 0 1 0
vn 0 1 0
vn 0 1 0
vn 0 1 0
vn 0 1 0
vn 0 1 0
vn 0 1 0
vn 0 1 0
vn 0 1 0
vn 0 1 0
vn 0 1 0
vn 0 1 0
vn 0 1 0
vn 0 1 0
vn 0 1 0
vn 0 1 0
vn 0 1 0
vn 0 1 0
vn 0 1 0
vn 0 1 0
vn 0 1 0
vn 0 1 0
vn 0 1 0
vn 0 1 0
vn 0 1 0
vn 0 1 0
vn 0 1 0
vn 0 1 0
vn 0 1 0
vn 0 1 0
vn 0 1 0
vn 0 1 0
vn 0 1 0
vn 0 1 0
vn 0 1 0
vn 0 1 0
vn 0 1 0
vn 0 1 0
vn 0 1 0
vn 0 1 0
vn 0 1 0
vn 0 1 0
vn 0 1 0
vn 0 1 0
f 350/350/350 352/352/352 353/353/353 351/351/351
f 354/354/354 356/356/356 357/357/357 355/355/355
f 358/358/358 360/360/360 361/361/361 359/359/359
f 362/362/362 364/364/364 365/365/365 363/363/363
f 366/366/366 368/368/368 369/369/369 367/367/367
f 370/370/370 372/372/372 373/373/373 371/371/371
f 374/374/374 376/376/376 377/377/377 375/375/375
f 378/378/378 380/380/380 381/381/381 379/379/379
f 382/382/382 384/384/384 385/385/385 383/383/383
f 384/384/384 386/386/386 387/387/387 385/385/385
f 386/386/386 388/388/388 389/389/389 387/387/387
f 388/388/388 390/390/390 391/391/391 389/389/389
f 390/390/390 392/392/392 393/393/393 391/391/391
f 392/392/392 394/394/394 395/395/395 393/393/393
f 394/394/394 396/396/396 397/397/397 395/395/395
f 396/396/396 398/398/398 399/399/399 397/397/397
f 398/398/398 400/400/400 401/401/401 399/399/399
f 400/400/400 402/402/402 403/403/403 401/401/401
f 402/402/402 404/404/404 405/405/405 403/403/403
f 404/404/404 406/406/406 407/407/407 405/405/405
f 406/406/406 408/408/408 409/409/409 407/407/407
f 408/408/408 410/410/410 411/411/411 409/409/409
f 410/410/410 412/412/412 413/413/413 411/411/411
f 412/412/412 414/414/414 415/415/415 413/413/413
f 416/416/416 418/418/418 419/419/419 417/417/417
f 420/420/420 422/422/422 423/423/423 421/421/421
f 424/424/424 426/426/426 427/427/427 425/425/425
f 428/428/428 430/430/430 431/431/431 429/429/429
f 432/432/432 434/434/434 435/435/435 433/433/433
f 434/434/434 436/436/436 437/437/437 435/435/435
f 436/436/436 438/438/438 439/439/439 437/437/437
f 438/438/438 440/440/440 441/441/441 439/439/439
f 440/440/440 442/442/442 443/443/443 441/441/441
f 442/442/442 444/444/444 445/445/445 443/443/443
f 444/444/444 446/446/446 447/447/447 445/445/445
f 446/446/446 448/448/448 449/449/449 447/447/447
f 448/448/448 450/450/450 451/451/451 449/449/449
f 450/450/450 452/452/452 453/453/453 451/451/451
f 452/452/452 454/454/454 455/455/455 453/453/453
f 454/454/454 456/456/456 457/457/457 455/455/455
f 456/456/456 458/458/458 459/459/459 457/457/457
f 458/458/458 460/460/460 461/461/461 459/459/459
f 460/460/460 462/462/462 463/463/463 461/461/461
f 462/462/462 464/464/464 465/465/465 463/463/463
f 464/464/464 466/466/466 467/467/467 465/465/465
f 466/466/466 468/468/468 469/469/469 467/467/467
f 468/468/468 470/470/470 471/471/471 469/469/469
f 470/470/470 472/472/472 473/473/473 471/471/471
f 472/472/472 474/474/474 475/475/475 473/473/473
f 474/474/474 476/476/476 477/477/477 475/475/475
f 476/476/476 478/478/478 479/479/479 477/477/477
f 478/478/478 480/480/480 481/481/481 479/479/479
f 482/482/482 484/484/484 485/485/485 483/483/483
f 486/486/486 488/488/488 489/489/489 487/487/487
f 490/490/490 492/492/492 493/493/493 491/491/491
f 494/494/494 496/496/496 497/497/497 495/495/495
f 498/498/498 500/500/500 501/501/501 499/499/499
f 502/502/502 504/504/504 505/505/505 503/503/503
f 506/506/506 508/508/508 509/509/509 507/507/507
f 510/510/510 512/512/512 513/513/513 511/511/511
f 520/520/520 519/519/519 514/514/514
f 515/515/515 514/514/514 519/519/519
f 519/519/519 530/530/530 529/529/529
f 521/521/521 520/520/520 514/514/514
f 518/518/518 521/521/521 552/552/552
f 531/531/531 530/530/530 518/518/518
f 519/519/519 518/518/518 530/530/530
f 529/529/529 528/528/528 519/519/519
f 517/517/517 521/521/521 514/514/514
f 519/519/519 527/527/527 526/526/526
f 527/527/527 519/519/519 528/528/528
f 550/550/550 549/549/549 518/518/518
f 518/518/518 533/533/533 532/532/532
f 518/518/518 549/549/549 548/548/548
f 518/518/518 534/534/534 533/533/533
f 531/531/531 518/518/518 532/532/532
f 526/526/526 539/539/539 519/519/519
f 550/550/550 518/518/518 551/551/551
f 521/521/521 568/568/568 554/554/554
f 553/553/553 521/521/521 554/554/554
f 569/569/569 568/568/568 517/517/517
f 521/521/521 517/517/517 568/568/568
f 555/555/555 568/568/568 556/556/556
f 555/555/555 554/554/554 568/568/568
f 566/566/566 569/569/569 517/517/517
f 552/552/552 521/521/521 553/553/553
f 568/568/568 567/567/567 558/558/558
f 558/558/558 557/557/557 568/568/568
f 560/560/560 559/559/559 567/567/567
f 560/560/560 567/567/567 571/571/571
f 566/566/566 571/571/571 567/567/567
f 559/559/559 558/558/558 567/567/567
f 556/556/556 568/568/568 557/557/557
f 551/551/551 518/518/518 552/552/552
f 572/572/572 566/566/566 517/517/517
f 539/539/539 525/525/525 524/524/524
f 518/518/518 548/548/548 534/534/534
f 534/534/534 548/548/548 540/540/540
f 547/547/547 540/540/540 548/548/548
f 540/540/540 535/535/535 534/534/534
f 540/540/540 536/536/536 535/535/535
f 524/524/524 523/523/523 539/539/539
f 541/541/541 515/515/515 538/538/538
f 539/539/539 538/538/538 515/515/515
f 515/515/515 519/519/519 539/539/539
f 523/523/523 522/522/522 539/539/539
f 522/522/522 540/540/540 539/539/539
f 546/546/546 540/540/540 547/547/547
f 540/540/540 522/522/522 537/537/537
f 536/536/536 540/540/540 537/537/537
f 541/541/541 516/516/516 515/515/515
f 539/539/539 526/526/526 525/525/525
f 541/541/541 540/540/540 544/544/544
f 540/540/540 546/546/546 545/545/545
f 571/571/571 566/566/566 572/572/572
f 562/562/562 571/571/571 570/570/570
f 571/571/571 562/562/562 561/561/561
f 560/560/560 571/571/571 561/561/561
f 563/563/563 562/562/562 570/570/570
f 542/542/542 541/541/541 543/543/543
f 544/544/544 543/543/543 541/541/541
f 570/570/570 542/542/542 565/565/565
f 565/565/565 564/564/564 570/570/570
f 572/572/572 516/516/516 573/573/573
f 570/570/570 573/573/573 516/516/516
f 516/516/516 541/541/541 570/570/570
f 564/564/564 563/563/563 570/570/570
f 541/541/541 542/542/542 570/570/570
f 544/544/544 540/540/540 545/545/545
f 517/517/517 516/516/516 572/572/572
f 580/580/580 574/574/574 579/579/579
f 575/575/575 579/579/579 574/574/574
f 579/579/579 589/589/589 590/590/590
f 581/581/581 574/574/574 580/580/580
f 578/578/578 612/612/612 581/581/581
f 591/591/591 578/578/578 590/590/590
f 579/579/579 590/590/590 578/578/578
f 589/589/589 579/579/579 588/588/588
f 577/577/577 574/574/574 581/581/581
f 579/579/579 586/586/586 587/587/587
f 587/587/587 588/588/588 579/579/579
f 610/610/610 578/578/578 609/609/609
f 578/578/578 592/592/592 593/593/593
f 578/578/578 608/608/608 609/609/609
f 578/578/578 593/593/593 594/594/594
f 591/591/591 592/592/592 578/578/578
f 586/586/586 579/579/579 599/599/599
f 610/610/610 611/611/611 578/578/578
f 581/581/581 614/614/614 628/628/628
f 613/613/613 614/614/614 581/581/581
f 629/629/629 577/577/577 628/628/628
f 581/581/581 628/628/628 577/577/577
f 615/615/615 616/616/616 628/628/628
f 615/615/615 628/628/628 614/614/614
f 626/626/626 577/577/577 629/629/629
f 612/612/612 613/613/613 581/581/581
f 628/628/628 618/618/618 627/627/627
f 618/618/618 628/628/628 617/617/617
f 620/620/620 627/627/627 619/619/619
f 620/620/620 631/631/631 627/627/627
f 626/626/626 627/627/627 631/631/631
f 619/619/619 627/627/627 618/618/618
f 616/616/616 617/617/617 628/628/628
f 611/611/611 612/612/612 578/578/578
f 632/632/632 577/577/577 626/626/626
f 599/599/599 584/584/584 585/585/585
f 578/578/578 594/594/594 608/608/608
f 594/594/594 600/600/600 608/608/608
f 607/607/607 608/608/608 600/600/600
f 600/600/600 594/594/594 595/595/595
f 600/600/600 595/595/595 596/596/596
f 584/584/584 599/599/599 583/583/583
f 601/601/601 598/598/598 575/575/575
f 599/599/599 575/575/575 598/598/598
f 575/575/575 599/599/599 579/579/579
f 583/583/583 599/599/599 582/582/582
f 582/582/582 599/599/599 600/600/600
f 606/606/606 607/607/607 600/600/600
f 600/600/600 597/597/597 582/582/582
f 596/596/596 597/597/597 600/600/600
f 601/601/601 575/575/575 576/576/576
f 599/599/599 585/585/585 586/586/586
f 601/601/601 604/604/604 600/600/600
f 600/600/600 605/605/605 606/606/606
f 631/631/631 632/632/632 626/626/626
f 622/622/622 630/630/630 631/631/631
f 631/631/631 621/621/621 622/622/622
f 620/620/620 621/621/621 631/631/631
f 623/623/623 630/630/630 622/622/622
f 602/602/602 603/603/603 601/601/601
f 604/604/604 601/601/601 603/603/603
f 630/630/630 625/625/625 602/602/602
f 625/625/625 630/630/630 624/624/624
f 632/632/632 633/633/633 576/576/576
f 630/630/630 576/576/576 633/633/633
f 576/576/576 630/630/630 601/601/601
f 624/624/624 630/630/630 623/623/623
f 601/601/601 630/630/630 602/602/602
f 604/604/604 605/605/605 600/600/600
f 577/577/577 632/632/632 576/576/576
g Male_virtual body speaker
o object_6
usemtl speaker
v -1.625 -2.625 -35.25
v -1.625 -2.625 -32.25
v 1.375 -2.625 -35.25
v 1.375 -2.625 -32.25
v 1.2749999761581421 -2.625 -33.75
v 1.1792594194412231 -2.625 -34.258831024169922
v 0.8752065896987915 -2.625 -34.729583740234375
v 0.40687459707260132 -2.625 -35.045032501220703
v -0.125 -2.625 -35.150001525878906
v -0.63382929563522339 -2.625 -35.05426025390625
v -1.1045850515365601 -2.625 -34.750205993652344
v -1.4200326204299927 -2.625 -34.281875610351563
v -1.5249999761581421 -2.625 -33.75
v -1.4292594194412231 -2.625 -33.241168975830078
v -1.1252065896987915 -2.625 -32.770416259765625
v -0.65687459707260132 -2.625 -32.454967498779297
v -0.125 -2.625 -32.349998474121094
v 0.38382929563522339 -2.625 -32.44573974609375
v 0.85458499193191528 -2.625 -32.749794006347656
v 1.1700326204299927 -2.625 -33.218124389648438
v 1.2749999761581421 -2.625 -33.75
v 1.1700326204299927 -2.625 -33.218124389648438
v 0.85458499193191528 -2.625 -32.749794006347656
v 0.38382929563522339 -2.625 -32.44573974609375
v -0.125 -2.625 -32.349998474121094
v -0.65687459707260132 -2.625 -32.454967498779297
v -1.1252065896987915 -2.625 -32.770416259765625
v -1.4292594194412231 -2.625 -33.241168975830078
v -1.5249999761581421 -2.625 -33.75
v -1.4200326204299927 -2.625 -34.281875610351563
v -1.1045850515365601 -2.625 -34.750205993652344
v -0.63382929563522339 -2.625 -35.05426025390625
v -0.125 -2.625 -35.150001525878906
v 0.40687459707260132 -2.625 -35.045032501220703
v 0.8752065896987915 -2.625 -34.729583740234375
v 1.1792594194412231 -2.625 -34.258831024169922
v 1.2749999761581421 -2.625 -33.75
v 0.94999998807907104 -2.375 -33.75
v 0.94999998807907104 -2.375 -33.75
v 0.625 -2.125 -33.75
v 0.5687674880027771 -2.125 -33.465068817138672
v 0.39977768063545227 -2.125 -33.214176177978516
v 0.1475871205329895 -2.125 -33.051288604736328
v -0.125 -2.125 -33
v -0.40993282198905945 -2.125 -33.056232452392578
v -0.66082495450973511 -2.125 -33.225223541259766
v -0.82371044158935547 -2.125 -33.477413177490234
v -0.875 -2.125 -33.75
v -0.8187674880027771 -2.125 -34.034931182861328
v -0.64977771043777466 -2.125 -34.285823822021484
v -0.3975871205329895 -2.125 -34.448711395263672
v -0.125 -2.125 -34.5
v 0.15993280708789825 -2.125 -34.443767547607422
v 0.41082495450973511 -2.125 -34.274776458740234
v 0.57371044158935547 -2.125 -34.022586822509766
v 0.625 -2.125 -33.75
v 0.62718135118484497 -2.375 -32.981983184814453
v 0.26570820808410645 -2.375 -32.748516082763672
v -0.125 -2.375 -32.674999237060547
v -0.53340369462966919 -2.375 -32.755599975585938
v -0.89301574230194092 -2.375 -32.997817993164063
v -1.1264849901199341 -2.375 -33.359291076660156
v -1.2000000476837158 -2.375 -33.75
v -1.1194000244140625 -2.375 -34.158405303955078
v -0.87718135118484497 -2.375 -34.518016815185547
v -0.51570820808410645 -2.375 -34.751483917236328
v -0.125 -2.375 -34.825000762939453
v 0.28340369462966919 -2.375 -34.744400024414063
v 0.64301574230194092 -2.375 -34.502182006835938
v 0.87648493051528931 -2.375 -34.140708923339844
v 0.625 -2.125 -33.75
v 0.5687674880027771 -2.125 -33.465068817138672
v 0.39977768063545227 -2.125 -33.214176177978516
v 0.1475871205329895 -2.125 -33.051288604736328
v -0.125 -2.125 -33
v -0.40993282198905945 -2.125 -33.056232452392578
v -0.66082495450973511 -2.125 -33.225223541259766
v -0.82371044158935547 -2.125 -33.477413177490234
v -0.875 -2.125 -33.75
v -0.8187674880027771 -2.125 -34.034931182861328
v -0.64977771043777466 -2.125 -34.285823822021484
v -0.3975871205329895 -2.125 -34.448711395263672
v -0.125 -2.125 -34.5
v 0.15993280708789825 -2.125 -34.443767547607422
v 0.41082495450973511 -2.125 -34.274776458740234
v 0.57371044158935547 -2.125 -34.022586822509766
vt 0 0
vt 0 1
vt 1 0
vt 1 1
vt 0.96666663885116577 0.5
vt 0.93475311994552612 0.33038964867591858
vt 0.83340221643447876 0.1734720915555954
vt 0.67729151248931885 0.068322502076625824
vt 0.5 0.03333282470703125
vt 0.33039024472236633 0.06524658203125
vt 0.17347164452075958 0.16659800708293915
vt 0.068322457373142242 0.3227081298828125
vt 0.033333342522382736 0.5
vt 0.065246857702732086 0.66961032152175903
vt 0.16659779846668243 0.82652789354324341
vt 0.32270845770835876 0.93167752027511597
vt 0.5 0.96666717529296875
vt 0.66960978507995605 0.93475341796875
vt 0.82652831077575684 0.83340197801589966
vt 0.93167752027511597 0.6772918701171875
vt 0.96666663885116577 0.5
vt 0.93167752027511597 0.6772918701171875
vt 0.82652831077575684 0.83340197801589966
vt 0.66960978507995605 0.93475341796875
vt 0.5 0.96666717529296875
vt 0.32270845770835876 0.93167752027511597
vt 0.16659779846668243 0.82652789354324341
vt 0.065246857702732086 0.66961032152175903
vt 0.033333342522382736 0.5
vt 0.068322457373142242 0.3227081298828125
vt 0.17347164452075958 0.16659800708293915
vt 0.33039024472236633 0.06524658203125
vt 0.5 0.03333282470703125
vt 0.67729151248931885 0.068322502076625824
vt 0.83340221643447876 0.1734720915555954
vt 0.93475311994552612 0.33038964867591858
vt 0.96666663885116577 0.5
vt 0.85833334922790527 0.5
vt 0.85833334922790527 0.5
vt 0.75 0.5
vt 0.73125582933425903 0.59497708082199097
vt 0.67492592334747314 0.67860794067382813
vt 0.59086239337921143 0.73290377855300903
vt 0.5 0.75
vt 0.40502238273620605 0.73125582933425903
vt 0.32139167189598083 0.67492550611495972
vt 0.26709651947021484 0.59086227416992188
vt 0.25 0.5
vt 0.26874417066574097 0.40502294898033142
vt 0.32507410645484924 0.32139205932617188
vt 0.40913763642311096 0.26709619164466858
vt 0.5 0.25
vt 0.59497761726379395 0.26874414086341858
vt 0.67860829830169678 0.32507452368736267
vt 0.73290348052978516 0.40913772583007813
vt 0.75 0.5
vt 0.75072711706161499 0.75600558519363403
vt 0.63023608922958374 0.83382797241210938
vt 0.5 0.85833358764648438
vt 0.3638654351234436 0.8314666748046875
vt 0.24399475753307343 0.75072735548019409
vt 0.16617166996002197 0.63023632764816284
vt 0.14166665077209473 0.5
vt 0.1685333251953125 0.36386489868164063
vt 0.24927288293838501 0.24399439990520477
vt 0.36976394057273865 0.16617202758789063
vt 0.5 0.14166641235351563
vt 0.6361345648765564 0.1685333251953125
vt 0.75600522756576538 0.2492726594209671
vt 0.83382833003997803 0.36976370215415955
vt 0.75 0.5
vt 0.73125582933425903 0.59497708082199097
vt 0.67492592334747314 0.67860794067382813
vt 0.59086239337921143 0.73290377855300903
vt 0.5 0.75
vt 0.40502238273620605 0.73125582933425903
vt 0.32139167189598083 0.67492550611495972
vt 0.26709651947021484 0.59086227416992188
vt 0.25 0.5
vt 0.26874417066574097 0.40502294898033142
vt 0.32507410645484924 0.32139205932617188
vt 0.40913763642311096 0.26709619164466858
vt 0.5 0.25
vt 0.59497761726379395 0.26874414086341858
vt 0.67860829830169678 0.32507452368736267
vt 0.73290348052978516 0.40913772583007813
vn 0 -1 0
vn 0 -1 0
vn 0 -1 0
vn 0 -1 0
vn 0 -1 0
vn 0 -1 0
vn 0 -1 0
vn 0 -1 0
vn 0 -1 0
vn 0 -1 0
vn 0 -1 0
vn 0 -1 0
vn 0 -1 0
vn 0 -1 0
vn 0 -1 0
vn 0 -1 0
vn 0 -1 0
vn 0 -1 0
vn 0 -1 0
vn 0 -1 0
vn -0.60971075296401978 -0.79262399673461914 0
vn -0.56399667263031006 -0.79262399673461914 -0.23163546621799469
vn -0.42661681771278381 -0.79262399673461914 -0.43559765815734863
vn -0.22159907221794128 -0.79262399673461914 -0.56801503896713257
vn 0 -0.79262399673461914 -0.60971075296401978
vn 0.23163546621799469 -0.79262399673461914 -0.56399667263031006
vn 0.43559765815734863 -0.79262399673461914 -0.42661681771278381
vn 0.56801503896713257 -0.79262399673461914 -0.22159907221794128
vn 0.60971075296401978 -0.79262399673461914 0
vn 0.56399667263031006 -0.79262399673461914 0.23163546621799469
vn 0.42661681771278381 -0.79262399673461914 0.43559765815734863
vn 0.22159907221794128 -0.79262399673461914 0.56801503896713257
vn 0 -0.79262399673461914 0.60971075296401978
vn -0.23163546621799469 -0.79262399673461914 0.56399667263031006
vn -0.43559765815734863 -0.79262399673461914 0.42661681771278381
vn -0.56801503896713257 -0.79262399673461914 0.22159907221794128
vn -0.60971075296401978 -0.79262399673461914 0
vn -0.60971075296401978 -0.79262399673461914 0
vn -0.60971075296401978 -0.79262399673461914 0
vn -0.60971075296401978 -0.79262399673461914 0
vn -0.56399667263031006 -0.79262399673461914 -0.23163546621799469
vn -0.42661681771278381 -0.79262399673461914 -0.43559765815734863
vn -0.22159907221794128 -0.79262399673461914 -0.56801503896713257
vn 0 -0.79262399673461914 -0.60971075296401978
vn 0.23163546621799469 -0.79262399673461914 -0.56399667263031006
vn 0.43559765815734863 -0.79262399673461914 -0.42661681771278381
vn 0.56801503896713257 -0.79262399673461914 -0.22159907221794128
vn 0.60971075296401978 -0.79262399673461914 0
vn 0.56399667263031006 -0.79262399673461914 0.23163546621799469
vn 0.42661681771278381 -0.79262399673461914 0.43559765815734863
vn 0.22159907221794128 -0.79262399673461914 0.56801503896713257
vn 0 -0.79262399673461914 0.60971075296401978
vn -0.23163546621799469 -0.79262399673461914 0.56399667263031006
vn -0.43559765815734863 -0.79262399673461914 0.42661681771278381
vn -0.56801503896713257 -0.79262399673461914 0.22159907221794128
vn -0.60971075296401978 -0.79262399673461914 0
vn -0.42661681771278381 -0.79262399673461914 -0.43559765815734863
vn -0.22159907221794128 -0.79262399673461914 -0.56801503896713257
vn 0 -0.79262399673461914 -0.60971075296401978
vn 0.23163546621799469 -0.79262399673461914 -0.56399667263031006
vn 0.43559765815734863 -0.79262399673461914 -0.42661681771278381
vn 0.56801503896713257 -0.79262399673461914 -0.22159907221794128
vn 0.60971075296401978 -0.79262399673461914 0
vn 0.56399667263031006 -0.79262399673461914 0.23163546621799469
vn 0.42661681771278381 -0.79262399673461914 0.43559765815734863
vn 0.22159907221794128 -0.79262399673461914 0.56801503896713257
vn 0 -0.79262399673461914 0.60971075296401978
vn -0.23163546621799469 -0.79262399673461914 0.56399667263031006
vn -0.43559765815734863 -0.79262399673461914 0.42661681771278381
vn -0.56801503896713257 -0.79262399673461914 0.22159907221794128
vn 0 -1 0
vn 0 -1 0
vn 0 -1 0
vn 0 -1 0
vn 0 -1 0
vn 0 -1 0
vn 0 -1 0
vn 0 -1 0
vn 0 -1 0
vn 0 -1 0
vn 0 -1 0
vn 0 -1 0
vn 0 -1 0
vn 0 -1 0
vn 0 -1 0
vn 0 -1 0
f 646/646/646 634/634/634 645/645/645
f 644/644/644 645/645/645 634/634/634
f 634/634/634 643/643/643 644/644/644
f 634/634/634 642/642/642 643/643/643
f 642/642/642 634/634/634 636/636/636
f 647/647/647 635/635/635 646/646/646
f 634/634/634 646/646/646 635/635/635
f 635/635/635 648/648/648 649/649/649
f 635/635/635 647/647/647 648/648/648
f 650/650/650 635/635/635 649/649/649
f 636/636/636 640/640/640 641/641/641
f 638/638/638 639/639/639 636/636/636
f 640/640/640 636/636/636 639/639/639
f 637/637/637 638/638/638 636/636/636
f 636/636/636 641/641/641 642/642/642
f 637/637/637 650/650/650 651/651/651
f 637/637/637 652/652/652 653/653/653
f 638/638/638 637/637/637 653/653/653
f 651/651/651 652/652/652 637/637/637
f 635/635/635 650/650/650 637/637/637
f 671/671/671 654/654/654 655/655/655
f 690/690/690 655/655/655 656/656/656
f 658/658/658 692/692/692 691/691/691 657/657/657
f 659/659/659 693/693/693 692/692/692 658/658/658
f 657/657/657 691/691/691 690/690/690 656/656/656
f 671/671/671 655/655/655 674/674/674
f 691/691/691 676/676/676 675/675/675 690/690/690
f 660/660/660 694/694/694 693/693/693 659/659/659
f 693/693/693 678/678/678 677/677/677 692/692/692
f 692/692/692 677/677/677 676/676/676 691/691/691
f 655/655/655 690/690/690 674/674/674
f 662/662/662 696/696/696 695/695/695 661/661/661
f 663/663/663 697/697/697 696/696/696 662/662/662
f 665/665/665 699/699/699 698/698/698 664/664/664
f 666/666/666 700/700/700 699/699/699 665/665/665
f 664/664/664 698/698/698 697/697/697 663/663/663
f 695/695/695 680/680/680 679/679/679 694/694/694
f 696/696/696 681/681/681 680/680/680 695/695/695
f 667/667/667 701/701/701 700/700/700 666/666/666
f 668/668/668 702/702/702 701/701/701 667/667/667
f 670/670/670 672/672/672 703/703/703 669/669/669
f 669/669/669 703/703/703 702/702/702 668/668/668
f 694/694/694 660/660/660 661/661/661 695/695/695
f 694/694/694 679/679/679 678/678/678 693/693/693
f 674/674/674 690/690/690 675/675/675
f 698/698/698 683/683/683 682/682/682 697/697/697
f 673/673/673 671/671/671 674/674/674
f 697/697/697 682/682/682 681/681/681 696/696/696
f 700/700/700 685/685/685 684/684/684 699/699/699
f 701/701/701 686/686/686 685/685/685 700/700/700
f 703/703/703 688/688/688 687/687/687 702/702/702
f 672/672/672 689/689/689 688/688/688 703/703/703
f 702/702/702 687/687/687 686/686/686 701/701/701
f 683/683/683 698/698/698 699/699/699 684/684/684
f 714/714/714 712/712/712 713/713/713
f 711/711/711 712/712/712 714/714/714
f 709/709/709 714/714/714 717/717/717
f 709/709/709 710/710/710 711/711/711
f 714/714/714 709/709/709 711/711/711
f 708/708/708 709/709/709 707/707/707
f 716/716/716 714/714/714 715/715/715
f 709/709/709 717/717/717 705/705/705
f 717/717/717 718/718/718 719/719/719
f 719/719/719 704/704/704 717/717/717
f 705/705/705 706/706/706 707/707/707
f 705/705/705 707/707/707 709/709/709
f 705/705/705 717/717/717 704/704/704
f 716/716/716 717/717/717 714/714/714
g Male_virtual body shoulderplates_white
o object_7
usemtl Plastic White
v -0.21768938004970551 2.5442235469818115 -9.8681106567382813
v -0.21768938004970551 2.5442235469818115 -9.8090553283691406
v 0 2.5407183170318604 -9.8681106567382813
v 0 2.5407183170318604 -9.8090553283691406
v 0 2.5407183170318604 -9.8681106567382813
v 0 2.5407183170318604 -9.8090553283691406
v 0.20130619406700134 2.5323677062988281 -9.8681106567382813
v 0.20130619406700134 2.5323677062988281 -9.8090553283691406
v 0.20130619406700134 2.5323677062988281 -9.8681106567382813
v 0.20130619406700134 2.5323677062988281 -9.8090553283691406
v 0.40535381436347961 2.5189733505249023 -9.8681106567382813
v 0.40535381436347961 2.5189733505249023 -9.8090553283691406
v 0.40535381436347961 2.5189733505249023 -9.8681106567382813
v 0.40535381436347961 2.5189733505249023 -9.8090553283691406
v 0.6121479868888855 2.5004122257232666 -9.8681106567382813
v 0.6121479868888855 2.5004122257232666 -9.8090553283691406
v 0.6121479868888855 2.5004122257232666 -9.8681106567382813
v 0.6121479868888855 2.5004122257232666 -9.8090553283691406
v 0.8216937780380249 2.4765615463256836 -9.8681106567382813
v 0.8216937780380249 2.4765615463256836 -9.8090553283691406
v 0.8216937780380249 2.4765615463256836 -9.8681106567382813
v 0.8216937780380249 2.4765615463256836 -9.8090553283691406
v 1.0339963436126709 2.4472982883453369 -9.8681106567382813
v 1.0339963436126709 2.4472982883453369 -9.8090553283691406
v 1.0339963436126709 2.4472982883453369 -9.8681106567382813
v 1.0339963436126709 2.4472982883453369 -9.8090553283691406
v 1.2490607500076294 2.4124999046325684 -9.8681106567382813
v 1.2490607500076294 2.4124999046325684 -9.8090553283691406
v 1.2490607500076294 2.4124999046325684 -9.8681106567382813
v 1.2490607500076294 2.4124999046325684 -9.8090553283691406
v 1.4668922424316406 2.3720431327819824 -9.8681106567382813
v 1.4668922424316406 2.3720431327819824 -9.8090553283691406
v 1.4668922424316406 2.3720431327819824 -9.8681106567382813
v 1.4668922424316406 2.3720431327819824 -9.8090553283691406
v 1.6874957084655762 2.3258051872253418 -9.8681106567382813
v 1.6874957084655762 2.3258051872253418 -9.8090553283691406
v 1.6874957084655762 2.3258051872253418 -9.8681106567382813
v 1.6874957084655762 2.3258051872253418 -9.8090553283691406
v 1.9108765125274658 2.2736632823944092 -9.8681106567382813
v 1.9108765125274658 2.2736632823944092 -9.8090553283691406
v 1.9108765125274658 2.2736632823944092 -9.8681106567382813
v 1.9108765125274658 2.2736632823944092 -9.8090553283691406
v 2.1370394229888916 2.2154946327209473 -9.8681106567382813
v 2.1370394229888916 2.2154946327209473 -9.8090553283691406
v 2.1370394229888916 2.2154946327209473 -9.8681106567382813
v 2.1370394229888916 2.2154946327209473 -9.8090553283691406
v 2.3659899234771729 2.1511759757995605 -9.8681106567382813
v 2.3659899234771729 2.1511759757995605 -9.8090553283691406
v 2.3659899234771729 2.1511759757995605 -9.8681106567382813
v 2.3659899234771729 2.1511759757995605 -9.8090553283691406
v 2.5977330207824707 2.0805847644805908 -9.8681106567382813
v 2.5977330207824707 2.0805847644805908 -9.8090553283691406
v 2.5977330207824707 2.0805847644805908 -9.8681106567382813
v 2.5977330207824707 2.0805847644805908 -9.8090553283691406
v 2.8322737216949463 2.0035982131958008 -9.8681106567382813
v 2.8322737216949463 2.0035982131958008 -9.8090553283691406
v 2.8322737216949463 2.0035982131958008 -9.8681106567382813
v 2.8322737216949463 2.0035982131958008 -9.8090553283691406
v 3.0696172714233398 1.9200929403305054 -9.8681106567382813
v 3.0696172714233398 1.9200929403305054 -9.8090553283691406
v 3.0696172714233398 1.9200929403305054 -9.8681106567382813
v 3.0696172714233398 1.9200929403305054 -9.8090553283691406
v 3.3097686767578125 1.8299465179443359 -9.8681106567382813
v 3.3097686767578125 1.8299465179443359 -9.8090553283691406
v 3.3097686767578125 1.8299465179443359 -9.8681106567382813
v 3.3097686767578125 1.8299465179443359 -9.8090553283691406
v 3.5527329444885254 1.7330359220504761 -9.8681106567382813
v 3.5527329444885254 1.7330359220504761 -9.8090553283691406
v 3.5527329444885254 1.7330359220504761 -9.8681106567382813
v 3.5527329444885254 1.7330359220504761 -9.8090553283691406
v 3.7985155582427979 1.6292383670806885 -9.8681106567382813
v 3.7985155582427979 1.6292383670806885 -9.8090553283691406
v 3.7985155582427979 1.6292383670806885 -9.8681106567382813
v 3.7985155582427979 1.6292383670806885 -9.8090553283691406
v 4.0471210479736328 1.5184307098388672 -9.8681106567382813
v 4.0471210479736328 1.5184307098388672 -9.8090553283691406
v 4.0471210479736328 1.5184307098388672 -9.8681106567382813
v 4.0471210479736328 1.5184307098388672 -9.8090553283691406
v 4.2985553741455078 1.4004902839660645 -9.8681106567382813
v 4.2985553741455078 1.4004902839660645 -9.8090553283691406
v 4.2985553741455078 1.4004902839660645 -9.8681106567382813
v 4.2985553741455078 1.4004902839660645 -9.8090553283691406
v 4.5528225898742676 1.2752941846847534 -9.8681106567382813
v 4.5528225898742676 1.2752941846847534 -9.8090553283691406
v 4.5528225898742676 1.2752941846847534 -9.8681106567382813
v 4.5528225898742676 1.2752941846847534 -9.8090553283691406
v 4.8099288940429688 1.1427193880081177 -9.8681106567382813
v 4.8099288940429688 1.1427193880081177 -9.8090553283691406
v 4.8099288940429688 1.1427193880081177 -9.8681106567382813
v 4.8099288940429688 1.1427193880081177 -9.8090553283691406
v 5.0698785781860352 1.0026432275772095 -9.8681106567382813
v 5.0698785781860352 1.0026432275772095 -9.8090553283691406
v 5.0698785781860352 1.0026432275772095 -9.8681106567382813
v 5.0698785781860352 1.0026432275772095 -9.8090553283691406
v 5.5983290672302246 0.69949483871459961 -9.8681106567382813
v 5.5983290672302246 0.69949483871459961 -9.8090553283691406
v 5.5983290672302246 0.69949483871459961 -9.8681106567382813
v 5.5983290672302246 0.69949483871459961 -9.8090553283691406
v 6.1382160186767578 0.36486595869064331 -9.8681106567382813
v 6.1382160186767578 0.36486595869064331 -9.8090553283691406
v 6.1382160186767578 0.36486595869064331 -9.8681106567382813
v 6.1382160186767578 0.36486595869064331 -9.8090553283691406
v 6.689579963684082 -0.0022264779545366764 -9.8681106567382813
v 6.689579963684082 -0.0022264779545366764 -9.8090553283691406
v 6.689579963684082 -0.0022264779545366764 -9.8681106567382813
v 6.689579963684082 -0.0022264779545366764 -9.8090553283691406
v 7.2524619102478027 -0.40276551246643066 -9.8681106567382813
v 7.2524619102478027 -0.40276551246643066 -9.8090553283691406
v 7.2524619102478027 -0.40276551246643066 -9.8681106567382813
v 7.2524619102478027 -0.40276551246643066 -9.8090553283691406
v 7.826901912689209 -0.83773422241210938 -9.8681106567382813
v 7.826901912689209 -0.83773422241210938 -9.8090553283691406
v 7.826901912689209 -0.83773422241210938 -9.8681106567382813
v 7.826901912689209 -0.83773422241210938 -9.8090553283691406
v 7.5854897499084473 -0.62509649991989136 -9.8681106567382813
v 7.5854897499084473 -0.62509649991989136 -9.8090553283691406
v 7.5854897499084473 -0.62509649991989136 -9.8681106567382813
v 7.5854897499084473 -0.62509649991989136 -9.8090553283691406
v 7.3213667869567871 -0.3815034031867981 -9.8681106567382813
v 7.3213667869567871 -0.3815034031867981 -9.8090553283691406
v 7.3213667869567871 -0.3815034031867981 -9.8681106567382813
v 7.3213667869567871 -0.3815034031867981 -9.8090553283691406
v 7.0404071807861328 -0.10885214060544968 -9.8681106567382813
v 7.0404071807861328 -0.10885214060544968 -9.8090553283691406
v 7.0404071807861328 -0.10885214060544968 -9.8681106567382813
v 7.0404071807861328 -0.10885214060544968 -9.8090553283691406
v 6.7484831809997559 0.19096021354198456 -9.8681106567382813
v 6.7484831809997559 0.19096021354198456 -9.8090553283691406
v 6.7484831809997559 0.19096021354198456 -9.8681106567382813
v 6.7484831809997559 0.19096021354198456 -9.8090553283691406
v 6.4514679908752441 0.5160365104675293 -9.8681106567382813
v 6.4514679908752441 0.5160365104675293 -9.8090553283691406
v 6.4514679908752441 0.5160365104675293 -9.8681106567382813
v 6.4514679908752441 0.5160365104675293 -9.8090553283691406
v 6.302886962890625 0.68745583295822144 -9.8681106567382813
v 6.302886962890625 0.68745583295822144 -9.8090553283691406
v 6.302886962890625 0.68745583295822144 -9.8681106567382813
v 6.302886962890625 0.68745583295822144 -9.8090553283691406
v 6.1552348136901855 0.86447972059249878 -9.8681106567382813
v 6.1552348136901855 0.86447972059249878 -9.8090553283691406
v 6.1552348136901855 0.86447972059249878 -9.8681106567382813
v 6.1552348136901855 0.86447972059249878 -9.8090553283691406
v 6.009246826171875 1.0468709468841553 -9.8681106567382813
v 6.009246826171875 1.0468709468841553 -9.8090553283691406
v 6.009246826171875 1.0468709468841553 -9.8681106567382813
v 6.009246826171875 1.0468709468841553 -9.8090553283691406
v 5.865656852722168 1.234392523765564 -9.8681106567382813
v 5.865656852722168 1.234392523765564 -9.8090553283691406
v 5.865656852722168 1.234392523765564 -9.8681106567382813
v 5.865656852722168 1.234392523765564 -9.8090553283691406
v 5.7251987457275391 1.4268072843551636 -9.8681106567382813
v 5.7251987457275391 1.4268072843551636 -9.8090553283691406
v 5.7251987457275391 1.4268072843551636 -9.8681106567382813
v 5.7251987457275391 1.4268072843551636 -9.8090553283691406
v 5.5886068344116211 1.6238781213760376 -9.8681106567382813
v 5.5886068344116211 1.6238781213760376 -9.8090553283691406
v 5.5886068344116211 1.6238781213760376 -9.8681106567382813
v 5.5886068344116211 1.6238781213760376 -9.8090553283691406
v 5.4566149711608887 1.8253676891326904 -9.8681106567382813
v 5.4566149711608887 1.8253676891326904 -9.8090553283691406
v 5.4566149711608887 1.8253676891326904 -9.8681106567382813
v 5.4566149711608887 1.8253676891326904 -9.8090553283691406
v 5.3299574851989746 2.0310389995574951 -9.8681106567382813
v 5.3299574851989746 2.0310389995574951 -9.8090553283691406
v 5.3299574851989746 2.0310389995574951 -9.8681106567382813
v 5.3299574851989746 2.0310389995574951 -9.8090553283691406
v 5.2093687057495117 2.2406549453735352 -9.8681106567382813
v 5.2093687057495117 2.2406549453735352 -9.8090553283691406
v 5.2093687057495117 2.2406549453735352 -9.8681106567382813
v 5.2093687057495117 2.2406549453735352 -9.8090553283691406
v 5.0955824851989746 2.4539783000946045 -9.8681106567382813
v 5.0955824851989746 2.4539783000946045 -9.8090553283691406
v 5.0955824851989746 2.4539783000946045 -9.8681106567382813
v 5.0955824851989746 2.4539783000946045 -9.8090553283691406
v 5.0414695739746094 2.5619561672210693 -9.8681106567382813
v 5.0414695739746094 2.5619561672210693 -9.8090553283691406
v 5.0414695739746094 2.5619561672210693 -9.8681106567382813
v 5.0414695739746094 2.5619561672210693 -9.8090553283691406
v 4.9893326759338379 2.6707720756530762 -9.8681106567382813
v 4.9893326759338379 2.6707720756530762 -9.8090553283691406
v 4.9893326759338379 2.6707720756530762 -9.8681106567382813
v 4.9893326759338379 2.6707720756530762 -9.8090553283691406
v 4.9392638206481934 2.7803962230682373 -9.8681106567382813
v 4.9392638206481934 2.7803962230682373 -9.8090553283691406
v 4.9392638206481934 2.7803962230682373 -9.8681106567382813
v 4.9392638206481934 2.7803962230682373 -9.8090553283691406
v 4.8913540840148926 2.8907990455627441 -9.8681106567382813
v 4.8913540840148926 2.8907990455627441 -9.8090553283691406
v 4.8913540840148926 2.8907990455627441 -9.8681106567382813
v 4.8913540840148926 2.8907990455627441 -9.8090553283691406
v 4.845695972442627 3.001950740814209 -9.8681106567382813
v 4.845695972442627 3.001950740814209 -9.8090553283691406
v 4.845695972442627 3.001950740814209 -9.8681106567382813
v 4.845695972442627 3.001950740814209 -9.8090553283691406
v 4.8023805618286133 3.1138219833374023 -9.8681106567382813
v 4.8023805618286133 3.1138219833374023 -9.8090553283691406
v 4.8023805618286133 3.1138219833374023 -9.8681106567382813
v 4.8023805618286133 3.1138219833374023 -9.8090553283691406
v 4.761500358581543 3.2263827323913574 -9.8681106567382813
v 4.761500358581543 3.2263827323913574 -9.8090553283691406
v 4.761500358581543 3.2263827323913574 -9.8681106567382813
v 4.761500358581543 3.2263827323913574 -9.8090553283691406
v 4.7231464385986328 3.3396036624908447 -9.8681106567382813
v 4.7231464385986328 3.3396036624908447 -9.8090553283691406
v 4.7231464385986328 3.3396036624908447 -9.8681106567382813
v 4.7231464385986328 3.3396036624908447 -9.8090553283691406
v 4.687410831451416 3.4534549713134766 -9.8681106567382813
v 4.687410831451416 3.4534549713134766 -9.8090553283691406
v 4.687410831451416 3.4534549713134766 -9.8681106567382813
v 4.687410831451416 3.4534549713134766 -9.8090553283691406
v 4.6543850898742676 3.5679073333740234 -9.8681106567382813
v 4.6543850898742676 3.5679073333740234 -9.8090553283691406
v 4.6543850898742676 3.5679073333740234 -9.8681106567382813
v 4.6543850898742676 3.5679073333740234 -9.8090553283691406
v 4.6241617202758789 3.6829307079315186 -9.8681106567382813
v 4.6241617202758789 3.6829307079315186 -9.8090553283691406
v 4.6241617202758789 3.6829307079315186 -9.8681106567382813
v 4.6241617202758789 3.6829307079315186 -9.8090553283691406
v 4.5968313217163086 3.7984955310821533 -9.8681106567382813
v 4.5968313217163086 3.7984955310821533 -9.8090553283691406
v 4.5968313217163086 3.7984955310821533 -9.8681106567382813
v 4.5968313217163086 3.7984955310821533 -9.8090553283691406
v 4.5724868774414063 3.9145722389221191 -9.8681106567382813
v 4.5724868774414063 3.9145722389221191 -9.8090553283691406
v 4.5724868774414063 3.9145722389221191 -9.8681106567382813
v 4.5724868774414063 3.9145722389221191 -9.8090553283691406
v 4.5512194633483887 4.0311312675476074 -9.8681106567382813
v 4.5512194633483887 4.0311312675476074 -9.8090553283691406
v 4.5512194633483887 4.0311312675476074 -9.8681106567382813
v 4.5512194633483887 4.0311312675476074 -9.8090553283691406
v 4.5331206321716309 4.1481428146362305 -9.8681106567382813
v 4.5331206321716309 4.1481428146362305 -9.8090553283691406
v 4.5331206321716309 4.1481428146362305 -9.8681106567382813
v 4.5331206321716309 4.1481428146362305 -9.8090553283691406
v 4.5182828903198242 4.2655768394470215 -9.8681106567382813
v 4.5182828903198242 4.2655768394470215 -9.8090553283691406
v 4.5182828903198242 4.2655768394470215 -9.8681106567382813
v 4.5182828903198242 4.2655768394470215 -9.8090553283691406
v 4.5067973136901855 4.3834047317504883 -9.8681106567382813
v 4.5067973136901855 4.3834047317504883 -9.8090553283691406
v 4.5067973136901855 4.3834047317504883 -9.8681106567382813
v 4.5067973136901855 4.3834047317504883 -9.8090553283691406
v 4.498755931854248 4.5015964508056641 -9.8681106567382813
v 4.498755931854248 4.5015964508056641 -9.8090553283691406
v 4.498755931854248 4.5015964508056641 -9.8681106567382813
v 4.498755931854248 4.5015964508056641 -9.8090553283691406
v 4.4942507743835449 4.6201214790344238 -9.8681106567382813
v 4.4942507743835449 4.6201214790344238 -9.8090553283691406
v 4.4942507743835449 4.6201214790344238 -9.8681106567382813
v 4.4942507743835449 4.6201214790344238 -9.8090553283691406
v 4.4933733940124512 4.7389512062072754 -9.8681106567382813
v 4.4933733940124512 4.7389512062072754 -9.8090553283691406
v 4.4933733940124512 4.7389512062072754 -9.8681106567382813
v 4.4933733940124512 4.7389512062072754 -9.8090553283691406
v 4.4962153434753418 4.8580560684204102 -9.8681106567382813
v 4.4962153434753418 4.8580560684204102 -9.8090553283691406
v 4.4962153434753418 4.8580560684204102 -9.8681106567382813
v 4.4962153434753418 4.8580560684204102 -9.8090553283691406
v 4.50286865234375 4.9774055480957031 -9.8681106567382813
v 4.50286865234375 4.9774055480957031 -9.8090553283691406
v 4.50286865234375 4.9774055480957031 -9.8681106567382813
v 4.50286865234375 4.9774055480957031 -9.8090553283691406
v 4.5134248733520508 5.0969705581665039 -9.8681106567382813
v 4.5134248733520508 5.0969705581665039 -9.8090553283691406
v 4.5134248733520508 5.0969705581665039 -9.8681106567382813
v 4.5134248733520508 5.0969705581665039 -9.8090553283691406
v 4.5279760360717773 5.2167215347290039 -9.8681106567382813
v 4.5279760360717773 5.2167215347290039 -9.8090553283691406
v 4.5279760360717773 5.2167215347290039 -9.8681106567382813
v 4.5279760360717773 5.2167215347290039 -9.8090553283691406
v 4.5278120040893555 5.2167024612426758 -9.8681106567382813
v 4.5278120040893555 5.2167024612426758 -9.8090553283691406
v 4.5273218154907227 5.2166461944580078 -9.8681106567382813
v 4.5273218154907227 5.2166461944580078 -9.8090553283691406
v 4.5253720283508301 5.2164273262023926 -9.8681106567382813
v 4.5253720283508301 5.2164273262023926 -9.8090553283691406
v 4.5176544189453125 5.215599536895752 -9.8681106567382813
v 4.5176544189453125 5.215599536895752 -9.8090553283691406
v 4.4874510765075684 5.2126736640930176 -9.8681106567382813
v 4.4874510765075684 5.2126736640930176 -9.8090553283691406
v 4.4874510765075684 5.2126736640930176 -9.8681106567382813
v 4.4874510765075684 5.2126736640930176 -9.8090553283691406
v 4.3719654083251953 5.2040438652038574 -9.8681106567382813
v 4.3719654083251953 5.2040438652038574 -9.8090553283691406
v 4.3719654083251953 5.2040438652038574 -9.8681106567382813
v 4.3719654083251953 5.2040438652038574 -9.8090553283691406
v 4.1906547546386719 5.1961045265197754 -9.8681106567382813
v 4.1906547546386719 5.1961045265197754 -9.8090553283691406
v 4.1906547546386719 5.1961045265197754 -9.8681106567382813
v 4.1906547546386719 5.1961045265197754 -9.8090553283691406
v 4.0781698226928711 5.1940412521362305 -9.8681106567382813
v 4.0781698226928711 5.1940412521362305 -9.8090553283691406
v 4.0781698226928711 5.1940412521362305 -9.8681106567382813
v 4.0781698226928711 5.1940412521362305 -9.8090553283691406
v 3.9526543617248535 5.1941275596618652 -9.8681106567382813
v 3.9526543617248535 5.1941275596618652 -9.8090553283691406
v 3.9526543617248535 5.1941275596618652 -9.8681106567382813
v 3.9526543617248535 5.1941275596618652 -9.8090553283691406
v 3.8152501583099365 5.1970219612121582 -9.8681106567382813
v 3.8152501583099365 5.1970219612121582 -9.8090553283691406
v 3.8152501583099365 5.1970219612121582 -9.8681106567382813
v 3.8152501583099365 5.1970219612121582 -9.8090553283691406
v 3.6670987606048584 5.2033839225769043 -9.8681106567382813
v 3.6670987606048584 5.2033839225769043 -9.8090553283691406
v 3.6670987606048584 5.2033839225769043 -9.8681106567382813
v 3.6670987606048584 5.2033839225769043 -9.8090553283691406
v 3.5093426704406738 5.2138724327087402 -9.8681106567382813
v 3.5093426704406738 5.2138724327087402 -9.8090553283691406
v 3.5093426704406738 5.2138724327087402 -9.8681106567382813
v 3.5093426704406738 5.2138724327087402 -9.8090553283691406
v 3.3431234359741211 5.2291464805603027 -9.8681106567382813
v 3.3431234359741211 5.2291464805603027 -9.8090553283691406
v 3.3431234359741211 5.2291464805603027 -9.8681106567382813
v 3.3431234359741211 5.2291464805603027 -9.8090553283691406
v 3.1695830821990967 5.2498650550842285 -9.8681106567382813
v 3.1695830821990967 5.2498650550842285 -9.8090553283691406
v 3.1695830821990967 5.2498650550842285 -9.8681106567382813
v 3.1695830821990967 5.2498650550842285 -9.8090553283691406
v 2.989863395690918 5.2766866683959961 -9.8681106567382813
v 2.989863395690918 5.2766866683959961 -9.8090553283691406
v 2.989863395690918 5.2766866683959961 -9.8681106567382813
v 2.989863395690918 5.2766866683959961 -9.8090553283691406
v 2.8051061630249023 5.3102703094482422 -9.8681106567382813
v 2.8051061630249023 5.3102703094482422 -9.8090553283691406
v 2.8051061630249023 5.3102703094482422 -9.8681106567382813
v 2.8051061630249023 5.3102703094482422 -9.8090553283691406
v 2.7111954689025879 5.3298044204711914 -9.8681106567382813
v 2.7111954689025879 5.3298044204711914 -9.8090553283691406
v 2.7111954689025879 5.3298044204711914 -9.8681106567382813
v 2.7111954689025879 5.3298044204711914 -9.8090553283691406
v 2.6164536476135254 5.3512754440307617 -9.8681106567382813
v 2.6164536476135254 5.3512754440307617 -9.8090553283691406
v 2.6164536476135254 5.3512754440307617 -9.8681106567382813
v 2.6164536476135254 5.3512754440307617 -9.8090553283691406
v 2.5210232734680176 5.3747673034667969 -9.8681106567382813
v 2.5210232734680176 5.3747673034667969 -9.8090553283691406
v 2.5210232734680176 5.3747673034667969 -9.8681106567382813
v 2.5210232734680176 5.3747673034667969 -9.8090553283691406
v 2.4250473976135254 5.4003610610961914 -9.8681106567382813
v 2.4250473976135254 5.4003610610961914 -9.8090553283691406
v 2.4250473976135254 5.4003610610961914 -9.8681106567382813
v 2.4250473976135254 5.4003610610961914 -9.8090553283691406
v 2.3286683559417725 5.4281401634216309 -9.8681106567382813
v 2.3286683559417725 5.4281401634216309 -9.8090553283691406
v 2.3286683559417725 5.4281401634216309 -9.8681106567382813
v 2.3286683559417725 5.4281401634216309 -9.8090553283691406
v 2.2320291996002197 5.458186149597168 -9.8681106567382813
v 2.2320291996002197 5.458186149597168 -9.8090553283691406
v 2.2320291996002197 5.458186149597168 -9.8681106567382813
v 2.2320291996002197 5.458186149597168 -9.8090553283691406
v 2.135272741317749 5.4905815124511719 -9.8681106567382813
v 2.135272741317749 5.4905815124511719 -9.8090553283691406
v 2.135272741317749 5.4905815124511719 -9.8681106567382813
v 2.135272741317749 5.4905815124511719 -9.8090553283691406
v 2.038541316986084 5.5254092216491699 -9.8681106567382813
v 2.038541316986084 5.5254092216491699 -9.8090553283691406
v 2.038541316986084 5.5254092216491699 -9.8681106567382813
v 2.038541316986084 5.5254092216491699 -9.8090553283691406
v 1.9419780969619751 5.5627508163452148 -9.8681106567382813
v 1.9419780969619751 5.5627508163452148 -9.8090553283691406
v 1.9419780969619751 5.5627508163452148 -9.8681106567382813
v 1.9419780969619751 5.5627508163452148 -9.8090553283691406
v 1.8457255363464355 5.602689266204834 -9.8681106567382813
v 1.8457255363464355 5.602689266204834 -9.8090553283691406
v 1.8457255363464355 5.602689266204834 -9.8681106567382813
v 1.8457255363464355 5.602689266204834 -9.8090553283691406
v 1.7499264478683472 5.6453065872192383 -9.8681106567382813
v 1.7499264478683472 5.6453065872192383 -9.8090553283691406
v 1.7499264478683472 5.6453065872192383 -9.8681106567382813
v 1.7499264478683472 5.6453065872192383 -9.8090553283691406
v 1.6547235250473022 5.6906857490539551 -9.8681106567382813
v 1.6547235250473022 5.6906857490539551 -9.8090553283691406
v 1.6547235250473022 5.6906857490539551 -9.8681106567382813
v 1.6547235250473022 5.6906857490539551 -9.8090553283691406
v 1.5602596998214722 5.7389082908630371 -9.8681106567382813
v 1.5602596998214722 5.7389082908630371 -9.8090553283691406
v 1.5602596998214722 5.7389082908630371 -9.8681106567382813
v 1.5602596998214722 5.7389082908630371 -9.8090553283691406
v 1.4666774272918701 5.7900571823120117 -9.8681106567382813
v 1.4666774272918701 5.7900571823120117 -9.8090553283691406
v 1.4666774272918701 5.7900571823120117 -9.8681106567382813
v 1.4666774272918701 5.7900571823120117 -9.8090553283691406
v 1.3741196393966675 5.8442144393920898 -9.8681106567382813
v 1.3741196393966675 5.8442144393920898 -9.8090553283691406
v 1.3741196393966675 5.8442144393920898 -9.8681106567382813
v 1.3741196393966675 5.8442144393920898 -9.8090553283691406
v 1.282728910446167 5.9014630317687988 -9.8681106567382813
v 1.282728910446167 5.9014630317687988 -9.8090553283691406
v 1.282728910446167 5.9014630317687988 -9.8681106567382813
v 1.282728910446167 5.9014630317687988 -9.8090553283691406
v 1.19264817237854 5.9618844985961914 -9.8681106567382813
v 1.19264817237854 5.9618844985961914 -9.8090553283691406
v 1.19264817237854 5.9618844985961914 -9.8681106567382813
v 1.19264817237854 5.9618844985961914 -9.8090553283691406
v 1.1040199995040894 6.0255618095397949 -9.8681106567382813
v 1.1040199995040894 6.0255618095397949 -9.8090553283691406
v 1.1040199995040894 6.0255618095397949 -9.8681106567382813
v 1.1040199995040894 6.0255618095397949 -9.8090553283691406
v 1.0169873237609863 6.0925769805908203 -9.8681106567382813
v 1.0169873237609863 6.0925769805908203 -9.8090553283691406
v 1.0169873237609863 6.0925769805908203 -9.8681106567382813
v 1.0169873237609863 6.0925769805908203 -9.8090553283691406
v 0.93169260025024414 6.1630125045776367 -9.8681106567382813
v 0.93169260025024414 6.1630125045776367 -9.8090553283691406
v 0.93169260025024414 6.1630125045776367 -9.8681106567382813
v 0.93169260025024414 6.1630125045776367 -9.8090553283691406
v 0.88974165916442871 6.1995387077331543 -9.8681106567382813
v 0.88974165916442871 6.1995387077331543 -9.8090553283691406
v 0.88974165916442871 6.1995387077331543 -9.8681106567382813
v 0.88974165916442871 6.1995387077331543 -9.8090553283691406
v 0.84827876091003418 6.2369508743286133 -9.8681106567382813
v 0.84827876091003418 6.2369508743286133 -9.8090553283691406
v 0.84827876091003418 6.2369508743286133 -9.8681106567382813
v 0.84827876091003418 6.2369508743286133 -9.8090553283691406
v 0.80732178688049316 6.2752594947814941 -9.8681106567382813
v 0.80732178688049316 6.2752594947814941 -9.8090553283691406
v 0.80732178688049316 6.2752594947814941 -9.8681106567382813
v 0.80732178688049316 6.2752594947814941 -9.8090553283691406
v 0.76688849925994873 6.3144745826721191 -9.8681106567382813
v 0.76688849925994873 6.3144745826721191 -9.8090553283691406
v 0.76688849925994873 6.3144745826721191 -9.8681106567382813
v 0.76688849925994873 6.3144745826721191 -9.8090553283691406
v 0.72699683904647827 6.3546066284179688 -9.8681106567382813
v 0.72699683904647827 6.3546066284179688 -9.8090553283691406
v 0.72699683904647827 6.3546066284179688 -9.8681106567382813
v 0.72699683904647827 6.3546066284179688 -9.8090553283691406
v 0.68766456842422485 6.3956656455993652 -9.8681106567382813
v 0.68766456842422485 6.3956656455993652 -9.8090553283691406
v 0.68766456842422485 6.3956656455993652 -9.8681106567382813
v 0.68766456842422485 6.3956656455993652 -9.8090553283691406
v 0.64890956878662109 6.4376621246337891 -9.8681106567382813
v 0.64890956878662109 6.4376621246337891 -9.8090553283691406
v 0.64890956878662109 6.4376621246337891 -9.8681106567382813
v 0.64890956878662109 6.4376621246337891 -9.8090553283691406
v 0.61074966192245483 6.4806065559387207 -9.8681106567382813
v 0.61074966192245483 6.4806065559387207 -9.8090553283691406
v 0.61074966192245483 6.4806065559387207 -9.8681106567382813
v 0.61074966192245483 6.4806065559387207 -9.8090553283691406
v 0.57320272922515869 6.5245089530944824 -9.8681106567382813
v 0.57320272922515869 6.5245089530944824 -9.8090553283691406
v 0.57320272922515869 6.5245089530944824 -9.8681106567382813
v 0.57320272922515869 6.5245089530944824 -9.8090553283691406
v 0.53628653287887573 6.5693798065185547 -9.8681106567382813
v 0.53628653287887573 6.5693798065185547 -9.8090553283691406
v 0.53628653287887573 6.5693798065185547 -9.8681106567382813
v 0.53628653287887573 6.5693798065185547 -9.8090553283691406
v 0.50001901388168335 6.6152291297912598 -9.8681106567382813
v 0.50001901388168335 6.6152291297912598 -9.8090553283691406
v 0.50001901388168335 6.6152291297912598 -9.8681106567382813
v 0.50001901388168335 6.6152291297912598 -9.8090553283691406
v 0.46441793441772461 6.6620674133300781 -9.8681106567382813
v 0.46441793441772461 6.6620674133300781 -9.8090553283691406
v 0.46441793441772461 6.6620674133300781 -9.8681106567382813
v 0.46441793441772461 6.6620674133300781 -9.8090553283691406
v 0.42950117588043213 6.7099051475524902 -9.8681106567382813
v 0.42950117588043213 6.7099051475524902 -9.8090553283691406
v 0.42950117588043213 6.7099051475524902 -9.8681106567382813
v 0.42950117588043213 6.7099051475524902 -9.8090553283691406
v 0.39528658986091614 6.7587523460388184 -9.8681106567382813
v 0.39528658986091614 6.7587523460388184 -9.8090553283691406
v 0.39528658986091614 6.7587523460388184 -9.8681106567382813
v 0.39528658986091614 6.7587523460388184 -9.8090553283691406
v 0.36179196834564209 6.8086190223693848 -9.8681106567382813
v 0.36179196834564209 6.8086190223693848 -9.8090553283691406
v 0.36179196834564209 6.8086190223693848 -9.8681106567382813
v 0.36179196834564209 6.8086190223693848 -9.8090553283691406
v 0.32903522253036499 6.8595161437988281 -9.8681106567382813
v 0.32903522253036499 6.8595161437988281 -9.8090553283691406
v 0.32903522253036499 6.8595161437988281 -9.8681106567382813
v 0.32903522253036499 6.8595161437988281 -9.8090553283691406
v 0.29703414440155029 6.9114537239074707 -9.8681106567382813
v 0.29703414440155029 6.9114537239074707 -9.8090553283691406
v 0.29703414440155029 6.9114537239074707 -9.8681106567382813
v 0.29703414440155029 6.9114537239074707 -9.8090553283691406
v 0.26580658555030823 6.964442253112793 -9.8681106567382813
v 0.26580658555030823 6.964442253112793 -9.8090553283691406
v 0.26580658555030823 6.964442253112793 -9.8681106567382813
v 0.26580658555030823 6.964442253112793 -9.8090553283691406
v 0.23537038266658783 7.0184917449951172 -9.8681106567382813
v 0.23537038266658783 7.0184917449951172 -9.8090553283691406
v 0.23537038266658783 7.0184917449951172 -9.8681106567382813
v 0.23537038266658783 7.0184917449951172 -9.8090553283691406
v 0.20574340224266052 7.0736122131347656 -9.8681106567382813
v 0.20574340224266052 7.0736122131347656 -9.8090553283691406
v 0.20574340224266052 7.0736122131347656 -9.8681106567382813
v 0.20574340224266052 7.0736122131347656 -9.8090553283691406
v 0.17694346606731415 7.129814624786377 -9.8681106567382813
v 0.17694346606731415 7.129814624786377 -9.8090553283691406
v 0.17694346606731415 7.129814624786377 -9.8681106567382813
v 0.17694346606731415 7.129814624786377 -9.8090553283691406
v 0.14898841083049774 7.1871089935302734 -9.8681106567382813
v 0.14898841083049774 7.1871089935302734 -9.8090553283691406
v 0.14898841083049774 7.1871089935302734 -9.8681106567382813
v 0.14898841083049774 7.1871089935302734 -9.8090553283691406
v 0.12189610302448273 7.2455053329467773 -9.8681106567382813
v 0.12189610302448273 7.2455053329467773 -9.8090553283691406
v 0.12189610302448273 7.2455053329467773 -9.8681106567382813
v 0.12189610302448273 7.2455053329467773 -9.8090553283691406
v 0.095684364438056946 7.3050141334533691 -9.8681106567382813
v 0.095684364438056946 7.3050141334533691 -9.8090553283691406
v 0.095684364438056946 7.3050141334533691 -9.8681106567382813
v 0.095684364438056946 7.3050141334533691 -9.8090553283691406
v 0.070371039211750031 7.3656458854675293 -9.8681106567382813
v 0.070371039211750031 7.3656458854675293 -9.8090553283691406
v 0.070371039211750031 7.3656458854675293 -9.8681106567382813
v 0.070371039211750031 7.3656458854675293 -9.8090553283691406
v 0.045973978936672211 7.4274106025695801 -9.8681106567382813
v 0.045973978936672211 7.4274106025695801 -9.8090553283691406
v 0.045973978936672211 7.4274106025695801 -9.8681106567382813
v 0.045973978936672211 7.4274106025695801 -9.8090553283691406
v 0.022511018440127373 7.490318775177002 -9.8681106567382813
v 0.022511018440127373 7.490318775177002 -9.8090553283691406
v 0.022511018440127373 7.490318775177002 -9.8681106567382813
v 0.022511018440127373 7.490318775177002 -9.8090553283691406
v 0 7.5543808937072754 -9.8681106567382813
v 0 7.5543808937072754 -9.8090553283691406
v 0 7.5543808937072754 -9.8681106567382813
v 0 7.5543808937072754 -9.8090553283691406
v -3.0813760531600565E-05 7.5542030334472656 -9.8681106567382813
v -3.0813760531600565E-05 7.5542030334472656 -9.8090553283691406
v -0.00012416730169206858 7.5536723136901855 -9.8681106567382813
v -0.00012416730169206858 7.5536723136901855 -9.8090553283691406
v -0.00050396722508594394 7.5515623092651367 -9.8681106567382813
v -0.00050396722508594394 7.5515623092651367 -9.8090553283691406
v -0.0020742530468851328 7.543238639831543 -9.8681106567382813
v -0.0020742530468851328 7.543238639831543 -9.8090553283691406
v -0.0087640844285488129 7.5108642578125 -9.8681106567382813
v -0.0087640844285488129 7.5108642578125 -9.8090553283691406
v -0.0087640844285488129 7.5108642578125 -9.8681106567382813
v -0.0087640844285488129 7.5108642578125 -9.8090553283691406
v -0.020770104601979256 7.458836555480957 -9.8681106567382813
v -0.020770104601979256 7.458836555480957 -9.8090553283691406
v -0.020770104601979256 7.458836555480957 -9.8681106567382813
v -0.020770104601979256 7.458836555480957 -9.8090553283691406
v -0.038792919367551804 7.3887338638305664 -9.8681106567382813
v -0.038792919367551804 7.3887338638305664 -9.8090553283691406
v -0.038792919367551804 7.3887338638305664 -9.8681106567382813
v -0.038792919367551804 7.3887338638305664 -9.8090553283691406
v -0.06353314220905304 7.3021349906921387 -9.8681106567382813
v -0.06353314220905304 7.3021349906921387 -9.8090553283691406
v -0.06353314220905304 7.3021349906921387 -9.8681106567382813
v -0.06353314220905304 7.3021349906921387 -9.8090553283691406
v -0.095691382884979248 7.2006182670593262 -9.8681106567382813
v -0.095691382884979248 7.2006182670593262 -9.8090553283691406
v -0.095691382884979248 7.2006182670593262 -9.8681106567382813
v -0.095691382884979248 7.2006182670593262 -9.8090553283691406
v -0.13596823811531067 7.0857625007629395 -9.8681106567382813
v -0.13596823811531067 7.0857625007629395 -9.8090553283691406
v -0.13596823811531067 7.0857625007629395 -9.8681106567382813
v -0.13596823811531067 7.0857625007629395 -9.8090553283691406
v -0.18506434559822083 6.9591460227966309 -9.8681106567382813
v -0.18506434559822083 6.9591460227966309 -9.8090553283691406
v -0.18506434559822083 6.9591460227966309 -9.8681106567382813
v -0.18506434559822083 6.9591460227966309 -9.8090553283691406
v -0.21313853561878204 6.8919215202331543 -9.8681106567382813
v -0.21313853561878204 6.8919215202331543 -9.8090553283691406
v -0.21313853561878204 6.8919215202331543 -9.8681106567382813
v -0.21313853561878204 6.8919215202331543 -9.8090553283691406
v -0.24368028342723846 6.8223481178283691 -9.8681106567382813
v -0.24368028342723846 6.8223481178283691 -9.8090553283691406
v -0.24368028342723846 6.8223481178283691 -9.8681106567382813
v -0.24368028342723846 6.8223481178283691 -9.8090553283691406
v -0.27677711844444275 6.7506241798400879 -9.8681106567382813
v -0.27677711844444275 6.7506241798400879 -9.8090553283691406
v -0.27677711844444275 6.7506241798400879 -9.8681106567382813
v -0.27677711844444275 6.7506241798400879 -9.8090553283691406
v -0.31251665949821472 6.6769471168518066 -9.8681106567382813
v -0.31251665949821472 6.6769471168518066 -9.8090553283691406
v -0.31251665949821472 6.6769471168518066 -9.8681106567382813
v -0.31251665949821472 6.6769471168518066 -9.8090553283691406
v -0.35098648071289063 6.6015133857727051 -9.8681106567382813
v -0.35098648071289063 6.6015133857727051 -9.8090553283691406
v -0.35098648071289063 6.6015133857727051 -9.8681106567382813
v -0.35098648071289063 6.6015133857727051 -9.8090553283691406
v -0.39227411150932312 6.5245213508605957 -9.8681106567382813
v -0.39227411150932312 6.5245213508605957 -9.8090553283691406
v -0.39227411150932312 6.5245213508605957 -9.8681106567382813
v -0.39227411150932312 6.5245213508605957 -9.8090553283691406
v -0.43646720051765442 6.4461674690246582 -9.8681106567382813
v -0.43646720051765442 6.4461674690246582 -9.8090553283691406
v -0.43646720051765442 6.4461674690246582 -9.8681106567382813
v -0.43646720051765442 6.4461674690246582 -9.8090553283691406
v -0.48365324735641479 6.3666496276855469 -9.8681106567382813
v -0.48365324735641479 6.3666496276855469 -9.8090553283691406
v -0.48365324735641479 6.3666496276855469 -9.8681106567382813
v -0.48365324735641479 6.3666496276855469 -9.8090553283691406
v -0.53391987085342407 6.2861647605895996 -9.8681106567382813
v -0.53391987085342407 6.2861647605895996 -9.8090553283691406
v -0.53391987085342407 6.2861647605895996 -9.8681106567382813
v -0.53391987085342407 6.2861647605895996 -9.8090553283691406
v -0.58735466003417969 6.2049102783203125 -9.8681106567382813
v -0.58735466003417969 6.2049102783203125 -9.8090553283691406
v -0.58735466003417969 6.2049102783203125 -9.8681106567382813
v -0.58735466003417969 6.2049102783203125 -9.8090553283691406
v -0.64404511451721191 6.1230835914611816 -9.8681106567382813
v -0.64404511451721191 6.1230835914611816 -9.8090553283691406
v -0.64404511451721191 6.1230835914611816 -9.8681106567382813
v -0.64404511451721191 6.1230835914611816 -9.8090553283691406
v -0.70407891273498535 6.0408821105957031 -9.8681106567382813
v -0.70407891273498535 6.0408821105957031 -9.8090553283691406
v -0.70407891273498535 6.0408821105957031 -9.8681106567382813
v -0.70407891273498535 6.0408821105957031 -9.8090553283691406
v -0.76754361391067505 5.958503246307373 -9.8681106567382813
v -0.76754361391067505 5.958503246307373 -9.8090553283691406
v -0.76754361391067505 5.958503246307373 -9.8681106567382813
v -0.76754361391067505 5.958503246307373 -9.8090553283691406
v -0.83452671766281128 5.8761439323425293 -9.8681106567382813
v -0.83452671766281128 5.8761439323425293 -9.8090553283691406
v -0.83452671766281128 5.8761439323425293 -9.8681106567382813
v -0.83452671766281128 5.8761439323425293 -9.8090553283691406
v -0.90511584281921387 5.7940020561218262 -9.8681106567382813
v -0.90511584281921387 5.7940020561218262 -9.8090553283691406
v -0.90511584281921387 5.7940020561218262 -9.8681106567382813
v -0.90511584281921387 5.7940020561218262 -9.8090553283691406
v -0.97939860820770264 5.7122740745544434 -9.8681106567382813
v -0.97939860820770264 5.7122740745544434 -9.8090553283691406
v -0.97939860820770264 5.7122740745544434 -9.8681106567382813
v -0.97939860820770264 5.7122740745544434 -9.8090553283691406
v -1.0574625730514526 5.6311583518981934 -9.8681106567382813
v -1.0574625730514526 5.6311583518981934 -9.8090553283691406
v -1.0574625730514526 5.6311583518981934 -9.8681106567382813
v -1.0574625730514526 5.6311583518981934 -9.8090553283691406
v -1.1393952369689941 5.5508513450622559 -9.8681106567382813
v -1.1393952369689941 5.5508513450622559 -9.8090553283691406
v -1.1393952369689941 5.5508513450622559 -9.8681106567382813
v -1.1393952369689941 5.5508513450622559 -9.8090553283691406
v -1.225284218788147 5.4715509414672852 -9.8681106567382813
v -1.225284218788147 5.4715509414672852 -9.8090553283691406
v -1.225284218788147 5.4715509414672852 -9.8681106567382813
v -1.225284218788147 5.4715509414672852 -9.8090553283691406
v -1.315217137336731 5.3934545516967773 -9.8681106567382813
v -1.315217137336731 5.3934545516967773 -9.8090553283691406
v -1.315217137336731 5.3934545516967773 -9.8681106567382813
v -1.315217137336731 5.3934545516967773 -9.8090553283691406
v -1.4092816114425659 5.3167586326599121 -9.8681106567382813
v -1.4092816114425659 5.3167586326599121 -9.8090553283691406
v -1.4092816114425659 5.3167586326599121 -9.8681106567382813
v -1.4092816114425659 5.3167586326599121 -9.8090553283691406
v -1.5075650215148926 5.241661548614502 -9.8681106567382813
v -1.5075650215148926 5.241661548614502 -9.8090553283691406
v -1.5075650215148926 5.241661548614502 -9.8681106567382813
v -1.5075650215148926 5.241661548614502 -9.8090553283691406
v -1.6101551055908203 5.1683597564697266 -9.8681106567382813
v -1.6101551055908203 5.1683597564697266 -9.8090553283691406
v -1.6101551055908203 5.1683597564697266 -9.8681106567382813
v -1.6101551055908203 5.1683597564697266 -9.8090553283691406
v -1.7171394824981689 5.0970516204833984 -9.8681106567382813
v -1.7171394824981689 5.0970516204833984 -9.8090553283691406
v -1.7171394824981689 5.0970516204833984 -9.8681106567382813
v -1.7171394824981689 5.0970516204833984 -9.8090553283691406
v -1.8286055326461792 5.0279335975646973 -9.8681106567382813
v -1.8286055326461792 5.0279335975646973 -9.8090553283691406
v -1.8286055326461792 5.0279335975646973 -9.8681106567382813
v -1.8286055326461792 5.0279335975646973 -9.8090553283691406
v -1.9446409940719604 4.9612030982971191 -9.8681106567382813
v -1.9446409940719604 4.9612030982971191 -9.8090553283691406
v -1.9446409940719604 4.9612030982971191 -9.8681106567382813
v -1.9446409940719604 4.9612030982971191 -9.8090553283691406
v -2.065333366394043 4.8970575332641602 -9.8681106567382813
v -2.065333366394043 4.8970575332641602 -9.8090553283691406
v -2.065333366394043 4.8970575332641602 -9.8681106567382813
v -2.065333366394043 4.8970575332641602 -9.8090553283691406
v -2.1907703876495361 4.8356947898864746 -9.8681106567382813
v -2.1907703876495361 4.8356947898864746 -9.8090553283691406
v -2.1907703876495361 4.8356947898864746 -9.8681106567382813
v -2.1907703876495361 4.8356947898864746 -9.8090553283691406
v -2.3210394382476807 4.7773113250732422 -9.8681106567382813
v -2.3210394382476807 4.7773113250732422 -9.8090553283691406
v -2.3210394382476807 4.7773113250732422 -9.8681106567382813
v -2.3210394382476807 4.7773113250732422 -9.8090553283691406
v -2.4562280178070068 4.7221050262451172 -9.8681106567382813
v -2.4562280178070068 4.7221050262451172 -9.8090553283691406
v -2.4562280178070068 4.7221050262451172 -9.8681106567382813
v -2.4562280178070068 4.7221050262451172 -9.8090553283691406
v -2.596423864364624 4.6702728271484375 -9.8681106567382813
v -2.596423864364624 4.6702728271484375 -9.8090553283691406
v -2.596423864364624 4.6702728271484375 -9.8681106567382813
v -2.596423864364624 4.6702728271484375 -9.8090553283691406
v -2.7417147159576416 4.6220126152038574 -9.8681106567382813
v -2.7417147159576416 4.6220126152038574 -9.8090553283691406
v -2.7417147159576416 4.6220126152038574 -9.8681106567382813
v -2.7417147159576416 4.6220126152038574 -9.8090553283691406
v -2.8921878337860107 4.5775208473205566 -9.8681106567382813
v -2.8921878337860107 4.5775208473205566 -9.8090553283691406
v -2.8921878337860107 4.5775208473205566 -9.8681106567382813
v -2.8921878337860107 4.5775208473205566 -9.8090553283691406
v -3.0479309558868408 4.5369958877563477 -9.8681106567382813
v -3.0479309558868408 4.5369958877563477 -9.8090553283691406
v -3.0479309558868408 4.5369958877563477 -9.8681106567382813
v -3.0479309558868408 4.5369958877563477 -9.8090553283691406
v -3.2090315818786621 4.5006341934204102 -9.8681106567382813
v -3.2090315818786621 4.5006341934204102 -9.8090553283691406
v -3.2090315818786621 4.5006341934204102 -9.8681106567382813
v -3.2090315818786621 4.5006341934204102 -9.8090553283691406
v -3.375577449798584 4.4686341285705566 -9.8681106567382813
v -3.375577449798584 4.4686341285705566 -9.8090553283691406
v -3.375577449798584 4.4686341285705566 -9.8681106567382813
v -3.375577449798584 4.4686341285705566 -9.8090553283691406
v -3.5476560592651367 4.4411916732788086 -9.8681106567382813
v -3.5476560592651367 4.4411916732788086 -9.8090553283691406
v -3.5476560592651367 4.4411916732788086 -9.8681106567382813
v -3.5476560592651367 4.4411916732788086 -9.8090553283691406
v -3.7253546714782715 4.4185051918029785 -9.8681106567382813
v -3.7253546714782715 4.4185051918029785 -9.8090553283691406
v -3.7253546714782715 4.4185051918029785 -9.8681106567382813
v -3.7253546714782715 4.4185051918029785 -9.8090553283691406
v -3.9087612628936768 4.4007711410522461 -9.8681106567382813
v -3.9087612628936768 4.4007711410522461 -9.8090553283691406
v -3.9087612628936768 4.4007711410522461 -9.8681106567382813
v -3.9087612628936768 4.4007711410522461 -9.8090553283691406
v -4.0979633331298828 4.3881878852844238 -9.8681106567382813
v -4.0979633331298828 4.3881878852844238 -9.8090553283691406
v -4.0979633331298828 4.3881878852844238 -9.8681106567382813
v -4.0979633331298828 4.3881878852844238 -9.8090553283691406
v -4.2930483818054199 4.3809518814086914 -9.8681106567382813
v -4.2930483818054199 4.3809518814086914 -9.8090553283691406
v -4.2930483818054199 4.3809518814086914 -9.8681106567382813
v -4.2930483818054199 4.3809518814086914 -9.8090553283691406
v -4.4941043853759766 4.3792610168457031 -9.8681106567382813
v -4.4941043853759766 4.3792610168457031 -9.8090553283691406
v -4.4941043853759766 4.3792610168457031 -9.8681106567382813
v -4.4941043853759766 4.3792610168457031 -9.8090553283691406
v -4.7012181282043457 4.3833122253417969 -9.8681106567382813
v -4.7012181282043457 4.3833122253417969 -9.8090553283691406
v -4.7012181282043457 4.3833122253417969 -9.8681106567382813
v -4.7012181282043457 4.3833122253417969 -9.8090553283691406
v -4.9144773483276367 4.393303394317627 -9.8681106567382813
v -4.9144773483276367 4.393303394317627 -9.8090553283691406
v -4.9144773483276367 4.393303394317627 -9.8681106567382813
v -4.9144773483276367 4.393303394317627 -9.8090553283691406
v -5.1339702606201172 4.409430980682373 -9.8681106567382813
v -5.1339702606201172 4.409430980682373 -9.8090553283691406
v -5.1339702606201172 4.409430980682373 -9.8681106567382813
v -5.1339702606201172 4.409430980682373 -9.8090553283691406
v -5.3597841262817383 4.4318928718566895 -9.8681106567382813
v -5.3597841262817383 4.4318928718566895 -9.8090553283691406
v -5.3597841262817383 4.4318928718566895 -9.8681106567382813
v -5.3597841262817383 4.4318928718566895 -9.8090553283691406
v -5.5920062065124512 4.4608864784240723 -9.8681106567382813
v -5.5920062065124512 4.4608864784240723 -9.8090553283691406
v -5.5920062065124512 4.4608864784240723 -9.8681106567382813
v -5.5920062065124512 4.4608864784240723 -9.8090553283691406
v -5.8307247161865234 4.4966087341308594 -9.8681106567382813
v -5.8307247161865234 4.4966087341308594 -9.8090553283691406
v -5.8307247161865234 4.4966087341308594 -9.8681106567382813
v -5.8307247161865234 4.4966087341308594 -9.8090553283691406
v -5.8306879997253418 4.4965295791625977 -9.8681106567382813
v -5.8306879997253418 4.4965295791625977 -9.8090553283691406
v -5.8305802345275879 4.4962902069091797 -9.8681106567382813
v -5.8305802345275879 4.4962902069091797 -9.8090553283691406
v -5.8301544189453125 4.4953322410583496 -9.8681106567382813
v -5.8301544189453125 4.4953322410583496 -9.8090553283691406
v -5.8285069465637207 4.4914817810058594 -9.8681106567382813
v -5.8285069465637207 4.4914817810058594 -9.8090553283691406
v -5.8285069465637207 4.4914817810058594 -9.8681106567382813
v -5.8285069465637207 4.4914817810058594 -9.8090553283691406
v -5.8258776664733887 4.4850254058837891 -9.8681106567382813
v -5.8258776664733887 4.4850254058837891 -9.8090553283691406
v -5.8258776664733887 4.4850254058837891 -9.8681106567382813
v -5.8258776664733887 4.4850254058837891 -9.8090553283691406
v -5.8223614692687988 4.4759316444396973 -9.8681106567382813
v -5.8223614692687988 4.4759316444396973 -9.8090553283691406
v -5.8223614692687988 4.4759316444396973 -9.8681106567382813
v -5.8223614692687988 4.4759316444396973 -9.8090553283691406
v -5.8180532455444336 4.4641695022583008 -9.8681106567382813
v -5.8180532455444336 4.4641695022583008 -9.8090553283691406
v -5.8180532455444336 4.4641695022583008 -9.8681106567382813
v -5.8180532455444336 4.4641695022583008 -9.8090553283691406
v -5.81304931640625 4.44970703125 -9.8681106567382813
v -5.81304931640625 4.44970703125 -9.8090553283691406
v -5.81304931640625 4.44970703125 -9.8681106567382813
v -5.81304931640625 4.44970703125 -9.8090553283691406
v -5.8074436187744141 4.4325127601623535 -9.8681106567382813
v -5.8074436187744141 4.4325127601623535 -9.8090553283691406
v -5.8074436187744141 4.4325127601623535 -9.8681106567382813
v -5.8074436187744141 4.4325127601623535 -9.8090553283691406
v -5.8013319969177246 4.4125552177429199 -9.8681106567382813
v -5.8013319969177246 4.4125552177429199 -9.8090553283691406
v -5.8013319969177246 4.4125552177429199 -9.8681106567382813
v -5.8013319969177246 4.4125552177429199 -9.8090553283691406
v -5.7948098182678223 4.3898029327392578 -9.8681106567382813
v -5.7948098182678223 4.3898029327392578 -9.8090553283691406
v -5.7948098182678223 4.3898029327392578 -9.8681106567382813
v -5.7948098182678223 4.3898029327392578 -9.8090553283691406
v -5.7879714965820313 4.3642244338989258 -9.8681106567382813
v -5.7879714965820313 4.3642244338989258 -9.8090553283691406
v -5.7879714965820313 4.3642244338989258 -9.8681106567382813
v -5.7879714965820313 4.3642244338989258 -9.8090553283691406
v -5.7809128761291504 4.3357882499694824 -9.8681106567382813
v -5.7809128761291504 4.3357882499694824 -9.8090553283691406
v -5.7809128761291504 4.3357882499694824 -9.8681106567382813
v -5.7809128761291504 4.3357882499694824 -9.8090553283691406
v -5.7737288475036621 4.3044624328613281 -9.8681106567382813
v -5.7737288475036621 4.3044624328613281 -9.8090553283691406
v -5.7737288475036621 4.3044624328613281 -9.8681106567382813
v -5.7737288475036621 4.3044624328613281 -9.8090553283691406
v -5.766514778137207 4.2702159881591797 -9.8681106567382813
v -5.766514778137207 4.2702159881591797 -9.8090553283691406
v -5.766514778137207 4.2702159881591797 -9.8681106567382813
v -5.766514778137207 4.2702159881591797 -9.8090553283691406
v -5.7593655586242676 4.2330174446105957 -9.8681106567382813
v -5.7593655586242676 4.2330174446105957 -9.8090553283691406
v -5.7593655586242676 4.2330174446105957 -9.8681106567382813
v -5.7593655586242676 4.2330174446105957 -9.8090553283691406
v -5.7523765563964844 4.1928348541259766 -9.8681106567382813
v -5.7523765563964844 4.1928348541259766 -9.8090553283691406
v -5.7523765563964844 4.1928348541259766 -9.8681106567382813
v -5.7523765563964844 4.1928348541259766 -9.8090553283691406
v -5.7456426620483398 4.1496367454528809 -9.8681106567382813
v -5.7456426620483398 4.1496367454528809 -9.8090553283691406
v -5.7456426620483398 4.1496367454528809 -9.8681106567382813
v -5.7456426620483398 4.1496367454528809 -9.8090553283691406
v -5.7333221435546875 4.0540680885314941 -9.8681106567382813
v -5.7333221435546875 4.0540680885314941 -9.8090553283691406
v -5.7333221435546875 4.0540680885314941 -9.8681106567382813
v -5.7333221435546875 4.0540680885314941 -9.8090553283691406
v -5.7231650352478027 3.9460601806640625 -9.8681106567382813
v -5.7231650352478027 3.9460601806640625 -9.8090553283691406
v -5.7231650352478027 3.9460601806640625 -9.8681106567382813
v -5.7231650352478027 3.9460601806640625 -9.8090553283691406
v -5.7159328460693359 3.8253602981567383 -9.8681106567382813
v -5.7159328460693359 3.8253602981567383 -9.8090553283691406
v -5.7159328460693359 3.8253602981567383 -9.8681106567382813
v -5.7159328460693359 3.8253602981567383 -9.8090553283691406
v -5.7123870849609375 3.6917164325714111 -9.8681106567382813
v -5.7123870849609375 3.6917164325714111 -9.8090553283691406
v -5.7123870849609375 3.6917164325714111 -9.8681106567382813
v -5.7123870849609375 3.6917164325714111 -9.8090553283691406
v -5.7132892608642578 3.5448765754699707 -9.8681106567382813
v -5.7132892608642578 3.5448765754699707 -9.8090553283691406
v -5.7132892608642578 3.5448765754699707 -9.8681106567382813
v -5.7132892608642578 3.5448765754699707 -9.8090553283691406
v -5.7194004058837891 3.3845882415771484 -9.8681106567382813
v -5.7194004058837891 3.3845882415771484 -9.8090553283691406
v -5.7194004058837891 3.3845882415771484 -9.8681106567382813
v -5.7194004058837891 3.3845882415771484 -9.8090553283691406
v -5.7314825057983398 3.2105996608734131 -9.8681106567382813
v -5.7314825057983398 3.2105996608734131 -9.8090553283691406
v -5.7314825057983398 3.2105996608734131 -9.8681106567382813
v -5.7314825057983398 3.2105996608734131 -9.8090553283691406
v -5.7502965927124023 3.0226585865020752 -9.8681106567382813
v -5.7502965927124023 3.0226585865020752 -9.8090553283691406
v -5.7502965927124023 3.0226585865020752 -9.8681106567382813
v -5.7502965927124023 3.0226585865020752 -9.8090553283691406
v -5.776604175567627 2.8205130100250244 -9.8681106567382813
v -5.776604175567627 2.8205130100250244 -9.8090553283691406
v -5.776604175567627 2.8205130100250244 -9.8681106567382813
v -5.776604175567627 2.8205130100250244 -9.8090553283691406
v -5.8111667633056641 2.6039104461669922 -9.8681106567382813
v -5.8111667633056641 2.6039104461669922 -9.8090553283691406
v -5.8111667633056641 2.6039104461669922 -9.8681106567382813
v -5.8111667633056641 2.6039104461669922 -9.8090553283691406
v -5.8547458648681641 2.3725988864898682 -9.8681106567382813
v -5.8547458648681641 2.3725988864898682 -9.8090553283691406
v -5.8547458648681641 2.3725988864898682 -9.8681106567382813
v -5.8547458648681641 2.3725988864898682 -9.8090553283691406
v -5.9081025123596191 2.1263265609741211 -9.8681106567382813
v -5.9081025123596191 2.1263265609741211 -9.8090553283691406
v -5.9081025123596191 2.1263265609741211 -9.8681106567382813
v -5.9081025123596191 2.1263265609741211 -9.8090553283691406
v -5.9719986915588379 1.8648409843444824 -9.8681106567382813
v -5.9719986915588379 1.8648409843444824 -9.8090553283691406
v -5.9719986915588379 1.8648409843444824 -9.8681106567382813
v -5.9719986915588379 1.8648409843444824 -9.8090553283691406
v -6.0471954345703125 1.5878900289535522 -9.8681106567382813
v -6.0471954345703125 1.5878900289535522 -9.8090553283691406
v -6.0471954345703125 1.5878900289535522 -9.8681106567382813
v -6.0471954345703125 1.5878900289535522 -9.8090553283691406
v -6.1344537734985352 1.2952216863632202 -9.8681106567382813
v -6.1344537734985352 1.2952216863632202 -9.8090553283691406
v -6.1344537734985352 1.2952216863632202 -9.8681106567382813
v -6.1344537734985352 1.2952216863632202 -9.8090553283691406
v -6.2345361709594727 0.98658376932144165 -9.8681106567382813
v -6.2345361709594727 0.98658376932144165 -9.8090553283691406
v -6.2345361709594727 0.98658376932144165 -9.8681106567382813
v -6.2345361709594727 0.98658376932144165 -9.8090553283691406
v -6.348203182220459 0.66172415018081665 -9.8681106567382813
v -6.348203182220459 0.66172415018081665 -9.8090553283691406
v -6.348203182220459 0.66172415018081665 -9.8681106567382813
v -6.348203182220459 0.66172415018081665 -9.8090553283691406
v -6.4762167930603027 0.3203907310962677 -9.8681106567382813
v -6.4762167930603027 0.3203907310962677 -9.8090553283691406
v -6.4762167930603027 0.3203907310962677 -9.8681106567382813
v -6.4762167930603027 0.3203907310962677 -9.8090553283691406
v -6.6193380355834961 -0.03766864538192749 -9.8681106567382813
v -6.6193380355834961 -0.03766864538192749 -9.8090553283691406
v -6.6193380355834961 -0.03766864538192749 -9.8681106567382813
v -6.6193380355834961 -0.03766864538192749 -9.8090553283691406
v -6.7783284187316895 -0.41270610690116882 -9.8681106567382813
v -6.7783284187316895 -0.41270610690116882 -9.8090553283691406
v -6.7783284187316895 -0.41270610690116882 -9.8681106567382813
v -6.7783284187316895 -0.41270610690116882 -9.8090553283691406
v -6.9539494514465332 -0.8049737811088562 -9.8681106567382813
v -6.9539494514465332 -0.8049737811088562 -9.8090553283691406
v -6.9539494514465332 -0.8049737811088562 -9.8681106567382813
v -6.9539494514465332 -0.8049737811088562 -9.8090553283691406
v -7.1469626426696777 -1.2147238254547119 -9.8681106567382813
v -7.1469626426696777 -1.2147238254547119 -9.8090553283691406
v -7.1469626426696777 -1.2147238254547119 -9.8681106567382813
v -7.1469626426696777 -1.2147238254547119 -9.8090553283691406
v -7.3581290245056152 -1.6422083377838135 -9.8681106567382813
v -7.3581290245056152 -1.6422083377838135 -9.8090553283691406
v -7.3581290245056152 -1.6422083377838135 -9.8681106567382813
v -7.3581290245056152 -1.6422083377838135 -9.8090553283691406
v -7.5882105827331543 -2.0876796245574951 -9.8681106567382813
v -7.5882105827331543 -2.0876796245574951 -9.8090553283691406
v -7.5882105827331543 -2.0876796245574951 -9.8681106567382813
v -7.5882105827331543 -2.0876796245574951 -9.8090553283691406
v -7.4756326675415039 -1.8924160003662109 -9.8681106567382813
v -7.4756326675415039 -1.8924160003662109 -9.8090553283691406
v -7.4756326675415039 -1.8924160003662109 -9.8681106567382813
v -7.4756326675415039 -1.8924160003662109 -9.8090553283691406
v -7.3168463706970215 -1.6361647844314575 -9.8681106567382813
v -7.3168463706970215 -1.6361647844314575 -9.8090553283691406
v -7.3168463706970215 -1.6361647844314575 -9.8681106567382813
v -7.3168463706970215 -1.6361647844314575 -9.8090553283691406
v -7.2199892997741699 -1.4884133338928223 -9.8681106567382813
v -7.2199892997741699 -1.4884133338928223 -9.8090553283691406
v -7.2199892997741699 -1.4884133338928223 -9.8681106567382813
v -7.2199892997741699 -1.4884133338928223 -9.8090553283691406
v -7.1114187240600586 -1.3293086290359497 -9.8681106567382813
v -7.1114187240600586 -1.3293086290359497 -9.8090553283691406
v -7.1114187240600586 -1.3293086290359497 -9.8681106567382813
v -7.1114187240600586 -1.3293086290359497 -9.8090553283691406
v -6.9910793304443359 -1.1601482629776001 -9.8681106567382813
v -6.9910793304443359 -1.1601482629776001 -9.8090553283691406
v -6.9910793304443359 -1.1601482629776001 -9.8681106567382813
v -6.9910793304443359 -1.1601482629776001 -9.8090553283691406
v -6.8589181900024414 -0.98223024606704712 -9.8681106567382813
v -6.8589181900024414 -0.98223024606704712 -9.8090553283691406
v -6.8589181900024414 -0.98223024606704712 -9.8681106567382813
v -6.8589181900024414 -0.98223024606704712 -9.8090553283691406
v -6.7148804664611816 -0.79685235023498535 -9.8681106567382813
v -6.7148804664611816 -0.79685235023498535 -9.8090553283691406
v -6.7148804664611816 -0.79685235023498535 -9.8681106567382813
v -6.7148804664611816 -0.79685235023498535 -9.8090553283691406
v -6.5589127540588379 -0.60531246662139893 -9.8681106567382813
v -6.5589127540588379 -0.60531246662139893 -9.8090553283691406
v -6.5589127540588379 -0.60531246662139893 -9.8681106567382813
v -6.5589127540588379 -0.60531246662139893 -9.8090553283691406
v -6.3909611701965332 -0.4089084267616272 -9.8681106567382813
v -6.3909611701965332 -0.4089084267616272 -9.8090553283691406
v -6.3909611701965332 -0.4089084267616272 -9.8681106567382813
v -6.3909611701965332 -0.4089084267616272 -9.8090553283691406
v -6.2109708786010742 -0.20893803238868713 -9.8681106567382813
v -6.2109708786010742 -0.20893803238868713 -9.8090553283691406
v -6.2109708786010742 -0.20893803238868713 -9.8681106567382813
v -6.2109708786010742 -0.20893803238868713 -9.8090553283691406
v -6.0188884735107422 -0.0066991685889661312 -9.8681106567382813
v -6.0188884735107422 -0.0066991685889661312 -9.8090553283691406
v -6.0188884735107422 -0.0066991685889661312 -9.8681106567382813
v -6.0188884735107422 -0.0066991685889661312 -9.8090553283691406
v -5.8146600723266602 0.19651034474372864 -9.8681106567382813
v -5.8146600723266602 0.19651034474372864 -9.8090553283691406
v -5.8146600723266602 0.19651034474372864 -9.8681106567382813
v -5.8146600723266602 0.19651034474372864 -9.8090553283691406
v -5.5982317924499512 0.39939263463020325 -9.8681106567382813
v -5.5982317924499512 0.39939263463020325 -9.8090553283691406
v -5.5982317924499512 0.39939263463020325 -9.8681106567382813
v -5.5982317924499512 0.39939263463020325 -9.8090553283691406
v -5.3695487976074219 0.60064989328384399 -9.8681106567382813
v -5.3695487976074219 0.60064989328384399 -9.8090553283691406
v -5.3695487976074219 0.60064989328384399 -9.8681106567382813
v -5.3695487976074219 0.60064989328384399 -9.8090553283691406
v -5.1285581588745117 0.79898422956466675 -9.8681106567382813
v -5.1285581588745117 0.79898422956466675 -9.8090553283691406
v -5.1285581588745117 0.79898422956466675 -9.8681106567382813
v -5.1285581588745117 0.79898422956466675 -9.8090553283691406
v -5.0034298896789551 0.89664977788925171 -9.8681106567382813
v -5.0034298896789551 0.89664977788925171 -9.8090553283691406
v -5.0034298896789551 0.89664977788925171 -9.8681106567382813
v -5.0034298896789551 0.89664977788925171 -9.8090553283691406
v -4.8752050399780273 0.99309784173965454 -9.8681106567382813
v -4.8752050399780273 0.99309784173965454 -9.8090553283691406
v -4.8752050399780273 0.99309784173965454 -9.8681106567382813
v -4.8752050399780273 0.99309784173965454 -9.8090553283691406
v -4.7438755035400391 1.088166356086731 -9.8681106567382813
v -4.7438755035400391 1.088166356086731 -9.8090553283691406
v -4.7438755035400391 1.088166356086731 -9.8681106567382813
v -4.7438755035400391 1.088166356086731 -9.8090553283691406
v -4.6094355583190918 1.1816928386688232 -9.8681106567382813
v -4.6094355583190918 1.1816928386688232 -9.8090553283691406
v -4.6094355583190918 1.1816928386688232 -9.8681106567382813
v -4.6094355583190918 1.1816928386688232 -9.8090553283691406
v -4.4718780517578125 1.2735153436660767 -9.8681106567382813
v -4.4718780517578125 1.2735153436660767 -9.8090553283691406
v -4.4718780517578125 1.2735153436660767 -9.8681106567382813
v -4.4718780517578125 1.2735153436660767 -9.8090553283691406
v -4.3311963081359863 1.363471508026123 -9.8681106567382813
v -4.3311963081359863 1.363471508026123 -9.8090553283691406
v -4.3311963081359863 1.363471508026123 -9.8681106567382813
v -4.3311963081359863 1.363471508026123 -9.8090553283691406
v -4.1873836517333984 1.4513990879058838 -9.8681106567382813
v -4.1873836517333984 1.4513990879058838 -9.8090553283691406
v -4.1873836517333984 1.4513990879058838 -9.8681106567382813
v -4.1873836517333984 1.4513990879058838 -9.8090553283691406
v -4.0404329299926758 1.5371358394622803 -9.8681106567382813
v -4.0404329299926758 1.5371358394622803 -9.8090553283691406
v -4.0404329299926758 1.5371358394622803 -9.8681106567382813
v -4.0404329299926758 1.5371358394622803 -9.8090553283691406
v -3.8903377056121826 1.6205196380615234 -9.8681106567382813
v -3.8903377056121826 1.6205196380615234 -9.8090553283691406
v -3.8903377056121826 1.6205196380615234 -9.8681106567382813
v -3.8903377056121826 1.6205196380615234 -9.8090553283691406
v -3.7370913028717041 1.7013881206512451 -9.8681106567382813
v -3.7370913028717041 1.7013881206512451 -9.8090553283691406
v -3.7370913028717041 1.7013881206512451 -9.8681106567382813
v -3.7370913028717041 1.7013881206512451 -9.8090553283691406
v -3.5806868076324463 1.7795790433883667 -9.8681106567382813
v -3.5806868076324463 1.7795790433883667 -9.8090553283691406
v -3.5806868076324463 1.7795790433883667 -9.8681106567382813
v -3.5806868076324463 1.7795790433883667 -9.8090553283691406
v -3.4211175441741943 1.8549302816390991 -9.8681106567382813
v -3.4211175441741943 1.8549302816390991 -9.8090553283691406
v -3.4211175441741943 1.8549302816390991 -9.8681106567382813
v -3.4211175441741943 1.8549302816390991 -9.8090553283691406
v -3.2583768367767334 1.9272797107696533 -9.8681106567382813
v -3.2583768367767334 1.9272797107696533 -9.8090553283691406
v -3.2583768367767334 1.9272797107696533 -9.8681106567382813
v -3.2583768367767334 1.9272797107696533 -9.8090553283691406
v -3.0924577713012695 1.9964648485183716 -9.8681106567382813
v -3.0924577713012695 1.9964648485183716 -9.8090553283691406
v -3.0924577713012695 1.9964648485183716 -9.8681106567382813
v -3.0924577713012695 1.9964648485183716 -9.8090553283691406
v -2.9233536720275879 2.0623235702514648 -9.8681106567382813
v -2.9233536720275879 2.0623235702514648 -9.8090553283691406
v -2.9233536720275879 2.0623235702514648 -9.8681106567382813
v -2.9233536720275879 2.0623235702514648 -9.8090553283691406
v -2.7510578632354736 2.1246936321258545 -9.8681106567382813
v -2.7510578632354736 2.1246936321258545 -9.8090553283691406
v -2.7510578632354736 2.1246936321258545 -9.8681106567382813
v -2.7510578632354736 2.1246936321258545 -9.8090553283691406
v -2.5755634307861328 2.1834127902984619 -9.8681106567382813
v -2.5755634307861328 2.1834127902984619 -9.8090553283691406
v -2.5755634307861328 2.1834127902984619 -9.8681106567382813
v -2.5755634307861328 2.1834127902984619 -9.8090553283691406
v -2.3968639373779297 2.238318920135498 -9.8681106567382813
v -2.3968639373779297 2.238318920135498 -9.8090553283691406
v -2.3968639373779297 2.238318920135498 -9.8681106567382813
v -2.3968639373779297 2.238318920135498 -9.8090553283691406
v -2.2149522304534912 2.2892496585845947 -9.8681106567382813
v -2.2149522304534912 2.2892496585845947 -9.8090553283691406
v -2.2149522304534912 2.2892496585845947 -9.8681106567382813
v -2.2149522304534912 2.2892496585845947 -9.8090553283691406
v -2.0298216342926025 2.3360428810119629 -9.8681106567382813
v -2.0298216342926025 2.3360428810119629 -9.8090553283691406
v -2.0298216342926025 2.3360428810119629 -9.8681106567382813
v -2.0298216342926025 2.3360428810119629 -9.8090553283691406
v -1.8414657115936279 2.3785364627838135 -9.8681106567382813
v -1.8414657115936279 2.3785364627838135 -9.8090553283691406
v -1.8414657115936279 2.3785364627838135 -9.8681106567382813
v -1.8414657115936279 2.3785364627838135 -9.8090553283691406
v -1.6498775482177734 2.4165678024291992 -9.8681106567382813
v -1.6498775482177734 2.4165678024291992 -9.8090553283691406
v -1.6498775482177734 2.4165678024291992 -9.8681106567382813
v -1.6498775482177734 2.4165678024291992 -9.8090553283691406
v -1.4550502300262451 2.4499750137329102 -9.8681106567382813
v -1.4550502300262451 2.4499750137329102 -9.8090553283691406
v -1.4550502300262451 2.4499750137329102 -9.8681106567382813
v -1.4550502300262451 2.4499750137329102 -9.8090553283691406
v -1.2569772005081177 2.478595495223999 -9.8681106567382813
v -1.2569772005081177 2.478595495223999 -9.8090553283691406
v -1.2569772005081177 2.478595495223999 -9.8681106567382813
v -1.2569772005081177 2.478595495223999 -9.8090553283691406
v -1.0556516647338867 2.502267599105835 -9.8681106567382813
v -1.0556516647338867 2.502267599105835 -9.8090553283691406
v -1.0556516647338867 2.502267599105835 -9.8681106567382813
v -1.0556516647338867 2.502267599105835 -9.8090553283691406
v -0.85106688737869263 2.5208284854888916 -9.8681106567382813
v -0.85106688737869263 2.5208284854888916 -9.8090553283691406
v -0.85106688737869263 2.5208284854888916 -9.8681106567382813
v -0.85106688737869263 2.5208284854888916 -9.8090553283691406
v -0.64321607351303101 2.534116268157959 -9.8681106567382813
v -0.64321607351303101 2.534116268157959 -9.8090553283691406
v -0.64321607351303101 2.534116268157959 -9.8681106567382813
v -0.64321607351303101 2.534116268157959 -9.8090553283691406
v -0.43209248781204224 2.541968822479248 -9.8681106567382813
v -0.43209248781204224 2.541968822479248 -9.8090553283691406
v -0.43209248781204224 2.541968822479248 -9.8681106567382813
v -0.43209248781204224 2.541968822479248 -9.8090553283691406
v -0.21768938004970551 2.5442235469818115 -9.8681106567382813
v -0.21768938004970551 2.5442235469818115 -9.8090553283691406
v -0.21768938004970551 2.5442235469818115 -9.8681106567382813
v 0 2.5407183170318604 -9.8681106567382813
v 0.20130619406700134 2.5323677062988281 -9.8681106567382813
v 0.40535381436347961 2.5189733505249023 -9.8681106567382813
v 0.6121479868888855 2.5004122257232666 -9.8681106567382813
v 0.8216937780380249 2.4765615463256836 -9.8681106567382813
v 1.0339963436126709 2.4472982883453369 -9.8681106567382813
v 1.2490607500076294 2.4124999046325684 -9.8681106567382813
v 1.4668922424316406 2.3720431327819824 -9.8681106567382813
v 1.6874957084655762 2.3258051872253418 -9.8681106567382813
v 1.9108765125274658 2.2736632823944092 -9.8681106567382813
v 2.1370394229888916 2.2154946327209473 -9.8681106567382813
v 2.3659899234771729 2.1511759757995605 -9.8681106567382813
v 2.5977330207824707 2.0805847644805908 -9.8681106567382813
v 2.8322737216949463 2.0035982131958008 -9.8681106567382813
v 3.0696172714233398 1.9200929403305054 -9.8681106567382813
v 3.3097686767578125 1.8299465179443359 -9.8681106567382813
v 3.5527329444885254 1.7330359220504761 -9.8681106567382813
v 3.7985155582427979 1.6292383670806885 -9.8681106567382813
v 4.0471210479736328 1.5184307098388672 -9.8681106567382813
v 4.2985553741455078 1.4004902839660645 -9.8681106567382813
v 4.5528225898742676 1.2752941846847534 -9.8681106567382813
v 4.8099288940429688 1.1427193880081177 -9.8681106567382813
v 5.0698785781860352 1.0026432275772095 -9.8681106567382813
v 5.5983290672302246 0.69949483871459961 -9.8681106567382813
v 6.1382160186767578 0.36486595869064331 -9.8681106567382813
v 6.689579963684082 -0.0022264779545366764 -9.8681106567382813
v 7.2524619102478027 -0.40276551246643066 -9.8681106567382813
v 7.826901912689209 -0.83773422241210938 -9.8681106567382813
v 7.5854897499084473 -0.62509649991989136 -9.8681106567382813
v 7.3213667869567871 -0.3815034031867981 -9.8681106567382813
v 7.0404071807861328 -0.10885214060544968 -9.8681106567382813
v 6.7484831809997559 0.19096021354198456 -9.8681106567382813
v 6.4514679908752441 0.5160365104675293 -9.8681106567382813
v 6.302886962890625 0.68745583295822144 -9.8681106567382813
v 6.1552348136901855 0.86447972059249878 -9.8681106567382813
v 6.009246826171875 1.0468709468841553 -9.8681106567382813
v 5.865656852722168 1.234392523765564 -9.8681106567382813
v 5.7251987457275391 1.4268072843551636 -9.8681106567382813
v 5.5886068344116211 1.6238781213760376 -9.8681106567382813
v 5.4566149711608887 1.8253676891326904 -9.8681106567382813
v 5.3299574851989746 2.0310389995574951 -9.8681106567382813
v 5.2093687057495117 2.2406549453735352 -9.8681106567382813
v 5.0955824851989746 2.4539783000946045 -9.8681106567382813
v 5.0414695739746094 2.5619561672210693 -9.8681106567382813
v 4.9893326759338379 2.6707720756530762 -9.8681106567382813
v 4.9392638206481934 2.7803962230682373 -9.8681106567382813
v 4.8913540840148926 2.8907990455627441 -9.8681106567382813
v 4.845695972442627 3.001950740814209 -9.8681106567382813
v 4.8023805618286133 3.1138219833374023 -9.8681106567382813
v 4.761500358581543 3.2263827323913574 -9.8681106567382813
v 4.7231464385986328 3.3396036624908447 -9.8681106567382813
v 4.687410831451416 3.4534549713134766 -9.8681106567382813
v 4.6543850898742676 3.5679073333740234 -9.8681106567382813
v 4.6241617202758789 3.6829307079315186 -9.8681106567382813
v 4.5968313217163086 3.7984955310821533 -9.8681106567382813
v 4.5724868774414063 3.9145722389221191 -9.8681106567382813
v 4.5512194633483887 4.0311312675476074 -9.8681106567382813
v 4.5331206321716309 4.1481428146362305 -9.8681106567382813
v 4.5182828903198242 4.2655768394470215 -9.8681106567382813
v 4.5067973136901855 4.3834047317504883 -9.8681106567382813
v 4.498755931854248 4.5015964508056641 -9.8681106567382813
v 4.4942507743835449 4.6201214790344238 -9.8681106567382813
v 4.4933733940124512 4.7389512062072754 -9.8681106567382813
v 4.4962153434753418 4.8580560684204102 -9.8681106567382813
v 4.50286865234375 4.9774055480957031 -9.8681106567382813
v 4.5134248733520508 5.0969705581665039 -9.8681106567382813
v 4.5279760360717773 5.2167215347290039 -9.8681106567382813
v 4.5278120040893555 5.2167024612426758 -9.8681106567382813
v 4.5273218154907227 5.2166461944580078 -9.8681106567382813
v 4.5253720283508301 5.2164273262023926 -9.8681106567382813
v 4.5176544189453125 5.215599536895752 -9.8681106567382813
v 4.4874510765075684 5.2126736640930176 -9.8681106567382813
v 4.3719654083251953 5.2040438652038574 -9.8681106567382813
v 4.1906547546386719 5.1961045265197754 -9.8681106567382813
v 4.0781698226928711 5.1940412521362305 -9.8681106567382813
v 3.9526543617248535 5.1941275596618652 -9.8681106567382813
v 3.8152501583099365 5.1970219612121582 -9.8681106567382813
v 3.6670987606048584 5.2033839225769043 -9.8681106567382813
v 3.5093426704406738 5.2138724327087402 -9.8681106567382813
v 3.3431234359741211 5.2291464805603027 -9.8681106567382813
v 3.1695830821990967 5.2498650550842285 -9.8681106567382813
v 2.989863395690918 5.2766866683959961 -9.8681106567382813
v 2.8051061630249023 5.3102703094482422 -9.8681106567382813
v 2.7111954689025879 5.3298044204711914 -9.8681106567382813
v 2.6164536476135254 5.3512754440307617 -9.8681106567382813
v 2.5210232734680176 5.3747673034667969 -9.8681106567382813
v 2.4250473976135254 5.4003610610961914 -9.8681106567382813
v 2.3286683559417725 5.4281401634216309 -9.8681106567382813
v 2.2320291996002197 5.458186149597168 -9.8681106567382813
v 2.135272741317749 5.4905815124511719 -9.8681106567382813
v 2.038541316986084 5.5254092216491699 -9.8681106567382813
v 1.9419780969619751 5.5627508163452148 -9.8681106567382813
v 1.8457255363464355 5.602689266204834 -9.8681106567382813
v 1.7499264478683472 5.6453065872192383 -9.8681106567382813
v 1.6547235250473022 5.6906857490539551 -9.8681106567382813
v 1.5602596998214722 5.7389082908630371 -9.8681106567382813
v 1.4666774272918701 5.7900571823120117 -9.8681106567382813
v 1.3741196393966675 5.8442144393920898 -9.8681106567382813
v 1.282728910446167 5.9014630317687988 -9.8681106567382813
v 1.19264817237854 5.9618844985961914 -9.8681106567382813
v 1.1040199995040894 6.0255618095397949 -9.8681106567382813
v 1.0169873237609863 6.0925769805908203 -9.8681106567382813
v 0.93169260025024414 6.1630125045776367 -9.8681106567382813
v 0.88974165916442871 6.1995387077331543 -9.8681106567382813
v 0.84827876091003418 6.2369508743286133 -9.8681106567382813
v 0.80732178688049316 6.2752594947814941 -9.8681106567382813
v 0.76688849925994873 6.3144745826721191 -9.8681106567382813
v 0.72699683904647827 6.3546066284179688 -9.8681106567382813
v 0.68766456842422485 6.3956656455993652 -9.8681106567382813
v 0.64890956878662109 6.4376621246337891 -9.8681106567382813
v 0.61074966192245483 6.4806065559387207 -9.8681106567382813
v 0.57320272922515869 6.5245089530944824 -9.8681106567382813
v 0.53628653287887573 6.5693798065185547 -9.8681106567382813
v 0.50001901388168335 6.6152291297912598 -9.8681106567382813
v 0.46441793441772461 6.6620674133300781 -9.8681106567382813
v 0.42950117588043213 6.7099051475524902 -9.8681106567382813
v 0.39528658986091614 6.7587523460388184 -9.8681106567382813
v 0.36179196834564209 6.8086190223693848 -9.8681106567382813
v 0.32903522253036499 6.8595161437988281 -9.8681106567382813
v 0.29703414440155029 6.9114537239074707 -9.8681106567382813
v 0.26580658555030823 6.964442253112793 -9.8681106567382813
v 0.23537038266658783 7.0184917449951172 -9.8681106567382813
v 0.20574340224266052 7.0736122131347656 -9.8681106567382813
v 0.17694346606731415 7.129814624786377 -9.8681106567382813
v 0.14898841083049774 7.1871089935302734 -9.8681106567382813
v 0.12189610302448273 7.2455053329467773 -9.8681106567382813
v 0.095684364438056946 7.3050141334533691 -9.8681106567382813
v 0.070371039211750031 7.3656458854675293 -9.8681106567382813
v 0.045973978936672211 7.4274106025695801 -9.8681106567382813
v 0.022511018440127373 7.490318775177002 -9.8681106567382813
v 0 7.5543808937072754 -9.8681106567382813
v -3.0813760531600565E-05 7.5542030334472656 -9.8681106567382813
v -0.00012416730169206858 7.5536723136901855 -9.8681106567382813
v -0.00050396722508594394 7.5515623092651367 -9.8681106567382813
v -0.0020742530468851328 7.543238639831543 -9.8681106567382813
v -0.0087640844285488129 7.5108642578125 -9.8681106567382813
v -0.020770104601979256 7.458836555480957 -9.8681106567382813
v -0.038792919367551804 7.3887338638305664 -9.8681106567382813
v -0.06353314220905304 7.3021349906921387 -9.8681106567382813
v -0.095691382884979248 7.2006182670593262 -9.8681106567382813
v -0.13596823811531067 7.0857625007629395 -9.8681106567382813
v -0.18506434559822083 6.9591460227966309 -9.8681106567382813
v -0.21313853561878204 6.8919215202331543 -9.8681106567382813
v -0.24368028342723846 6.8223481178283691 -9.8681106567382813
v -0.27677711844444275 6.7506241798400879 -9.8681106567382813
v -0.31251665949821472 6.6769471168518066 -9.8681106567382813
v -0.35098648071289063 6.6015133857727051 -9.8681106567382813
v -0.39227411150932312 6.5245213508605957 -9.8681106567382813
v -0.43646720051765442 6.4461674690246582 -9.8681106567382813
v -0.48365324735641479 6.3666496276855469 -9.8681106567382813
v -0.53391987085342407 6.2861647605895996 -9.8681106567382813
v -0.58735466003417969 6.2049102783203125 -9.8681106567382813
v -0.64404511451721191 6.1230835914611816 -9.8681106567382813
v -0.70407891273498535 6.0408821105957031 -9.8681106567382813
v -0.76754361391067505 5.958503246307373 -9.8681106567382813
v -0.83452671766281128 5.8761439323425293 -9.8681106567382813
v -0.90511584281921387 5.7940020561218262 -9.8681106567382813
v -0.97939860820770264 5.7122740745544434 -9.8681106567382813
v -1.0574625730514526 5.6311583518981934 -9.8681106567382813
v -1.1393952369689941 5.5508513450622559 -9.8681106567382813
v -1.225284218788147 5.4715509414672852 -9.8681106567382813
v -1.315217137336731 5.3934545516967773 -9.8681106567382813
v -1.4092816114425659 5.3167586326599121 -9.8681106567382813
v -1.5075650215148926 5.241661548614502 -9.8681106567382813
v -1.6101551055908203 5.1683597564697266 -9.8681106567382813
v -1.7171394824981689 5.0970516204833984 -9.8681106567382813
v -1.8286055326461792 5.0279335975646973 -9.8681106567382813
v -1.9446409940719604 4.9612030982971191 -9.8681106567382813
v -2.065333366394043 4.8970575332641602 -9.8681106567382813
v -2.1907703876495361 4.8356947898864746 -9.8681106567382813
v -2.3210394382476807 4.7773113250732422 -9.8681106567382813
v -2.4562280178070068 4.7221050262451172 -9.8681106567382813
v -2.596423864364624 4.6702728271484375 -9.8681106567382813
v -2.7417147159576416 4.6220126152038574 -9.8681106567382813
v -2.8921878337860107 4.5775208473205566 -9.8681106567382813
v -3.0479309558868408 4.5369958877563477 -9.8681106567382813
v -3.2090315818786621 4.5006341934204102 -9.8681106567382813
v -3.375577449798584 4.4686341285705566 -9.8681106567382813
v -3.5476560592651367 4.4411916732788086 -9.8681106567382813
v -3.7253546714782715 4.4185051918029785 -9.8681106567382813
v -3.9087612628936768 4.4007711410522461 -9.8681106567382813
v -4.0979633331298828 4.3881878852844238 -9.8681106567382813
v -4.2930483818054199 4.3809518814086914 -9.8681106567382813
v -4.4941043853759766 4.3792610168457031 -9.8681106567382813
v -4.7012181282043457 4.3833122253417969 -9.8681106567382813
v -4.9144773483276367 4.393303394317627 -9.8681106567382813
v -5.1339702606201172 4.409430980682373 -9.8681106567382813
v -5.3597841262817383 4.4318928718566895 -9.8681106567382813
v -5.5920062065124512 4.4608864784240723 -9.8681106567382813
v -5.8307247161865234 4.4966087341308594 -9.8681106567382813
v -5.8306879997253418 4.4965295791625977 -9.8681106567382813
v -5.8305802345275879 4.4962902069091797 -9.8681106567382813
v -5.8301544189453125 4.4953322410583496 -9.8681106567382813
v -5.8285069465637207 4.4914817810058594 -9.8681106567382813
v -5.8258776664733887 4.4850254058837891 -9.8681106567382813
v -5.8223614692687988 4.4759316444396973 -9.8681106567382813
v -5.8180532455444336 4.4641695022583008 -9.8681106567382813
v -5.81304931640625 4.44970703125 -9.8681106567382813
v -5.8074436187744141 4.4325127601623535 -9.8681106567382813
v -5.8013319969177246 4.4125552177429199 -9.8681106567382813
v -5.7948098182678223 4.3898029327392578 -9.8681106567382813
v -5.7879714965820313 4.3642244338989258 -9.8681106567382813
v -5.7809128761291504 4.3357882499694824 -9.8681106567382813
v -5.7737288475036621 4.3044624328613281 -9.8681106567382813
v -5.766514778137207 4.2702159881591797 -9.8681106567382813
v -5.7593655586242676 4.2330174446105957 -9.8681106567382813
v -5.7523765563964844 4.1928348541259766 -9.8681106567382813
v -5.7456426620483398 4.1496367454528809 -9.8681106567382813
v -5.7333221435546875 4.0540680885314941 -9.8681106567382813
v -5.7231650352478027 3.9460601806640625 -9.8681106567382813
v -5.7159328460693359 3.8253602981567383 -9.8681106567382813
v -5.7123870849609375 3.6917164325714111 -9.8681106567382813
v -5.7132892608642578 3.5448765754699707 -9.8681106567382813
v -5.7194004058837891 3.3845882415771484 -9.8681106567382813
v -5.7314825057983398 3.2105996608734131 -9.8681106567382813
v -5.7502965927124023 3.0226585865020752 -9.8681106567382813
v -5.776604175567627 2.8205130100250244 -9.8681106567382813
v -5.8111667633056641 2.6039104461669922 -9.8681106567382813
v -5.8547458648681641 2.3725988864898682 -9.8681106567382813
v -5.9081025123596191 2.1263265609741211 -9.8681106567382813
v -5.9719986915588379 1.8648409843444824 -9.8681106567382813
v -6.0471954345703125 1.5878900289535522 -9.8681106567382813
v -6.1344537734985352 1.2952216863632202 -9.8681106567382813
v -6.2345361709594727 0.98658376932144165 -9.8681106567382813
v -6.348203182220459 0.66172415018081665 -9.8681106567382813
v -6.4762167930603027 0.3203907310962677 -9.8681106567382813
v -6.6193380355834961 -0.03766864538192749 -9.8681106567382813
v -6.7783284187316895 -0.41270610690116882 -9.8681106567382813
v -6.9539494514465332 -0.8049737811088562 -9.8681106567382813
v -7.1469626426696777 -1.2147238254547119 -9.8681106567382813
v -7.3581290245056152 -1.6422083377838135 -9.8681106567382813
v -7.5882105827331543 -2.0876796245574951 -9.8681106567382813
v -7.4756326675415039 -1.8924160003662109 -9.8681106567382813
v -7.3168463706970215 -1.6361647844314575 -9.8681106567382813
v -7.2199892997741699 -1.4884133338928223 -9.8681106567382813
v -7.1114187240600586 -1.3293086290359497 -9.8681106567382813
v -6.9910793304443359 -1.1601482629776001 -9.8681106567382813
v -6.8589181900024414 -0.98223024606704712 -9.8681106567382813
v -6.7148804664611816 -0.79685235023498535 -9.8681106567382813
v -6.5589127540588379 -0.60531246662139893 -9.8681106567382813
v -6.3909611701965332 -0.4089084267616272 -9.8681106567382813
v -6.2109708786010742 -0.20893803238868713 -9.8681106567382813
v -6.0188884735107422 -0.0066991685889661312 -9.8681106567382813
v -5.8146600723266602 0.19651034474372864 -9.8681106567382813
v -5.5982317924499512 0.39939263463020325 -9.8681106567382813
v -5.3695487976074219 0.60064989328384399 -9.8681106567382813
v -5.1285581588745117 0.79898422956466675 -9.8681106567382813
v -5.0034298896789551 0.89664977788925171 -9.8681106567382813
v -4.8752050399780273 0.99309784173965454 -9.8681106567382813
v -4.7438755035400391 1.088166356086731 -9.8681106567382813
v -4.6094355583190918 1.1816928386688232 -9.8681106567382813
v -4.4718780517578125 1.2735153436660767 -9.8681106567382813
v -4.3311963081359863 1.363471508026123 -9.8681106567382813
v -4.1873836517333984 1.4513990879058838 -9.8681106567382813
v -4.0404329299926758 1.5371358394622803 -9.8681106567382813
v -3.8903377056121826 1.6205196380615234 -9.8681106567382813
v -3.7370913028717041 1.7013881206512451 -9.8681106567382813
v -3.5806868076324463 1.7795790433883667 -9.8681106567382813
v -3.4211175441741943 1.8549302816390991 -9.8681106567382813
v -3.2583768367767334 1.9272797107696533 -9.8681106567382813
v -3.0924577713012695 1.9964648485183716 -9.8681106567382813
v -2.9233536720275879 2.0623235702514648 -9.8681106567382813
v -2.7510578632354736 2.1246936321258545 -9.8681106567382813
v -2.5755634307861328 2.1834127902984619 -9.8681106567382813
v -2.3968639373779297 2.238318920135498 -9.8681106567382813
v -2.2149522304534912 2.2892496585845947 -9.8681106567382813
v -2.0298216342926025 2.3360428810119629 -9.8681106567382813
v -1.8414657115936279 2.3785364627838135 -9.8681106567382813
v -1.6498775482177734 2.4165678024291992 -9.8681106567382813
v -1.4550502300262451 2.4499750137329102 -9.8681106567382813
v -1.2569772005081177 2.478595495223999 -9.8681106567382813
v -1.0556516647338867 2.502267599105835 -9.8681106567382813
v -0.85106688737869263 2.5208284854888916 -9.8681106567382813
v -0.64321607351303101 2.534116268157959 -9.8681106567382813
v -0.43209248781204224 2.541968822479248 -9.8681106567382813
v -0.21768938004970551 2.5442235469818115 -9.8090553283691406
v 0 2.5407183170318604 -9.8090553283691406
v 0.20130619406700134 2.5323677062988281 -9.8090553283691406
v 0.40535381436347961 2.5189733505249023 -9.8090553283691406
v 0.6121479868888855 2.5004122257232666 -9.8090553283691406
v 0.8216937780380249 2.4765615463256836 -9.8090553283691406
v 1.0339963436126709 2.4472982883453369 -9.8090553283691406
v 1.2490607500076294 2.4124999046325684 -9.8090553283691406
v 1.4668922424316406 2.3720431327819824 -9.8090553283691406
v 1.6874957084655762 2.3258051872253418 -9.8090553283691406
v 1.9108765125274658 2.2736632823944092 -9.8090553283691406
v 2.1370394229888916 2.2154946327209473 -9.8090553283691406
v 2.3659899234771729 2.1511759757995605 -9.8090553283691406
v 2.5977330207824707 2.0805847644805908 -9.8090553283691406
v 2.8322737216949463 2.0035982131958008 -9.8090553283691406
v 3.0696172714233398 1.9200929403305054 -9.8090553283691406
v 3.3097686767578125 1.8299465179443359 -9.8090553283691406
v 3.5527329444885254 1.7330359220504761 -9.8090553283691406
v 3.7985155582427979 1.6292383670806885 -9.8090553283691406
v 4.0471210479736328 1.5184307098388672 -9.8090553283691406
v 4.2985553741455078 1.4004902839660645 -9.8090553283691406
v 4.5528225898742676 1.2752941846847534 -9.8090553283691406
v 4.8099288940429688 1.1427193880081177 -9.8090553283691406
v 5.0698785781860352 1.0026432275772095 -9.8090553283691406
v 5.5983290672302246 0.69949483871459961 -9.8090553283691406
v 6.1382160186767578 0.36486595869064331 -9.8090553283691406
v 6.689579963684082 -0.0022264779545366764 -9.8090553283691406
v 7.2524619102478027 -0.40276551246643066 -9.8090553283691406
v 7.826901912689209 -0.83773422241210938 -9.8090553283691406
v 7.5854897499084473 -0.62509649991989136 -9.8090553283691406
v 7.3213667869567871 -0.3815034031867981 -9.8090553283691406
v 7.0404071807861328 -0.10885214060544968 -9.8090553283691406
v 6.7484831809997559 0.19096021354198456 -9.8090553283691406
v 6.4514679908752441 0.5160365104675293 -9.8090553283691406
v 6.302886962890625 0.68745583295822144 -9.8090553283691406
v 6.1552348136901855 0.86447972059249878 -9.8090553283691406
v 6.009246826171875 1.0468709468841553 -9.8090553283691406
v 5.865656852722168 1.234392523765564 -9.8090553283691406
v 5.7251987457275391 1.4268072843551636 -9.8090553283691406
v 5.5886068344116211 1.6238781213760376 -9.8090553283691406
v 5.4566149711608887 1.8253676891326904 -9.8090553283691406
v 5.3299574851989746 2.0310389995574951 -9.8090553283691406
v 5.2093687057495117 2.2406549453735352 -9.8090553283691406
v 5.0955824851989746 2.4539783000946045 -9.8090553283691406
v 5.0414695739746094 2.5619561672210693 -9.8090553283691406
v 4.9893326759338379 2.6707720756530762 -9.8090553283691406
v 4.9392638206481934 2.7803962230682373 -9.8090553283691406
v 4.8913540840148926 2.8907990455627441 -9.8090553283691406
v 4.845695972442627 3.001950740814209 -9.8090553283691406
v 4.8023805618286133 3.1138219833374023 -9.8090553283691406
v 4.761500358581543 3.2263827323913574 -9.8090553283691406
v 4.7231464385986328 3.3396036624908447 -9.8090553283691406
v 4.687410831451416 3.4534549713134766 -9.8090553283691406
v 4.6543850898742676 3.5679073333740234 -9.8090553283691406
v 4.6241617202758789 3.6829307079315186 -9.8090553283691406
v 4.5968313217163086 3.7984955310821533 -9.8090553283691406
v 4.5724868774414063 3.9145722389221191 -9.8090553283691406
v 4.5512194633483887 4.0311312675476074 -9.8090553283691406
v 4.5331206321716309 4.1481428146362305 -9.8090553283691406
v 4.5182828903198242 4.2655768394470215 -9.8090553283691406
v 4.5067973136901855 4.3834047317504883 -9.8090553283691406
v 4.498755931854248 4.5015964508056641 -9.8090553283691406
v 4.4942507743835449 4.6201214790344238 -9.8090553283691406
v 4.4933733940124512 4.7389512062072754 -9.8090553283691406
v 4.4962153434753418 4.8580560684204102 -9.8090553283691406
v 4.50286865234375 4.9774055480957031 -9.8090553283691406
v 4.5134248733520508 5.0969705581665039 -9.8090553283691406
v 4.5279760360717773 5.2167215347290039 -9.8090553283691406
v 4.5278120040893555 5.2167024612426758 -9.8090553283691406
v 4.5273218154907227 5.2166461944580078 -9.8090553283691406
v 4.5253720283508301 5.2164273262023926 -9.8090553283691406
v 4.5176544189453125 5.215599536895752 -9.8090553283691406
v 4.4874510765075684 5.2126736640930176 -9.8090553283691406
v 4.3719654083251953 5.2040438652038574 -9.8090553283691406
v 4.1906547546386719 5.1961045265197754 -9.8090553283691406
v 4.0781698226928711 5.1940412521362305 -9.8090553283691406
v 3.9526543617248535 5.1941275596618652 -9.8090553283691406
v 3.8152501583099365 5.1970219612121582 -9.8090553283691406
v 3.6670987606048584 5.2033839225769043 -9.8090553283691406
v 3.5093426704406738 5.2138724327087402 -9.8090553283691406
v 3.3431234359741211 5.2291464805603027 -9.8090553283691406
v 3.1695830821990967 5.2498650550842285 -9.8090553283691406
v 2.989863395690918 5.2766866683959961 -9.8090553283691406
v 2.8051061630249023 5.3102703094482422 -9.8090553283691406
v 2.7111954689025879 5.3298044204711914 -9.8090553283691406
v 2.6164536476135254 5.3512754440307617 -9.8090553283691406
v 2.5210232734680176 5.3747673034667969 -9.8090553283691406
v 2.4250473976135254 5.4003610610961914 -9.8090553283691406
v 2.3286683559417725 5.4281401634216309 -9.8090553283691406
v 2.2320291996002197 5.458186149597168 -9.8090553283691406
v 2.135272741317749 5.4905815124511719 -9.8090553283691406
v 2.038541316986084 5.5254092216491699 -9.8090553283691406
v 1.9419780969619751 5.5627508163452148 -9.8090553283691406
v 1.8457255363464355 5.602689266204834 -9.8090553283691406
v 1.7499264478683472 5.6453065872192383 -9.8090553283691406
v 1.6547235250473022 5.6906857490539551 -9.8090553283691406
v 1.5602596998214722 5.7389082908630371 -9.8090553283691406
v 1.4666774272918701 5.7900571823120117 -9.8090553283691406
v 1.3741196393966675 5.8442144393920898 -9.8090553283691406
v 1.282728910446167 5.9014630317687988 -9.8090553283691406
v 1.19264817237854 5.9618844985961914 -9.8090553283691406
v 1.1040199995040894 6.0255618095397949 -9.8090553283691406
v 1.0169873237609863 6.0925769805908203 -9.8090553283691406
v 0.93169260025024414 6.1630125045776367 -9.8090553283691406
v 0.88974165916442871 6.1995387077331543 -9.8090553283691406
v 0.84827876091003418 6.2369508743286133 -9.8090553283691406
v 0.80732178688049316 6.2752594947814941 -9.8090553283691406
v 0.76688849925994873 6.3144745826721191 -9.8090553283691406
v 0.72699683904647827 6.3546066284179688 -9.8090553283691406
v 0.68766456842422485 6.3956656455993652 -9.8090553283691406
v 0.64890956878662109 6.4376621246337891 -9.8090553283691406
v 0.61074966192245483 6.4806065559387207 -9.8090553283691406
v 0.57320272922515869 6.5245089530944824 -9.8090553283691406
v 0.53628653287887573 6.5693798065185547 -9.8090553283691406
v 0.50001901388168335 6.6152291297912598 -9.8090553283691406
v 0.46441793441772461 6.6620674133300781 -9.8090553283691406
v 0.42950117588043213 6.7099051475524902 -9.8090553283691406
v 0.39528658986091614 6.7587523460388184 -9.8090553283691406
v 0.36179196834564209 6.8086190223693848 -9.8090553283691406
v 0.32903522253036499 6.8595161437988281 -9.8090553283691406
v 0.29703414440155029 6.9114537239074707 -9.8090553283691406
v 0.26580658555030823 6.964442253112793 -9.8090553283691406
v 0.23537038266658783 7.0184917449951172 -9.8090553283691406
v 0.20574340224266052 7.0736122131347656 -9.8090553283691406
v 0.17694346606731415 7.129814624786377 -9.8090553283691406
v 0.14898841083049774 7.1871089935302734 -9.8090553283691406
v 0.12189610302448273 7.2455053329467773 -9.8090553283691406
v 0.095684364438056946 7.3050141334533691 -9.8090553283691406
v 0.070371039211750031 7.3656458854675293 -9.8090553283691406
v 0.045973978936672211 7.4274106025695801 -9.8090553283691406
v 0.022511018440127373 7.490318775177002 -9.8090553283691406
v 0 7.5543808937072754 -9.8090553283691406
v -3.0813760531600565E-05 7.5542030334472656 -9.8090553283691406
v -0.00012416730169206858 7.5536723136901855 -9.8090553283691406
v -0.00050396722508594394 7.5515623092651367 -9.8090553283691406
v -0.0020742530468851328 7.543238639831543 -9.8090553283691406
v -0.0087640844285488129 7.5108642578125 -9.8090553283691406
v -0.020770104601979256 7.458836555480957 -9.8090553283691406
v -0.038792919367551804 7.3887338638305664 -9.8090553283691406
v -0.06353314220905304 7.3021349906921387 -9.8090553283691406
v -0.095691382884979248 7.2006182670593262 -9.8090553283691406
v -0.13596823811531067 7.0857625007629395 -9.8090553283691406
v -0.18506434559822083 6.9591460227966309 -9.8090553283691406
v -0.21313853561878204 6.8919215202331543 -9.8090553283691406
v -0.24368028342723846 6.8223481178283691 -9.8090553283691406
v -0.27677711844444275 6.7506241798400879 -9.8090553283691406
v -0.31251665949821472 6.6769471168518066 -9.8090553283691406
v -0.35098648071289063 6.6015133857727051 -9.8090553283691406
v -0.39227411150932312 6.5245213508605957 -9.8090553283691406
v -0.43646720051765442 6.4461674690246582 -9.8090553283691406
v -0.48365324735641479 6.3666496276855469 -9.8090553283691406
v -0.53391987085342407 6.2861647605895996 -9.8090553283691406
v -0.58735466003417969 6.2049102783203125 -9.8090553283691406
v -0.64404511451721191 6.1230835914611816 -9.8090553283691406
v -0.70407891273498535 6.0408821105957031 -9.8090553283691406
v -0.76754361391067505 5.958503246307373 -9.8090553283691406
v -0.83452671766281128 5.8761439323425293 -9.8090553283691406
v -0.90511584281921387 5.7940020561218262 -9.8090553283691406
v -0.97939860820770264 5.7122740745544434 -9.8090553283691406
v -1.0574625730514526 5.6311583518981934 -9.8090553283691406
v -1.1393952369689941 5.5508513450622559 -9.8090553283691406
v -1.225284218788147 5.4715509414672852 -9.8090553283691406
v -1.315217137336731 5.3934545516967773 -9.8090553283691406
v -1.4092816114425659 5.3167586326599121 -9.8090553283691406
v -1.5075650215148926 5.241661548614502 -9.8090553283691406
v -1.6101551055908203 5.1683597564697266 -9.8090553283691406
v -1.7171394824981689 5.0970516204833984 -9.8090553283691406
v -1.8286055326461792 5.0279335975646973 -9.8090553283691406
v -1.9446409940719604 4.9612030982971191 -9.8090553283691406
v -2.065333366394043 4.8970575332641602 -9.8090553283691406
v -2.1907703876495361 4.8356947898864746 -9.8090553283691406
v -2.3210394382476807 4.7773113250732422 -9.8090553283691406
v -2.4562280178070068 4.7221050262451172 -9.8090553283691406
v -2.596423864364624 4.6702728271484375 -9.8090553283691406
v -2.7417147159576416 4.6220126152038574 -9.8090553283691406
v -2.8921878337860107 4.5775208473205566 -9.8090553283691406
v -3.0479309558868408 4.5369958877563477 -9.8090553283691406
v -3.2090315818786621 4.5006341934204102 -9.8090553283691406
v -3.375577449798584 4.4686341285705566 -9.8090553283691406
v -3.5476560592651367 4.4411916732788086 -9.8090553283691406
v -3.7253546714782715 4.4185051918029785 -9.8090553283691406
v -3.9087612628936768 4.4007711410522461 -9.8090553283691406
v -4.0979633331298828 4.3881878852844238 -9.8090553283691406
v -4.2930483818054199 4.3809518814086914 -9.8090553283691406
v -4.4941043853759766 4.3792610168457031 -9.8090553283691406
v -4.7012181282043457 4.3833122253417969 -9.8090553283691406
v -4.9144773483276367 4.393303394317627 -9.8090553283691406
v -5.1339702606201172 4.409430980682373 -9.8090553283691406
v -5.3597841262817383 4.4318928718566895 -9.8090553283691406
v -5.5920062065124512 4.4608864784240723 -9.8090553283691406
v -5.8307247161865234 4.4966087341308594 -9.8090553283691406
v -5.8306879997253418 4.4965295791625977 -9.8090553283691406
v -5.8305802345275879 4.4962902069091797 -9.8090553283691406
v -5.8301544189453125 4.4953322410583496 -9.8090553283691406
v -5.8285069465637207 4.4914817810058594 -9.8090553283691406
v -5.8258776664733887 4.4850254058837891 -9.8090553283691406
v -5.8223614692687988 4.4759316444396973 -9.8090553283691406
v -5.8180532455444336 4.4641695022583008 -9.8090553283691406
v -5.81304931640625 4.44970703125 -9.8090553283691406
v -5.8074436187744141 4.4325127601623535 -9.8090553283691406
v -5.8013319969177246 4.4125552177429199 -9.8090553283691406
v -5.7948098182678223 4.3898029327392578 -9.8090553283691406
v -5.7879714965820313 4.3642244338989258 -9.8090553283691406
v -5.7809128761291504 4.3357882499694824 -9.8090553283691406
v -5.7737288475036621 4.3044624328613281 -9.8090553283691406
v -5.766514778137207 4.2702159881591797 -9.8090553283691406
v -5.7593655586242676 4.2330174446105957 -9.8090553283691406
v -5.7523765563964844 4.1928348541259766 -9.8090553283691406
v -5.7456426620483398 4.1496367454528809 -9.8090553283691406
v -5.7333221435546875 4.0540680885314941 -9.8090553283691406
v -5.7231650352478027 3.9460601806640625 -9.8090553283691406
v -5.7159328460693359 3.8253602981567383 -9.8090553283691406
v -5.7123870849609375 3.6917164325714111 -9.8090553283691406
v -5.7132892608642578 3.5448765754699707 -9.8090553283691406
v -5.7194004058837891 3.3845882415771484 -9.8090553283691406
v -5.7314825057983398 3.2105996608734131 -9.8090553283691406
v -5.7502965927124023 3.0226585865020752 -9.8090553283691406
v -5.776604175567627 2.8205130100250244 -9.8090553283691406
v -5.8111667633056641 2.6039104461669922 -9.8090553283691406
v -5.8547458648681641 2.3725988864898682 -9.8090553283691406
v -5.9081025123596191 2.1263265609741211 -9.8090553283691406
v -5.9719986915588379 1.8648409843444824 -9.8090553283691406
v -6.0471954345703125 1.5878900289535522 -9.8090553283691406
v -6.1344537734985352 1.2952216863632202 -9.8090553283691406
v -6.2345361709594727 0.98658376932144165 -9.8090553283691406
v -6.348203182220459 0.66172415018081665 -9.8090553283691406
v -6.4762167930603027 0.3203907310962677 -9.8090553283691406
v -6.6193380355834961 -0.03766864538192749 -9.8090553283691406
v -6.7783284187316895 -0.41270610690116882 -9.8090553283691406
v -6.9539494514465332 -0.8049737811088562 -9.8090553283691406
v -7.1469626426696777 -1.2147238254547119 -9.8090553283691406
v -7.3581290245056152 -1.6422083377838135 -9.8090553283691406
v -7.5882105827331543 -2.0876796245574951 -9.8090553283691406
v -7.4756326675415039 -1.8924160003662109 -9.8090553283691406
v -7.3168463706970215 -1.6361647844314575 -9.8090553283691406
v -7.2199892997741699 -1.4884133338928223 -9.8090553283691406
v -7.1114187240600586 -1.3293086290359497 -9.8090553283691406
v -6.9910793304443359 -1.1601482629776001 -9.8090553283691406
v -6.8589181900024414 -0.98223024606704712 -9.8090553283691406
v -6.7148804664611816 -0.79685235023498535 -9.8090553283691406
v -6.5589127540588379 -0.60531246662139893 -9.8090553283691406
v -6.3909611701965332 -0.4089084267616272 -9.8090553283691406
v -6.2109708786010742 -0.20893803238868713 -9.8090553283691406
v -6.0188884735107422 -0.0066991685889661312 -9.8090553283691406
v -5.8146600723266602 0.19651034474372864 -9.8090553283691406
v -5.5982317924499512 0.39939263463020325 -9.8090553283691406
v -5.3695487976074219 0.60064989328384399 -9.8090553283691406
v -5.1285581588745117 0.79898422956466675 -9.8090553283691406
v -5.0034298896789551 0.89664977788925171 -9.8090553283691406
v -4.8752050399780273 0.99309784173965454 -9.8090553283691406
v -4.7438755035400391 1.088166356086731 -9.8090553283691406
v -4.6094355583190918 1.1816928386688232 -9.8090553283691406
v -4.4718780517578125 1.2735153436660767 -9.8090553283691406
v -4.3311963081359863 1.363471508026123 -9.8090553283691406
v -4.1873836517333984 1.4513990879058838 -9.8090553283691406
v -4.0404329299926758 1.5371358394622803 -9.8090553283691406
v -3.8903377056121826 1.6205196380615234 -9.8090553283691406
v -3.7370913028717041 1.7013881206512451 -9.8090553283691406
v -3.5806868076324463 1.7795790433883667 -9.8090553283691406
v -3.4211175441741943 1.8549302816390991 -9.8090553283691406
v -3.2583768367767334 1.9272797107696533 -9.8090553283691406
v -3.0924577713012695 1.9964648485183716 -9.8090553283691406
v -2.9233536720275879 2.0623235702514648 -9.8090553283691406
v -2.7510578632354736 2.1246936321258545 -9.8090553283691406
v -2.5755634307861328 2.1834127902984619 -9.8090553283691406
v -2.3968639373779297 2.238318920135498 -9.8090553283691406
v -2.2149522304534912 2.2892496585845947 -9.8090553283691406
v -2.0298216342926025 2.3360428810119629 -9.8090553283691406
v -1.8414657115936279 2.3785364627838135 -9.8090553283691406
v -1.6498775482177734 2.4165678024291992 -9.8090553283691406
v -1.4550502300262451 2.4499750137329102 -9.8090553283691406
v -1.2569772005081177 2.478595495223999 -9.8090553283691406
v -1.0556516647338867 2.502267599105835 -9.8090553283691406
v -0.85106688737869263 2.5208284854888916 -9.8090553283691406
v -0.64321607351303101 2.534116268157959 -9.8090553283691406
v -0.43209248781204224 2.541968822479248 -9.8090553283691406
vt 0 0
vt 0 0.50152623653411865
vt 0.0048409802839159966 0
vt 0.0048409802839159966 0.50152623653411865
vt 0.0048409802839159966 0
vt 0.0048409802839159966 0.50152623653411865
vt 0.0093209007754921913 0
vt 0.0093209007754921913 0.50152623653411865
vt 0.0093209007754921913 0
vt 0.0093209007754921913 0.50152623653411865
vt 0.013867692090570927 0
vt 0.013867692090570927 0.50152623653411865
vt 0.013867692090570927 0
vt 0.013867692090570927 0.50152623653411865
vt 0.018484272062778473 0
vt 0.018484272062778473 0.50152623653411865
vt 0.018484272062778473 0
vt 0.018484272062778473 0.50152623653411865
vt 0.023173635825514793 0
vt 0.023173635825514793 0.50152623653411865
vt 0.023173635825514793 0
vt 0.023173635825514793 0.50152623653411865
vt 0.027938844636082649 0
vt 0.027938844636082649 0.50152623653411865
vt 0.027938844636082649 0
vt 0.027938844636082649 0.50152623653411865
vt 0.03278302401304245 0
vt 0.03278302401304245 0.50152623653411865
vt 0.03278302401304245 0
vt 0.03278302401304245 0.50152623653411865
vt 0.037709362804889679 0
vt 0.037709362804889679 0.50152623653411865
vt 0.037709362804889679 0
vt 0.037709362804889679 0.50152623653411865
vt 0.042721100151538849 0
vt 0.042721100151538849 0.50152623653411865
vt 0.042721100151538849 0
vt 0.042721100151538849 0.50152623653411865
vt 0.047821518033742905 0
vt 0.047821518033742905 0.50152623653411865
vt 0.047821518033742905 0
vt 0.047821518033742905 0.50152623653411865
vt 0.05301395058631897 0
vt 0.05301395058631897 0.50152623653411865
vt 0.05301395058631897 0
vt 0.05301395058631897 0.50152623653411865
vt 0.058301765471696854 0
vt 0.058301765471696854 0.50152623653411865
vt 0.058301765471696854 0
vt 0.058301765471696854 0.50152623653411865
vt 0.063688360154628754 0
vt 0.063688360154628754 0.50152623653411865
vt 0.063688360154628754 0
vt 0.063688360154628754 0.50152623653411865
vt 0.069177165627479553 0
vt 0.069177165627479553 0.50152623653411865
vt 0.069177165627479553 0
vt 0.069177165627479553 0.50152623653411865
vt 0.074771635234355927 0
vt 0.074771635234355927 0.50152623653411865
vt 0.074771635234355927 0
vt 0.074771635234355927 0.50152623653411865
vt 0.08047524094581604 0
vt 0.08047524094581604 0.50152623653411865
vt 0.08047524094581604 0
vt 0.08047524094581604 0.50152623653411865
vt 0.086291477084159851 0
vt 0.086291477084159851 0.50152623653411865
vt 0.086291477084159851 0
vt 0.086291477084159851 0.50152623653411865
vt 0.092223837971687317 0
vt 0.092223837971687317 0.50152623653411865
vt 0.092223837971687317 0
vt 0.092223837971687317 0.50152623653411865
vt 0.098275847733020782 0
vt 0.098275847733020782 0.50152623653411865
vt 0.098275847733020782 0
vt 0.098275847733020782 0.50152623653411865
vt 0.1044510155916214 0
vt 0.1044510155916214 0.50152623653411865
vt 0.1044510155916214 0
vt 0.1044510155916214 0.50152623653411865
vt 0.11075286567211151 0
vt 0.11075286567211151 0.50152623653411865
vt 0.11075286567211151 0
vt 0.11075286567211151 0.50152623653411865
vt 0.11718491464853287 0
vt 0.11718491464853287 0.50152623653411865
vt 0.11718491464853287 0
vt 0.11718491464853287 0.50152623653411865
vt 0.12375069409608841 0
vt 0.12375069409608841 0.50152623653411865
vt 0.12375069409608841 0
vt 0.12375069409608841 0.50152623653411865
vt 0.13729697465896606 0
vt 0.13729697465896606 0.50152623653411865
vt 0.13729697465896606 0
vt 0.13729697465896606 0.50152623653411865
vt 0.15142029523849487 0
vt 0.15142029523849487 0.50152623653411865
vt 0.15142029523849487 0
vt 0.15142029523849487 0.50152623653411865
vt 0.1661486029624939 0
vt 0.1661486029624939 0.50152623653411865
vt 0.1661486029624939 0
vt 0.1661486029624939 0.50152623653411865
vt 0.18150964379310608 0
vt 0.18150964379310608 0.50152623653411865
vt 0.18150964379310608 0
vt 0.18150964379310608 0.50152623653411865
vt 0.19753096997737885 0
vt 0.19753096997737885 0.50152623653411865
vt 0.19753096997737885 0
vt 0.19753096997737885 0.50152623653411865
vt 0.20468415319919586 0
vt 0.20468415319919586 0.50152623653411865
vt 0.20468415319919586 0
vt 0.20468415319919586 0.50152623653411865
vt 0.21267329156398773 0
vt 0.21267329156398773 0.50152623653411865
vt 0.21267329156398773 0
vt 0.21267329156398773 0.50152623653411865
vt 0.22137849032878876 0
vt 0.22137849032878876 0.50152623653411865
vt 0.22137849032878876 0
vt 0.22137849032878876 0.50152623653411865
vt 0.23068295419216156 0
vt 0.23068295419216156 0.50152623653411865
vt 0.23068295419216156 0
vt 0.23068295419216156 0.50152623653411865
vt 0.24047380685806274 0
vt 0.24047380685806274 0.50152623653411865
vt 0.24047380685806274 0
vt 0.24047380685806274 0.50152623653411865
vt 0.24551784992218018 0
vt 0.24551784992218018 0.50152623653411865
vt 0.24551784992218018 0
vt 0.24551784992218018 0.50152623653411865
vt 0.25064343214035034 0
vt 0.25064343214035034 0.50152623653411865
vt 0.25064343214035034 0
vt 0.25064343214035034 0.50152623653411865
vt 0.2558380663394928 0
vt 0.2558380663394928 0.50152623653411865
vt 0.2558380663394928 0
vt 0.2558380663394928 0.50152623653411865
vt 0.26108962297439575 0
vt 0.26108962297439575 0.50152623653411865
vt 0.26108962297439575 0
vt 0.26108962297439575 0.50152623653411865
vt 0.26638662815093994 0
vt 0.26638662815093994 0.50152623653411865
vt 0.26638662815093994 0
vt 0.26638662815093994 0.50152623653411865
vt 0.27171814441680908 0
vt 0.27171814441680908 0.50152623653411865
vt 0.27171814441680908 0
vt 0.27171814441680908 0.50152623653411865
vt 0.27707400918006897 0
vt 0.27707400918006897 0.50152623653411865
vt 0.27707400918006897 0
vt 0.27707400918006897 0.50152623653411865
vt 0.28244474530220032 0
vt 0.28244474530220032 0.50152623653411865
vt 0.28244474530220032 0
vt 0.28244474530220032 0.50152623653411865
vt 0.28782179951667786 0
vt 0.28782179951667786 0.50152623653411865
vt 0.28782179951667786 0
vt 0.28782179951667786 0.50152623653411865
vt 0.29319766163825989 0
vt 0.29319766163825989 0.50152623653411865
vt 0.29319766163825989 0
vt 0.29319766163825989 0.50152623653411865
vt 0.2958831787109375 0
vt 0.2958831787109375 0.50152623653411865
vt 0.2958831787109375 0
vt 0.2958831787109375 0.50152623653411865
vt 0.29856610298156738 0
vt 0.29856610298156738 0.50152623653411865
vt 0.29856610298156738 0
vt 0.29856610298156738 0.50152623653411865
vt 0.30124580860137939 0
vt 0.30124580860137939 0.50152623653411865
vt 0.30124580860137939 0
vt 0.30124580860137939 0.50152623653411865
vt 0.30392181873321533 0
vt 0.30392181873321533 0.50152623653411865
vt 0.30392181873321533 0
vt 0.30392181873321533 0.50152623653411865
vt 0.30659365653991699 0
vt 0.30659365653991699 0.50152623653411865
vt 0.30659365653991699 0
vt 0.30659365653991699 0.50152623653411865
vt 0.30926108360290527 0
vt 0.30926108360290527 0.50152623653411865
vt 0.30926108360290527 0
vt 0.30926108360290527 0.50152623653411865
vt 0.31192383170127869 0
vt 0.31192383170127869 0.50152623653411865
vt 0.31192383170127869 0
vt 0.31192383170127869 0.50152623653411865
vt 0.31458184123039246 0
vt 0.31458184123039246 0.50152623653411865
vt 0.31458184123039246 0
vt 0.31458184123039246 0.50152623653411865
vt 0.31723511219024658 0
vt 0.31723511219024658 0.50152623653411865
vt 0.31723511219024658 0
vt 0.31723511219024658 0.50152623653411865
vt 0.31988382339477539 0
vt 0.31988382339477539 0.50152623653411865
vt 0.31988382339477539 0
vt 0.31988382339477539 0.50152623653411865
vt 0.3225281834602356 0
vt 0.3225281834602356 0.50152623653411865
vt 0.3225281834602356 0
vt 0.3225281834602356 0.50152623653411865
vt 0.3251686692237854 0
vt 0.3251686692237854 0.50152623653411865
vt 0.3251686692237854 0
vt 0.3251686692237854 0.50152623653411865
vt 0.32780581712722778 0
vt 0.32780581712722778 0.50152623653411865
vt 0.32780581712722778 0
vt 0.32780581712722778 0.50152623653411865
vt 0.33044028282165527 0
vt 0.33044028282165527 0.50152623653411865
vt 0.33044028282165527 0
vt 0.33044028282165527 0.50152623653411865
vt 0.33307299017906189 0
vt 0.33307299017906189 0.50152623653411865
vt 0.33307299017906189 0
vt 0.33307299017906189 0.50152623653411865
vt 0.33570492267608643 0
vt 0.33570492267608643 0.50152623653411865
vt 0.33570492267608643 0
vt 0.33570492267608643 0.50152623653411865
vt 0.33833727240562439 0
vt 0.33833727240562439 0.50152623653411865
vt 0.33833727240562439 0
vt 0.33833727240562439 0.50152623653411865
vt 0.34097135066986084 0
vt 0.34097135066986084 0.50152623653411865
vt 0.34097135066986084 0
vt 0.34097135066986084 0.50152623653411865
vt 0.34360867738723755 0
vt 0.34360867738723755 0.50152623653411865
vt 0.34360867738723755 0
vt 0.34360867738723755 0.50152623653411865
vt 0.34625095129013062 0
vt 0.34625095129013062 0.50152623653411865
vt 0.34625095129013062 0
vt 0.34625095129013062 0.50152623653411865
vt 0.34889999032020569 0
vt 0.34889999032020569 0.50152623653411865
vt 0.34889999032020569 0
vt 0.34889999032020569 0.50152623653411865
vt 0.35155788064002991 0
vt 0.35155788064002991 0.50152623653411865
vt 0.35155788064002991 0
vt 0.35155788064002991 0.50152623653411865
vt 0.35422676801681519 0
vt 0.35422676801681519 0.50152623653411865
vt 0.35422676801681519 0
vt 0.35422676801681519 0.50152623653411865
vt 0.35690903663635254 0
vt 0.35690903663635254 0.50152623653411865
vt 0.35690903663635254 0
vt 0.35690903663635254 0.50152623653411865
vt 0.35695573687553406 0
vt 0.35695573687553406 0.50152623653411865
vt 0.35700240731239319 0
vt 0.35700240731239319 0.50152623653411865
vt 0.35704910755157471 0
vt 0.35704910755157471 0.50152623653411865
vt 0.35722169280052185 0
vt 0.35722169280052185 0.50152623653411865
vt 0.35789641737937927 0
vt 0.35789641737937927 0.50152623653411865
vt 0.35789641737937927 0
vt 0.35789641737937927 0.50152623653411865
vt 0.36047139763832092 0
vt 0.36047139763832092 0.50152623653411865
vt 0.36047139763832092 0
vt 0.36047139763832092 0.50152623653411865
vt 0.36450675129890442 0
vt 0.36450675129890442 0.50152623653411865
vt 0.36450675129890442 0
vt 0.36450675129890442 0.50152623653411865
vt 0.3670082688331604 0
vt 0.3670082688331604 0.50152623653411865
vt 0.3670082688331604 0
vt 0.3670082688331604 0.50152623653411865
vt 0.36979913711547852 0
vt 0.36979913711547852 0.50152623653411865
vt 0.36979913711547852 0
vt 0.36979913711547852 0.50152623653411865
vt 0.37285500764846802 0
vt 0.37285500764846802 0.50152623653411865
vt 0.37285500764846802 0
vt 0.37285500764846802 0.50152623653411865
vt 0.37615221738815308 0
vt 0.37615221738815308 0.50152623653411865
vt 0.37615221738815308 0
vt 0.37615221738815308 0.50152623653411865
vt 0.37966769933700562 0
vt 0.37966769933700562 0.50152623653411865
vt 0.37966769933700562 0
vt 0.37966769933700562 0.50152623653411865
vt 0.38337916135787964 0
vt 0.38337916135787964 0.50152623653411865
vt 0.38337916135787964 0
vt 0.38337916135787964 0.50152623653411865
vt 0.38726526498794556 0
vt 0.38726526498794556 0.50152623653411865
vt 0.38726526498794556 0
vt 0.38726526498794556 0.50152623653411865
vt 0.39130562543869019 0
vt 0.39130562543869019 0.50152623653411865
vt 0.39130562543869019 0
vt 0.39130562543869019 0.50152623653411865
vt 0.39548102021217346 0
vt 0.39548102021217346 0.50152623653411865
vt 0.39548102021217346 0
vt 0.39548102021217346 0.50152623653411865
vt 0.39761385321617126 0
vt 0.39761385321617126 0.50152623653411865
vt 0.39761385321617126 0
vt 0.39761385321617126 0.50152623653411865
vt 0.39977386593818665 0
vt 0.39977386593818665 0.50152623653411865
vt 0.39977386593818665 0
vt 0.39977386593818665 0.50152623653411865
vt 0.4019591212272644 0
vt 0.4019591212272644 0.50152623653411865
vt 0.4019591212272644 0
vt 0.4019591212272644 0.50152623653411865
vt 0.40416774153709412 0
vt 0.40416774153709412 0.50152623653411865
vt 0.40416774153709412 0
vt 0.40416774153709412 0.50152623653411865
vt 0.40639796853065491 0
vt 0.40639796853065491 0.50152623653411865
vt 0.40639796853065491 0
vt 0.40639796853065491 0.50152623653411865
vt 0.40864819288253784 0
vt 0.40864819288253784 0.50152623653411865
vt 0.40864819288253784 0
vt 0.40864819288253784 0.50152623653411865
vt 0.41091698408126831 0
vt 0.41091698408126831 0.50152623653411865
vt 0.41091698408126831 0
vt 0.41091698408126831 0.50152623653411865
vt 0.41320297122001648 0
vt 0.41320297122001648 0.50152623653411865
vt 0.41320297122001648 0
vt 0.41320297122001648 0.50152623653411865
vt 0.41550502181053162 0
vt 0.41550502181053162 0.50152623653411865
vt 0.41550502181053162 0
vt 0.41550502181053162 0.50152623653411865
vt 0.41782215237617493 0
vt 0.41782215237617493 0.50152623653411865
vt 0.41782215237617493 0
vt 0.41782215237617493 0.50152623653411865
vt 0.42015352845191956 0
vt 0.42015352845191956 0.50152623653411865
vt 0.42015352845191956 0
vt 0.42015352845191956 0.50152623653411865
vt 0.42249855399131775 0
vt 0.42249855399131775 0.50152623653411865
vt 0.42249855399131775 0
vt 0.42249855399131775 0.50152623653411865
vt 0.42485681176185608 0
vt 0.42485681176185608 0.50152623653411865
vt 0.42485681176185608 0
vt 0.42485681176185608 0.50152623653411865
vt 0.42722815275192261 0
vt 0.42722815275192261 0.50152623653411865
vt 0.42722815275192261 0
vt 0.42722815275192261 0.50152623653411865
vt 0.42961260676383972 0
vt 0.42961260676383972 0.50152623653411865
vt 0.42961260676383972 0
vt 0.42961260676383972 0.50152623653411865
vt 0.4320104718208313 0
vt 0.4320104718208313 0.50152623653411865
vt 0.4320104718208313 0
vt 0.4320104718208313 0.50152623653411865
vt 0.43442225456237793 0
vt 0.43442225456237793 0.50152623653411865
vt 0.43442225456237793 0
vt 0.43442225456237793 0.50152623653411865
vt 0.43684881925582886 0
vt 0.43684881925582886 0.50152623653411865
vt 0.43684881925582886 0
vt 0.43684881925582886 0.50152623653411865
vt 0.43929120898246765 0
vt 0.43929120898246765 0.50152623653411865
vt 0.43929120898246765 0
vt 0.43929120898246765 0.50152623653411865
vt 0.44175082445144653 0
vt 0.44175082445144653 0.50152623653411865
vt 0.44175082445144653 0
vt 0.44175082445144653 0.50152623653411865
vt 0.44298765063285828 0
vt 0.44298765063285828 0.50152623653411865
vt 0.44298765063285828 0
vt 0.44298765063285828 0.50152623653411865
vt 0.44422939419746399 0
vt 0.44422939419746399 0.50152623653411865
vt 0.44422939419746399 0
vt 0.44422939419746399 0.50152623653411865
vt 0.44547635316848755 0
vt 0.44547635316848755 0.50152623653411865
vt 0.44547635316848755 0
vt 0.44547635316848755 0.50152623653411865
vt 0.44672876596450806 0
vt 0.44672876596450806 0.50152623653411865
vt 0.44672876596450806 0
vt 0.44672876596450806 0.50152623653411865
vt 0.44798696041107178 0
vt 0.44798696041107178 0.50152623653411865
vt 0.44798696041107178 0
vt 0.44798696041107178 0.50152623653411865
vt 0.4492512047290802 0
vt 0.4492512047290802 0.50152623653411865
vt 0.4492512047290802 0
vt 0.4492512047290802 0.50152623653411865
vt 0.45052185654640198 0
vt 0.45052185654640198 0.50152623653411865
vt 0.45052185654640198 0
vt 0.45052185654640198 0.50152623653411865
vt 0.45179924368858337 0
vt 0.45179924368858337 0.50152623653411865
vt 0.45179924368858337 0
vt 0.45179924368858337 0.50152623653411865
vt 0.45308375358581543 0
vt 0.45308375358581543 0.50152623653411865
vt 0.45308375358581543 0
vt 0.45308375358581543 0.50152623653411865
vt 0.45437571406364441 0
vt 0.45437571406364441 0.50152623653411865
vt 0.45437571406364441 0
vt 0.45437571406364441 0.50152623653411865
vt 0.45567557215690613 0
vt 0.45567557215690613 0.50152623653411865
vt 0.45567557215690613 0
vt 0.45567557215690613 0.50152623653411865
vt 0.45698371529579163 0
vt 0.45698371529579163 0.50152623653411865
vt 0.45698371529579163 0
vt 0.45698371529579163 0.50152623653411865
vt 0.45830059051513672 0
vt 0.45830059051513672 0.50152623653411865
vt 0.45830059051513672 0
vt 0.45830059051513672 0.50152623653411865
vt 0.45962664484977722 0
vt 0.45962664484977722 0.50152623653411865
vt 0.45962664484977722 0
vt 0.45962664484977722 0.50152623653411865
vt 0.46096235513687134 0
vt 0.46096235513687134 0.50152623653411865
vt 0.46096235513687134 0
vt 0.46096235513687134 0.50152623653411865
vt 0.46230819821357727 0
vt 0.46230819821357727 0.50152623653411865
vt 0.46230819821357727 0
vt 0.46230819821357727 0.50152623653411865
vt 0.46366462111473083 0
vt 0.46366462111473083 0.50152623653411865
vt 0.46366462111473083 0
vt 0.46366462111473083 0.50152623653411865
vt 0.46503221988677979 0
vt 0.46503221988677979 0.50152623653411865
vt 0.46503221988677979 0
vt 0.46503221988677979 0.50152623653411865
vt 0.46641147136688232 0
vt 0.46641147136688232 0.50152623653411865
vt 0.46641147136688232 0
vt 0.46641147136688232 0.50152623653411865
vt 0.46780288219451904 0
vt 0.46780288219451904 0.50152623653411865
vt 0.46780288219451904 0
vt 0.46780288219451904 0.50152623653411865
vt 0.46920707821846008 0
vt 0.46920707821846008 0.50152623653411865
vt 0.46920707821846008 0
vt 0.46920707821846008 0.50152623653411865
vt 0.47062456607818604 0
vt 0.47062456607818604 0.50152623653411865
vt 0.47062456607818604 0
vt 0.47062456607818604 0.50152623653411865
vt 0.47205597162246704 0
vt 0.47205597162246704 0.50152623653411865
vt 0.47205597162246704 0
vt 0.47205597162246704 0.50152623653411865
vt 0.47350183129310608 0
vt 0.47350183129310608 0.50152623653411865
vt 0.47350183129310608 0
vt 0.47350183129310608 0.50152623653411865
vt 0.4749627411365509 0
vt 0.4749627411365509 0.50152623653411865
vt 0.4749627411365509 0
vt 0.4749627411365509 0.50152623653411865
vt 0.47643935680389404 0
vt 0.47643935680389404 0.50152623653411865
vt 0.47643935680389404 0
vt 0.47643935680389404 0.50152623653411865
vt 0.47793224453926086 0
vt 0.47793224453926086 0.50152623653411865
vt 0.47793224453926086 0
vt 0.47793224453926086 0.50152623653411865
vt 0.4794420599937439 0
vt 0.4794420599937439 0.50152623653411865
vt 0.4794420599937439 0
vt 0.4794420599937439 0.50152623653411865
vt 0.47948876023292542 0
vt 0.47948876023292542 0.50152623653411865
vt 0.47953546047210693 0
vt 0.47953546047210693 0.50152623653411865
vt 0.47958311438560486 0
vt 0.47958311438560486 0.50152623653411865
vt 0.47977146506309509 0
vt 0.47977146506309509 0.50152623653411865
vt 0.48050650954246521 0
vt 0.48050650954246521 0.50152623653411865
vt 0.48050650954246521 0
vt 0.48050650954246521 0.50152623653411865
vt 0.48169377446174622 0
vt 0.48169377446174622 0.50152623653411865
vt 0.48169377446174622 0
vt 0.48169377446174622 0.50152623653411865
vt 0.48330318927764893 0
vt 0.48330318927764893 0.50152623653411865
vt 0.48330318927764893 0
vt 0.48330318927764893 0.50152623653411865
vt 0.4853057861328125 0
vt 0.4853057861328125 0.50152623653411865
vt 0.4853057861328125 0
vt 0.4853057861328125 0.50152623653411865
vt 0.4876735508441925 0
vt 0.4876735508441925 0.50152623653411865
vt 0.4876735508441925 0
vt 0.4876735508441925 0.50152623653411865
vt 0.49037986993789673 0
vt 0.49037986993789673 0.50152623653411865
vt 0.49037986993789673 0
vt 0.49037986993789673 0.50152623653411865
vt 0.49339944124221802 0
vt 0.49339944124221802 0.50152623653411865
vt 0.49339944124221802 0
vt 0.49339944124221802 0.50152623653411865
vt 0.49501928687095642 0
vt 0.49501928687095642 0.50152623653411865
vt 0.49501928687095642 0
vt 0.49501928687095642 0.50152623653411865
vt 0.49670875072479248 0
vt 0.49670875072479248 0.50152623653411865
vt 0.49670875072479248 0
vt 0.49670875072479248 0.50152623653411865
vt 0.4984651505947113 0
vt 0.4984651505947113 0.50152623653411865
vt 0.4984651505947113 0
vt 0.4984651505947113 0.50152623653411865
vt 0.50028592348098755 0
vt 0.50028592348098755 0.50152623653411865
vt 0.50028592348098755 0
vt 0.50028592348098755 0.50152623653411865
vt 0.50216877460479736 0
vt 0.50216877460479736 0.50152623653411865
vt 0.50216877460479736 0
vt 0.50216877460479736 0.50152623653411865
vt 0.50411128997802734 0
vt 0.50411128997802734 0.50152623653411865
vt 0.50411128997802734 0
vt 0.50411128997802734 0.50152623653411865
vt 0.5061115026473999 0
vt 0.5061115026473999 0.50152623653411865
vt 0.5061115026473999 0
vt 0.5061115026473999 0.50152623653411865
vt 0.50816744565963745 0
vt 0.50816744565963745 0.50152623653411865
vt 0.50816744565963745 0
vt 0.50816744565963745 0.50152623653411865
vt 0.5102773904800415 0
vt 0.5102773904800415 0.50152623653411865
vt 0.5102773904800415 0
vt 0.5102773904800415 0.50152623653411865
vt 0.5124397873878479 0
vt 0.5124397873878479 0.50152623653411865
vt 0.5124397873878479 0
vt 0.5124397873878479 0.50152623653411865
vt 0.51465320587158203 0
vt 0.51465320587158203 0.50152623653411865
vt 0.51465320587158203 0
vt 0.51465320587158203 0.50152623653411865
vt 0.51691651344299316 0
vt 0.51691651344299316 0.50152623653411865
vt 0.51691651344299316 0
vt 0.51691651344299316 0.50152623653411865
vt 0.51922875642776489 0
vt 0.51922875642776489 0.50152623653411865
vt 0.51922875642776489 0
vt 0.51922875642776489 0.50152623653411865
vt 0.52158921957015991 0
vt 0.52158921957015991 0.50152623653411865
vt 0.52158921957015991 0
vt 0.52158921957015991 0.50152623653411865
vt 0.52399742603302002 0
vt 0.52399742603302002 0.50152623653411865
vt 0.52399742603302002 0
vt 0.52399742603302002 0.50152623653411865
vt 0.52645307779312134 0
vt 0.52645307779312134 0.50152623653411865
vt 0.52645307779312134 0
vt 0.52645307779312134 0.50152623653411865
vt 0.52895629405975342 0
vt 0.52895629405975342 0.50152623653411865
vt 0.52895629405975342 0
vt 0.52895629405975342 0.50152623653411865
vt 0.53150725364685059 0
vt 0.53150725364685059 0.50152623653411865
vt 0.53150725364685059 0
vt 0.53150725364685059 0.50152623653411865
vt 0.53410649299621582 0
vt 0.53410649299621582 0.50152623653411865
vt 0.53410649299621582 0
vt 0.53410649299621582 0.50152623653411865
vt 0.53675490617752075 0
vt 0.53675490617752075 0.50152623653411865
vt 0.53675490617752075 0
vt 0.53675490617752075 0.50152623653411865
vt 0.53945356607437134 0
vt 0.53945356607437134 0.50152623653411865
vt 0.53945356607437134 0
vt 0.53945356607437134 0.50152623653411865
vt 0.54220384359359741 0
vt 0.54220384359359741 0.50152623653411865
vt 0.54220384359359741 0
vt 0.54220384359359741 0.50152623653411865
vt 0.54500740766525269 0
vt 0.54500740766525269 0.50152623653411865
vt 0.54500740766525269 0
vt 0.54500740766525269 0.50152623653411865
vt 0.54786616563796997 0
vt 0.54786616563796997 0.50152623653411865
vt 0.54786616563796997 0
vt 0.54786616563796997 0.50152623653411865
vt 0.55078244209289551 0
vt 0.55078244209289551 0.50152623653411865
vt 0.55078244209289551 0
vt 0.55078244209289551 0.50152623653411865
vt 0.55375874042510986 0
vt 0.55375874042510986 0.50152623653411865
vt 0.55375874042510986 0
vt 0.55375874042510986 0.50152623653411865
vt 0.55679786205291748 0
vt 0.55679786205291748 0.50152623653411865
vt 0.55679786205291748 0
vt 0.55679786205291748 0.50152623653411865
vt 0.55990278720855713 0
vt 0.55990278720855713 0.50152623653411865
vt 0.55990278720855713 0
vt 0.55990278720855713 0.50152623653411865
vt 0.56307697296142578 0
vt 0.56307697296142578 0.50152623653411865
vt 0.56307697296142578 0
vt 0.56307697296142578 0.50152623653411865
vt 0.56632387638092041 0
vt 0.56632387638092041 0.50152623653411865
vt 0.56632387638092041 0
vt 0.56632387638092041 0.50152623653411865
vt 0.56964737176895142 0
vt 0.56964737176895142 0.50152623653411865
vt 0.56964737176895142 0
vt 0.56964737176895142 0.50152623653411865
vt 0.57305145263671875 0
vt 0.57305145263671875 0.50152623653411865
vt 0.57305145263671875 0
vt 0.57305145263671875 0.50152623653411865
vt 0.57654047012329102 0
vt 0.57654047012329102 0.50152623653411865
vt 0.57654047012329102 0
vt 0.57654047012329102 0.50152623653411865
vt 0.58011871576309204 0
vt 0.58011871576309204 0.50152623653411865
vt 0.58011871576309204 0
vt 0.58011871576309204 0.50152623653411865
vt 0.58379095792770386 0
vt 0.58379095792770386 0.50152623653411865
vt 0.58379095792770386 0
vt 0.58379095792770386 0.50152623653411865
vt 0.58756184577941895 0
vt 0.58756184577941895 0.50152623653411865
vt 0.58756184577941895 0
vt 0.58756184577941895 0.50152623653411865
vt 0.59143638610839844 0
vt 0.59143638610839844 0.50152623653411865
vt 0.59143638610839844 0
vt 0.59143638610839844 0.50152623653411865
vt 0.59541964530944824 0
vt 0.59541964530944824 0.50152623653411865
vt 0.59541964530944824 0
vt 0.59541964530944824 0.50152623653411865
vt 0.59951668977737427 0
vt 0.59951668977737427 0.50152623653411865
vt 0.59951668977737427 0
vt 0.59951668977737427 0.50152623653411865
vt 0.60373294353485107 0
vt 0.60373294353485107 0.50152623653411865
vt 0.60373294353485107 0
vt 0.60373294353485107 0.50152623653411865
vt 0.6080736517906189 0
vt 0.6080736517906189 0.50152623653411865
vt 0.6080736517906189 0
vt 0.6080736517906189 0.50152623653411865
vt 0.61254429817199707 0
vt 0.61254429817199707 0.50152623653411865
vt 0.61254429817199707 0
vt 0.61254429817199707 0.50152623653411865
vt 0.61715042591094971 0
vt 0.61715042591094971 0.50152623653411865
vt 0.61715042591094971 0
vt 0.61715042591094971 0.50152623653411865
vt 0.62189745903015137 0
vt 0.62189745903015137 0.50152623653411865
vt 0.62189745903015137 0
vt 0.62189745903015137 0.50152623653411865
vt 0.62679105997085571 0
vt 0.62679105997085571 0.50152623653411865
vt 0.62679105997085571 0
vt 0.62679105997085571 0.50152623653411865
vt 0.63183683156967163 0
vt 0.63183683156967163 0.50152623653411865
vt 0.63183683156967163 0
vt 0.63183683156967163 0.50152623653411865
vt 0.63704043626785278 0
vt 0.63704043626785278 0.50152623653411865
vt 0.63704043626785278 0
vt 0.63704043626785278 0.50152623653411865
vt 0.64240747690200806 0
vt 0.64240747690200806 0.50152623653411865
vt 0.64240747690200806 0
vt 0.64240747690200806 0.50152623653411865
vt 0.64245414733886719 0
vt 0.64245414733886719 0.50152623653411865
vt 0.64250087738037109 0
vt 0.64250087738037109 0.50152623653411865
vt 0.64254754781723022 0
vt 0.64254754781723022 0.50152623653411865
vt 0.64264065027236938 0
vt 0.64264065027236938 0.50152623653411865
vt 0.64264065027236938 0
vt 0.64264065027236938 0.50152623653411865
vt 0.64279568195343018 0
vt 0.64279568195343018 0.50152623653411865
vt 0.64279568195343018 0
vt 0.64279568195343018 0.50152623653411865
vt 0.64301246404647827 0
vt 0.64301246404647827 0.50152623653411865
vt 0.64301246404647827 0
vt 0.64301246404647827 0.50152623653411865
vt 0.64329099655151367 0
vt 0.64329099655151367 0.50152623653411865
vt 0.64329099655151367 0
vt 0.64329099655151367 0.50152623653411865
vt 0.64363127946853638 0
vt 0.64363127946853638 0.50152623653411865
vt 0.64363127946853638 0
vt 0.64363127946853638 0.50152623653411865
vt 0.64403337240219116 0
vt 0.64403337240219116 0.50152623653411865
vt 0.64403337240219116 0
vt 0.64403337240219116 0.50152623653411865
vt 0.64449751377105713 0
vt 0.64449751377105713 0.50152623653411865
vt 0.64449751377105713 0
vt 0.64449751377105713 0.50152623653411865
vt 0.64502376317977905 0
vt 0.64502376317977905 0.50152623653411865
vt 0.64502376317977905 0
vt 0.64502376317977905 0.50152623653411865
vt 0.64561247825622559 0
vt 0.64561247825622559 0.50152623653411865
vt 0.64561247825622559 0
vt 0.64561247825622559 0.50152623653411865
vt 0.64626395702362061 0
vt 0.64626395702362061 0.50152623653411865
vt 0.64626395702362061 0
vt 0.64626395702362061 0.50152623653411865
vt 0.64697855710983276 0
vt 0.64697855710983276 0.50152623653411865
vt 0.64697855710983276 0
vt 0.64697855710983276 0.50152623653411865
vt 0.64775675535202026 0
vt 0.64775675535202026 0.50152623653411865
vt 0.64775675535202026 0
vt 0.64775675535202026 0.50152623653411865
vt 0.64859902858734131 0
vt 0.64859902858734131 0.50152623653411865
vt 0.64859902858734131 0
vt 0.64859902858734131 0.50152623653411865
vt 0.64950591325759888 0
vt 0.64950591325759888 0.50152623653411865
vt 0.64950591325759888 0
vt 0.64950591325759888 0.50152623653411865
vt 0.65047800540924072 0
vt 0.65047800540924072 0.50152623653411865
vt 0.65047800540924072 0
vt 0.65047800540924072 0.50152623653411865
vt 0.65262055397033691 0
vt 0.65262055397033691 0.50152623653411865
vt 0.65262055397033691 0
vt 0.65262055397033691 0.50152623653411865
vt 0.65503275394439697 0
vt 0.65503275394439697 0.50152623653411865
vt 0.65503275394439697 0
vt 0.65503275394439697 0.50152623653411865
vt 0.65772134065628052 0
vt 0.65772134065628052 0.50152623653411865
vt 0.65772134065628052 0
vt 0.65772134065628052 0.50152623653411865
vt 0.6606939435005188 0
vt 0.6606939435005188 0.50152623653411865
vt 0.6606939435005188 0
vt 0.6606939435005188 0.50152623653411865
vt 0.66395902633666992 0
vt 0.66395902633666992 0.50152623653411865
vt 0.66395902633666992 0
vt 0.66395902633666992 0.50152623653411865
vt 0.66752564907073975 0
vt 0.66752564907073975 0.50152623653411865
vt 0.66752564907073975 0
vt 0.66752564907073975 0.50152623653411865
vt 0.67140364646911621 0
vt 0.67140364646911621 0.50152623653411865
vt 0.67140364646911621 0
vt 0.67140364646911621 0.50152623653411865
vt 0.67560338973999023 0
vt 0.67560338973999023 0.50152623653411865
vt 0.67560338973999023 0
vt 0.67560338973999023 0.50152623653411865
vt 0.68013602495193481 0
vt 0.68013602495193481 0.50152623653411865
vt 0.68013602495193481 0
vt 0.68013602495193481 0.50152623653411865
vt 0.68501317501068115 0
vt 0.68501317501068115 0.50152623653411865
vt 0.68501317501068115 0
vt 0.68501317501068115 0.50152623653411865
vt 0.69024688005447388 0
vt 0.69024688005447388 0.50152623653411865
vt 0.69024688005447388 0
vt 0.69024688005447388 0.50152623653411865
vt 0.69584983587265015 0
vt 0.69584983587265015 0.50152623653411865
vt 0.69584983587265015 0
vt 0.69584983587265015 0.50152623653411865
vt 0.70183509588241577 0
vt 0.70183509588241577 0.50152623653411865
vt 0.70183509588241577 0
vt 0.70183509588241577 0.50152623653411865
vt 0.70821607112884521 0
vt 0.70821607112884521 0.50152623653411865
vt 0.70821607112884521 0
vt 0.70821607112884521 0.50152623653411865
vt 0.71500664949417114 0
vt 0.71500664949417114 0.50152623653411865
vt 0.71500664949417114 0
vt 0.71500664949417114 0.50152623653411865
vt 0.72222107648849487 0
vt 0.72222107648849487 0.50152623653411865
vt 0.72222107648849487 0
vt 0.72222107648849487 0.50152623653411865
vt 0.72987377643585205 0
vt 0.72987377643585205 0.50152623653411865
vt 0.72987377643585205 0
vt 0.72987377643585205 0.50152623653411865
vt 0.73797953128814697 0
vt 0.73797953128814697 0.50152623653411865
vt 0.73797953128814697 0
vt 0.73797953128814697 0.50152623653411865
vt 0.74655348062515259 0
vt 0.74655348062515259 0.50152623653411865
vt 0.74655348062515259 0
vt 0.74655348062515259 0.50152623653411865
vt 0.7556108832359314 0
vt 0.7556108832359314 0.50152623653411865
vt 0.7556108832359314 0
vt 0.7556108832359314 0.50152623653411865
vt 0.76516729593276978 0
vt 0.76516729593276978 0.50152623653411865
vt 0.76516729593276978 0
vt 0.76516729593276978 0.50152623653411865
vt 0.77523833513259888 0
vt 0.77523833513259888 0.50152623653411865
vt 0.77523833513259888 0
vt 0.77523833513259888 0.50152623653411865
vt 0.78583997488021851 0
vt 0.78583997488021851 0.50152623653411865
vt 0.78583997488021851 0
vt 0.78583997488021851 0.50152623653411865
vt 0.79698818922042847 0
vt 0.79698818922042847 0.50152623653411865
vt 0.79698818922042847 0
vt 0.79698818922042847 0.50152623653411865
vt 0.80199980735778809 0
vt 0.80199980735778809 0.50152623653411865
vt 0.80199980735778809 0
vt 0.80199980735778809 0.50152623653411865
vt 0.80870282649993896 0
vt 0.80870282649993896 0.50152623653411865
vt 0.80870282649993896 0
vt 0.80870282649993896 0.50152623653411865
vt 0.81263107061386108 0
vt 0.81263107061386108 0.50152623653411865
vt 0.81263107061386108 0
vt 0.81263107061386108 0.50152623653411865
vt 0.81691396236419678 0
vt 0.81691396236419678 0.50152623653411865
vt 0.81691396236419678 0
vt 0.81691396236419678 0.50152623653411865
vt 0.82152992486953735 0
vt 0.82152992486953735 0.50152623653411865
vt 0.82152992486953735 0
vt 0.82152992486953735 0.50152623653411865
vt 0.82645797729492188 0
vt 0.82645797729492188 0.50152623653411865
vt 0.82645797729492188 0
vt 0.82645797729492188 0.50152623653411865
vt 0.83167785406112671 0
vt 0.83167785406112671 0.50152623653411865
vt 0.83167785406112671 0
vt 0.83167785406112671 0.50152623653411865
vt 0.83717018365859985 0
vt 0.83717018365859985 0.50152623653411865
vt 0.83717018365859985 0
vt 0.83717018365859985 0.50152623653411865
vt 0.84291625022888184 0
vt 0.84291625022888184 0.50152623653411865
vt 0.84291625022888184 0
vt 0.84291625022888184 0.50152623653411865
vt 0.84889847040176392 0
vt 0.84889847040176392 0.50152623653411865
vt 0.84889847040176392 0
vt 0.84889847040176392 0.50152623653411865
vt 0.85510027408599854 0
vt 0.85510027408599854 0.50152623653411865
vt 0.85510027408599854 0
vt 0.85510027408599854 0.50152623653411865
vt 0.86150628328323364 0
vt 0.86150628328323364 0.50152623653411865
vt 0.86150628328323364 0
vt 0.86150628328323364 0.50152623653411865
vt 0.86810237169265747 0
vt 0.86810237169265747 0.50152623653411865
vt 0.86810237169265747 0
vt 0.86810237169265747 0.50152623653411865
vt 0.87487590312957764 0
vt 0.87487590312957764 0.50152623653411865
vt 0.87487590312957764 0
vt 0.87487590312957764 0.50152623653411865
vt 0.88181573152542114 0
vt 0.88181573152542114 0.50152623653411865
vt 0.88181573152542114 0
vt 0.88181573152542114 0.50152623653411865
vt 0.88534516096115112 0
vt 0.88534516096115112 0.50152623653411865
vt 0.88534516096115112 0
vt 0.88534516096115112 0.50152623653411865
vt 0.88891273736953735 0
vt 0.88891273736953735 0.50152623653411865
vt 0.88891273736953735 0
vt 0.88891273736953735 0.50152623653411865
vt 0.89251768589019775 0
vt 0.89251768589019775 0.50152623653411865
vt 0.89251768589019775 0
vt 0.89251768589019775 0.50152623653411865
vt 0.89615917205810547 0
vt 0.89615917205810547 0.50152623653411865
vt 0.89615917205810547 0
vt 0.89615917205810547 0.50152623653411865
vt 0.89983659982681274 0
vt 0.89983659982681274 0.50152623653411865
vt 0.89983659982681274 0
vt 0.89983659982681274 0.50152623653411865
vt 0.90354949235916138 0
vt 0.90354949235916138 0.50152623653411865
vt 0.90354949235916138 0
vt 0.90354949235916138 0.50152623653411865
vt 0.90729755163192749 0
vt 0.90729755163192749 0.50152623653411865
vt 0.90729755163192749 0
vt 0.90729755163192749 0.50152623653411865
vt 0.91108047962188721 0
vt 0.91108047962188721 0.50152623653411865
vt 0.91108047962188721 0
vt 0.91108047962188721 0.50152623653411865
vt 0.91489827632904053 0
vt 0.91489827632904053 0.50152623653411865
vt 0.91489827632904053 0
vt 0.91489827632904053 0.50152623653411865
vt 0.918751060962677 0
vt 0.918751060962677 0.50152623653411865
vt 0.918751060962677 0
vt 0.918751060962677 0.50152623653411865
vt 0.92263913154602051 0
vt 0.92263913154602051 0.50152623653411865
vt 0.92263913154602051 0
vt 0.92263913154602051 0.50152623653411865
vt 0.9265628457069397 0
vt 0.9265628457069397 0.50152623653411865
vt 0.9265628457069397 0
vt 0.9265628457069397 0.50152623653411865
vt 0.9305228590965271 0
vt 0.9305228590965271 0.50152623653411865
vt 0.9305228590965271 0
vt 0.9305228590965271 0.50152623653411865
vt 0.93452000617980957 0
vt 0.93452000617980957 0.50152623653411865
vt 0.93452000617980957 0
vt 0.93452000617980957 0.50152623653411865
vt 0.93855512142181396 0
vt 0.93855512142181396 0.50152623653411865
vt 0.93855512142181396 0
vt 0.93855512142181396 0.50152623653411865
vt 0.94262945652008057 0
vt 0.94262945652008057 0.50152623653411865
vt 0.94262945652008057 0
vt 0.94262945652008057 0.50152623653411865
vt 0.94674420356750488 0
vt 0.94674420356750488 0.50152623653411865
vt 0.94674420356750488 0
vt 0.94674420356750488 0.50152623653411865
vt 0.95090097188949585 0
vt 0.95090097188949585 0.50152623653411865
vt 0.95090097188949585 0
vt 0.95090097188949585 0.50152623653411865
vt 0.95510131120681763 0
vt 0.95510131120681763 0.50152623653411865
vt 0.95510131120681763 0
vt 0.95510131120681763 0.50152623653411865
vt 0.9593471884727478 0
vt 0.9593471884727478 0.50152623653411865
vt 0.9593471884727478 0
vt 0.9593471884727478 0.50152623653411865
vt 0.96364057064056396 0
vt 0.96364057064056396 0.50152623653411865
vt 0.96364057064056396 0
vt 0.96364057064056396 0.50152623653411865
vt 0.9679836630821228 0
vt 0.9679836630821228 0.50152623653411865
vt 0.9679836630821228 0
vt 0.9679836630821228 0.50152623653411865
vt 0.97237890958786011 0
vt 0.97237890958786011 0.50152623653411865
vt 0.97237890958786011 0
vt 0.97237890958786011 0.50152623653411865
vt 0.97682881355285645 0
vt 0.97682881355285645 0.50152623653411865
vt 0.97682881355285645 0
vt 0.97682881355285645 0.50152623653411865
vt 0.98133617639541626 0
vt 0.98133617639541626 0.50152623653411865
vt 0.98133617639541626 0
vt 0.98133617639541626 0.50152623653411865
vt 0.98590379953384399 0
vt 0.98590379953384399 0.50152623653411865
vt 0.98590379953384399 0
vt 0.98590379953384399 0.50152623653411865
vt 0.99053484201431274 0
vt 0.99053484201431274 0.50152623653411865
vt 0.99053484201431274 0
vt 0.99053484201431274 0.50152623653411865
vt 0.99523246288299561 0
vt 0.99523246288299561 0.50152623653411865
vt 0.99523246288299561 0
vt 0.99523246288299561 0.50152623653411865
vt 1 0
vt 1 0.50152623653411865
vt 0.16392850875854492 0.76054084300994873
vt 0.16877016425132751 0.76072204113006592
vt 0.17324742674827576 0.76115375757217407
vt 0.17778567969799042 0.76184624433517456
vt 0.18238501250743866 0.7628057599067688
vt 0.18704552948474884 0.7640388011932373
vt 0.1917673796415329 0.76555162668228149
vt 0.196550652384758 0.76735067367553711
vt 0.20139545202255249 0.76944220066070557
vt 0.20630192756652832 0.77183258533477783
vt 0.21127015352249146 0.77452820539474487
vt 0.21630027890205383 0.77753537893295288
vt 0.22139237821102142 0.7808605432510376
vt 0.22654660046100616 0.78450995683670044
vt 0.23176304996013641 0.78848999738693237
vt 0.23704183101654053 0.79280698299407959
vt 0.24238306283950806 0.79746735095977783
vt 0.24778684973716736 0.80247741937637329
vt 0.25325334072113037 0.80784356594085693
vt 0.25878259539604187 0.81357204914093018
vt 0.26437476277351379 0.81966930627822876
vt 0.27002996206283569 0.82614171504974365
vt 0.27574828267097473 0.83299553394317627
vt 0.28152984380722046 0.84023714065551758
vt 0.29328316450119019 0.85590922832489014
vt 0.30529084801673889 0.87320882081985474
vt 0.31755378842353821 0.89218670129776001
vt 0.33007290959358215 0.91289365291595459
vt 0.34284907579421997 0.93538057804107666
vt 0.33747979998588562 0.92438769340515137
vt 0.33160543441772461 0.91179448366165161
vt 0.32535657286643982 0.89769899845123291
vt 0.31886386871337891 0.88219934701919556
vt 0.31225791573524475 0.86539363861083984
vt 0.30895331501960754 0.85653162002563477
vt 0.30566936731338501 0.84737986326217651
vt 0.30242243409156799 0.83795064687728882
vt 0.29922881722450256 0.82825618982315063
vt 0.29610487818717957 0.81830877065658569
vt 0.29306691884994507 0.80812066793441772
vt 0.29013127088546753 0.79770410060882568
vt 0.28731429576873779 0.7870713472366333
vt 0.28463226556777954 0.77623468637466431
vt 0.28210151195526123 0.76520633697509766
vt 0.28089800477027893 0.75962406396865845
vt 0.27973842620849609 0.75399857759475708
vt 0.27862483263015747 0.74833124876022339
vt 0.27755928039550781 0.74262362718582153
vt 0.27654376626014709 0.73687732219696045
vt 0.27558040618896484 0.7310938835144043
vt 0.27467116713523865 0.72527468204498291
vt 0.27381813526153564 0.71942144632339478
vt 0.2730233371257782 0.71353554725646973
vt 0.27228879928588867 0.70761865377426147
vt 0.2716166079044342 0.70167219638824463
vt 0.27100875973701477 0.69569772481918335
vt 0.27046731114387512 0.68969684839248657
vt 0.26999428868293762 0.68367099761962891
vt 0.26959174871444702 0.67762178182601929
vt 0.26926174759864807 0.67155063152313232
vt 0.26900628209114075 0.66545921564102173
vt 0.26882743835449219 0.65934896469116211
vt 0.26872724294662476 0.6532214879989624
vt 0.26870772242546082 0.64707827568054199
vt 0.26877093315124512 0.64092081785202026
vt 0.26891893148422241 0.63475072383880615
vt 0.26915371417999268 0.62856942415237427
vt 0.26947733759880066 0.62237858772277832
vt 0.26947370171546936 0.6223796010017395
vt 0.26946279406547546 0.62238246202468872
vt 0.26941940188407898 0.62239378690719604
vt 0.26924777030944824 0.62243658304214478
vt 0.2685759961605072 0.62258785963058472
vt 0.26600748300552368 0.62303400039672852
vt 0.26197493076324463 0.62344443798065186
vt 0.25947314500808716 0.6235511302947998
vt 0.25668156147003174 0.62354665994644165
vt 0.25362551212310791 0.62339699268341064
vt 0.25033047795295715 0.62306809425354004
vt 0.2468218058347702 0.62252587080001831
vt 0.24312490224838257 0.62173622846603394
vt 0.23926517367362976 0.62066513299942017
vt 0.2352680116891861 0.61927855014801025
vt 0.23115880787372589 0.6175423264503479
vt 0.22907014191150665 0.61653244495391846
vt 0.22696296870708466 0.61542242765426636
vt 0.22484049201011658 0.61420798301696777
vt 0.22270588576793671 0.61288481950759888
vt 0.22056230902671814 0.61144870519638062
vt 0.21841295063495636 0.60989540815353394
vt 0.21626098453998566 0.60822063684463501
vt 0.21410956978797913 0.60642009973526001
vt 0.21196189522743225 0.60448962450027466
vt 0.20982113480567932 0.60242491960525513
vt 0.20769044756889343 0.60022169351577759
vt 0.20557303726673126 0.59787571430206299
vt 0.20347204804420471 0.5953826904296875
vt 0.20139068365097046 0.59273838996887207
vt 0.19933208823204041 0.58993858098983765
vt 0.19729946553707123 0.5869789719581604
vt 0.19529597461223602 0.58385533094406128
vt 0.19332478940486908 0.58056336641311646
vt 0.19138908386230469 0.5770987868309021
vt 0.18949203193187714 0.57345741987228394
vt 0.18855899572372437 0.57156908512115479
vt 0.18763680756092072 0.56963497400283813
vt 0.18672588467597961 0.56765449047088623
vt 0.18582659959793091 0.56562715768814087
vt 0.18493936955928802 0.56355243921279907
vt 0.184064581990242 0.56142979860305786
vt 0.18320262432098389 0.55925863981246948
vt 0.18235389888286591 0.55703854560852051
vt 0.18151882290840149 0.55476886034011841
vt 0.18069776892662048 0.55244916677474976
vt 0.17989113926887512 0.5500788688659668
vt 0.17909932136535645 0.54765737056732178
vt 0.17832274734973907 0.54518431425094604
vt 0.17756177484989166 0.54265898466110229
vt 0.17681680619716644 0.5400809645652771
vt 0.17608827352523804 0.53744971752166748
vt 0.1753765344619751 0.53476464748382568
vt 0.17468199133872986 0.53202527761459351
vt 0.17400506138801575 0.52923107147216797
vt 0.17334611713886261 0.52638143301010132
vt 0.17270557582378387 0.52347588539123535
vt 0.17208382487297058 0.52051389217376709
vt 0.17148126661777496 0.51749497652053833
vt 0.17089828848838806 0.51441848278045654
vt 0.17033529281616211 0.51128393411636353
vt 0.16979266703128815 0.50809085369110107
vt 0.1692708283662796 0.50483864545822144
vt 0.16877016425132751 0.50152677297592163
vt 0.1687694787979126 0.50153595209121704
vt 0.16876739263534546 0.50156337022781372
vt 0.16875895857810974 0.50167244672775269
vt 0.16872403025627136 0.50210279226303101
vt 0.16857524216175079 0.50377649068832397
vt 0.16830821335315704 0.50646620988845825
vt 0.16790735721588135 0.51009035110473633
vt 0.16735711693763733 0.51456731557846069
vt 0.16664187610149384 0.51981550455093384
vt 0.16574607789516449 0.52575331926345825
vt 0.16465412080287933 0.53229910135269165
vt 0.16402973234653473 0.53577446937561035
vt 0.16335044801235199 0.53937125205993652
vt 0.16261433064937592 0.5430791974067688
vt 0.16181944310665131 0.54688817262649536
vt 0.16096383333206177 0.55078792572021484
vt 0.16004554927349091 0.55476820468902588
vt 0.15906265377998352 0.55881893634796143
vt 0.15801317989826202 0.56292986869812012
vt 0.15689519047737122 0.56709074974060059
vt 0.1557067483663559 0.57129144668579102
vt 0.15444588661193848 0.57552164793014526
vt 0.15311066806316376 0.57977128028869629
vt 0.15169914066791534 0.58403009176254272
vt 0.15020936727523804 0.58828788995742798
vt 0.14863938093185425 0.59253448247909546
vt 0.14698725938796997 0.5967596173286438
vt 0.14525103569030762 0.60095310211181641
vt 0.14342875778675079 0.60510480403900146
vt 0.1415184885263443 0.60920447111129761
vt 0.13951827585697174 0.61324191093444824
vt 0.13742618262767792 0.617206871509552
vt 0.13524025678634644 0.62108927965164185
vt 0.13295853137969971 0.62487876415252686
vt 0.13057908415794373 0.62856525182723999
vt 0.1280999630689621 0.63213849067687988
vt 0.12551920115947723 0.63558834791183472
vt 0.12283486872911453 0.63890451192855835
vt 0.1200450137257576 0.64207684993743896
vt 0.11714769154787064 0.6450951099395752
vt 0.11414094269275665 0.64794915914535522
vt 0.11102283000946045 0.65062880516052246
vt 0.10779140889644623 0.65312373638153076
vt 0.104444719851017 0.65542382001876831
vt 0.10098081827163696 0.65751892328262329
vt 0.097397759556770325 0.65939873456954956
vt 0.093693599104881287 0.66105306148529053
vt 0.089866384863853455 0.66247177124023438
vt 0.085914172232151031 0.66364461183547974
vt 0.081835001707077026 0.66456139087677002
vt 0.077626943588256836 0.66521197557449341
vt 0.073288030922412872 0.66558605432510376
vt 0.068816334009170532 0.66567343473434448
vt 0.064209893345832825 0.66546398401260376
vt 0.059466768056154251 0.664947509765625
vt 0.054585006088018417 0.66411370038986206
vt 0.049562659114599228 0.6629524827003479
vt 0.044397782534360886 0.66145360469818115
vt 0.039088424295186996 0.65960681438446045
vt 0.039089236408472061 0.65961092710494995
vt 0.039091639220714569 0.65962326526641846
vt 0.039101108908653259 0.65967279672622681
vt 0.039137750864028931 0.65987187623977661
vt 0.039196230471134186 0.6602056622505188
vt 0.039274435490369797 0.6606757640838623
vt 0.039370246231555939 0.66128385066986084
vt 0.039481543004512787 0.66203153133392334
vt 0.039606217294931412 0.66292047500610352
vt 0.039742141962051392 0.66395223140716553
vt 0.039887208491563797 0.66512846946716309
vt 0.040039297193288803 0.66645079851150513
vt 0.040196292102336884 0.66792088747024536
vt 0.040356073528528214 0.66954034566879272
vt 0.040516525506973267 0.67131084203720093
vt 0.040675532072782516 0.67323392629623413
vt 0.040830977261066437 0.67531126737594604
vt 0.040980741381645203 0.67754453420639038
vt 0.041254766285419464 0.68248522281646729
vt 0.041480671614408493 0.68806898593902588
vt 0.041641522198915482 0.69430887699127197
vt 0.041720382869243622 0.70121800899505615
vt 0.041700318455696106 0.7088092565536499
vt 0.041564393788576126 0.71709585189819336
vt 0.041295677423477173 0.72609066963195801
vt 0.04087723046541214 0.73580682277679443
vt 0.040292117744684219 0.74625730514526367
vt 0.039523407816886902 0.75745517015457153
vt 0.03855416551232338 0.76941347122192383
vt 0.037367451936006546 0.78214520215988159
vt 0.035946335643529892 0.79566341638565063
vt 0.034273877739906311 0.80998116731643677
vt 0.032333150506019592 0.82511144876480103
vt 0.030107211321592331 0.84106737375259399
vt 0.027579128742218018 0.85786187648773193
vt 0.024731969460844994 0.87550806999206543
vt 0.021548794582486153 0.89401894807815552
vt 0.018012672662734985 0.91340756416320801
vt 0.014106666669249535 0.93368697166442871
vt 0.0098138423636555672 0.95487010478973389
vt 0.0051172655075788498 0.9769701361656189
vt 0 1
vt 0.0025038532912731171 0.98990529775619507
vt 0.0060354443266987801 0.9766576886177063
vt 0.0081896437332034111 0.96901923418045044
vt 0.010604380629956722 0.96079391241073608
vt 0.013280854560434818 0.952048659324646
vt 0.016220267862081528 0.94285070896148682
vt 0.019423821941018105 0.93326705694198608
vt 0.022892715409398079 0.92336487770080566
vt 0.026628151535987854 0.91321122646331787
vt 0.030631328001618385 0.90287321805953979
vt 0.034903448075056076 0.89241790771484375
vt 0.03944571316242218 0.88191241025924683
vt 0.044259324669837952 0.87142384052276611
vt 0.049345482140779495 0.8610193133354187
vt 0.054705385118722916 0.8507658839225769
vt 0.057488366961479187 0.84571677446365356
vt 0.060340236872434616 0.84073060750961304
vt 0.063261143863201141 0.83581578731536865
vt 0.066251233220100403 0.83098065853118896
vt 0.069310665130615234 0.8262336254119873
vt 0.072439588606357574 0.821583092212677
vt 0.075638137757778168 0.81703746318817139
vt 0.078906483948230743 0.81260502338409424
vt 0.082244768738746643 0.80829429626464844
vt 0.085653133690357208 0.80411356687545776
vt 0.089131742715835571 0.80007123947143555
vt 0.092680737376213074 0.79617577791213989
vt 0.096300274133682251 0.79243546724319458
vt 0.099990494549274445 0.78885877132415771
vt 0.10375155508518219 0.78545397520065308
vt 0.10758360475301743 0.78222960233688354
vt 0.11148679256439209 0.7791939377784729
vt 0.11546126753091812 0.77635544538497925
vt 0.11950718611478806 0.77372241020202637
vt 0.12362468987703323 0.77130329608917236
vt 0.12781393527984619 0.76910650730133057
vt 0.13207507133483887 0.76714038848876953
vt 0.1364082396030426 0.76541328430175781
vt 0.14081360399723053 0.76393365859985352
vt 0.14529129862785339 0.7627098560333252
vt 0.14984150230884552 0.76175028085708618
vt 0.15446433424949646 0.7610633373260498
vt 0.15915994346141815 0.76065742969512939
vt 0.16392850875854492 0.7409859299659729
vt 0.16877016425132751 0.74080473184585571
vt 0.17324742674827576 0.74037301540374756
vt 0.17778567969799042 0.73968052864074707
vt 0.18238501250743866 0.73872095346450806
vt 0.18704552948474884 0.73748797178268433
vt 0.1917673796415329 0.73597508668899536
vt 0.196550652384758 0.73417609930038452
vt 0.20139545202255249 0.73208457231521606
vt 0.20630192756652832 0.7296941876411438
vt 0.21127015352249146 0.72699856758117676
vt 0.21630027890205383 0.72399133443832397
vt 0.22139237821102142 0.72066622972488403
vt 0.22654660046100616 0.71701681613922119
vt 0.23176304996013641 0.71303677558898926
vt 0.23704183101654053 0.70871973037719727
vt 0.24238306283950806 0.70405936241149902
vt 0.24778684973716736 0.69904929399490356
vt 0.25325334072113037 0.6936832070350647
vt 0.25878259539604187 0.68795472383499146
vt 0.26437476277351379 0.68185746669769287
vt 0.27002996206283569 0.67538505792617798
vt 0.27574828267097473 0.66853123903274536
vt 0.28152984380722046 0.66128963232040405
vt 0.29328316450119019 0.64561754465103149
vt 0.30529084801673889 0.62831795215606689
vt 0.31755378842353821 0.60934007167816162
vt 0.33007290959358215 0.58863312005996704
vt 0.34284907579421997 0.56614619493484497
vt 0.33747979998588562 0.57713907957077026
vt 0.33160543441772461 0.58973228931427002
vt 0.32535657286643982 0.60382777452468872
vt 0.31886386871337891 0.61932742595672607
vt 0.31225791573524475 0.63613313436508179
vt 0.30895331501960754 0.64499515295028687
vt 0.30566936731338501 0.65414685010910034
vt 0.30242243409156799 0.66357612609863281
vt 0.29922881722450256 0.673270583152771
vt 0.29610487818717957 0.68321794271469116
vt 0.29306691884994507 0.69340610504150391
vt 0.29013127088546753 0.70382267236709595
vt 0.28731429576873779 0.71445542573928833
vt 0.28463226556777954 0.72529208660125732
vt 0.28210151195526123 0.73632043600082397
vt 0.28089800477027893 0.74190264940261841
vt 0.27973842620849609 0.74752819538116455
vt 0.27862483263015747 0.75319552421569824
vt 0.27755928039550781 0.75890308618545532
vt 0.27654376626014709 0.76464939117431641
vt 0.27558040618896484 0.77043288946151733
vt 0.27467116713523865 0.77625203132629395
vt 0.27381813526153564 0.78210532665252686
vt 0.2730233371257782 0.78799116611480713
vt 0.27228879928588867 0.79390811920166016
vt 0.2716166079044342 0.799854576587677
vt 0.27100875973701477 0.80582898855209351
vt 0.27046731114387512 0.81182992458343506
vt 0.26999428868293762 0.81785577535629272
vt 0.26959174871444702 0.82390499114990234
vt 0.26926174759864807 0.82997608184814453
vt 0.26900628209114075 0.8360675573348999
vt 0.26882743835449219 0.84217774868011475
vt 0.26872724294662476 0.84830528497695923
vt 0.26870772242546082 0.85444849729537964
vt 0.26877093315124512 0.86060595512390137
vt 0.26891893148422241 0.86677604913711548
vt 0.26915371417999268 0.87295728921890259
vt 0.26947733759880066 0.87914818525314331
vt 0.26947370171546936 0.87914717197418213
vt 0.26946279406547546 0.87914425134658813
vt 0.26941940188407898 0.87913298606872559
vt 0.26924777030944824 0.87909018993377686
vt 0.2685759961605072 0.87893891334533691
vt 0.26600748300552368 0.87849277257919312
vt 0.26197493076324463 0.87808233499526978
vt 0.25947314500808716 0.87797564268112183
vt 0.25668156147003174 0.87798011302947998
vt 0.25362551212310791 0.87812978029251099
vt 0.25033047795295715 0.87845867872238159
vt 0.2468218058347702 0.87900090217590332
vt 0.24312490224838257 0.8797905445098877
vt 0.23926517367362976 0.88086158037185669
vt 0.2352680116891861 0.88224822282791138
vt 0.23115880787372589 0.88398444652557373
vt 0.22907014191150665 0.8849942684173584
vt 0.22696296870708466 0.88610434532165527
vt 0.22484049201011658 0.88731878995895386
vt 0.22270588576793671 0.88864195346832275
vt 0.22056230902671814 0.89007806777954102
vt 0.21841295063495636 0.8916313648223877
vt 0.21626098453998566 0.89330613613128662
vt 0.21410956978797913 0.89510661363601685
vt 0.21196189522743225 0.8970370888710022
vt 0.20982113480567932 0.8991018533706665
vt 0.20769044756889343 0.90130507946014404
vt 0.20557303726673126 0.90365105867385864
vt 0.20347204804420471 0.90614408254623413
vt 0.20139068365097046 0.90878838300704956
vt 0.19933208823204041 0.91158819198608398
vt 0.19729946553707123 0.91454780101776123
vt 0.19529597461223602 0.91767144203186035
vt 0.19332478940486908 0.92096340656280518
vt 0.19138908386230469 0.92442798614501953
vt 0.18949203193187714 0.9280693531036377
vt 0.18855899572372437 0.92995762825012207
vt 0.18763680756092072 0.9318917989730835
vt 0.18672588467597961 0.93387222290039063
vt 0.18582659959793091 0.93589955568313599
vt 0.18493936955928802 0.93797433376312256
vt 0.184064581990242 0.94009697437286377
vt 0.18320262432098389 0.94226807355880737
vt 0.18235389888286591 0.94448822736740112
vt 0.18151882290840149 0.94675791263580322
vt 0.18069776892662048 0.94907760620117188
vt 0.17989113926887512 0.95144790410995483
vt 0.17909932136535645 0.95386934280395508
vt 0.17832274734973907 0.95634245872497559
vt 0.17756177484989166 0.95886772871017456
vt 0.17681680619716644 0.96144574880599976
vt 0.17608827352523804 0.96407705545425415
vt 0.1753765344619751 0.96676206588745117
vt 0.17468199133872986 0.96950149536132813
vt 0.17400506138801575 0.97229570150375366
vt 0.17334611713886261 0.97514533996582031
vt 0.17270557582378387 0.97805088758468628
vt 0.17208382487297058 0.98101282119750977
vt 0.17148126661777496 0.9840317964553833
vt 0.17089828848838806 0.98710829019546509
vt 0.17033529281616211 0.99024283885955811
vt 0.16979266703128815 0.99343591928482056
vt 0.1692708283662796 0.9966881275177002
vt 0.16877016425132751 1
vt 0.1687694787979126 0.99999082088470459
vt 0.16876739263534546 0.99996334314346313
vt 0.16875895857810974 0.99985426664352417
vt 0.16872403025627136 0.99942398071289063
vt 0.16857524216175079 0.99775028228759766
vt 0.16830821335315704 0.99506056308746338
vt 0.16790735721588135 0.9914364218711853
vt 0.16735711693763733 0.98695945739746094
vt 0.16664187610149384 0.98171126842498779
vt 0.16574607789516449 0.97577345371246338
vt 0.16465412080287933 0.96922767162322998
vt 0.16402973234653473 0.96575230360031128
vt 0.16335044801235199 0.96215552091598511
vt 0.16261433064937592 0.95844757556915283
vt 0.16181944310665131 0.95463860034942627
vt 0.16096383333206177 0.95073884725570679
vt 0.16004554927349091 0.94675850868225098
vt 0.15906265377998352 0.94270783662796021
vt 0.15801317989826202 0.93859690427780151
vt 0.15689519047737122 0.93443602323532104
vt 0.1557067483663559 0.93023532629013062
vt 0.15444588661193848 0.92600506544113159
vt 0.15311066806316376 0.92175543308258057
vt 0.15169914066791534 0.91749662160873413
vt 0.15020936727523804 0.91323882341384888
vt 0.14863938093185425 0.90899229049682617
vt 0.14698725938796997 0.90476715564727783
vt 0.14525103569030762 0.90057361125946045
vt 0.14342875778675079 0.89642196893692017
vt 0.1415184885263443 0.89232230186462402
vt 0.13951827585697174 0.88828486204147339
vt 0.13742618262767792 0.88431984186172485
vt 0.13524025678634644 0.88043749332427979
vt 0.13295853137969971 0.87664800882339478
vt 0.13057908415794373 0.87296152114868164
vt 0.1280999630689621 0.86938822269439697
vt 0.12551920115947723 0.86593842506408691
vt 0.12283486872911453 0.86262226104736328
vt 0.1200450137257576 0.85944992303848267
vt 0.11714769154787064 0.85643160343170166
vt 0.11414094269275665 0.85357755422592163
vt 0.11102283000946045 0.85089796781539917
vt 0.10779140889644623 0.84840303659439087
vt 0.104444719851017 0.84610289335250854
vt 0.10098081827163696 0.84400784969329834
vt 0.097397759556770325 0.84212803840637207
vt 0.093693599104881287 0.8404737114906311
vt 0.089866384863853455 0.83905500173568726
vt 0.085914172232151031 0.83788216114044189
vt 0.081835001707077026 0.83696532249450684
vt 0.077626943588256836 0.83631479740142822
vt 0.073288030922412872 0.83594071865081787
vt 0.068816334009170532 0.83585333824157715
vt 0.064209893345832825 0.8360627293586731
vt 0.059466768056154251 0.83657926321029663
vt 0.054585006088018417 0.83741301298141479
vt 0.049562659114599228 0.83857429027557373
vt 0.044397782534360886 0.84007316827774048
vt 0.039088424295186996 0.84191995859146118
vt 0.039089236408472061 0.84191584587097168
vt 0.039091639220714569 0.8419034481048584
vt 0.039101108908653259 0.84185391664505005
vt 0.039137750864028931 0.84165489673614502
vt 0.039196230471134186 0.84132111072540283
vt 0.039274435490369797 0.84085094928741455
vt 0.039370246231555939 0.84024286270141602
vt 0.039481543004512787 0.83949518203735352
vt 0.039606217294931412 0.83860629796981812
vt 0.039742141962051392 0.8375745415687561
vt 0.039887208491563797 0.83639830350875854
vt 0.040039297193288803 0.8350759744644165
vt 0.040196292102336884 0.83360588550567627
vt 0.040356073528528214 0.83198636770248413
vt 0.040516525506973267 0.8302159309387207
vt 0.040675532072782516 0.8282928466796875
vt 0.040830977261066437 0.82621550559997559
vt 0.040980741381645203 0.82398223876953125
vt 0.041254766285419464 0.81904155015945435
vt 0.041480671614408493 0.81345778703689575
vt 0.041641522198915482 0.80721789598464966
vt 0.041720382869243622 0.80030876398086548
vt 0.041700318455696106 0.79271745681762695
vt 0.041564393788576126 0.78443092107772827
vt 0.041295677423477173 0.77543610334396362
vt 0.04087723046541214 0.7657199501991272
vt 0.040292117744684219 0.75526946783065796
vt 0.039523407816886902 0.7440716028213501
vt 0.03855416551232338 0.7321133017539978
vt 0.037367451936006546 0.71938157081604004
vt 0.035946335643529892 0.705863356590271
vt 0.034273877739906311 0.69154560565948486
vt 0.032333150506019592 0.67641526460647583
vt 0.030107211321592331 0.66045939922332764
vt 0.027579128742218018 0.64366483688354492
vt 0.024731969460844994 0.6260187029838562
vt 0.021548794582486153 0.60750782489776611
vt 0.018012672662734985 0.58811920881271362
vt 0.014106666669249535 0.56783980131149292
vt 0.0098138423636555672 0.54665666818618774
vt 0.0051172655075788498 0.52455663681030273
vt 0 0.50152677297592163
vt 0.0025038532912731171 0.51162147521972656
vt 0.0060354443266987801 0.52486908435821533
vt 0.0081896437332034111 0.53250747919082642
vt 0.010604380629956722 0.54073286056518555
vt 0.013280854560434818 0.54947805404663086
vt 0.016220267862081528 0.55867606401443481
vt 0.019423821941018105 0.56825965642929077
vt 0.022892715409398079 0.57816183567047119
vt 0.026628151535987854 0.58831554651260376
vt 0.030631328001618385 0.59865355491638184
vt 0.034903448075056076 0.60910886526107788
vt 0.03944571316242218 0.6196143627166748
vt 0.044259324669837952 0.63010287284851074
vt 0.049345482140779495 0.64050745964050293
vt 0.054705385118722916 0.65076088905334473
vt 0.057488366961479187 0.65580999851226807
vt 0.060340236872434616 0.66079616546630859
vt 0.063261143863201141 0.66571098566055298
vt 0.066251233220100403 0.67054611444473267
vt 0.069310665130615234 0.67529308795928955
vt 0.072439588606357574 0.67994362115859985
vt 0.075638137757778168 0.68448930978775024
vt 0.078906483948230743 0.68892168998718262
vt 0.082244768738746643 0.69323247671127319
vt 0.085653133690357208 0.69741320610046387
vt 0.089131742715835571 0.70145547389984131
vt 0.092680737376213074 0.70535099506378174
vt 0.096300274133682251 0.70909130573272705
vt 0.099990494549274445 0.71266800165176392
vt 0.10375155508518219 0.71607273817062378
vt 0.10758360475301743 0.71929717063903809
vt 0.11148679256439209 0.72233283519744873
vt 0.11546126753091812 0.72517132759094238
vt 0.11950718611478806 0.72780436277389526
vt 0.12362468987703323 0.73022341728210449
vt 0.12781393527984619 0.73242026567459106
vt 0.13207507133483887 0.7343863844871521
vt 0.1364082396030426 0.73611348867416382
vt 0.14081360399723053 0.73759311437606812
vt 0.14529129862785339 0.73881691694259644
vt 0.14984150230884552 0.73977643251419067
vt 0.15446433424949646 0.74046337604522705
vt 0.15915994346141815 0.74086934328079224
vn -0.016099300235509872 -0.9998704195022583 0
vn -0.016099300235509872 -0.9998704195022583 0
vn -0.016099300235509872 -0.9998704195022583 0
vn -0.016099300235509872 -0.9998704195022583 0
vn -0.041446428745985031 -0.99914073944091797 0
vn -0.041446428745985031 -0.99914073944091797 0
vn -0.041446428745985031 -0.99914073944091797 0
vn -0.041446428745985031 -0.99914073944091797 0
vn -0.065502621233463287 -0.9978523850440979 0
vn -0.065502621233463287 -0.9978523850440979 0
vn -0.065502621233463287 -0.9978523850440979 0
vn -0.065502621233463287 -0.9978523850440979 0
vn -0.089397132396697998 -0.99599605798721313 0
vn -0.089397132396697998 -0.99599605798721313 0
vn -0.089397132396697998 -0.99599605798721313 0
vn -0.089397132396697998 -0.99599605798721313 0
vn -0.11309078335762024 -0.99358463287353516 0
vn -0.11309078335762024 -0.99358463287353516 0
vn -0.11309078335762024 -0.99358463287353516 0
vn -0.11309078335762024 -0.99358463287353516 0
vn -0.13654612004756927 -0.99063372611999512 0
vn -0.13654612004756927 -0.99063372611999512 0
vn -0.13654612004756927 -0.99063372611999512 0
vn -0.13654612004756927 -0.99063372611999512 0
vn -0.15972773730754852 -0.98716109991073608 0
vn -0.15972773730754852 -0.98716109991073608 0
vn -0.15972773730754852 -0.98716109991073608 0
vn -0.15972773730754852 -0.98716109991073608 0
vn -0.18260248005390167 -0.98318684101104736 0
vn -0.18260248005390167 -0.98318684101104736 0
vn -0.18260248005390167 -0.98318684101104736 0
vn -0.18260248005390167 -0.98318684101104736 0
vn -0.2051396369934082 -0.97873270511627197 0
vn -0.2051396369934082 -0.97873270511627197 0
vn -0.2051396369934082 -0.97873270511627197 0
vn -0.2051396369934082 -0.97873270511627197 0
vn -0.22731110453605652 -0.97382217645645142 0
vn -0.22731110453605652 -0.97382217645645142 0
vn -0.22731110453605652 -0.97382217645645142 0
vn -0.22731110453605652 -0.97382217645645142 0
vn -0.24909144639968872 -0.96847999095916748 0
vn -0.24909144639968872 -0.96847999095916748 0
vn -0.24909144639968872 -0.96847999095916748 0
vn -0.24909144639968872 -0.96847999095916748 0
vn -0.27045798301696777 -0.96273177862167358 0
vn -0.27045798301696777 -0.96273177862167358 0
vn -0.27045798301696777 -0.96273177862167358 0
vn -0.27045798301696777 -0.96273177862167358 0
vn -0.29139086604118347 -0.95660406351089478 0
vn -0.29139086604118347 -0.95660406351089478 0
vn -0.29139086604118347 -0.95660406351089478 0
vn -0.29139086604118347 -0.95660406351089478 0
vn -0.31187295913696289 -0.95012378692626953 0
vn -0.31187295913696289 -0.95012378692626953 0
vn -0.31187295913696289 -0.95012378692626953 0
vn -0.31187295913696289 -0.95012378692626953 0
vn -0.33188986778259277 -0.94331812858581543 0
vn -0.33188986778259277 -0.94331812858581543 0
vn -0.33188986778259277 -0.94331812858581543 0
vn -0.33188986778259277 -0.94331812858581543 0
vn -0.35142984986305237 -0.93621420860290527 0
vn -0.35142984986305237 -0.93621420860290527 0
vn -0.35142984986305237 -0.93621420860290527 0
vn -0.35142984986305237 -0.93621420860290527 0
vn -0.37048372626304626 -0.92883896827697754 0
vn -0.37048372626304626 -0.92883896827697754 0
vn -0.37048372626304626 -0.92883896827697754 0
vn -0.37048372626304626 -0.92883896827697754 0
vn -0.38904467225074768 -0.9212188720703125 0
vn -0.38904467225074768 -0.9212188720703125 0
vn -0.38904467225074768 -0.9212188720703125 0
vn -0.38904467225074768 -0.9212188720703125 0
vn -0.40710827708244324 -0.91337990760803223 0
vn -0.40710827708244324 -0.91337990760803223 0
vn -0.40710827708244324 -0.91337990760803223 0
vn -0.40710827708244324 -0.91337990760803223 0
vn -0.42467218637466431 -0.90534716844558716 0
vn -0.42467218637466431 -0.90534716844558716 0
vn -0.42467218637466431 -0.90534716844558716 0
vn -0.42467218637466431 -0.90534716844558716 0
vn -0.44173601269721985 -0.89714509248733521 0
vn -0.44173601269721985 -0.89714509248733521 0
vn -0.44173601269721985 -0.89714509248733521 0
vn -0.44173601269721985 -0.89714509248733521 0
vn -0.45830124616622925 -0.88879692554473877 0
vn -0.45830124616622925 -0.88879692554473877 0
vn -0.45830124616622925 -0.88879692554473877 0
vn -0.45830124616622925 -0.88879692554473877 0
vn -0.47437098622322083 -0.88032501935958862 0
vn -0.47437098622322083 -0.88032501935958862 0
vn -0.47437098622322083 -0.88032501935958862 0
vn -0.47437098622322083 -0.88032501935958862 0
vn -0.49759393930435181 -0.86741006374359131 0
vn -0.49759393930435181 -0.86741006374359131 0
vn -0.49759393930435181 -0.86741006374359131 0
vn -0.49759393930435181 -0.86741006374359131 0
vn -0.52682477235794067 -0.84997391700744629 0
vn -0.52682477235794067 -0.84997391700744629 0
vn -0.52682477235794067 -0.84997391700744629 0
vn -0.52682477235794067 -0.84997391700744629 0
vn -0.55419480800628662 -0.83238703012466431 0
vn -0.55419480800628662 -0.83238703012466431 0
vn -0.55419480800628662 -0.83238703012466431 0
vn -0.55419480800628662 -0.83238703012466431 0
vn -0.57978105545043945 -0.81477230787277222 0
vn -0.57978105545043945 -0.81477230787277222 0
vn -0.57978105545043945 -0.81477230787277222 0
vn -0.57978105545043945 -0.81477230787277222 0
vn -0.60366952419281006 -0.79723465442657471 0
vn -0.60366952419281006 -0.79723465442657471 0
vn -0.60366952419281006 -0.79723465442657471 0
vn -0.60366952419281006 -0.79723465442657471 0
vn 0.66096901893615723 0.75041317939758301 0
vn 0.66096901893615723 0.75041317939758301 0
vn 0.66096901893615723 0.75041317939758301 0
vn 0.66096901893615723 0.75041317939758301 0
vn 0.67796075344085693 0.73509812355041504 0
vn 0.67796075344085693 0.73509812355041504 0
vn 0.67796075344085693 0.73509812355041504 0
vn 0.67796075344085693 0.73509812355041504 0
vn 0.69641613960266113 0.71763819456100464 0
vn 0.69641613960266113 0.71763819456100464 0
vn 0.69641613960266113 0.71763819456100464 0
vn 0.69641613960266113 0.71763819456100464 0
vn 0.71646952629089355 0.69761842489242554 0
vn 0.71646952629089355 0.69761842489242554 0
vn 0.71646952629089355 0.69761842489242554 0
vn 0.71646952629089355 0.69761842489242554 0
vn 0.73825222253799438 0.67452478408813477 0
vn 0.73825222253799438 0.67452478408813477 0
vn 0.73825222253799438 0.67452478408813477 0
vn 0.73825222253799438 0.67452478408813477 0
vn 0.7556498646736145 0.6549757719039917 0
vn 0.7556498646736145 0.6549757719039917 0
vn 0.7556498646736145 0.6549757719039917 0
vn 0.7556498646736145 0.6549757719039917 0
vn 0.76793986558914185 0.64052194356918335 0
vn 0.76793986558914185 0.64052194356918335 0
vn 0.76793986558914185 0.64052194356918335 0
vn 0.76793986558914185 0.64052194356918335 0
vn 0.78071224689483643 0.62489074468612671 0
vn 0.78071224689483643 0.62489074468612671 0
vn 0.78071224689483643 0.62489074468612671 0
vn 0.78071224689483643 0.62489074468612671 0
vn 0.79396682977676392 0.60796105861663818 0
vn 0.79396682977676392 0.60796105861663818 0
vn 0.79396682977676392 0.60796105861663818 0
vn 0.79396682977676392 0.60796105861663818 0
vn 0.80769622325897217 0.5895988941192627 0
vn 0.80769622325897217 0.5895988941192627 0
vn 0.80769622325897217 0.5895988941192627 0
vn 0.80769622325897217 0.5895988941192627 0
vn 0.82188284397125244 0.56965655088424683 0
vn 0.82188284397125244 0.56965655088424683 0
vn 0.82188284397125244 0.56965655088424683 0
vn 0.82188284397125244 0.56965655088424683 0
vn 0.83649665117263794 0.54797202348709106 0
vn 0.83649665117263794 0.54797202348709106 0
vn 0.83649665117263794 0.54797202348709106 0
vn 0.83649665117263794 0.54797202348709106 0
vn 0.85149121284484863 0.52436888217926025 0
vn 0.85149121284484863 0.52436888217926025 0
vn 0.85149121284484863 0.52436888217926025 0
vn 0.85149121284484863 0.52436888217926025 0
vn 0.86679959297180176 0.49865669012069702 0
vn 0.86679959297180176 0.49865669012069702 0
vn 0.86679959297180176 0.49865669012069702 0
vn 0.86679959297180176 0.49865669012069702 0
vn 0.88232928514480591 0.47063255310058594 0
vn 0.88232928514480591 0.47063255310058594 0
vn 0.88232928514480591 0.47063255310058594 0
vn 0.88232928514480591 0.47063255310058594 0
vn 0.89401692152023315 0.44803324341773987 0
vn 0.89401692152023315 0.44803324341773987 0
vn 0.89401692152023315 0.44803324341773987 0
vn 0.89401692152023315 0.44803324341773987 0
vn 0.90182942152023315 0.43209215998649597 0
vn 0.90182942152023315 0.43209215998649597 0
vn 0.90182942152023315 0.43209215998649597 0
vn 0.90182942152023315 0.43209215998649597 0
vn 0.909615159034729 0.41545194387435913 0
vn 0.909615159034729 0.41545194387435913 0
vn 0.909615159034729 0.41545194387435913 0
vn 0.909615159034729 0.41545194387435913 0
vn 0.91734832525253296 0.39808550477027893 0
vn 0.91734832525253296 0.39808550477027893 0
vn 0.91734832525253296 0.39808550477027893 0
vn 0.91734832525253296 0.39808550477027893 0
vn 0.92500030994415283 0.37996631860733032 0
vn 0.92500030994415283 0.37996631860733032 0
vn 0.92500030994415283 0.37996631860733032 0
vn 0.92500030994415283 0.37996631860733032 0
vn 0.93253916501998901 0.36106884479522705 0
vn 0.93253916501998901 0.36106884479522705 0
vn 0.93253916501998901 0.36106884479522705 0
vn 0.93253916501998901 0.36106884479522705 0
vn 0.93992942571640015 0.34136879444122314 0
vn 0.93992942571640015 0.34136879444122314 0
vn 0.93992942571640015 0.34136879444122314 0
vn 0.93992942571640015 0.34136879444122314 0
vn 0.94713211059570313 0.32084375619888306 0
vn 0.94713211059570313 0.32084375619888306 0
vn 0.94713211059570313 0.32084375619888306 0
vn 0.94713211059570313 0.32084375619888306 0
vn 0.95410454273223877 0.29947376251220703 0
vn 0.95410454273223877 0.29947376251220703 0
vn 0.95410454273223877 0.29947376251220703 0
vn 0.95410454273223877 0.29947376251220703 0
vn 0.9608001708984375 0.27724176645278931 0
vn 0.9608001708984375 0.27724176645278931 0
vn 0.9608001708984375 0.27724176645278931 0
vn 0.9608001708984375 0.27724176645278931 0
vn 0.96716892719268799 0.2541344165802002 0
vn 0.96716892719268799 0.2541344165802002 0
vn 0.96716892719268799 0.2541344165802002 0
vn 0.96716892719268799 0.2541344165802002 0
vn 0.97315686941146851 0.23014283180236816 0
vn 0.97315686941146851 0.23014283180236816 0
vn 0.97315686941146851 0.23014283180236816 0
vn 0.97315686941146851 0.23014283180236816 0
vn 0.97870677709579468 0.20526325702667236 0
vn 0.97870677709579468 0.20526325702667236 0
vn 0.97870677709579468 0.20526325702667236 0
vn 0.97870677709579468 0.20526325702667236 0
vn 0.98375833034515381 0.17949794232845306 0
vn 0.98375833034515381 0.17949794232845306 0
vn 0.98375833034515381 0.17949794232845306 0
vn 0.98375833034515381 0.17949794232845306 0
vn 0.98824846744537354 0.15285594761371613 0
vn 0.98824846744537354 0.15285594761371613 0
vn 0.98824846744537354 0.15285594761371613 0
vn 0.98824846744537354 0.15285594761371613 0
vn 0.99211210012435913 0.12535391747951508 0
vn 0.99211210012435913 0.12535391747951508 0
vn 0.99211210012435913 0.12535391747951508 0
vn 0.99211210012435913 0.12535391747951508 0
vn 0.99528270959854126 0.097016870975494385 0
vn 0.99528270959854126 0.097016870975494385 0
vn 0.99528270959854126 0.097016870975494385 0
vn 0.99528270959854126 0.097016870975494385 0
vn 0.99769359827041626 0.067878857254981995 0
vn 0.99769359827041626 0.067878857254981995 0
vn 0.99769359827041626 0.067878857254981995 0
vn 0.99769359827041626 0.067878857254981995 0
vn 0.99927836656570435 0.037983514368534088 0
vn 0.99927836656570435 0.037983514368534088 0
vn 0.99927836656570435 0.037983514368534088 0
vn 0.99927836656570435 0.037983514368534088 0
vn 0.99997276067733765 0.0073844450525939465 0
vn 0.99997276067733765 0.0073844450525939465 0
vn 0.99997276067733765 0.0073844450525939465 0
vn 0.99997276067733765 0.0073844450525939465 0
vn 0.99971544742584229 -0.023854581639170647 0
vn 0.99971544742584229 -0.023854581639170647 0
vn 0.99971544742584229 -0.023854581639170647 0
vn 0.99971544742584229 -0.023854581639170647 0
vn 0.99844980239868164 -0.055659696459770203 0
vn 0.99844980239868164 -0.055659696459770203 0
vn 0.99844980239868164 -0.055659696459770203 0
vn 0.99844980239868164 -0.055659696459770203 0
vn 0.99612516164779663 -0.087947256863117218 0
vn 0.99612516164779663 -0.087947256863117218 0
vn 0.99612516164779663 -0.087947256863117218 0
vn 0.99612516164779663 -0.087947256863117218 0
vn 0.99269819259643555 -0.12062448263168335 0
vn 0.99269819259643555 -0.12062448263168335 0
vn 0.99269819259643555 -0.12062448263168335 0
vn 0.99269819259643555 -0.12062448263168335 0
vn -0.11535017192363739 0.993324875831604 0
vn -0.11535017192363739 0.993324875831604 0
vn -0.11397933214902878 0.99348312616348267 0
vn -0.11397933214902878 0.99348312616348267 0
vn -0.11155866086483002 0.99375784397125244 0
vn -0.11155866086483002 0.99375784397125244 0
vn -0.10663288086652756 0.99429845809936523 0
vn -0.10663288086652756 0.99429845809936523 0
vn -0.096430912613868713 0.99533969163894653 0
vn -0.096430912613868713 0.99533969163894653 0
vn -0.096430912613868713 0.99533969163894653 0
vn -0.096430912613868713 0.99533969163894653 0
vn -0.074516437947750092 0.99721980094909668 0
vn -0.074516437947750092 0.99721980094909668 0
vn -0.074516437947750092 0.99721980094909668 0
vn -0.074516437947750092 0.99721980094909668 0
vn -0.043746326118707657 0.99904268980026245 0
vn -0.043746326118707657 0.99904268980026245 0
vn -0.043746326118707657 0.99904268980026245 0
vn -0.043746326118707657 0.99904268980026245 0
vn -0.01834016852080822 0.99983179569244385 0
vn -0.01834016852080822 0.99983179569244385 0
vn -0.01834016852080822 0.99983179569244385 0
vn -0.01834016852080822 0.99983179569244385 0
vn 0.0006864229217171669 0.9999997615814209 0
vn 0.0006864229217171669 0.9999997615814209 0
vn 0.0006864229217171669 0.9999997615814209 0
vn 0.0006864229217171669 0.9999997615814209 0
vn 0.021061835810542107 0.999778151512146 0
vn 0.021061835810542107 0.999778151512146 0
vn 0.021061835810542107 0.999778151512146 0
vn 0.021061835810542107 0.999778151512146 0
vn 0.042903605848550797 0.99907922744750977 0
vn 0.042903605848550797 0.99907922744750977 0
vn 0.042903605848550797 0.99907922744750977 0
vn 0.042903605848550797 0.99907922744750977 0
vn 0.066339075565338135 0.99779713153839111 0
vn 0.066339075565338135 0.99779713153839111 0
vn 0.066339075565338135 0.99779713153839111 0
vn 0.066339075565338135 0.99779713153839111 0
vn 0.091504596173763275 0.99580466747283936 0
vn 0.091504596173763275 0.99580466747283936 0
vn 0.091504596173763275 0.99580466747283936 0
vn 0.091504596173763275 0.99580466747283936 0
vn 0.1185440793633461 0.99294877052307129 0
vn 0.1185440793633461 0.99294877052307129 0
vn 0.1185440793633461 0.99294877052307129 0
vn 0.1185440793633461 0.99294877052307129 0
vn 0.14760667085647583 0.98904615640640259 0
vn 0.14760667085647583 0.98904615640640259 0
vn 0.14760667085647583 0.98904615640640259 0
vn 0.14760667085647583 0.98904615640640259 0
vn 0.17884291708469391 0.98387765884399414 0
vn 0.17884291708469391 0.98387765884399414 0
vn 0.17884291708469391 0.98387765884399414 0
vn 0.17884291708469391 0.98387765884399414 0
vn 0.20364490151405334 0.97904479503631592 0
vn 0.20364490151405334 0.97904479503631592 0
vn 0.20364490151405334 0.97904479503631592 0
vn 0.20364490151405334 0.97904479503631592 0
vn 0.22102619707584381 0.97526788711547852 0
vn 0.22102619707584381 0.97526788711547852 0
vn 0.22102619707584381 0.97526788711547852 0
vn 0.22102619707584381 0.97526788711547852 0
vn 0.23902873694896698 0.97101247310638428 0
vn 0.23902873694896698 0.97101247310638428 0
vn 0.23902873694896698 0.97101247310638428 0
vn 0.23902873694896698 0.97101247310638428 0
vn 0.25766634941101074 0.96623396873474121 0
vn 0.25766634941101074 0.96623396873474121 0
vn 0.25766634941101074 0.96623396873474121 0
vn 0.25766634941101074 0.96623396873474121 0
vn 0.27695071697235107 0.96088415384292603 0
vn 0.27695071697235107 0.96088415384292603 0
vn 0.27695071697235107 0.96088415384292603 0
vn 0.27695071697235107 0.96088415384292603 0
vn 0.29689070582389832 0.95491147041320801 0
vn 0.29689070582389832 0.95491147041320801 0
vn 0.29689070582389832 0.95491147041320801 0
vn 0.29689070582389832 0.95491147041320801 0
vn 0.31749188899993896 0.94826096296310425 0
vn 0.31749188899993896 0.94826096296310425 0
vn 0.31749188899993896 0.94826096296310425 0
vn 0.31749188899993896 0.94826096296310425 0
vn 0.33875563740730286 0.94087439775466919 0
vn 0.33875563740730286 0.94087439775466919 0
vn 0.33875563740730286 0.94087439775466919 0
vn 0.33875563740730286 0.94087439775466919 0
vn 0.36067849397659302 0.93269020318984985 0
vn 0.36067849397659302 0.93269020318984985 0
vn 0.36067849397659302 0.93269020318984985 0
vn 0.36067849397659302 0.93269020318984985 0
vn 0.38325121998786926 0.92364412546157837 0
vn 0.38325121998786926 0.92364412546157837 0
vn 0.38325121998786926 0.92364412546157837 0
vn 0.38325121998786926 0.92364412546157837 0
vn 0.40645796060562134 0.91366946697235107 0
vn 0.40645796060562134 0.91366946697235107 0
vn 0.40645796060562134 0.91366946697235107 0
vn 0.40645796060562134 0.91366946697235107 0
vn 0.43027523159980774 0.90269774198532104 0
vn 0.43027523159980774 0.90269774198532104 0
vn 0.43027523159980774 0.90269774198532104 0
vn 0.43027523159980774 0.90269774198532104 0
vn 0.45467096567153931 0.89065951108932495 0
vn 0.45467096567153931 0.89065951108932495 0
vn 0.45467096567153931 0.89065951108932495 0
vn 0.45467096567153931 0.89065951108932495 0
vn 0.47960352897644043 0.87748527526855469 0
vn 0.47960352897644043 0.87748527526855469 0
vn 0.47960352897644043 0.87748527526855469 0
vn 0.47960352897644043 0.87748527526855469 0
vn 0.5050208568572998 0.86310714483261108 0
vn 0.5050208568572998 0.86310714483261108 0
vn 0.5050208568572998 0.86310714483261108 0
vn 0.5050208568572998 0.86310714483261108 0
vn 0.53085976839065552 0.84745967388153076 0
vn 0.53085976839065552 0.84745967388153076 0
vn 0.53085976839065552 0.84745967388153076 0
vn 0.53085976839065552 0.84745967388153076 0
vn 0.55704504251480103 0.83048224449157715 0
vn 0.55704504251480103 0.83048224449157715 0
vn 0.55704504251480103 0.83048224449157715 0
vn 0.55704504251480103 0.83048224449157715 0
vn 0.58348953723907471 0.81212067604064941 0
vn 0.58348953723907471 0.81212067604064941 0
vn 0.58348953723907471 0.81212067604064941 0
vn 0.58348953723907471 0.81212067604064941 0
vn 0.61009365320205688 0.79232931137084961 0
vn 0.61009365320205688 0.79232931137084961 0
vn 0.61009365320205688 0.79232931137084961 0
vn 0.61009365320205688 0.79232931137084961 0
vn 0.63674616813659668 0.77107352018356323 0
vn 0.63674616813659668 0.77107352018356323 0
vn 0.63674616813659668 0.77107352018356323 0
vn 0.63674616813659668 0.77107352018356323 0
vn 0.65666103363037109 0.75418585538864136 0
vn 0.65666103363037109 0.75418585538864136 0
vn 0.65666103363037109 0.75418585538864136 0
vn 0.65666103363037109 0.75418585538864136 0
vn 0.66990989446640015 0.74244242906570435 0
vn 0.66990989446640015 0.74244242906570435 0
vn 0.66990989446640015 0.74244242906570435 0
vn 0.66990989446640015 0.74244242906570435 0
vn 0.68309879302978516 0.73032593727111816 0
vn 0.68309879302978516 0.73032593727111816 0
vn 0.68309879302978516 0.73032593727111816 0
vn 0.68309879302978516 0.73032593727111816 0
vn 0.69621032476425171 0.7178378701210022 0
vn 0.69621032476425171 0.7178378701210022 0
vn 0.69621032476425171 0.7178378701210022 0
vn 0.69621032476425171 0.7178378701210022 0
vn 0.70922648906707764 0.70498067140579224 0
vn 0.70922648906707764 0.70498067140579224 0
vn 0.70922648906707764 0.70498067140579224 0
vn 0.70922648906707764 0.70498067140579224 0
vn 0.72212916612625122 0.69175821542739868 0
vn 0.72212916612625122 0.69175821542739868 0
vn 0.72212916612625122 0.69175821542739868 0
vn 0.72212916612625122 0.69175821542739868 0
vn 0.73489999771118164 0.67817550897598267 0
vn 0.73489999771118164 0.67817550897598267 0
vn 0.73489999771118164 0.67817550897598267 0
vn 0.73489999771118164 0.67817550897598267 0
vn 0.74752038717269897 0.66423887014389038 0
vn 0.74752038717269897 0.66423887014389038 0
vn 0.74752038717269897 0.66423887014389038 0
vn 0.74752038717269897 0.66423887014389038 0
vn 0.75997191667556763 0.64995592832565308 0
vn 0.75997191667556763 0.64995592832565308 0
vn 0.75997191667556763 0.64995592832565308 0
vn 0.75997191667556763 0.64995592832565308 0
vn 0.77223610877990723 0.63533562421798706 0
vn 0.77223610877990723 0.63533562421798706 0
vn 0.77223610877990723 0.63533562421798706 0
vn 0.77223610877990723 0.63533562421798706 0
vn 0.78429484367370605 0.62038826942443848 0
vn 0.78429484367370605 0.62038826942443848 0
vn 0.78429484367370605 0.62038826942443848 0
vn 0.78429484367370605 0.62038826942443848 0
vn 0.79613023996353149 0.6051253080368042 0
vn 0.79613023996353149 0.6051253080368042 0
vn 0.79613023996353149 0.6051253080368042 0
vn 0.79613023996353149 0.6051253080368042 0
vn 0.80772489309310913 0.58955961465835571 0
vn 0.80772489309310913 0.58955961465835571 0
vn 0.80772489309310913 0.58955961465835571 0
vn 0.80772489309310913 0.58955961465835571 0
vn 0.81906187534332275 0.57370519638061523 0
vn 0.81906187534332275 0.57370519638061523 0
vn 0.81906187534332275 0.57370519638061523 0
vn 0.81906187534332275 0.57370519638061523 0
vn 0.83012509346008301 0.55757719278335571 0
vn 0.83012509346008301 0.55757719278335571 0
vn 0.83012509346008301 0.55757719278335571 0
vn 0.83012509346008301 0.55757719278335571 0
vn 0.84089905023574829 0.54119199514389038 0
vn 0.84089905023574829 0.54119199514389038 0
vn 0.84089905023574829 0.54119199514389038 0
vn 0.84089905023574829 0.54119199514389038 0
vn 0.85136926174163818 0.5245668888092041 0
vn 0.85136926174163818 0.5245668888092041 0
vn 0.85136926174163818 0.5245668888092041 0
vn 0.85136926174163818 0.5245668888092041 0
vn 0.86152207851409912 0.50772005319595337 0
vn 0.86152207851409912 0.50772005319595337 0
vn 0.86152207851409912 0.50772005319595337 0
vn 0.86152207851409912 0.50772005319595337 0
vn 0.87134510278701782 0.49067065119743347 0
vn 0.87134510278701782 0.49067065119743347 0
vn 0.87134510278701782 0.49067065119743347 0
vn 0.87134510278701782 0.49067065119743347 0
vn 0.88082689046859741 0.47343847155570984 0
vn 0.88082689046859741 0.47343847155570984 0
vn 0.88082689046859741 0.47343847155570984 0
vn 0.88082689046859741 0.47343847155570984 0
vn 0.8899572491645813 0.45604392886161804 0
vn 0.8899572491645813 0.45604392886161804 0
vn 0.8899572491645813 0.45604392886161804 0
vn 0.8899572491645813 0.45604392886161804 0
vn 0.89872729778289795 0.43850791454315186 0
vn 0.89872729778289795 0.43850791454315186 0
vn 0.89872729778289795 0.43850791454315186 0
vn 0.89872729778289795 0.43850791454315186 0
vn 0.90712946653366089 0.42085170745849609 0
vn 0.90712946653366089 0.42085170745849609 0
vn 0.90712946653366089 0.42085170745849609 0
vn 0.90712946653366089 0.42085170745849609 0
vn 0.91515731811523438 0.40309685468673706 0
vn 0.91515731811523438 0.40309685468673706 0
vn 0.91515731811523438 0.40309685468673706 0
vn 0.91515731811523438 0.40309685468673706 0
vn 0.9228060245513916 0.38526496291160583 0
vn 0.9228060245513916 0.38526496291160583 0
vn 0.9228060245513916 0.38526496291160583 0
vn 0.9228060245513916 0.38526496291160583 0
vn 0.93007189035415649 0.36737760901451111 0
vn 0.93007189035415649 0.36737760901451111 0
vn 0.93007189035415649 0.36737760901451111 0
vn 0.93007189035415649 0.36737760901451111 0
vn 0.93695265054702759 0.34945634007453918 0
vn 0.93695265054702759 0.34945634007453918 0
vn 0.93695265054702759 0.34945634007453918 0
vn 0.93695265054702759 0.34945634007453918 0
vn 0.94344741106033325 0.33152228593826294 0
vn 0.94344741106033325 0.33152228593826294 0
vn 0.94344741106033325 0.33152228593826294 0
vn 0.94344741106033325 0.33152228593826294 0
vn -0.98529559373855591 0.17085850238800049 0
vn -0.98529559373855591 0.17085850238800049 0
vn -0.98489677906036377 0.17314238846302032 0
vn -0.98489677906036377 0.17314238846302032 0
vn -0.98417931795120239 0.17717516422271729 0
vn -0.98417931795120239 0.17717516422271729 0
vn -0.98266685009002686 0.18538017570972443 0
vn -0.98266685009002686 0.18538017570972443 0
vn -0.97931027412414551 0.20236454904079437 0
vn -0.97931027412414551 0.20236454904079437 0
vn -0.97931027412414551 0.20236454904079437 0
vn -0.97931027412414551 0.20236454904079437 0
vn -0.97439283132553101 0.2248523086309433 0
vn -0.97439283132553101 0.2248523086309433 0
vn -0.97439283132553101 0.2248523086309433 0
vn -0.97439283132553101 0.2248523086309433 0
vn -0.96850490570068359 0.24899442493915558 0
vn -0.96850490570068359 0.24899442493915558 0
vn -0.96850490570068359 0.24899442493915558 0
vn -0.96850490570068359 0.24899442493915558 0
vn -0.96153080463409424 0.27469703555107117 0
vn -0.96153080463409424 0.27469703555107117 0
vn -0.96153080463409424 0.27469703555107117 0
vn -0.96153080463409424 0.27469703555107117 0
vn -0.95331168174743652 0.30198812484741211 0
vn -0.95331168174743652 0.30198812484741211 0
vn -0.95331168174743652 0.30198812484741211 0
vn -0.95331168174743652 0.30198812484741211 0
vn -0.94366002082824707 0.3309166431427002 0
vn -0.94366002082824707 0.3309166431427002 0
vn -0.94366002082824707 0.3309166431427002 0
vn -0.94366002082824707 0.3309166431427002 0
vn -0.9323611855506897 0.36152809858322144 0
vn -0.9323611855506897 0.36152809858322144 0
vn -0.9323611855506897 0.36152809858322144 0
vn -0.9323611855506897 0.36152809858322144 0
vn -0.92276561260223389 0.38536164164543152 0
vn -0.92276561260223389 0.38536164164543152 0
vn -0.92276561260223389 0.38536164164543152 0
vn -0.92276561260223389 0.38536164164543152 0
vn -0.91565626859664917 0.40196213126182556 0
vn -0.91565626859664917 0.40196213126182556 0
vn -0.91565626859664917 0.40196213126182556 0
vn -0.91565626859664917 0.40196213126182556 0
vn -0.90799057483673096 0.41899064183235168 0
vn -0.90799057483673096 0.41899064183235168 0
vn -0.90799057483673096 0.41899064183235168 0
vn -0.90799057483673096 0.41899064183235168 0
vn -0.89973169565200806 0.43644347786903381 0
vn -0.89973169565200806 0.43644347786903381 0
vn -0.89973169565200806 0.43644347786903381 0
vn -0.89973169565200806 0.43644347786903381 0
vn -0.89084154367446899 0.45431408286094666 0
vn -0.89084154367446899 0.45431408286094666 0
vn -0.89084154367446899 0.45431408286094666 0
vn -0.89084154367446899 0.45431408286094666 0
vn -0.88128095865249634 0.47259274125099182 0
vn -0.88128095865249634 0.47259274125099182 0
vn -0.88128095865249634 0.47259274125099182 0
vn -0.88128095865249634 0.47259274125099182 0
vn -0.87100952863693237 0.49126610159873962 0
vn -0.87100952863693237 0.49126610159873962 0
vn -0.87100952863693237 0.49126610159873962 0
vn -0.87100952863693237 0.49126610159873962 0
vn -0.85998648405075073 0.51031678915023804 0
vn -0.85998648405075073 0.51031678915023804 0
vn -0.85998648405075073 0.51031678915023804 0
vn -0.85998648405075073 0.51031678915023804 0
vn -0.8481706976890564 0.52972298860549927 0
vn -0.8481706976890564 0.52972298860549927 0
vn -0.8481706976890564 0.52972298860549927 0
vn -0.8481706976890564 0.52972298860549927 0
vn -0.83552122116088867 0.54945820569992065 0
vn -0.83552122116088867 0.54945820569992065 0
vn -0.83552122116088867 0.54945820569992065 0
vn -0.83552122116088867 0.54945820569992065 0
vn -0.82199782133102417 0.56949061155319214 0
vn -0.82199782133102417 0.56949061155319214 0
vn -0.82199782133102417 0.56949061155319214 0
vn -0.82199782133102417 0.56949061155319214 0
vn -0.80756187438964844 0.58978283405303955 0
vn -0.80756187438964844 0.58978283405303955 0
vn -0.80756187438964844 0.58978283405303955 0
vn -0.80756187438964844 0.58978283405303955 0
vn -0.79217666387557983 0.61029183864593506 0
vn -0.79217666387557983 0.61029183864593506 0
vn -0.79217666387557983 0.61029183864593506 0
vn -0.79217666387557983 0.61029183864593506 0
vn -0.77580845355987549 0.63096851110458374 0
vn -0.77580845355987549 0.63096851110458374 0
vn -0.77580845355987549 0.63096851110458374 0
vn -0.77580845355987549 0.63096851110458374 0
vn -0.75842738151550293 0.65175759792327881 0
vn -0.75842738151550293 0.65175759792327881 0
vn -0.75842738151550293 0.65175759792327881 0
vn -0.75842738151550293 0.65175759792327881 0
vn -0.74000829458236694 0.67259776592254639 0
vn -0.74000829458236694 0.67259776592254639 0
vn -0.74000829458236694 0.67259776592254639 0
vn -0.74000829458236694 0.67259776592254639 0
vn -0.72053182125091553 0.69342184066772461 0
vn -0.72053182125091553 0.69342184066772461 0
vn -0.72053182125091553 0.69342184066772461 0
vn -0.72053182125091553 0.69342184066772461 0
vn -0.69998550415039063 0.71415704488754272 0
vn -0.69998550415039063 0.71415704488754272 0
vn -0.69998550415039063 0.71415704488754272 0
vn -0.69998550415039063 0.71415704488754272 0
vn -0.67836439609527588 0.73472565412521362 0
vn -0.67836439609527588 0.73472565412521362 0
vn -0.67836439609527588 0.73472565412521362 0
vn -0.67836439609527588 0.73472565412521362 0
vn -0.65567249059677124 0.75504541397094727 0
vn -0.65567249059677124 0.75504541397094727 0
vn -0.65567249059677124 0.75504541397094727 0
vn -0.65567249059677124 0.75504541397094727 0
vn -0.63192319869995117 0.77503103017807007 0
vn -0.63192319869995117 0.77503103017807007 0
vn -0.63192319869995117 0.77503103017807007 0
vn -0.63192319869995117 0.77503103017807007 0
vn -0.60714030265808105 0.79459464550018311 0
vn -0.60714030265808105 0.79459464550018311 0
vn -0.60714030265808105 0.79459464550018311 0
vn -0.60714030265808105 0.79459464550018311 0
vn -0.58135825395584106 0.81364768743515015 0
vn -0.58135825395584106 0.81364768743515015 0
vn -0.58135825395584106 0.81364768743515015 0
vn -0.58135825395584106 0.81364768743515015 0
vn -0.5546225905418396 0.83210200071334839 0
vn -0.5546225905418396 0.83210200071334839 0
vn -0.5546225905418396 0.83210200071334839 0
vn -0.5546225905418396 0.83210200071334839 0
vn -0.52698987722396851 0.84987157583236694 0
vn -0.52698987722396851 0.84987157583236694 0
vn -0.52698987722396851 0.84987157583236694 0
vn -0.52698987722396851 0.84987157583236694 0
vn -0.49852731823921204 0.86687397956848145 0
vn -0.49852731823921204 0.86687397956848145 0
vn -0.49852731823921204 0.86687397956848145 0
vn -0.49852731823921204 0.86687397956848145 0
vn -0.46931236982345581 0.88303220272064209 0
vn -0.46931236982345581 0.88303220272064209 0
vn -0.46931236982345581 0.88303220272064209 0
vn -0.46931236982345581 0.88303220272064209 0
vn -0.4394315779209137 0.89827603101730347 0
vn -0.4394315779209137 0.89827603101730347 0
vn -0.4394315779209137 0.89827603101730347 0
vn -0.4394315779209137 0.89827603101730347 0
vn -0.40897953510284424 0.91254353523254395 0
vn -0.40897953510284424 0.91254353523254395 0
vn -0.40897953510284424 0.91254353523254395 0
vn -0.40897953510284424 0.91254353523254395 0
vn -0.37805730104446411 0.92578220367431641 0
vn -0.37805730104446411 0.92578220367431641 0
vn -0.37805730104446411 0.92578220367431641 0
vn -0.37805730104446411 0.92578220367431641 0
vn -0.34677079319953918 0.93794989585876465 0
vn -0.34677079319953918 0.93794989585876465 0
vn -0.34677079319953918 0.93794989585876465 0
vn -0.34677079319953918 0.93794989585876465 0
vn -0.31522902846336365 0.94901561737060547 0
vn -0.31522902846336365 0.94901561737060547 0
vn -0.31522902846336365 0.94901561737060547 0
vn -0.31522902846336365 0.94901561737060547 0
vn -0.28354209661483765 0.95895975828170776 0
vn -0.28354209661483765 0.95895975828170776 0
vn -0.28354209661483765 0.95895975828170776 0
vn -0.28354209661483765 0.95895975828170776 0
vn -0.25181949138641357 0.96777421236038208 0
vn -0.25181949138641357 0.96777421236038208 0
vn -0.25181949138641357 0.96777421236038208 0
vn -0.25181949138641357 0.96777421236038208 0
vn -0.22016815841197968 0.97546195983886719 0
vn -0.22016815841197968 0.97546195983886719 0
vn -0.22016815841197968 0.97546195983886719 0
vn -0.22016815841197968 0.97546195983886719 0
vn -0.18869093060493469 0.9820365309715271 0
vn -0.18869093060493469 0.9820365309715271 0
vn -0.18869093060493469 0.9820365309715271 0
vn -0.18869093060493469 0.9820365309715271 0
vn -0.15748509764671326 0.98752135038375854 0
vn -0.15748509764671326 0.98752135038375854 0
vn -0.15748509764671326 0.98752135038375854 0
vn -0.15748509764671326 0.98752135038375854 0
vn -0.12664112448692322 0.99194860458374023 0
vn -0.12664112448692322 0.99194860458374023 0
vn -0.12664112448692322 0.99194860458374023 0
vn -0.12664112448692322 0.99194860458374023 0
vn -0.096241764724254608 0.99535799026489258 0
vn -0.096241764724254608 0.99535799026489258 0
vn -0.096241764724254608 0.99535799026489258 0
vn -0.096241764724254608 0.99535799026489258 0
vn -0.066361322999000549 0.99779564142227173 0
vn -0.066361322999000549 0.99779564142227173 0
vn -0.066361322999000549 0.99779564142227173 0
vn -0.066361322999000549 0.99779564142227173 0
vn -0.037065260112285614 0.99931281805038452 0
vn -0.037065260112285614 0.99931281805038452 0
vn -0.037065260112285614 0.99931281805038452 0
vn -0.037065260112285614 0.99931281805038452 0
vn -0.0084100039675831795 0.99996465444564819 0
vn -0.0084100039675831795 0.99996465444564819 0
vn -0.0084100039675831795 0.99996465444564819 0
vn -0.0084100039675831795 0.99996465444564819 0
vn 0.019557001069188118 0.99980872869491577 0
vn 0.019557001069188118 0.99980872869491577 0
vn 0.019557001069188118 0.99980872869491577 0
vn 0.019557001069188118 0.99980872869491577 0
vn 0.046797055751085281 0.99890440702438354 0
vn 0.046797055751085281 0.99890440702438354 0
vn 0.046797055751085281 0.99890440702438354 0
vn 0.046797055751085281 0.99890440702438354 0
vn 0.073279812932014465 0.99731141328811646 0
vn 0.073279812932014465 0.99731141328811646 0
vn 0.073279812932014465 0.99731141328811646 0
vn 0.073279812932014465 0.99731141328811646 0
vn 0.098982751369476318 0.99508917331695557 0
vn 0.098982751369476318 0.99508917331695557 0
vn 0.098982751369476318 0.99508917331695557 0
vn 0.098982751369476318 0.99508917331695557 0
vn 0.12389059364795685 0.99229586124420166 0
vn 0.12389059364795685 0.99229586124420166 0
vn 0.12389059364795685 0.99229586124420166 0
vn 0.12389059364795685 0.99229586124420166 0
vn 0.14799462258815765 0.98898816108703613 0
vn 0.14799462258815765 0.98898816108703613 0
vn 0.14799462258815765 0.98898816108703613 0
vn 0.14799462258815765 0.98898816108703613 0
vn -0.90936094522476196 -0.41600799560546875 0
vn -0.90936094522476196 -0.41600799560546875 0
vn -0.91100043058395386 -0.41240546107292175 0
vn -0.91100043058395386 -0.41240546107292175 0
vn -0.91383826732635498 -0.40607830882072449 0
vn -0.91383826732635498 -0.40607830882072449 0
vn -0.91939306259155273 -0.39334008097648621 0
vn -0.91939306259155273 -0.39334008097648621 0
vn -0.91939306259155273 -0.39334008097648621 0
vn -0.91939306259155273 -0.39334008097648621 0
vn -0.92614144086837769 -0.37717637419700623 0
vn -0.92614144086837769 -0.37717637419700623 0
vn -0.92614144086837769 -0.37717637419700623 0
vn -0.92614144086837769 -0.37717637419700623 0
vn -0.93270295858383179 -0.360645592212677 0
vn -0.93270295858383179 -0.360645592212677 0
vn -0.93270295858383179 -0.360645592212677 0
vn -0.93270295858383179 -0.360645592212677 0
vn -0.93900632858276367 -0.34389990568161011 0
vn -0.93900632858276367 -0.34389990568161011 0
vn -0.93900632858276367 -0.34389990568161011 0
vn -0.93900632858276367 -0.34389990568161011 0
vn -0.94502699375152588 -0.32699239253997803 0
vn -0.94502699375152588 -0.32699239253997803 0
vn -0.94502699375152588 -0.32699239253997803 0
vn -0.94502699375152588 -0.32699239253997803 0
vn -0.9507516622543335 -0.30995362997055054 0
vn -0.9507516622543335 -0.30995362997055054 0
vn -0.9507516622543335 -0.30995362997055054 0
vn -0.9507516622543335 -0.30995362997055054 0
vn -0.95617163181304932 -0.29280686378479004 0
vn -0.95617163181304932 -0.29280686378479004 0
vn -0.95617163181304932 -0.29280686378479004 0
vn -0.95617163181304932 -0.29280686378479004 0
vn -0.96128028631210327 -0.2755725085735321 0
vn -0.96128028631210327 -0.2755725085735321 0
vn -0.96128028631210327 -0.2755725085735321 0
vn -0.96128028631210327 -0.2755725085735321 0
vn -0.96607285737991333 -0.25826963782310486 0
vn -0.96607285737991333 -0.25826963782310486 0
vn -0.96607285737991333 -0.25826963782310486 0
vn -0.96607285737991333 -0.25826963782310486 0
vn -0.97054582834243774 -0.24091668426990509 0
vn -0.97054582834243774 -0.24091668426990509 0
vn -0.97054582834243774 -0.24091668426990509 0
vn -0.97054582834243774 -0.24091668426990509 0
vn -0.97469669580459595 -0.22353164851665497 0
vn -0.97469669580459595 -0.22353164851665497 0
vn -0.97469669580459595 -0.22353164851665497 0
vn -0.97469669580459595 -0.22353164851665497 0
vn -0.97852414846420288 -0.20613224804401398 0
vn -0.97852414846420288 -0.20613224804401398 0
vn -0.97852414846420288 -0.20613224804401398 0
vn -0.97852414846420288 -0.20613224804401398 0
vn -0.98202788829803467 -0.18873584270477295 0
vn -0.98202788829803467 -0.18873584270477295 0
vn -0.98202788829803467 -0.18873584270477295 0
vn -0.98202788829803467 -0.18873584270477295 0
vn -0.98520857095718384 -0.17135949432849884 0
vn -0.98520857095718384 -0.17135949432849884 0
vn -0.98520857095718384 -0.17135949432849884 0
vn -0.98520857095718384 -0.17135949432849884 0
vn -0.98806774616241455 -0.15401989221572876 0
vn -0.98806774616241455 -0.15401989221572876 0
vn -0.98806774616241455 -0.15401989221572876 0
vn -0.98806774616241455 -0.15401989221572876 0
vn -0.99179202318191528 -0.12786158919334412 0
vn -0.99179202318191528 -0.12786158919334412 0
vn -0.99179202318191528 -0.12786158919334412 0
vn -0.99179202318191528 -0.12786158919334412 0
vn -0.99560731649398804 -0.093627095222473145 0
vn -0.99560731649398804 -0.093627095222473145 0
vn -0.99560731649398804 -0.093627095222473145 0
vn -0.99560731649398804 -0.093627095222473145 0
vn -0.99820971488952637 -0.059810943901538849 0
vn -0.99820971488952637 -0.059810943901538849 0
vn -0.99820971488952637 -0.059810943901538849 0
vn -0.99820971488952637 -0.059810943901538849 0
vn -0.99964821338653564 -0.026521796360611916 0
vn -0.99964821338653564 -0.026521796360611916 0
vn -0.99964821338653564 -0.026521796360611916 0
vn -0.99964821338653564 -0.026521796360611916 0
vn -0.9999811053276062 0.0061433129012584686 0
vn -0.9999811053276062 0.0061433129012584686 0
vn -0.9999811053276062 0.0061433129012584686 0
vn -0.9999811053276062 0.0061433129012584686 0
vn -0.99927395582199097 0.038099568337202072 0
vn -0.99927395582199097 0.038099568337202072 0
vn -0.99927395582199097 0.038099568337202072 0
vn -0.99927395582199097 0.038099568337202072 0
vn -0.99759763479232788 0.069274634122848511 0
vn -0.99759763479232788 0.069274634122848511 0
vn -0.99759763479232788 0.069274634122848511 0
vn -0.99759763479232788 0.069274634122848511 0
vn -0.99502670764923096 0.099608607590198517 0
vn -0.99502670764923096 0.099608607590198517 0
vn -0.99502670764923096 0.099608607590198517 0
vn -0.99502670764923096 0.099608607590198517 0
vn -0.99163758754730225 0.12905366718769073 0
vn -0.99163758754730225 0.12905366718769073 0
vn -0.99163758754730225 0.12905366718769073 0
vn -0.99163758754730225 0.12905366718769073 0
vn -0.98750728368759155 0.15757347643375397 0
vn -0.98750728368759155 0.15757347643375397 0
vn -0.98750728368759155 0.15757347643375397 0
vn -0.98750728368759155 0.15757347643375397 0
vn -0.98271167278289795 0.18514242768287659 0
vn -0.98271167278289795 0.18514242768287659 0
vn -0.98271167278289795 0.18514242768287659 0
vn -0.98271167278289795 0.18514242768287659 0
vn -0.97732502222061157 0.21174474060535431 0
vn -0.97732502222061157 0.21174474060535431 0
vn -0.97732502222061157 0.21174474060535431 0
vn -0.97732502222061157 0.21174474060535431 0
vn -0.97141849994659424 0.23737342655658722 0
vn -0.97141849994659424 0.23737342655658722 0
vn -0.97141849994659424 0.23737342655658722 0
vn -0.97141849994659424 0.23737342655658722 0
vn -0.96505993604660034 0.26202929019927979 0
vn -0.96505993604660034 0.26202929019927979 0
vn -0.96505993604660034 0.26202929019927979 0
vn -0.96505993604660034 0.26202929019927979 0
vn -0.95831316709518433 0.28571987152099609 0
vn -0.95831316709518433 0.28571987152099609 0
vn -0.95831316709518433 0.28571987152099609 0
vn -0.95831316709518433 0.28571987152099609 0
vn -0.95123779773712158 0.30845844745635986 0
vn -0.95123779773712158 0.30845844745635986 0
vn -0.95123779773712158 0.30845844745635986 0
vn -0.95123779773712158 0.30845844745635986 0
vn -0.94388890266418457 0.33026310801506042 0
vn -0.94388890266418457 0.33026310801506042 0
vn -0.94388890266418457 0.33026310801506042 0
vn -0.94388890266418457 0.33026310801506042 0
vn -0.9363170862197876 0.35115575790405273 0
vn -0.9363170862197876 0.35115575790405273 0
vn -0.9363170862197876 0.35115575790405273 0
vn -0.9363170862197876 0.35115575790405273 0
vn -0.92856836318969727 0.37116149067878723 0
vn -0.92856836318969727 0.37116149067878723 0
vn -0.92856836318969727 0.37116149067878723 0
vn -0.92856836318969727 0.37116149067878723 0
vn -0.92068445682525635 0.3903077244758606 0
vn -0.92068445682525635 0.3903077244758606 0
vn -0.92068445682525635 0.3903077244758606 0
vn -0.92068445682525635 0.3903077244758606 0
vn -0.91270297765731812 0.40862366557121277 0
vn -0.91270297765731812 0.40862366557121277 0
vn -0.91270297765731812 0.40862366557121277 0
vn -0.91270297765731812 0.40862366557121277 0
vn -0.90465742349624634 0.42613962292671204 0
vn -0.90465742349624634 0.42613962292671204 0
vn -0.90465742349624634 0.42613962292671204 0
vn -0.90465742349624634 0.42613962292671204 0
vn -0.89657759666442871 0.44288671016693115 0
vn -0.89657759666442871 0.44288671016693115 0
vn -0.89657759666442871 0.44288671016693115 0
vn -0.89657759666442871 0.44288671016693115 0
vn -0.88848984241485596 0.45889627933502197 0
vn -0.88848984241485596 0.45889627933502197 0
vn -0.88848984241485596 0.45889627933502197 0
vn -0.88848984241485596 0.45889627933502197 0
vn 0.86632823944091797 -0.4994751513004303 0
vn 0.86632823944091797 -0.4994751513004303 0
vn 0.86632823944091797 -0.4994751513004303 0
vn 0.86632823944091797 -0.4994751513004303 0
vn 0.85003495216369629 -0.52672624588012695 0
vn 0.85003495216369629 -0.52672624588012695 0
vn 0.85003495216369629 -0.52672624588012695 0
vn 0.85003495216369629 -0.52672624588012695 0
vn 0.83632081747055054 -0.5482403039932251 0
vn 0.83632081747055054 -0.5482403039932251 0
vn 0.83632081747055054 -0.5482403039932251 0
vn 0.83632081747055054 -0.5482403039932251 0
vn 0.82600891590118408 -0.56365710496902466 0
vn 0.82600891590118408 -0.56365710496902466 0
vn 0.82600891590118408 -0.56365710496902466 0
vn 0.82600891590118408 -0.56365710496902466 0
vn 0.81484764814376831 -0.57967519760131836 0
vn 0.81484764814376831 -0.57967519760131836 0
vn 0.81484764814376831 -0.57967519760131836 0
vn 0.81484764814376831 -0.57967519760131836 0
vn 0.80275756120681763 -0.59630554914474487 0
vn 0.80275756120681763 -0.59630554914474487 0
vn 0.80275756120681763 -0.59630554914474487 0
vn 0.80275756120681763 -0.59630554914474487 0
vn 0.78965198993682861 -0.61355495452880859 0
vn 0.78965198993682861 -0.61355495452880859 0
vn 0.78965198993682861 -0.61355495452880859 0
vn 0.78965198993682861 -0.61355495452880859 0
vn 0.77543681859970093 -0.63142520189285278 0
vn 0.77543681859970093 -0.63142520189285278 0
vn 0.77543681859970093 -0.63142520189285278 0
vn 0.77543681859970093 -0.63142520189285278 0
vn 0.7600102424621582 -0.64991104602813721 0
vn 0.7600102424621582 -0.64991104602813721 0
vn 0.7600102424621582 -0.64991104602813721 0
vn 0.7600102424621582 -0.64991104602813721 0
vn 0.74326318502426147 -0.66899913549423218 0
vn 0.74326318502426147 -0.66899913549423218 0
vn 0.74326318502426147 -0.66899913549423218 0
vn 0.74326318502426147 -0.66899913549423218 0
vn 0.72507935762405396 -0.68866527080535889 0
vn 0.72507935762405396 -0.68866527080535889 0
vn 0.72507935762405396 -0.68866527080535889 0
vn 0.72507935762405396 -0.68866527080535889 0
vn 0.70533621311187744 -0.70887291431427002 0
vn 0.70533621311187744 -0.70887291431427002 0
vn 0.70533621311187744 -0.70887291431427002 0
vn 0.70533621311187744 -0.70887291431427002 0
vn 0.68390613794326782 -0.72957003116607666 0
vn 0.68390613794326782 -0.72957003116607666 0
vn 0.68390613794326782 -0.72957003116607666 0
vn 0.68390613794326782 -0.72957003116607666 0
vn 0.66065829992294312 -0.75068676471710205 0
vn 0.66065829992294312 -0.75068676471710205 0
vn 0.66065829992294312 -0.75068676471710205 0
vn 0.66065829992294312 -0.75068676471710205 0
vn 0.63546139001846313 -0.77213263511657715 0
vn 0.63546139001846313 -0.77213263511657715 0
vn 0.63546139001846313 -0.77213263511657715 0
vn 0.63546139001846313 -0.77213263511657715 0
vn 0.61528939008712769 -0.78830134868621826 0
vn 0.61528939008712769 -0.78830134868621826 0
vn 0.61528939008712769 -0.78830134868621826 0
vn 0.61528939008712769 -0.78830134868621826 0
vn 0.60111320018768311 -0.79916387796401978 0
vn 0.60111320018768311 -0.79916387796401978 0
vn 0.60111320018768311 -0.79916387796401978 0
vn 0.60111320018768311 -0.79916387796401978 0
vn 0.58638030290603638 -0.81003588438034058 0
vn 0.58638030290603638 -0.81003588438034058 0
vn 0.58638030290603638 -0.81003588438034058 0
vn 0.58638030290603638 -0.81003588438034058 0
vn 0.57107728719711304 -0.82089632749557495 0
vn 0.57107728719711304 -0.82089632749557495 0
vn 0.57107728719711304 -0.82089632749557495 0
vn 0.57107728719711304 -0.82089632749557495 0
vn 0.5551917552947998 -0.83172237873077393 0
vn 0.5551917552947998 -0.83172237873077393 0
vn 0.5551917552947998 -0.83172237873077393 0
vn 0.5551917552947998 -0.83172237873077393 0
vn 0.53871285915374756 -0.84248948097229004 0
vn 0.53871285915374756 -0.84248948097229004 0
vn 0.53871285915374756 -0.84248948097229004 0
vn 0.53871285915374756 -0.84248948097229004 0
vn 0.52163118124008179 -0.85317111015319824 0
vn 0.52163118124008179 -0.85317111015319824 0
vn 0.52163118124008179 -0.85317111015319824 0
vn 0.52163118124008179 -0.85317111015319824 0
vn 0.50393933057785034 -0.86373907327651978 0
vn 0.50393933057785034 -0.86373907327651978 0
vn 0.50393933057785034 -0.86373907327651978 0
vn 0.50393933057785034 -0.86373907327651978 0
vn 0.48563200235366821 -0.87416332960128784 0
vn 0.48563200235366821 -0.87416332960128784 0
vn 0.48563200235366821 -0.87416332960128784 0
vn 0.48563200235366821 -0.87416332960128784 0
vn 0.46670636534690857 -0.88441234827041626 0
vn 0.46670636534690857 -0.88441234827041626 0
vn 0.46670636534690857 -0.88441234827041626 0
vn 0.46670636534690857 -0.88441234827041626 0
vn 0.44716218113899231 -0.89445286989212036 0
vn 0.44716218113899231 -0.89445286989212036 0
vn 0.44716218113899231 -0.89445286989212036 0
vn 0.44716218113899231 -0.89445286989212036 0
vn 0.42700228095054626 -0.90425056219100952 0
vn 0.42700228095054626 -0.90425056219100952 0
vn 0.42700228095054626 -0.90425056219100952 0
vn 0.42700228095054626 -0.90425056219100952 0
vn 0.40623268485069275 -0.91376966238021851 0
vn 0.40623268485069275 -0.91376966238021851 0
vn 0.40623268485069275 -0.91376966238021851 0
vn 0.40623268485069275 -0.91376966238021851 0
vn 0.38486284017562866 -0.92297381162643433 0
vn 0.38486284017562866 -0.92297381162643433 0
vn 0.38486284017562866 -0.92297381162643433 0
vn 0.38486284017562866 -0.92297381162643433 0
vn 0.36290588974952698 -0.93182581663131714 0
vn 0.36290588974952698 -0.93182581663131714 0
vn 0.36290588974952698 -0.93182581663131714 0
vn 0.36290588974952698 -0.93182581663131714 0
vn 0.34037888050079346 -0.94028836488723755 0
vn 0.34037888050079346 -0.94028836488723755 0
vn 0.34037888050079346 -0.94028836488723755 0
vn 0.34037888050079346 -0.94028836488723755 0
vn 0.31730282306671143 -0.94832426309585571 0
vn 0.31730282306671143 -0.94832426309585571 0
vn 0.31730282306671143 -0.94832426309585571 0
vn 0.31730282306671143 -0.94832426309585571 0
vn 0.29370275139808655 -0.95589679479598999 0
vn 0.29370275139808655 -0.95589679479598999 0
vn 0.29370275139808655 -0.95589679479598999 0
vn 0.29370275139808655 -0.95589679479598999 0
vn 0.26960790157318115 -0.96297019720077515 0
vn 0.26960790157318115 -0.96297019720077515 0
vn 0.26960790157318115 -0.96297019720077515 0
vn 0.26960790157318115 -0.96297019720077515 0
vn 0.24505150318145752 -0.96951007843017578 0
vn 0.24505150318145752 -0.96951007843017578 0
vn 0.24505150318145752 -0.96951007843017578 0
vn 0.24505150318145752 -0.96951007843017578 0
vn 0.22007080912590027 -0.97548389434814453 0
vn 0.22007080912590027 -0.97548389434814453 0
vn 0.22007080912590027 -0.97548389434814453 0
vn 0.22007080912590027 -0.97548389434814453 0
vn 0.19470679759979248 -0.98086148500442505 0
vn 0.19470679759979248 -0.98086148500442505 0
vn 0.19470679759979248 -0.98086148500442505 0
vn 0.19470679759979248 -0.98086148500442505 0
vn 0.16900403797626495 -0.98561537265777588 0
vn 0.16900403797626495 -0.98561537265777588 0
vn 0.16900403797626495 -0.98561537265777588 0
vn 0.16900403797626495 -0.98561537265777588 0
vn 0.14301022887229919 -0.98972123861312866 0
vn 0.14301022887229919 -0.98972123861312866 0
vn 0.14301022887229919 -0.98972123861312866 0
vn 0.14301022887229919 -0.98972123861312866 0
vn 0.11677595227956772 -0.99315828084945679 0
vn 0.11677595227956772 -0.99315828084945679 0
vn 0.11677595227956772 -0.99315828084945679 0
vn 0.11677595227956772 -0.99315828084945679 0
vn 0.090354077517986298 -0.99590969085693359 0
vn 0.090354077517986298 -0.99590969085693359 0
vn 0.090354077517986298 -0.99590969085693359 0
vn 0.090354077517986298 -0.99590969085693359 0
vn 0.063799329102039337 -0.99796277284622192 0
vn 0.063799329102039337 -0.99796277284622192 0
vn 0.063799329102039337 -0.99796277284622192 0
vn 0.063799329102039337 -0.99796277284622192 0
vn 0.037167709320783615 -0.99930906295776367 0
vn 0.037167709320783615 -0.99930906295776367 0
vn 0.037167709320783615 -0.99930906295776367 0
vn 0.037167709320783615 -0.99930906295776367 0
vn 0.010515907779335976 -0.99994468688964844 0
vn 0.010515907779335976 -0.99994468688964844 0
vn 0.010515907779335976 -0.99994468688964844 0
vn 0.010515907779335976 -0.99994468688964844 0
vn 0 0 -1
vn 0 0 -1
vn 0 0 -1
vn 0 0 -1
vn 0 0 -1
vn 0 0 -1
vn 0 0 -1
vn 0 0 -1
vn 0 0 -1
vn 0 0 -1
vn 0 0 -1
vn 0 0 -1
vn 0 0 -1
vn 0 0 -1
vn 0 0 -1
vn 0 0 -1
vn 0 0 -1
vn 0 0 -1
vn 0 0 -1
vn 0 0 -1
vn 0 0 -1
vn 0 0 -1
vn 0 0 -1
vn 0 0 -1
vn 0 0 -1
vn 0 0 -1
vn 0 0 -1
vn 0 0 -1
vn 0 0 -1
vn 0 0 -1
vn 0 0 -1
vn 0 0 -1
vn 0 0 -1
vn 0 0 -1
vn 0 0 -1
vn 0 0 -1
vn 0 0 -1
vn 0 0 -1
vn 0 0 -1
vn 0 0 -1
vn 0 0 -1
vn 0 0 -1
vn 0 0 -1
vn 0 0 -1
vn 0 0 -1
vn 0 0 -1
vn 0 0 -1
vn 0 0 -1
vn 0 0 -1
vn 0 0 -1
vn 0 0 -1
vn 0 0 -1
vn 0 0 -1
vn 0 0 -1
vn 0 0 -1
vn 0 0 -1
vn 0 0 -1
vn 0 0 -1
vn 0 0 -1
vn 0 0 -1
vn 0 0 -1
vn 0 0 -1
vn 0 0 -1
vn 0 0 -1
vn 0 0 -1
vn 0 0 -1
vn 0 0 -1
vn 0 0 -1
vn 0 0 -1
vn 0 0 -1
vn 0 0 -1
vn 0 0 -1
vn 0 0 -1
vn 0 0 -1
vn 0 0 -1
vn 0 0 -1
vn 0 0 -1
vn 0 0 -1
vn 0 0 -1
vn 0 0 -1
vn 0 0 -1
vn 0 0 -1
vn 0 0 -1
vn 0 0 -1
vn 0 0 -1
vn 0 0 -1
vn 0 0 -1
vn 0 0 -1
vn 0 0 -1
vn 0 0 -1
vn 0 0 -1
vn 0 0 -1
vn 0 0 -1
vn 0 0 -1
vn 0 0 -1
vn 0 0 -1
vn 0 0 -1
vn 0 0 -1
vn 0 0 -1
vn 0 0 -1
vn 0 0 -1
vn 0 0 -1
vn 0 0 -1
vn 0 0 -1
vn 0 0 -1
vn 0 0 -1
vn 0 0 -1
vn 0 0 -1
vn 0 0 -1
vn 0 0 -1
vn 0 0 -1
vn 0 0 -1
vn 0 0 -1
vn 0 0 -1
vn 0 0 -1
vn 0 0 -1
vn 0 0 -1
vn 0 0 -1
vn 0 0 -1
vn 0 0 -1
vn 0 0 -1
vn 0 0 -1
vn 0 0 -1
vn 0 0 -1
vn 0 0 -1
vn 0 0 -1
vn 0 0 -1
vn 0 0 -1
vn 0 0 -1
vn 0 0 -1
vn 0 0 -1
vn 0 0 -1
vn 0 0 -1
vn 0 0 -1
vn 0 0 -1
vn 0 0 -1
vn 0 0 -1
vn 0 0 -1
vn 0 0 -1
vn 0 0 -1
vn 0 0 -1
vn 0 0 -1
vn 0 0 -1
vn 0 0 -1
vn 0 0 -1
vn 0 0 -1
vn 0 0 -1
vn 0 0 -1
vn 0 0 -1
vn 0 0 -1
vn 0 0 -1
vn 0 0 -1
vn 0 0 -1
vn 0 0 -1
vn 0 0 -1
vn 0 0 -1
vn 0 0 -1
vn 0 0 -1
vn 0 0 -1
vn 0 0 -1
vn 0 0 -1
vn 0 0 -1
vn 0 0 -1
vn 0 0 -1
vn 0 0 -1
vn 0 0 -1
vn 0 0 -1
vn 0 0 -1
vn 0 0 -1
vn 0 0 -1
vn 0 0 -1
vn 0 0 -1
vn 0 0 -1
vn 0 0 -1
vn 0 0 -1
vn 0 0 -1
vn 0 0 -1
vn 0 0 -1
vn 0 0 -1
vn 0 0 -1
vn 0 0 -1
vn 0 0 -1
vn 0 0 -1
vn 0 0 -1
vn 0 0 -1
vn 0 0 -1
vn 0 0 -1
vn 0 0 -1
vn 0 0 -1
vn 0 0 -1
vn 0 0 -1
vn 0 0 -1
vn 0 0 -1
vn 0 0 -1
vn 0 0 -1
vn 0 0 -1
vn 0 0 -1
vn 0 0 -1
vn 0 0 -1
vn 0 0 -1
vn 0 0 -1
vn 0 0 -1
vn 0 0 -1
vn 0 0 -1
vn 0 0 -1
vn 0 0 -1
vn 0 0 -1
vn 0 0 -1
vn 0 0 -1
vn 0 0 -1
vn 0 0 -1
vn 0 0 -1
vn 0 0 -1
vn 0 0 -1
vn 0 0 -1
vn 0 0 -1
vn 0 0 -1
vn 0 0 -1
vn 0 0 -1
vn 0 0 -1
vn 0 0 -1
vn 0 0 -1
vn 0 0 -1
vn 0 0 -1
vn 0 0 -1
vn 0 0 -1
vn 0 0 -1
vn 0 0 -1
vn 0 0 -1
vn 0 0 -1
vn 0 0 -1
vn 0 0 -1
vn 0 0 -1
vn 0 0 -1
vn 0 0 -1
vn 0 0 -1
vn 0 0 -1
vn 0 0 -1
vn 0 0 -1
vn 0 0 -1
vn 0 0 -1
vn 0 0 -1
vn 0 0 -1
vn 0 0 -1
vn 0 0 -1
vn 0 0 -1
vn 0 0 -1
vn 0 0 -1
vn 0 0 -1
vn 0 0 -1
vn 0 0 -1
vn 0 0 -1
vn 0 0 -1
vn 0 0 -1
vn 0 0 -1
vn 0 0 -1
vn 0 0 -1
vn 0 0 -1
vn 0 0 -1
vn 0 0 -1
vn 0 0 -1
vn 0 0 -1
vn 0 0 -1
vn 0 0 -1
vn 0 0 -1
vn 0 0 -1
vn 0 0 -1
vn 0 0 -1
vn 0 0 -1
vn 0 0 -1
vn 0 0 -1
vn 0 0 -1
vn 0 0 -1
vn 0 0 -1
vn 0 0 -1
vn 0 0 -1
vn 0 0 1
vn 0 0 1
vn 0 0 1
vn 0 0 1
vn 0 0 1
vn 0 0 1
vn 0 0 1
vn 0 0 1
vn 0 0 1
vn 0 0 1
vn 0 0 1
vn 0 0 1
vn 0 0 1
vn 0 0 1
vn 0 0 1
vn 0 0 1
vn 0 0 1
vn 0 0 1
vn 0 0 1
vn 0 0 1
vn 0 0 1
vn 0 0 1
vn 0 0 1
vn 0 0 1
vn 0 0 1
vn 0 0 1
vn 0 0 1
vn 0 0 1
vn 0 0 1
vn 0 0 1
vn 0 0 1
vn 0 0 1
vn 0 0 1
vn 0 0 1
vn 0 0 1
vn 0 0 1
vn 0 0 1
vn 0 0 1
vn 0 0 1
vn 0 0 1
vn 0 0 1
vn 0 0 1
vn 0 0 1
vn 0 0 1
vn 0 0 1
vn 0 0 1
vn 0 0 1
vn 0 0 1
vn 0 0 1
vn 0 0 1
vn 0 0 1
vn 0 0 1
vn 0 0 1
vn 0 0 1
vn 0 0 1
vn 0 0 1
vn 0 0 1
vn 0 0 1
vn 0 0 1
vn 0 0 1
vn 0 0 1
vn 0 0 1
vn 0 0 1
vn 0 0 1
vn 0 0 1
vn 0 0 1
vn 0 0 1
vn 0 0 1
vn 0 0 1
vn 0 0 1
vn 0 0 1
vn 0 0 1
vn 0 0 1
vn 0 0 1
vn 0 0 1
vn 0 0 1
vn 0 0 1
vn 0 0 1
vn 0 0 1
vn 0 0 1
vn 0 0 1
vn 0 0 1
vn 0 0 1
vn 0 0 1
vn 0 0 1
vn 0 0 1
vn 0 0 1
vn 0 0 1
vn 0 0 1
vn 0 0 1
vn 0 0 1
vn 0 0 1
vn 0 0 1
vn 0 0 1
vn 0 0 1
vn 0 0 1
vn 0 0 1
vn 0 0 1
vn 0 0 1
vn 0 0 1
vn 0 0 1
vn 0 0 1
vn 0 0 1
vn 0 0 1
vn 0 0 1
vn 0 0 1
vn 0 0 1
vn 0 0 1
vn 0 0 1
vn 0 0 1
vn 0 0 1
vn 0 0 1
vn 0 0 1
vn 0 0 1
vn 0 0 1
vn 0 0 1
vn 0 0 1
vn 0 0 1
vn 0 0 1
vn 0 0 1
vn 0 0 1
vn 0 0 1
vn 0 0 1
vn 0 0 1
vn 0 0 1
vn 0 0 1
vn 0 0 1
vn 0 0 1
vn 0 0 1
vn 0 0 1
vn 0 0 1
vn 0 0 1
vn 0 0 1
vn 0 0 1
vn 0 0 1
vn 0 0 1
vn 0 0 1
vn 0 0 1
vn 0 0 1
vn 0 0 1
vn 0 0 1
vn 0 0 1
vn 0 0 1
vn 0 0 1
vn 0 0 1
vn 0 0 1
vn 0 0 1
vn 0 0 1
vn 0 0 1
vn 0 0 1
vn 0 0 1
vn 0 0 1
vn 0 0 1
vn 0 0 1
vn 0 0 1
vn 0 0 1
vn 0 0 1
vn 0 0 1
vn 0 0 1
vn 0 0 1
vn 0 0 1
vn 0 0 1
vn 0 0 1
vn 0 0 1
vn 0 0 1
vn 0 0 1
vn 0 0 1
vn 0 0 1
vn 0 0 1
vn 0 0 1
vn 0 0 1
vn 0 0 1
vn 0 0 1
vn 0 0 1
vn 0 0 1
vn 0 0 1
vn 0 0 1
vn 0 0 1
vn 0 0 1
vn 0 0 1
vn 0 0 1
vn 0 0 1
vn 0 0 1
vn 0 0 1
vn 0 0 1
vn 0 0 1
vn 0 0 1
vn 0 0 1
vn 0 0 1
vn 0 0 1
vn 0 0 1
vn 0 0 1
vn 0 0 1
vn 0 0 1
vn 0 0 1
vn 0 0 1
vn 0 0 1
vn 0 0 1
vn 0 0 1
vn 0 0 1
vn 0 0 1
vn 0 0 1
vn 0 0 1
vn 0 0 1
vn 0 0 1
vn 0 0 1
vn 0 0 1
vn 0 0 1
vn 0 0 1
vn 0 0 1
vn 0 0 1
vn 0 0 1
vn 0 0 1
vn 0 0 1
vn 0 0 1
vn 0 0 1
vn 0 0 1
vn 0 0 1
vn 0 0 1
vn 0 0 1
vn 0 0 1
vn 0 0 1
vn 0 0 1
vn 0 0 1
vn 0 0 1
vn 0 0 1
vn 0 0 1
vn 0 0 1
vn 0 0 1
vn 0 0 1
vn 0 0 1
vn 0 0 1
vn 0 0 1
vn 0 0 1
vn 0 0 1
vn 0 0 1
vn 0 0 1
vn 0 0 1
vn 0 0 1
vn 0 0 1
vn 0 0 1
vn 0 0 1
vn 0 0 1
vn 0 0 1
vn 0 0 1
vn 0 0 1
vn 0 0 1
vn 0 0 1
vn 0 0 1
vn 0 0 1
vn 0 0 1
vn 0 0 1
vn 0 0 1
vn 0 0 1
vn 0 0 1
vn 0 0 1
vn 0 0 1
vn 0 0 1
vn 0 0 1
vn 0 0 1
vn 0 0 1
vn 0 0 1
vn 0 0 1
vn 0 0 1
vn 0 0 1
vn 0 0 1
vn 0 0 1
vn 0 0 1
vn 0 0 1
vn 0 0 1
vn 0 0 1
vn 0 0 1
vn 0 0 1
vn 0 0 1
vn 0 0 1
vn 0 0 1
f 720/720/720 722/722/722 723/723/723 721/721/721
f 724/724/724 726/726/726 727/727/727 725/725/725
f 728/728/728 730/730/730 731/731/731 729/729/729
f 732/732/732 734/734/734 735/735/735 733/733/733
f 736/736/736 738/738/738 739/739/739 737/737/737
f 740/740/740 742/742/742 743/743/743 741/741/741
f 744/744/744 746/746/746 747/747/747 745/745/745
f 748/748/748 750/750/750 751/751/751 749/749/749
f 752/752/752 754/754/754 755/755/755 753/753/753
f 756/756/756 758/758/758 759/759/759 757/757/757
f 760/760/760 762/762/762 763/763/763 761/761/761
f 764/764/764 766/766/766 767/767/767 765/765/765
f 768/768/768 770/770/770 771/771/771 769/769/769
f 772/772/772 774/774/774 775/775/775 773/773/773
f 776/776/776 778/778/778 779/779/779 777/777/777
f 780/780/780 782/782/782 783/783/783 781/781/781
f 784/784/784 786/786/786 787/787/787 785/785/785
f 788/788/788 790/790/790 791/791/791 789/789/789
f 792/792/792 794/794/794 795/795/795 793/793/793
f 796/796/796 798/798/798 799/799/799 797/797/797
f 800/800/800 802/802/802 803/803/803 801/801/801
f 804/804/804 806/806/806 807/807/807 805/805/805
f 808/808/808 810/810/810 811/811/811 809/809/809
f 812/812/812 814/814/814 815/815/815 813/813/813
f 816/816/816 818/818/818 819/819/819 817/817/817
f 820/820/820 822/822/822 823/823/823 821/821/821
f 824/824/824 826/826/826 827/827/827 825/825/825
f 828/828/828 830/830/830 831/831/831 829/829/829
f 832/832/832 834/834/834 835/835/835 833/833/833
f 836/836/836 838/838/838 839/839/839 837/837/837
f 840/840/840 842/842/842 843/843/843 841/841/841
f 844/844/844 846/846/846 847/847/847 845/845/845
f 848/848/848 850/850/850 851/851/851 849/849/849
f 852/852/852 854/854/854 855/855/855 853/853/853
f 856/856/856 858/858/858 859/859/859 857/857/857
f 860/860/860 862/862/862 863/863/863 861/861/861
f 864/864/864 866/866/866 867/867/867 865/865/865
f 868/868/868 870/870/870 871/871/871 869/869/869
f 872/872/872 874/874/874 875/875/875 873/873/873
f 876/876/876 878/878/878 879/879/879 877/877/877
f 880/880/880 882/882/882 883/883/883 881/881/881
f 884/884/884 886/886/886 887/887/887 885/885/885
f 888/888/888 890/890/890 891/891/891 889/889/889
f 892/892/892 894/894/894 895/895/895 893/893/893
f 896/896/896 898/898/898 899/899/899 897/897/897
f 900/900/900 902/902/902 903/903/903 901/901/901
f 904/904/904 906/906/906 907/907/907 905/905/905
f 908/908/908 910/910/910 911/911/911 909/909/909
f 912/912/912 914/914/914 915/915/915 913/913/913
f 916/916/916 918/918/918 919/919/919 917/917/917
f 920/920/920 922/922/922 923/923/923 921/921/921
f 924/924/924 926/926/926 927/927/927 925/925/925
f 928/928/928 930/930/930 931/931/931 929/929/929
f 932/932/932 934/934/934 935/935/935 933/933/933
f 936/936/936 938/938/938 939/939/939 937/937/937
f 940/940/940 942/942/942 943/943/943 941/941/941
f 944/944/944 946/946/946 947/947/947 945/945/945
f 948/948/948 950/950/950 951/951/951 949/949/949
f 952/952/952 954/954/954 955/955/955 953/953/953
f 956/956/956 958/958/958 959/959/959 957/957/957
f 960/960/960 962/962/962 963/963/963 961/961/961
f 964/964/964 966/966/966 967/967/967 965/965/965
f 968/968/968 970/970/970 971/971/971 969/969/969
f 972/972/972 974/974/974 975/975/975 973/973/973
f 976/976/976 978/978/978 979/979/979 977/977/977
f 980/980/980 982/982/982 983/983/983 981/981/981
f 984/984/984 986/986/986 987/987/987 985/985/985
f 988/988/988 990/990/990 991/991/991 989/989/989
f 990/990/990 992/992/992 993/993/993 991/991/991
f 992/992/992 994/994/994 995/995/995 993/993/993
f 994/994/994 996/996/996 997/997/997 995/995/995
f 996/996/996 998/998/998 999/999/999 997/997/997
f 1000/1000/1000 1002/1002/1002 1003/1003/1003 1001/1001/1001
f 1004/1004/1004 1006/1006/1006 1007/1007/1007 1005/1005/1005
f 1008/1008/1008 1010/1010/1010 1011/1011/1011 1009/1009/1009
f 1012/1012/1012 1014/1014/1014 1015/1015/1015 1013/1013/1013
f 1016/1016/1016 1018/1018/1018 1019/1019/1019 1017/1017/1017
f 1020/1020/1020 1022/1022/1022 1023/1023/1023 1021/1021/1021
f 1024/1024/1024 1026/1026/1026 1027/1027/1027 1025/1025/1025
f 1028/1028/1028 1030/1030/1030 1031/1031/1031 1029/1029/1029
f 1032/1032/1032 1034/1034/1034 1035/1035/1035 1033/1033/1033
f 1036/1036/1036 1038/1038/1038 1039/1039/1039 1037/1037/1037
f 1040/1040/1040 1042/1042/1042 1043/1043/1043 1041/1041/1041
f 1044/1044/1044 1046/1046/1046 1047/1047/1047 1045/1045/1045
f 1048/1048/1048 1050/1050/1050 1051/1051/1051 1049/1049/1049
f 1052/1052/1052 1054/1054/1054 1055/1055/1055 1053/1053/1053
f 1056/1056/1056 1058/1058/1058 1059/1059/1059 1057/1057/1057
f 1060/1060/1060 1062/1062/1062 1063/1063/1063 1061/1061/1061
f 1064/1064/1064 1066/1066/1066 1067/1067/1067 1065/1065/1065
f 1068/1068/1068 1070/1070/1070 1071/1071/1071 1069/1069/1069
f 1072/1072/1072 1074/1074/1074 1075/1075/1075 1073/1073/1073
f 1076/1076/1076 1078/1078/1078 1079/1079/1079 1077/1077/1077
f 1080/1080/1080 1082/1082/1082 1083/1083/1083 1081/1081/1081
f 1084/1084/1084 1086/1086/1086 1087/1087/1087 1085/1085/1085
f 1088/1088/1088 1090/1090/1090 1091/1091/1091 1089/1089/1089
f 1092/1092/1092 1094/1094/1094 1095/1095/1095 1093/1093/1093
f 1096/1096/1096 1098/1098/1098 1099/1099/1099 1097/1097/1097
f 1100/1100/1100 1102/1102/1102 1103/1103/1103 1101/1101/1101
f 1104/1104/1104 1106/1106/1106 1107/1107/1107 1105/1105/1105
f 1108/1108/1108 1110/1110/1110 1111/1111/1111 1109/1109/1109
f 1112/1112/1112 1114/1114/1114 1115/1115/1115 1113/1113/1113
f 1116/1116/1116 1118/1118/1118 1119/1119/1119 1117/1117/1117
f 1120/1120/1120 1122/1122/1122 1123/1123/1123 1121/1121/1121
f 1124/1124/1124 1126/1126/1126 1127/1127/1127 1125/1125/1125
f 1128/1128/1128 1130/1130/1130 1131/1131/1131 1129/1129/1129
f 1132/1132/1132 1134/1134/1134 1135/1135/1135 1133/1133/1133
f 1136/1136/1136 1138/1138/1138 1139/1139/1139 1137/1137/1137
f 1140/1140/1140 1142/1142/1142 1143/1143/1143 1141/1141/1141
f 1144/1144/1144 1146/1146/1146 1147/1147/1147 1145/1145/1145
f 1148/1148/1148 1150/1150/1150 1151/1151/1151 1149/1149/1149
f 1152/1152/1152 1154/1154/1154 1155/1155/1155 1153/1153/1153
f 1156/1156/1156 1158/1158/1158 1159/1159/1159 1157/1157/1157
f 1160/1160/1160 1162/1162/1162 1163/1163/1163 1161/1161/1161
f 1164/1164/1164 1166/1166/1166 1167/1167/1167 1165/1165/1165
f 1168/1168/1168 1170/1170/1170 1171/1171/1171 1169/1169/1169
f 1172/1172/1172 1174/1174/1174 1175/1175/1175 1173/1173/1173
f 1176/1176/1176 1178/1178/1178 1179/1179/1179 1177/1177/1177
f 1180/1180/1180 1182/1182/1182 1183/1183/1183 1181/1181/1181
f 1184/1184/1184 1186/1186/1186 1187/1187/1187 1185/1185/1185
f 1188/1188/1188 1190/1190/1190 1191/1191/1191 1189/1189/1189
f 1192/1192/1192 1194/1194/1194 1195/1195/1195 1193/1193/1193
f 1196/1196/1196 1198/1198/1198 1199/1199/1199 1197/1197/1197
f 1200/1200/1200 1202/1202/1202 1203/1203/1203 1201/1201/1201
f 1204/1204/1204 1206/1206/1206 1207/1207/1207 1205/1205/1205
f 1208/1208/1208 1210/1210/1210 1211/1211/1211 1209/1209/1209
f 1212/1212/1212 1214/1214/1214 1215/1215/1215 1213/1213/1213
f 1216/1216/1216 1218/1218/1218 1219/1219/1219 1217/1217/1217
f 1220/1220/1220 1222/1222/1222 1223/1223/1223 1221/1221/1221
f 1224/1224/1224 1226/1226/1226 1227/1227/1227 1225/1225/1225
f 1228/1228/1228 1230/1230/1230 1231/1231/1231 1229/1229/1229
f 1232/1232/1232 1234/1234/1234 1235/1235/1235 1233/1233/1233
f 1236/1236/1236 1238/1238/1238 1239/1239/1239 1237/1237/1237
f 1238/1238/1238 1240/1240/1240 1241/1241/1241 1239/1239/1239
f 1240/1240/1240 1242/1242/1242 1243/1243/1243 1241/1241/1241
f 1242/1242/1242 1244/1244/1244 1245/1245/1245 1243/1243/1243
f 1244/1244/1244 1246/1246/1246 1247/1247/1247 1245/1245/1245
f 1248/1248/1248 1250/1250/1250 1251/1251/1251 1249/1249/1249
f 1252/1252/1252 1254/1254/1254 1255/1255/1255 1253/1253/1253
f 1256/1256/1256 1258/1258/1258 1259/1259/1259 1257/1257/1257
f 1260/1260/1260 1262/1262/1262 1263/1263/1263 1261/1261/1261
f 1264/1264/1264 1266/1266/1266 1267/1267/1267 1265/1265/1265
f 1268/1268/1268 1270/1270/1270 1271/1271/1271 1269/1269/1269
f 1272/1272/1272 1274/1274/1274 1275/1275/1275 1273/1273/1273
f 1276/1276/1276 1278/1278/1278 1279/1279/1279 1277/1277/1277
f 1280/1280/1280 1282/1282/1282 1283/1283/1283 1281/1281/1281
f 1284/1284/1284 1286/1286/1286 1287/1287/1287 1285/1285/1285
f 1288/1288/1288 1290/1290/1290 1291/1291/1291 1289/1289/1289
f 1292/1292/1292 1294/1294/1294 1295/1295/1295 1293/1293/1293
f 1296/1296/1296 1298/1298/1298 1299/1299/1299 1297/1297/1297
f 1300/1300/1300 1302/1302/1302 1303/1303/1303 1301/1301/1301
f 1304/1304/1304 1306/1306/1306 1307/1307/1307 1305/1305/1305
f 1308/1308/1308 1310/1310/1310 1311/1311/1311 1309/1309/1309
f 1312/1312/1312 1314/1314/1314 1315/1315/1315 1313/1313/1313
f 1316/1316/1316 1318/1318/1318 1319/1319/1319 1317/1317/1317
f 1320/1320/1320 1322/1322/1322 1323/1323/1323 1321/1321/1321
f 1324/1324/1324 1326/1326/1326 1327/1327/1327 1325/1325/1325
f 1328/1328/1328 1330/1330/1330 1331/1331/1331 1329/1329/1329
f 1332/1332/1332 1334/1334/1334 1335/1335/1335 1333/1333/1333
f 1336/1336/1336 1338/1338/1338 1339/1339/1339 1337/1337/1337
f 1340/1340/1340 1342/1342/1342 1343/1343/1343 1341/1341/1341
f 1344/1344/1344 1346/1346/1346 1347/1347/1347 1345/1345/1345
f 1348/1348/1348 1350/1350/1350 1351/1351/1351 1349/1349/1349
f 1352/1352/1352 1354/1354/1354 1355/1355/1355 1353/1353/1353
f 1356/1356/1356 1358/1358/1358 1359/1359/1359 1357/1357/1357
f 1360/1360/1360 1362/1362/1362 1363/1363/1363 1361/1361/1361
f 1364/1364/1364 1366/1366/1366 1367/1367/1367 1365/1365/1365
f 1368/1368/1368 1370/1370/1370 1371/1371/1371 1369/1369/1369
f 1372/1372/1372 1374/1374/1374 1375/1375/1375 1373/1373/1373
f 1376/1376/1376 1378/1378/1378 1379/1379/1379 1377/1377/1377
f 1380/1380/1380 1382/1382/1382 1383/1383/1383 1381/1381/1381
f 1384/1384/1384 1386/1386/1386 1387/1387/1387 1385/1385/1385
f 1388/1388/1388 1390/1390/1390 1391/1391/1391 1389/1389/1389
f 1392/1392/1392 1394/1394/1394 1395/1395/1395 1393/1393/1393
f 1396/1396/1396 1398/1398/1398 1399/1399/1399 1397/1397/1397
f 1400/1400/1400 1402/1402/1402 1403/1403/1403 1401/1401/1401
f 1404/1404/1404 1406/1406/1406 1407/1407/1407 1405/1405/1405
f 1408/1408/1408 1410/1410/1410 1411/1411/1411 1409/1409/1409
f 1412/1412/1412 1414/1414/1414 1415/1415/1415 1413/1413/1413
f 1416/1416/1416 1418/1418/1418 1419/1419/1419 1417/1417/1417
f 1420/1420/1420 1422/1422/1422 1423/1423/1423 1421/1421/1421
f 1424/1424/1424 1426/1426/1426 1427/1427/1427 1425/1425/1425
f 1428/1428/1428 1430/1430/1430 1431/1431/1431 1429/1429/1429
f 1432/1432/1432 1434/1434/1434 1435/1435/1435 1433/1433/1433
f 1436/1436/1436 1438/1438/1438 1439/1439/1439 1437/1437/1437
f 1440/1440/1440 1442/1442/1442 1443/1443/1443 1441/1441/1441
f 1444/1444/1444 1446/1446/1446 1447/1447/1447 1445/1445/1445
f 1448/1448/1448 1450/1450/1450 1451/1451/1451 1449/1449/1449
f 1452/1452/1452 1454/1454/1454 1455/1455/1455 1453/1453/1453
f 1456/1456/1456 1458/1458/1458 1459/1459/1459 1457/1457/1457
f 1460/1460/1460 1462/1462/1462 1463/1463/1463 1461/1461/1461
f 1464/1464/1464 1466/1466/1466 1467/1467/1467 1465/1465/1465
f 1466/1466/1466 1468/1468/1468 1469/1469/1469 1467/1467/1467
f 1468/1468/1468 1470/1470/1470 1471/1471/1471 1469/1469/1469
f 1470/1470/1470 1472/1472/1472 1473/1473/1473 1471/1471/1471
f 1474/1474/1474 1476/1476/1476 1477/1477/1477 1475/1475/1475
f 1478/1478/1478 1480/1480/1480 1481/1481/1481 1479/1479/1479
f 1482/1482/1482 1484/1484/1484 1485/1485/1485 1483/1483/1483
f 1486/1486/1486 1488/1488/1488 1489/1489/1489 1487/1487/1487
f 1490/1490/1490 1492/1492/1492 1493/1493/1493 1491/1491/1491
f 1494/1494/1494 1496/1496/1496 1497/1497/1497 1495/1495/1495
f 1498/1498/1498 1500/1500/1500 1501/1501/1501 1499/1499/1499
f 1502/1502/1502 1504/1504/1504 1505/1505/1505 1503/1503/1503
f 1506/1506/1506 1508/1508/1508 1509/1509/1509 1507/1507/1507
f 1510/1510/1510 1512/1512/1512 1513/1513/1513 1511/1511/1511
f 1514/1514/1514 1516/1516/1516 1517/1517/1517 1515/1515/1515
f 1518/1518/1518 1520/1520/1520 1521/1521/1521 1519/1519/1519
f 1522/1522/1522 1524/1524/1524 1525/1525/1525 1523/1523/1523
f 1526/1526/1526 1528/1528/1528 1529/1529/1529 1527/1527/1527
f 1530/1530/1530 1532/1532/1532 1533/1533/1533 1531/1531/1531
f 1534/1534/1534 1536/1536/1536 1537/1537/1537 1535/1535/1535
f 1538/1538/1538 1540/1540/1540 1541/1541/1541 1539/1539/1539
f 1542/1542/1542 1544/1544/1544 1545/1545/1545 1543/1543/1543
f 1546/1546/1546 1548/1548/1548 1549/1549/1549 1547/1547/1547
f 1550/1550/1550 1552/1552/1552 1553/1553/1553 1551/1551/1551
f 1554/1554/1554 1556/1556/1556 1557/1557/1557 1555/1555/1555
f 1558/1558/1558 1560/1560/1560 1561/1561/1561 1559/1559/1559
f 1562/1562/1562 1564/1564/1564 1565/1565/1565 1563/1563/1563
f 1566/1566/1566 1568/1568/1568 1569/1569/1569 1567/1567/1567
f 1570/1570/1570 1572/1572/1572 1573/1573/1573 1571/1571/1571
f 1574/1574/1574 1576/1576/1576 1577/1577/1577 1575/1575/1575
f 1578/1578/1578 1580/1580/1580 1581/1581/1581 1579/1579/1579
f 1582/1582/1582 1584/1584/1584 1585/1585/1585 1583/1583/1583
f 1586/1586/1586 1588/1588/1588 1589/1589/1589 1587/1587/1587
f 1590/1590/1590 1592/1592/1592 1593/1593/1593 1591/1591/1591
f 1594/1594/1594 1596/1596/1596 1597/1597/1597 1595/1595/1595
f 1598/1598/1598 1600/1600/1600 1601/1601/1601 1599/1599/1599
f 1602/1602/1602 1604/1604/1604 1605/1605/1605 1603/1603/1603
f 1606/1606/1606 1608/1608/1608 1609/1609/1609 1607/1607/1607
f 1610/1610/1610 1612/1612/1612 1613/1613/1613 1611/1611/1611
f 1614/1614/1614 1616/1616/1616 1617/1617/1617 1615/1615/1615
f 1618/1618/1618 1620/1620/1620 1621/1621/1621 1619/1619/1619
f 1622/1622/1622 1624/1624/1624 1625/1625/1625 1623/1623/1623
f 1626/1626/1626 1628/1628/1628 1629/1629/1629 1627/1627/1627
f 1630/1630/1630 1632/1632/1632 1633/1633/1633 1631/1631/1631
f 1634/1634/1634 1636/1636/1636 1637/1637/1637 1635/1635/1635
f 1638/1638/1638 1640/1640/1640 1641/1641/1641 1639/1639/1639
f 1642/1642/1642 1644/1644/1644 1645/1645/1645 1643/1643/1643
f 1646/1646/1646 1648/1648/1648 1649/1649/1649 1647/1647/1647
f 1650/1650/1650 1652/1652/1652 1653/1653/1653 1651/1651/1651
f 1654/1654/1654 1656/1656/1656 1657/1657/1657 1655/1655/1655
f 1658/1658/1658 1660/1660/1660 1661/1661/1661 1659/1659/1659
f 1662/1662/1662 1664/1664/1664 1665/1665/1665 1663/1663/1663
f 1666/1666/1666 1668/1668/1668 1669/1669/1669 1667/1667/1667
f 1670/1670/1670 1672/1672/1672 1673/1673/1673 1671/1671/1671
f 1674/1674/1674 1676/1676/1676 1677/1677/1677 1675/1675/1675
f 1678/1678/1678 1680/1680/1680 1681/1681/1681 1679/1679/1679
f 1682/1682/1682 1684/1684/1684 1685/1685/1685 1683/1683/1683
f 1686/1686/1686 1688/1688/1688 1689/1689/1689 1687/1687/1687
f 1690/1690/1690 1692/1692/1692 1693/1693/1693 1691/1691/1691
f 1694/1694/1694 1696/1696/1696 1697/1697/1697 1695/1695/1695
f 1698/1698/1698 1700/1700/1700 1701/1701/1701 1699/1699/1699
f 1702/1702/1702 1704/1704/1704 1705/1705/1705 1703/1703/1703
f 1706/1706/1706 1708/1708/1708 1709/1709/1709 1707/1707/1707
f 1710/1710/1710 1712/1712/1712 1713/1713/1713 1711/1711/1711
f 1714/1714/1714 1716/1716/1716 1717/1717/1717 1715/1715/1715
f 1718/1718/1718 1720/1720/1720 1721/1721/1721 1719/1719/1719
f 1722/1722/1722 1724/1724/1724 1725/1725/1725 1723/1723/1723
f 1726/1726/1726 1728/1728/1728 1729/1729/1729 1727/1727/1727
f 1730/1730/1730 1732/1732/1732 1733/1733/1733 1731/1731/1731
f 1734/1734/1734 1736/1736/1736 1737/1737/1737 1735/1735/1735
f 1738/1738/1738 1740/1740/1740 1741/1741/1741 1739/1739/1739
f 1742/1742/1742 1744/1744/1744 1745/1745/1745 1743/1743/1743
f 1746/1746/1746 1748/1748/1748 1749/1749/1749 1747/1747/1747
f 1750/1750/1750 1752/1752/1752 1753/1753/1753 1751/1751/1751
f 1754/1754/1754 1756/1756/1756 1757/1757/1757 1755/1755/1755
f 1758/1758/1758 1760/1760/1760 1761/1761/1761 1759/1759/1759
f 1762/1762/1762 1764/1764/1764 1765/1765/1765 1763/1763/1763
f 1766/1766/1766 1768/1768/1768 1769/1769/1769 1767/1767/1767
f 1770/1770/1770 1772/1772/1772 1773/1773/1773 1771/1771/1771
f 1774/1774/1774 1776/1776/1776 1777/1777/1777 1775/1775/1775
f 1778/1778/1778 1780/1780/1780 1781/1781/1781 1779/1779/1779
f 1782/1782/1782 1784/1784/1784 1785/1785/1785 1783/1783/1783
f 1786/1786/1786 1788/1788/1788 1789/1789/1789 1787/1787/1787
f 1790/1790/1790 1792/1792/1792 1793/1793/1793 1791/1791/1791
f 1794/1794/1794 1796/1796/1796 1797/1797/1797 1795/1795/1795
f 1798/1798/1798 1800/1800/1800 1801/1801/1801 1799/1799/1799
f 1829/1829/1829 1831/1831/1831 1830/1830/1830
f 1833/1833/1833 1832/1832/1832 1829/1829/1829
f 1831/1831/1831 1829/1829/1829 1832/1832/1832
f 1829/1829/1829 1828/1828/1828 1833/1833/1833
f 1834/1834/1834 1833/1833/1833 1828/1828/1828
f 1828/1828/1828 1827/1827/1827 1834/1834/1834
f 1835/1835/1835 1834/1834/1834 1827/1827/1827
f 1836/1836/1836 1827/1827/1827 1837/1837/1837
f 1826/1826/1826 1838/1838/1838 1837/1837/1837
f 1827/1827/1827 1826/1826/1826 1837/1837/1837
f 1839/1839/1839 1826/1826/1826 1825/1825/1825
f 1838/1838/1838 1826/1826/1826 1839/1839/1839
f 1841/1841/1841 1840/1840/1840 1825/1825/1825
f 1840/1840/1840 1839/1839/1839 1825/1825/1825
f 1842/1842/1842 1841/1841/1841 1824/1824/1824
f 1835/1835/1835 1827/1827/1827 1836/1836/1836
f 1824/1824/1824 1841/1841/1841 1825/1825/1825
f 1844/1844/1844 1823/1823/1823 1822/1822/1822
f 1823/1823/1823 1843/1843/1843 1824/1824/1824
f 1821/1821/1821 1820/1820/1820 1847/1847/1847
f 1819/1819/1819 1818/1818/1818 1851/1851/1851
f 1849/1849/1849 1820/1820/1820 1819/1819/1819
f 1845/1845/1845 1822/1822/1822 1821/1821/1821
f 1817/1817/1817 1816/1816/1816 1855/1855/1855
f 1817/1817/1817 1853/1853/1853 1818/1818/1818
f 1844/1844/1844 1843/1843/1843 1823/1823/1823
f 1857/1857/1857 1816/1816/1816 1815/1815/1815
f 1814/1814/1814 1883/1883/1883 1815/1815/1815
f 1812/1812/1812 1886/1886/1886 1813/1813/1813
f 1811/1811/1811 1888/1888/1888 1812/1812/1812
f 1814/1814/1814 1813/1813/1813 1884/1884/1884
f 1844/1844/1844 1822/1822/1822 1845/1845/1845
f 1824/1824/1824 1843/1843/1843 1842/1842/1842
f 1846/1846/1846 1821/1821/1821 1847/1847/1847
f 1848/1848/1848 1820/1820/1820 1849/1849/1849
f 1847/1847/1847 1820/1820/1820 1848/1848/1848
f 1850/1850/1850 1819/1819/1819 1851/1851/1851
f 1852/1852/1852 1818/1818/1818 1853/1853/1853
f 1851/1851/1851 1818/1818/1818 1852/1852/1852
f 1849/1849/1849 1819/1819/1819 1850/1850/1850
f 1854/1854/1854 1817/1817/1817 1855/1855/1855
f 1856/1856/1856 1816/1816/1816 1857/1857/1857
f 1855/1855/1855 1816/1816/1816 1856/1856/1856
f 1883/1883/1883 1858/1858/1858 1815/1815/1815
f 1881/1881/1881 1861/1861/1861 1860/1860/1860
f 1860/1860/1860 1859/1859/1859 1882/1882/1882
f 1883/1883/1883 1859/1859/1859 1858/1858/1858
f 1857/1857/1857 1815/1815/1815 1858/1858/1858
f 1853/1853/1853 1817/1817/1817 1854/1854/1854
f 1810/1810/1810 1809/1809/1809 1892/1892/1892
f 1808/1808/1808 1807/1807/1807 1895/1895/1895
f 1894/1894/1894 1809/1809/1809 1808/1808/1808
f 2069/2069/2069 1975/1975/1975 2070/2070/2070
f 2071/2071/2071 1973/1973/1973 2072/2072/2072
f 2070/2070/2070 1974/1974/1974 2071/2071/2071
f 1897/1897/1897 1807/1807/1807 1806/1806/1806
f 1805/1805/1805 1804/1804/1804 1900/1900/1900
f 1802/1802/1802 2077/2077/2077 1964/1964/1964
f 1803/1803/1803 1961/1961/1961 1804/1804/1804
f 1806/1806/1806 1805/1805/1805 1899/1899/1899
f 2073/2073/2073 1970/1970/1970 2074/2074/2074
f 2076/2076/2076 1966/1966/1966 2077/2077/2077
f 2075/2075/2075 1967/1967/1967 2076/2076/2076
f 2074/2074/2074 1969/1969/1969 2075/2075/2075
f 1971/1971/1971 2073/2073/2073 2072/2072/2072
f 1890/1890/1890 1811/1811/1811 1810/1810/1810
f 1803/1803/1803 1802/1802/1802 1963/1963/1963
f 1845/1845/1845 1821/1821/1821 1846/1846/1846
f 2026/2026/2026 2048/2048/2048 2047/2047/2047
f 2049/2049/2049 2048/2048/2048 2025/2025/2025
f 2025/2025/2025 2048/2048/2048 2026/2026/2026
f 2045/2045/2045 2044/2044/2044 2028/2028/2028
f 2028/2028/2028 2046/2046/2046 2045/2045/2045
f 2046/2046/2046 2027/2027/2027 2047/2047/2047
f 2027/2027/2027 2026/2026/2026 2047/2047/2047
f 2024/2024/2024 2050/2050/2050 2049/2049/2049
f 2054/2054/2054 2053/2053/2053 2022/2022/2022
f 2056/2056/2056 2055/2055/2055 2020/2020/2020
f 2055/2055/2055 2054/2054/2054 2021/2021/2021
f 2023/2023/2023 2051/2051/2051 2024/2024/2024
f 2024/2024/2024 2049/2049/2049 2025/2025/2025
f 2052/2052/2052 2022/2022/2022 2053/2053/2053
f 2051/2051/2051 2023/2023/2023 2052/2052/2052
f 2051/2051/2051 2050/2050/2050 2024/2024/2024
f 2020/2020/2020 2057/2057/2057 2056/2056/2056
f 2032/2032/2032 2038/2038/2038 2037/2037/2037
f 2031/2031/2031 2039/2039/2039 2032/2032/2032
f 2038/2038/2038 2032/2032/2032 2039/2039/2039
f 2033/2033/2033 2032/2032/2032 2037/2037/2037
f 2033/2033/2033 2035/2035/2035 2034/2034/2034
f 2037/2037/2037 2036/2036/2036 2033/2033/2033
f 2035/2035/2035 2033/2033/2033 2036/2036/2036
f 2043/2043/2043 2042/2042/2042 2030/2030/2030
f 2028/2028/2028 2044/2044/2044 2029/2029/2029
f 2028/2028/2028 2027/2027/2027 2046/2046/2046
f 2029/2029/2029 2044/2044/2044 2043/2043/2043
f 2039/2039/2039 2031/2031/2031 2040/2040/2040
f 2041/2041/2041 2040/2040/2040 2031/2031/2031
f 2041/2041/2041 2030/2030/2030 2042/2042/2042
f 2029/2029/2029 2043/2043/2043 2030/2030/2030
f 2031/2031/2031 2030/2030/2030 2041/2041/2041
f 2062/2062/2062 2061/2061/2061 1983/1983/1983
f 2064/2064/2064 2063/2063/2063 1981/1981/1981
f 2063/2063/2063 2062/2062/2062 1982/1982/1982
f 2059/2059/2059 2058/2058/2058 2018/2018/2018
f 1984/1984/1984 2060/2060/2060 1985/1985/1985
f 1985/1985/1985 2060/2060/2060 2059/2059/2059
f 1984/1984/1984 2061/2061/2061 2060/2060/2060
f 2066/2066/2066 2065/2065/2065 1979/1979/1979
f 2068/2068/2068 2067/2067/2067 1977/1977/1977
f 2067/2067/2067 2066/2066/2066 1978/1978/1978
f 2015/2015/2015 2014/2014/2014 1988/1988/1988
f 1986/1986/1986 1985/1985/1985 2017/2017/2017
f 1987/1987/1987 1986/1986/1986 2016/2016/2016
f 2018/2018/2018 1985/1985/1985 2059/2059/2059
f 1989/1989/1989 2014/2014/2014 2013/2013/2013
f 2069/2069/2069 2068/2068/2068 1976/1976/1976
f 2064/2064/2064 1980/1980/1980 2065/2065/2065
f 2016/2016/2016 2015/2015/2015 1987/1987/1987
f 1985/1985/1985 2018/2018/2018 2017/2017/2017
f 2016/2016/2016 1986/1986/1986 2017/2017/2017
f 2022/2022/2022 2052/2052/2052 2023/2023/2023
f 2020/2020/2020 2055/2055/2055 2021/2021/2021
f 2019/2019/2019 2057/2057/2057 2020/2020/2020
f 2022/2022/2022 2021/2021/2021 2054/2054/2054
f 2058/2058/2058 2019/2019/2019 2018/2018/2018
f 2012/2012/2012 2011/2011/2011 1990/1990/1990
f 2010/2010/2010 2009/2009/2009 1990/1990/1990
f 1990/1990/1990 2011/2011/2011 2010/2010/2010
f 2008/2008/2008 2007/2007/2007 1991/1991/1991
f 2006/2006/2006 2005/2005/2005 1991/1991/1991
f 2005/2005/2005 2004/2004/2004 1991/1991/1991
f 1991/1991/1991 2007/2007/2007 2006/2006/2006
f 1991/1991/1991 2009/2009/2009 2008/2008/2008
f 1989/1989/1989 2013/2013/2013 2012/2012/2012
f 1987/1987/1987 2015/2015/2015 1988/1988/1988
f 2058/2058/2058 2057/2057/2057 2019/2019/2019
f 1880/1880/1880 1862/1862/1862 1861/1861/1861
f 1867/1867/1867 1866/1866/1866 1876/1876/1876
f 1876/1876/1876 1866/1866/1866 1877/1877/1877
f 1878/1878/1878 1865/1865/1865 1864/1864/1864
f 1865/1865/1865 1878/1878/1878 1877/1877/1877
f 1877/1877/1877 1866/1866/1866 1865/1865/1865
f 1879/1879/1879 1864/1864/1864 1863/1863/1863
f 1875/1875/1875 1868/1868/1868 1867/1867/1867
f 1878/1878/1878 1864/1864/1864 1879/1879/1879
f 1868/1868/1868 1872/1872/1872 1871/1871/1871
f 1868/1868/1868 1870/1870/1870 1869/1869/1869
f 1870/1870/1870 1868/1868/1868 1871/1871/1871
f 1868/1868/1868 1875/1875/1875 1874/1874/1874
f 1868/1868/1868 1874/1874/1874 1873/1873/1873
f 1875/1875/1875 1867/1867/1867 1876/1876/1876
f 1868/1868/1868 1873/1873/1873 1872/1872/1872
f 1880/1880/1880 1879/1879/1879 1863/1863/1863
f 1880/1880/1880 1861/1861/1861 1881/1881/1881
f 1882/1882/1882 1859/1859/1859 1883/1883/1883
f 1881/1881/1881 1860/1860/1860 1882/1882/1882
f 1884/1884/1884 1813/1813/1813 1885/1885/1885
f 1886/1886/1886 1812/1812/1812 1887/1887/1887
f 1885/1885/1885 1813/1813/1813 1886/1886/1886
f 1883/1883/1883 1814/1814/1814 1884/1884/1884
f 1888/1888/1888 1811/1811/1811 1889/1889/1889
f 1810/1810/1810 1891/1891/1891 1890/1890/1890
f 1889/1889/1889 1811/1811/1811 1890/1890/1890
f 1892/1892/1892 1809/1809/1809 1893/1893/1893
f 1897/1897/1897 1896/1896/1896 1807/1807/1807
f 1808/1808/1808 1895/1895/1895 1894/1894/1894
f 1893/1893/1893 1809/1809/1809 1894/1894/1894
f 1891/1891/1891 1810/1810/1810 1892/1892/1892
f 1887/1887/1887 1812/1812/1812 1888/1888/1888
f 1895/1895/1895 1807/1807/1807 1896/1896/1896
f 1899/1899/1899 1898/1898/1898 1806/1806/1806
f 1901/1901/1901 1900/1900/1900 1804/1804/1804
f 1900/1900/1900 1899/1899/1899 1805/1805/1805
f 1960/1960/1960 1902/1902/1902 1901/1901/1901
f 1958/1958/1958 1904/1904/1904 1903/1903/1903
f 1959/1959/1959 1903/1903/1903 1902/1902/1902
f 1804/1804/1804 1961/1961/1961 1901/1901/1901
f 1956/1956/1956 1906/1906/1906 1905/1905/1905
f 1955/1955/1955 1908/1908/1908 1907/1907/1907
f 1956/1956/1956 1907/1907/1907 1906/1906/1906
f 1954/1954/1954 1910/1910/1910 1909/1909/1909
f 1952/1952/1952 1913/1913/1913 1912/1912/1912
f 1953/1953/1953 1912/1912/1912 1911/1911/1911
f 1953/1953/1953 1911/1911/1911 1910/1910/1910
f 1955/1955/1955 1909/1909/1909 1908/1908/1908
f 1957/1957/1957 1905/1905/1905 1904/1904/1904
f 1951/1951/1951 1915/1915/1915 1914/1914/1914
f 1949/1949/1949 1917/1917/1917 1916/1916/1916
f 1950/1950/1950 1916/1916/1916 1915/1915/1915
f 1948/1948/1948 1919/1919/1919 1918/1918/1918
f 1946/1946/1946 1922/1922/1922 1921/1921/1921
f 1946/1946/1946 1921/1921/1921 1920/1920/1920
f 1947/1947/1947 1920/1920/1920 1919/1919/1919
f 1949/1949/1949 1918/1918/1918 1917/1917/1917
f 1944/1944/1944 1924/1924/1924 1923/1923/1923
f 1943/1943/1943 1926/1926/1926 1925/1925/1925
f 1944/1944/1944 1925/1925/1925 1924/1924/1924
f 1942/1942/1942 1928/1928/1928 1927/1927/1927
f 1940/1940/1940 1931/1931/1931 1930/1930/1930
f 1941/1941/1941 1930/1930/1930 1929/1929/1929
f 1941/1941/1941 1929/1929/1929 1928/1928/1928
f 1943/1943/1943 1927/1927/1927 1926/1926/1926
f 1945/1945/1945 1923/1923/1923 1922/1922/1922
f 1951/1951/1951 1914/1914/1914 1913/1913/1913
f 1898/1898/1898 1897/1897/1897 1806/1806/1806
f 1978/1978/1978 2066/2066/2066 1979/1979/1979
f 1976/1976/1976 2068/2068/2068 1977/1977/1977
f 1978/1978/1978 1977/1977/1977 2067/2067/2067
f 1982/1982/1982 2062/2062/2062 1983/1983/1983
f 1980/1980/1980 2064/2064/2064 1981/1981/1981
f 1982/1982/1982 1981/1981/1981 2063/2063/2063
f 1979/1979/1979 2065/2065/2065 1980/1980/1980
f 1969/1969/1969 2074/2074/2074 1970/1970/1970
f 1967/1967/1967 2075/2075/2075 1968/1968/1968
f 1969/1969/1969 1968/1968/1968 2075/2075/2075
f 1974/1974/1974 2070/2070/2070 1975/1975/1975
f 1972/1972/1972 2072/2072/2072 1973/1973/1973
f 1971/1971/1971 2072/2072/2072 1972/1972/1972
f 1974/1974/1974 1973/1973/1973 2071/2071/2071
f 1970/1970/1970 2073/2073/2073 1971/1971/1971
f 1976/1976/1976 1975/1975/1975 2069/2069/2069
f 1988/1988/1988 2014/2014/2014 1989/1989/1989
f 1990/1990/1990 2009/2009/2009 1991/1991/1991
f 2004/2004/2004 2003/2003/2003 1991/1991/1991
f 1989/1989/1989 2012/2012/2012 1990/1990/1990
f 2003/2003/2003 2002/2002/2002 1991/1991/1991
f 2001/2001/2001 2000/2000/2000 1991/1991/1991
f 1991/1991/1991 2002/2002/2002 2001/2001/2001
f 2000/2000/2000 1999/1999/1999 1991/1991/1991
f 1998/1998/1998 1991/1991/1991 1999/1999/1999
f 1991/1991/1991 1998/1998/1998 1997/1997/1997
f 1997/1997/1997 1996/1996/1996 1991/1991/1991
f 1991/1991/1991 1996/1996/1996 1995/1995/1995
f 1991/1991/1991 1994/1994/1994 1993/1993/1993
f 1991/1991/1991 1993/1993/1993 1992/1992/1992
f 1994/1994/1994 1991/1991/1991 1995/1995/1995
f 1983/1983/1983 2061/2061/2061 1984/1984/1984
f 1943/1943/1943 1925/1925/1925 1944/1944/1944
f 1941/1941/1941 1928/1928/1928 1942/1942/1942
f 1943/1943/1943 1942/1942/1942 1927/1927/1927
f 1919/1919/1919 1948/1948/1948 1947/1947/1947
f 1922/1922/1922 1946/1946/1946 1945/1945/1945
f 1946/1946/1946 1920/1920/1920 1947/1947/1947
f 1923/1923/1923 1945/1945/1945 1944/1944/1944
f 1936/1936/1936 1935/1935/1935 1932/1932/1932
f 1934/1934/1934 1932/1932/1932 1935/1935/1935
f 1932/1932/1932 1934/1934/1934 1933/1933/1933
f 1939/1939/1939 1931/1931/1931 1940/1940/1940
f 1932/1932/1932 1938/1938/1938 1937/1937/1937
f 1932/1932/1932 1937/1937/1937 1936/1936/1936
f 1938/1938/1938 1932/1932/1932 1939/1939/1939
f 1930/1930/1930 1941/1941/1941 1940/1940/1940
f 1931/1931/1931 1939/1939/1939 1932/1932/1932
f 1901/1901/1901 1961/1961/1961 1960/1960/1960
f 1903/1903/1903 1959/1959/1959 1958/1958/1958
f 1959/1959/1959 1902/1902/1902 1960/1960/1960
f 1965/1965/1965 2077/2077/2077 1966/1966/1966
f 1963/1963/1963 1802/1802/1802 1964/1964/1964
f 1962/1962/1962 1803/1803/1803 1963/1963/1963
f 1965/1965/1965 1964/1964/1964 2077/2077/2077
f 1961/1961/1961 1803/1803/1803 1962/1962/1962
f 1913/1913/1913 1952/1952/1952 1951/1951/1951
f 1916/1916/1916 1950/1950/1950 1949/1949/1949
f 1950/1950/1950 1915/1915/1915 1951/1951/1951
f 1905/1905/1905 1957/1957/1957 1956/1956/1956
f 1909/1909/1909 1955/1955/1955 1954/1954/1954
f 1910/1910/1910 1954/1954/1954 1953/1953/1953
f 1955/1955/1955 1907/1907/1907 1956/1956/1956
f 1912/1912/1912 1953/1953/1953 1952/1952/1952
f 1957/1957/1957 1904/1904/1904 1958/1958/1958
f 1918/1918/1918 1949/1949/1949 1948/1948/1948
f 1967/1967/1967 1966/1966/1966 2076/2076/2076
f 1863/1863/1863 1862/1862/1862 1880/1880/1880
f 2105/2105/2105 2106/2106/2106 2107/2107/2107
f 2109/2109/2109 2105/2105/2105 2108/2108/2108
f 2107/2107/2107 2108/2108/2108 2105/2105/2105
f 2105/2105/2105 2109/2109/2109 2104/2104/2104
f 2110/2110/2110 2104/2104/2104 2109/2109/2109
f 2104/2104/2104 2110/2110/2110 2103/2103/2103
f 2111/2111/2111 2103/2103/2103 2110/2110/2110
f 2112/2112/2112 2113/2113/2113 2103/2103/2103
f 2102/2102/2102 2113/2113/2113 2114/2114/2114
f 2103/2103/2103 2113/2113/2113 2102/2102/2102
f 2115/2115/2115 2101/2101/2101 2102/2102/2102
f 2114/2114/2114 2115/2115/2115 2102/2102/2102
f 2117/2117/2117 2101/2101/2101 2116/2116/2116
f 2116/2116/2116 2101/2101/2101 2115/2115/2115
f 2118/2118/2118 2100/2100/2100 2117/2117/2117
f 2111/2111/2111 2112/2112/2112 2103/2103/2103
f 2100/2100/2100 2101/2101/2101 2117/2117/2117
f 2120/2120/2120 2098/2098/2098 2099/2099/2099
f 2099/2099/2099 2100/2100/2100 2119/2119/2119
f 2097/2097/2097 2123/2123/2123 2096/2096/2096
f 2095/2095/2095 2127/2127/2127 2094/2094/2094
f 2125/2125/2125 2095/2095/2095 2096/2096/2096
f 2121/2121/2121 2097/2097/2097 2098/2098/2098
f 2093/2093/2093 2131/2131/2131 2092/2092/2092
f 2093/2093/2093 2094/2094/2094 2129/2129/2129
f 2120/2120/2120 2099/2099/2099 2119/2119/2119
f 2133/2133/2133 2091/2091/2091 2092/2092/2092
f 2090/2090/2090 2091/2091/2091 2159/2159/2159
f 2088/2088/2088 2089/2089/2089 2162/2162/2162
f 2087/2087/2087 2088/2088/2088 2164/2164/2164
f 2090/2090/2090 2160/2160/2160 2089/2089/2089
f 2120/2120/2120 2121/2121/2121 2098/2098/2098
f 2100/2100/2100 2118/2118/2118 2119/2119/2119
f 2122/2122/2122 2123/2123/2123 2097/2097/2097
f 2124/2124/2124 2125/2125/2125 2096/2096/2096
f 2123/2123/2123 2124/2124/2124 2096/2096/2096
f 2126/2126/2126 2127/2127/2127 2095/2095/2095
f 2128/2128/2128 2129/2129/2129 2094/2094/2094
f 2127/2127/2127 2128/2128/2128 2094/2094/2094
f 2125/2125/2125 2126/2126/2126 2095/2095/2095
f 2130/2130/2130 2131/2131/2131 2093/2093/2093
f 2132/2132/2132 2133/2133/2133 2092/2092/2092
f 2131/2131/2131 2132/2132/2132 2092/2092/2092
f 2159/2159/2159 2091/2091/2091 2134/2134/2134
f 2157/2157/2157 2136/2136/2136 2137/2137/2137
f 2136/2136/2136 2158/2158/2158 2135/2135/2135
f 2159/2159/2159 2134/2134/2134 2135/2135/2135
f 2133/2133/2133 2134/2134/2134 2091/2091/2091
f 2129/2129/2129 2130/2130/2130 2093/2093/2093
f 2086/2086/2086 2168/2168/2168 2085/2085/2085
f 2084/2084/2084 2171/2171/2171 2083/2083/2083
f 2170/2170/2170 2084/2084/2084 2085/2085/2085
f 2345/2345/2345 2346/2346/2346 2251/2251/2251
f 2347/2347/2347 2348/2348/2348 2249/2249/2249
f 2346/2346/2346 2347/2347/2347 2250/2250/2250
f 2173/2173/2173 2082/2082/2082 2083/2083/2083
f 2081/2081/2081 2176/2176/2176 2080/2080/2080
f 2078/2078/2078 2240/2240/2240 2353/2353/2353
f 2079/2079/2079 2080/2080/2080 2237/2237/2237
f 2082/2082/2082 2175/2175/2175 2081/2081/2081
f 2349/2349/2349 2350/2350/2350 2246/2246/2246
f 2352/2352/2352 2353/2353/2353 2242/2242/2242
f 2351/2351/2351 2352/2352/2352 2243/2243/2243
f 2350/2350/2350 2351/2351/2351 2245/2245/2245
f 2247/2247/2247 2348/2348/2348 2349/2349/2349
f 2166/2166/2166 2086/2086/2086 2087/2087/2087
f 2079/2079/2079 2239/2239/2239 2078/2078/2078
f 2121/2121/2121 2122/2122/2122 2097/2097/2097
f 2302/2302/2302 2323/2323/2323 2324/2324/2324
f 2325/2325/2325 2301/2301/2301 2324/2324/2324
f 2301/2301/2301 2302/2302/2302 2324/2324/2324
f 2321/2321/2321 2304/2304/2304 2320/2320/2320
f 2304/2304/2304 2321/2321/2321 2322/2322/2322
f 2322/2322/2322 2323/2323/2323 2303/2303/2303
f 2303/2303/2303 2323/2323/2323 2302/2302/2302
f 2300/2300/2300 2325/2325/2325 2326/2326/2326
f 2330/2330/2330 2298/2298/2298 2329/2329/2329
f 2332/2332/2332 2296/2296/2296 2331/2331/2331
f 2331/2331/2331 2297/2297/2297 2330/2330/2330
f 2299/2299/2299 2300/2300/2300 2327/2327/2327
f 2300/2300/2300 2301/2301/2301 2325/2325/2325
f 2328/2328/2328 2329/2329/2329 2298/2298/2298
f 2327/2327/2327 2328/2328/2328 2299/2299/2299
f 2327/2327/2327 2300/2300/2300 2326/2326/2326
f 2296/2296/2296 2332/2332/2332 2333/2333/2333
f 2308/2308/2308 2313/2313/2313 2314/2314/2314
f 2307/2307/2307 2308/2308/2308 2315/2315/2315
f 2314/2314/2314 2315/2315/2315 2308/2308/2308
f 2309/2309/2309 2313/2313/2313 2308/2308/2308
f 2309/2309/2309 2310/2310/2310 2311/2311/2311
f 2313/2313/2313 2309/2309/2309 2312/2312/2312
f 2311/2311/2311 2312/2312/2312 2309/2309/2309
f 2319/2319/2319 2306/2306/2306 2318/2318/2318
f 2304/2304/2304 2305/2305/2305 2320/2320/2320
f 2304/2304/2304 2322/2322/2322 2303/2303/2303
f 2305/2305/2305 2319/2319/2319 2320/2320/2320
f 2315/2315/2315 2316/2316/2316 2307/2307/2307
f 2317/2317/2317 2307/2307/2307 2316/2316/2316
f 2317/2317/2317 2318/2318/2318 2306/2306/2306
f 2305/2305/2305 2306/2306/2306 2319/2319/2319
f 2307/2307/2307 2317/2317/2317 2306/2306/2306
f 2338/2338/2338 2259/2259/2259 2337/2337/2337
f 2340/2340/2340 2257/2257/2257 2339/2339/2339
f 2339/2339/2339 2258/2258/2258 2338/2338/2338
f 2335/2335/2335 2294/2294/2294 2334/2334/2334
f 2260/2260/2260 2261/2261/2261 2336/2336/2336
f 2261/2261/2261 2335/2335/2335 2336/2336/2336
f 2260/2260/2260 2336/2336/2336 2337/2337/2337
f 2342/2342/2342 2255/2255/2255 2341/2341/2341
f 2344/2344/2344 2253/2253/2253 2343/2343/2343
f 2343/2343/2343 2254/2254/2254 2342/2342/2342
f 2291/2291/2291 2264/2264/2264 2290/2290/2290
f 2262/2262/2262 2293/2293/2293 2261/2261/2261
f 2263/2263/2263 2292/2292/2292 2262/2262/2262
f 2294/2294/2294 2335/2335/2335 2261/2261/2261
f 2265/2265/2265 2289/2289/2289 2290/2290/2290
f 2345/2345/2345 2252/2252/2252 2344/2344/2344
f 2340/2340/2340 2341/2341/2341 2256/2256/2256
f 2292/2292/2292 2263/2263/2263 2291/2291/2291
f 2261/2261/2261 2293/2293/2293 2294/2294/2294
f 2292/2292/2292 2293/2293/2293 2262/2262/2262
f 2298/2298/2298 2299/2299/2299 2328/2328/2328
f 2296/2296/2296 2297/2297/2297 2331/2331/2331
f 2295/2295/2295 2296/2296/2296 2333/2333/2333
f 2298/2298/2298 2330/2330/2330 2297/2297/2297
f 2334/2334/2334 2294/2294/2294 2295/2295/2295
f 2288/2288/2288 2266/2266/2266 2287/2287/2287
f 2286/2286/2286 2266/2266/2266 2285/2285/2285
f 2266/2266/2266 2286/2286/2286 2287/2287/2287
f 2284/2284/2284 2267/2267/2267 2283/2283/2283
f 2282/2282/2282 2267/2267/2267 2281/2281/2281
f 2281/2281/2281 2267/2267/2267 2280/2280/2280
f 2267/2267/2267 2282/2282/2282 2283/2283/2283
f 2267/2267/2267 2284/2284/2284 2285/2285/2285
f 2265/2265/2265 2288/2288/2288 2289/2289/2289
f 2263/2263/2263 2264/2264/2264 2291/2291/2291
f 2334/2334/2334 2295/2295/2295 2333/2333/2333
f 2156/2156/2156 2137/2137/2137 2138/2138/2138
f 2143/2143/2143 2152/2152/2152 2142/2142/2142
f 2152/2152/2152 2153/2153/2153 2142/2142/2142
f 2154/2154/2154 2140/2140/2140 2141/2141/2141
f 2141/2141/2141 2153/2153/2153 2154/2154/2154
f 2153/2153/2153 2141/2141/2141 2142/2142/2142
f 2155/2155/2155 2139/2139/2139 2140/2140/2140
f 2151/2151/2151 2143/2143/2143 2144/2144/2144
f 2154/2154/2154 2155/2155/2155 2140/2140/2140
f 2144/2144/2144 2147/2147/2147 2148/2148/2148
f 2144/2144/2144 2145/2145/2145 2146/2146/2146
f 2146/2146/2146 2147/2147/2147 2144/2144/2144
f 2144/2144/2144 2150/2150/2150 2151/2151/2151
f 2144/2144/2144 2149/2149/2149 2150/2150/2150
f 2151/2151/2151 2152/2152/2152 2143/2143/2143
f 2144/2144/2144 2148/2148/2148 2149/2149/2149
f 2156/2156/2156 2139/2139/2139 2155/2155/2155
f 2156/2156/2156 2157/2157/2157 2137/2137/2137
f 2158/2158/2158 2159/2159/2159 2135/2135/2135
f 2157/2157/2157 2158/2158/2158 2136/2136/2136
f 2160/2160/2160 2161/2161/2161 2089/2089/2089
f 2162/2162/2162 2163/2163/2163 2088/2088/2088
f 2161/2161/2161 2162/2162/2162 2089/2089/2089
f 2159/2159/2159 2160/2160/2160 2090/2090/2090
f 2164/2164/2164 2165/2165/2165 2087/2087/2087
f 2086/2086/2086 2166/2166/2166 2167/2167/2167
f 2165/2165/2165 2166/2166/2166 2087/2087/2087
f 2168/2168/2168 2169/2169/2169 2085/2085/2085
f 2173/2173/2173 2083/2083/2083 2172/2172/2172
f 2084/2084/2084 2170/2170/2170 2171/2171/2171
f 2169/2169/2169 2170/2170/2170 2085/2085/2085
f 2167/2167/2167 2168/2168/2168 2086/2086/2086
f 2163/2163/2163 2164/2164/2164 2088/2088/2088
f 2171/2171/2171 2172/2172/2172 2083/2083/2083
f 2175/2175/2175 2082/2082/2082 2174/2174/2174
f 2177/2177/2177 2080/2080/2080 2176/2176/2176
f 2176/2176/2176 2081/2081/2081 2175/2175/2175
f 2236/2236/2236 2177/2177/2177 2178/2178/2178
f 2234/2234/2234 2179/2179/2179 2180/2180/2180
f 2235/2235/2235 2178/2178/2178 2179/2179/2179
f 2080/2080/2080 2177/2177/2177 2237/2237/2237
f 2232/2232/2232 2181/2181/2181 2182/2182/2182
f 2231/2231/2231 2183/2183/2183 2184/2184/2184
f 2232/2232/2232 2182/2182/2182 2183/2183/2183
f 2230/2230/2230 2185/2185/2185 2186/2186/2186
f 2228/2228/2228 2188/2188/2188 2189/2189/2189
f 2229/2229/2229 2187/2187/2187 2188/2188/2188
f 2229/2229/2229 2186/2186/2186 2187/2187/2187
f 2231/2231/2231 2184/2184/2184 2185/2185/2185
f 2233/2233/2233 2180/2180/2180 2181/2181/2181
f 2227/2227/2227 2190/2190/2190 2191/2191/2191
f 2225/2225/2225 2192/2192/2192 2193/2193/2193
f 2226/2226/2226 2191/2191/2191 2192/2192/2192
f 2224/2224/2224 2194/2194/2194 2195/2195/2195
f 2222/2222/2222 2197/2197/2197 2198/2198/2198
f 2222/2222/2222 2196/2196/2196 2197/2197/2197
f 2223/2223/2223 2195/2195/2195 2196/2196/2196
f 2225/2225/2225 2193/2193/2193 2194/2194/2194
f 2220/2220/2220 2199/2199/2199 2200/2200/2200
f 2219/2219/2219 2201/2201/2201 2202/2202/2202
f 2220/2220/2220 2200/2200/2200 2201/2201/2201
f 2218/2218/2218 2203/2203/2203 2204/2204/2204
f 2216/2216/2216 2206/2206/2206 2207/2207/2207
f 2217/2217/2217 2205/2205/2205 2206/2206/2206
f 2217/2217/2217 2204/2204/2204 2205/2205/2205
f 2219/2219/2219 2202/2202/2202 2203/2203/2203
f 2221/2221/2221 2198/2198/2198 2199/2199/2199
f 2227/2227/2227 2189/2189/2189 2190/2190/2190
f 2174/2174/2174 2082/2082/2082 2173/2173/2173
f 2254/2254/2254 2255/2255/2255 2342/2342/2342
f 2252/2252/2252 2253/2253/2253 2344/2344/2344
f 2254/2254/2254 2343/2343/2343 2253/2253/2253
f 2258/2258/2258 2259/2259/2259 2338/2338/2338
f 2256/2256/2256 2257/2257/2257 2340/2340/2340
f 2258/2258/2258 2339/2339/2339 2257/2257/2257
f 2255/2255/2255 2256/2256/2256 2341/2341/2341
f 2245/2245/2245 2246/2246/2246 2350/2350/2350
f 2243/2243/2243 2244/2244/2244 2351/2351/2351
f 2245/2245/2245 2351/2351/2351 2244/2244/2244
f 2250/2250/2250 2251/2251/2251 2346/2346/2346
f 2248/2248/2248 2249/2249/2249 2348/2348/2348
f 2247/2247/2247 2248/2248/2248 2348/2348/2348
f 2250/2250/2250 2347/2347/2347 2249/2249/2249
f 2246/2246/2246 2247/2247/2247 2349/2349/2349
f 2252/2252/2252 2345/2345/2345 2251/2251/2251
f 2264/2264/2264 2265/2265/2265 2290/2290/2290
f 2266/2266/2266 2267/2267/2267 2285/2285/2285
f 2280/2280/2280 2267/2267/2267 2279/2279/2279
f 2265/2265/2265 2266/2266/2266 2288/2288/2288
f 2279/2279/2279 2267/2267/2267 2278/2278/2278
f 2277/2277/2277 2267/2267/2267 2276/2276/2276
f 2267/2267/2267 2277/2277/2277 2278/2278/2278
f 2276/2276/2276 2267/2267/2267 2275/2275/2275
f 2274/2274/2274 2275/2275/2275 2267/2267/2267
f 2267/2267/2267 2273/2273/2273 2274/2274/2274
f 2273/2273/2273 2267/2267/2267 2272/2272/2272
f 2267/2267/2267 2271/2271/2271 2272/2272/2272
f 2267/2267/2267 2269/2269/2269 2270/2270/2270
f 2267/2267/2267 2268/2268/2268 2269/2269/2269
f 2270/2270/2270 2271/2271/2271 2267/2267/2267
f 2259/2259/2259 2260/2260/2260 2337/2337/2337
f 2219/2219/2219 2220/2220/2220 2201/2201/2201
f 2217/2217/2217 2218/2218/2218 2204/2204/2204
f 2219/2219/2219 2203/2203/2203 2218/2218/2218
f 2195/2195/2195 2223/2223/2223 2224/2224/2224
f 2198/2198/2198 2221/2221/2221 2222/2222/2222
f 2222/2222/2222 2223/2223/2223 2196/2196/2196
f 2199/2199/2199 2220/2220/2220 2221/2221/2221
f 2212/2212/2212 2208/2208/2208 2211/2211/2211
f 2210/2210/2210 2211/2211/2211 2208/2208/2208
f 2208/2208/2208 2209/2209/2209 2210/2210/2210
f 2215/2215/2215 2216/2216/2216 2207/2207/2207
f 2208/2208/2208 2213/2213/2213 2214/2214/2214
f 2208/2208/2208 2212/2212/2212 2213/2213/2213
f 2214/2214/2214 2215/2215/2215 2208/2208/2208
f 2206/2206/2206 2216/2216/2216 2217/2217/2217
f 2207/2207/2207 2208/2208/2208 2215/2215/2215
f 2177/2177/2177 2236/2236/2236 2237/2237/2237
f 2179/2179/2179 2234/2234/2234 2235/2235/2235
f 2235/2235/2235 2236/2236/2236 2178/2178/2178
f 2241/2241/2241 2242/2242/2242 2353/2353/2353
f 2239/2239/2239 2240/2240/2240 2078/2078/2078
f 2238/2238/2238 2239/2239/2239 2079/2079/2079
f 2241/2241/2241 2353/2353/2353 2240/2240/2240
f 2237/2237/2237 2238/2238/2238 2079/2079/2079
f 2189/2189/2189 2227/2227/2227 2228/2228/2228
f 2192/2192/2192 2225/2225/2225 2226/2226/2226
f 2226/2226/2226 2227/2227/2227 2191/2191/2191
f 2181/2181/2181 2232/2232/2232 2233/2233/2233
f 2185/2185/2185 2230/2230/2230 2231/2231/2231
f 2186/2186/2186 2229/2229/2229 2230/2230/2230
f 2231/2231/2231 2232/2232/2232 2183/2183/2183
f 2188/2188/2188 2228/2228/2228 2229/2229/2229
f 2233/2233/2233 2234/2234/2234 2180/2180/2180
f 2194/2194/2194 2224/2224/2224 2225/2225/2225
f 2243/2243/2243 2352/2352/2352 2242/2242/2242
f 2139/2139/2139 2156/2156/2156 2138/2138/2138
g Male_virtual body shoulderplates_black
o object_8
usemtl Plastic Black
v -15.708111763000488 3.4009902477264404 -9.8090553283691406
v -15.708111763000488 3.4009902477264404 -9.75
v -8.030238151550293 -7.6056580543518066 -9.8090553283691406
v -8.030238151550293 -7.6056580543518066 -9.75
v -8.030238151550293 -7.6056580543518066 -9.8090553283691406
v -8.030238151550293 -7.6056580543518066 -9.75
v 8.4129505157470703 -6.3654770851135254 -9.8090553283691406
v 8.4129505157470703 -6.3654770851135254 -9.75
v 8.4129505157470703 -6.3654770851135254 -9.8090553283691406
v 8.4129505157470703 -6.3654770851135254 -9.75
v 13.568526268005371 6.5738434791564941 -9.8090553283691406
v 13.568526268005371 6.5738434791564941 -9.75
v 13.568526268005371 6.5738434791564941 -9.8090553283691406
v 13.568526268005371 6.5738434791564941 -9.75
v -1.2508426294743913E-08 15.894341468811035 -9.8090553283691406
v -1.2508426294743913E-08 15.894341468811035 -9.75
v -1.2508426294743913E-08 15.894341468811035 -9.8090553283691406
v -1.2508426294743913E-08 15.894341468811035 -9.75
v -15.708111763000488 3.4009902477264404 -9.8090553283691406
v -15.708111763000488 3.4009902477264404 -9.75
v -15.708111763000488 3.4009902477264404 -9.8090553283691406
v -8.030238151550293 -7.6056580543518066 -9.8090553283691406
v 8.4129505157470703 -6.3654770851135254 -9.8090553283691406
v 13.568526268005371 6.5738434791564941 -9.8090553283691406
v -1.2508426294743913E-08 15.894341468811035 -9.8090553283691406
v -15.708111763000488 3.4009902477264404 -9.75
v -8.030238151550293 -7.6056580543518066 -9.75
v 8.4129505157470703 -6.3654770851135254 -9.75
v 13.568526268005371 6.5738434791564941 -9.75
v -1.2508426294743913E-08 15.894341468811035 -9.75
vt 0 0
vt 0 0.50065046548843384
vt 0.16697664558887482 0
vt 0.16697664558887482 0.50065046548843384
vt 0.16697664558887482 0
vt 0.16697664558887482 0.50065046548843384
vt 0.3721502423286438 0
vt 0.3721502423286438 0.50065046548843384
vt 0.3721502423286438 0
vt 0.3721502423286438 0.50065046548843384
vt 0.54545527696609497 0
vt 0.54545527696609497 0.50065046548843384
vt 0.54545527696609497 0
vt 0.54545527696609497 0.50065046548843384
vt 0.7502739429473877 0
vt 0.7502739429473877 0.50065046548843384
vt 0.7502739429473877 0
vt 0.7502739429473877 0.50065046548843384
vt 1 0
vt 1 0.50065046548843384
vt 0.30966821312904358 1
vt 0.32014816999435425 0.7048303484916687
vt 0.15042001008987427 0.50065100193023682
vt 0 0.65310436487197876
vt 0.059942182153463364 1
vt 0.30966821312904358 0.50065100193023682
vt 0.32014816999435425 0.79582065343856812
vt 0.15042001008987427 1
vt 0 0.84754663705825806
vt 0.059942182153463364 0.50065100193023682
vn -0.82016837596893311 -0.57212227582931519 0
vn -0.82016837596893311 -0.57212227582931519 0
vn -0.82016837596893311 -0.57212227582931519 0
vn -0.82016837596893311 -0.57212227582931519 0
vn 0.075208574533462524 -0.99716782569885254 0
vn 0.075208574533462524 -0.99716782569885254 0
vn 0.075208574533462524 -0.99716782569885254 0
vn 0.075208574533462524 -0.99716782569885254 0
vn 0.92897474765777588 -0.37014308571815491 0
vn 0.92897474765777588 -0.37014308571815491 0
vn 0.92897474765777588 -0.37014308571815491 0
vn 0.92897474765777588 -0.37014308571815491 0
vn 0.56620436906814575 0.82426488399505615 0
vn 0.56620436906814575 0.82426488399505615 0
vn 0.56620436906814575 0.82426488399505615 0
vn 0.56620436906814575 0.82426488399505615 0
vn -0.62247055768966675 0.78264319896697998 0
vn -0.62247055768966675 0.78264319896697998 0
vn -0.62247055768966675 0.78264319896697998 0
vn -0.62247055768966675 0.78264319896697998 0
vn 0 0 -1
vn 0 0 -1
vn 0 0 -1
vn 0 0 -1
vn 0 0 -1
vn 0 0 1
vn 0 0 1
vn 0 0 1
vn 0 0 1
vn 0 0 1
f 2354/2354/2354 2356/2356/2356 2357/2357/2357 2355/2355/2355
f 2358/2358/2358 2360/2360/2360 2361/2361/2361 2359/2359/2359
f 2362/2362/2362 2364/2364/2364 2365/2365/2365 2363/2363/2363
f 2366/2366/2366 2368/2368/2368 2369/2369/2369 2367/2367/2367
f 2370/2370/2370 2372/2372/2372 2373/2373/2373 2371/2371/2371
f 2376/2376/2376 2378/2378/2378 2377/2377/2377
f 2376/2376/2376 2375/2375/2375 2378/2378/2378
f 2374/2374/2374 2378/2378/2378 2375/2375/2375
f 2381/2381/2381 2382/2382/2382 2383/2383/2383
f 2381/2381/2381 2383/2383/2383 2380/2380/2380
f 2379/2379/2379 2380/2380/2380 2383/2383/2383
o object_9
usemtl Plastic Black
v 5.8860654830932617 6.1250004768371582 -9.75
v 5.8860654830932617 6.2500004768371582 -9.75
v 0.5 6.1250004768371582 -9.75
v 0.5 6.2500004768371582 -9.75
v 0.5 6.1250004768371582 -9.75
v 0.5 6.2500004768371582 -9.75
v 0.5 6.1250004768371582 -8.75
v 0.5 6.2500004768371582 -8.75
v 0.5 6.1250004768371582 -8.75
v 0.5 6.2500004768371582 -8.75
v -0.5 6.1250004768371582 -8.75
v -0.5 6.2500004768371582 -8.75
v -0.5 6.1250004768371582 -8.75
v -0.5 6.2500004768371582 -8.75
v -0.5 6.1250004768371582 -9.75
v -0.5 6.2500004768371582 -9.75
v -0.5 6.1250004768371582 -9.75
v -0.5 6.2500004768371582 -9.75
v -6.8940162658691406 6.1250004768371582 -9.75
v -6.8940162658691406 6.2500004768371582 -9.75
v -6.8940162658691406 6.1250004768371582 -9.75
v -6.8940162658691406 6.2500004768371582 -9.75
v -6.8940162658691406 6.1250004768371582 -8.75
v -6.8940162658691406 6.2500004768371582 -8.75
v -6.8940162658691406 6.1250004768371582 -8.75
v -6.8940162658691406 6.2500004768371582 -8.75
v -0.4999995231628418 6.1250004768371582 -7.75
v -0.4999995231628418 6.2500004768371582 -7.75
v -0.4999995231628418 6.1250004768371582 -7.75
v -0.4999995231628418 6.2500004768371582 -7.75
v 0.5000004768371582 6.1250004768371582 -7.75
v 0.5000004768371582 6.2500004768371582 -7.75
v 0.5000004768371582 6.1250004768371582 -7.75
v 0.5000004768371582 6.2500004768371582 -7.75
v 5.8860654830932617 6.1250004768371582 -8.75
v 5.8860654830932617 6.2500004768371582 -8.75
v 5.8860654830932617 6.1250004768371582 -8.75
v 5.8860654830932617 6.2500004768371582 -8.75
v 5.8860654830932617 6.1250004768371582 -9.75
v 5.8860654830932617 6.2500004768371582 -9.75
v 5.8860654830932617 6.1250004768371582 -9.75
v 0.5 6.1250004768371582 -9.75
v 0.5 6.1250004768371582 -8.75
v -0.5 6.1250004768371582 -8.75
v -0.5 6.1250004768371582 -9.75
v -6.8940162658691406 6.1250004768371582 -9.75
v -6.8940162658691406 6.1250004768371582 -8.75
v -0.4999995231628418 6.1250004768371582 -7.75
v 0.5000004768371582 6.1250004768371582 -7.75
v 5.8860654830932617 6.1250004768371582 -8.75
v 5.8860654830932617 6.2500004768371582 -9.75
v 0.5 6.2500004768371582 -9.75
v 0.5 6.2500004768371582 -8.75
v -0.5 6.2500004768371582 -8.75
v -0.5 6.2500004768371582 -9.75
v -6.8940162658691406 6.2500004768371582 -9.75
v -6.8940162658691406 6.2500004768371582 -8.75
v -0.4999995231628418 6.2500004768371582 -7.75
v 0.5000004768371582 6.2500004768371582 -7.75
v 5.8860654830932617 6.2500004768371582 -8.75
vt 0 0
vt 0 0.5151512622833252
vt 0.18116641044616699 0
vt 0.18116641044616699 0.5151512622833252
vt 0.18116641044616699 0
vt 0.18116641044616699 0.5151512622833252
vt 0.21480254828929901 0
vt 0.21480254828929901 0.5151512622833252
vt 0.21480254828929901 0
vt 0.21480254828929901 0.5151512622833252
vt 0.24843867123126984 0
vt 0.24843867123126984 0.5151512622833252
vt 0.24843867123126984 0
vt 0.24843867123126984 0.5151512622833252
vt 0.28207477927207947 0
vt 0.28207477927207947 0.5151512622833252
vt 0.28207477927207947 0
vt 0.28207477927207947 0.5151512622833252
vt 0.49714475870132446 0
vt 0.49714475870132446 0.5151512622833252
vt 0.49714475870132446 0
vt 0.49714475870132446 0.5151512622833252
vt 0.53078091144561768 0
vt 0.53078091144561768 0.5151512622833252
vt 0.53078091144561768 0
vt 0.53078091144561768 0.5151512622833252
vt 0.74846529960632324 0
vt 0.74846529960632324 0.5151512622833252
vt 0.74846529960632324 0
vt 0.74846529960632324 0.5151512622833252
vt 0.78210139274597168 0
vt 0.78210139274597168 0.5151512622833252
vt 0.78210139274597168 0
vt 0.78210139274597168 0.5151512622833252
vt 0.96636384725570679 0
vt 0.96636384725570679 0.5151512622833252
vt 0.96636384725570679 0
vt 0.96636384725570679 0.5151512622833252
vt 1 0
vt 1 0.5151512622833252
vt 0 0.99999988079071045
vt 0.18116641044616699 1
vt 0.18116641044616699 0.75757592916488647
vt 0.21480254828929901 0.75757592916488647
vt 0.21480254828929901 0.99999988079071045
vt 0.42987251281738281 0.99999988079071045
vt 0.42987251281738281 0.75757580995559692
vt 0.21480253338813782 0.5151517391204834
vt 0.1811663955450058 0.51515185832977295
vt 0 0.75757580995559692
vt 0 0.51515185832977295
vt 0.18116641044616699 0.5151517391204834
vt 0.18116641044616699 0.7575758695602417
vt 0.21480254828929901 0.7575758695602417
vt 0.21480254828929901 0.51515185832977295
vt 0.42987251281738281 0.51515185832977295
vt 0.42987251281738281 0.75757592916488647
vt 0.21480253338813782 1
vt 0.1811663955450058 0.99999988079071045
vt 0 0.75757592916488647
vn 7.8952936632958881E-08 0 -1
vn 7.8952936632958881E-08 0 -1
vn 7.8952936632958881E-08 0 -1
vn 7.8952936632958881E-08 0 -1
vn -1 0 0
vn -1 0 0
vn -1 0 0
vn -1 0 0
vn 0 0 -1
vn 0 0 -1
vn 0 0 -1
vn 0 0 -1
vn 1 0 0
vn 1 0 0
vn 1 0 0
vn 1 0 0
vn 0 0 -1
vn 0 0 -1
vn 0 0 -1
vn 0 0 -1
vn -1 0 0
vn -1 0 0
vn -1 0 0
vn -1 0 0
vn -0.15451785922050476 0 0.98799002170562744
vn -0.15451785922050476 0 0.98799002170562744
vn -0.15451785922050476 0 0.98799002170562744
vn -0.15451785922050476 0 0.98799002170562744
vn 4.6541870801775076E-07 0 1
vn 4.6541870801775076E-07 0 1
vn 4.6541870801775076E-07 0 1
vn 4.6541870801775076E-07 0 1
vn 0.18254455924034119 0 0.98319756984710693
vn 0.18254455924034119 0 0.98319756984710693
vn 0.18254455924034119 0 0.98319756984710693
vn 0.18254455924034119 0 0.98319756984710693
vn 1 0 0
vn 1 0 0
vn 1 0 0
vn 1 0 0
vn 0 -1 0
vn 0 -1 0
vn 0 -1 0
vn 0 -1 0
vn 0 -1 0
vn 0 -1 0
vn 0 -1 0
vn 0 -1 0
vn 0 -1 0
vn 0 -1 0
vn 0 1 0
vn 0 1 0
vn 0 1 0
vn 0 1 0
vn 0 1 0
vn 0 1 0
vn 0 1 0
vn 0 1 0
vn 0 1 0
vn 0 1 0
f 2384/2384/2384 2386/2386/2386 2387/2387/2387 2385/2385/2385
f 2388/2388/2388 2390/2390/2390 2391/2391/2391 2389/2389/2389
f 2392/2392/2392 2394/2394/2394 2395/2395/2395 2393/2393/2393
f 2396/2396/2396 2398/2398/2398 2399/2399/2399 2397/2397/2397
f 2400/2400/2400 2402/2402/2402 2403/2403/2403 2401/2401/2401
f 2404/2404/2404 2406/2406/2406 2407/2407/2407 2405/2405/2405
f 2408/2408/2408 2410/2410/2410 2411/2411/2411 2409/2409/2409
f 2412/2412/2412 2414/2414/2414 2415/2415/2415 2413/2413/2413
f 2416/2416/2416 2418/2418/2418 2419/2419/2419 2417/2417/2417
f 2420/2420/2420 2422/2422/2422 2423/2423/2423 2421/2421/2421
f 2426/2426/2426 2425/2425/2425 2424/2424/2424
f 2432/2432/2432 2426/2426/2426 2433/2433/2433
f 2424/2424/2424 2433/2433/2433 2426/2426/2426
f 2431/2431/2431 2426/2426/2426 2432/2432/2432
f 2427/2427/2427 2429/2429/2429 2428/2428/2428
f 2430/2430/2430 2427/2427/2427 2431/2431/2431
f 2427/2427/2427 2426/2426/2426 2431/2431/2431
f 2429/2429/2429 2427/2427/2427 2430/2430/2430
f 2436/2436/2436 2434/2434/2434 2435/2435/2435
f 2442/2442/2442 2443/2443/2443 2436/2436/2436
f 2434/2434/2434 2436/2436/2436 2443/2443/2443
f 2441/2441/2441 2442/2442/2442 2436/2436/2436
f 2437/2437/2437 2438/2438/2438 2439/2439/2439
f 2440/2440/2440 2441/2441/2441 2437/2437/2437
f 2437/2437/2437 2441/2441/2441 2436/2436/2436
f 2439/2439/2439 2440/2440/2440 2437/2437/2437
o object_10
usemtl Plastic Black
v 7.4766016006469727 -3.8749995231628418 -8.7499990463256836
v 7.4766016006469727 -3.7499995231628418 -8.7499990463256836
v 7.4766016006469727 -3.8749995231628418 -9.7499990463256836
v 7.4766016006469727 -3.7499995231628418 -9.7499990463256836
v 7.4766016006469727 -3.8749995231628418 -9.7499990463256836
v 7.4766016006469727 -3.7499995231628418 -9.7499990463256836
v 0.5000007152557373 -3.8749995231628418 -9.7499990463256836
v 0.5000007152557373 -3.7499995231628418 -9.7499990463256836
v 0.5000007152557373 -3.8749995231628418 -9.7499990463256836
v 0.5000007152557373 -3.7499995231628418 -9.7499990463256836
v 0.50000017881393433 -3.8749995231628418 -8.7499990463256836
v 0.50000017881393433 -3.7499995231628418 -8.7499990463256836
v 0.50000017881393433 -3.8749995231628418 -8.7499990463256836
v 0.50000017881393433 -3.7499995231628418 -8.7499990463256836
v -0.49999982118606567 -3.8749995231628418 -8.7499990463256836
v -0.49999982118606567 -3.7499995231628418 -8.7499990463256836
v -0.49999982118606567 -3.8749995231628418 -8.7499990463256836
v -0.49999982118606567 -3.7499995231628418 -8.7499990463256836
v -0.4999997615814209 -3.8749995231628418 -9.7499990463256836
v -0.4999997615814209 -3.7499995231628418 -9.7499990463256836
v -0.4999997615814209 -3.8749995231628418 -9.7499990463256836
v -0.4999997615814209 -3.7499995231628418 -9.7499990463256836
v -8.4735164642333984 -3.8749995231628418 -9.75
v -8.4735164642333984 -3.7499995231628418 -9.75
v -8.4735164642333984 -3.8749995231628418 -9.75
v -8.4735164642333984 -3.7499995231628418 -9.75
v -8.4735164642333984 -3.8749995231628418 -8.75
v -8.4735164642333984 -3.7499995231628418 -8.75
v -8.4735164642333984 -3.8749995231628418 -8.75
v -8.4735164642333984 -3.7499995231628418 -8.75
v -0.49845746159553528 -3.8749995231628418 -7.7499990463256836
v -0.49845746159553528 -3.7499995231628418 -7.7499990463256836
v -0.49845746159553528 -3.8749995231628418 -7.7499990463256836
v -0.49845746159553528 -3.7499995231628418 -7.7499990463256836
v 0.50000017881393433 -3.8749995231628418 -7.7499990463256836
v 0.50000017881393433 -3.7499995231628418 -7.7499990463256836
v 0.50000017881393433 -3.8749995231628418 -7.7499990463256836
v 0.50000017881393433 -3.7499995231628418 -7.7499990463256836
v 7.4766016006469727 -3.8749995231628418 -8.7499990463256836
v 7.4766016006469727 -3.7499995231628418 -8.7499990463256836
v 7.4766016006469727 -3.8749995231628418 -8.7499990463256836
v 7.4766016006469727 -3.8749995231628418 -9.7499990463256836
v 0.5000007152557373 -3.8749995231628418 -9.7499990463256836
v 0.50000017881393433 -3.8749995231628418 -8.7499990463256836
v -0.49999982118606567 -3.8749995231628418 -8.7499990463256836
v -0.4999997615814209 -3.8749995231628418 -9.7499990463256836
v -8.4735164642333984 -3.8749995231628418 -9.75
v -8.4735164642333984 -3.8749995231628418 -8.75
v -0.49845746159553528 -3.8749995231628418 -7.7499990463256836
v 0.50000017881393433 -3.8749995231628418 -7.7499990463256836
v 7.4766016006469727 -3.7499995231628418 -8.7499990463256836
v 7.4766016006469727 -3.7499995231628418 -9.7499990463256836
v 0.5000007152557373 -3.7499995231628418 -9.7499990463256836
v 0.50000017881393433 -3.7499995231628418 -8.7499990463256836
v -0.49999982118606567 -3.7499995231628418 -8.7499990463256836
v -0.4999997615814209 -3.7499995231628418 -9.7499990463256836
v -8.4735164642333984 -3.7499995231628418 -9.75
v -8.4735164642333984 -3.7499995231628418 -8.75
v -0.49845746159553528 -3.7499995231628418 -7.7499990463256836
v 0.50000017881393433 -3.7499995231628418 -7.7499990463256836
vt 0 0
vt 0 0.5151512622833252
vt 0.027751576155424118 0
vt 0.027751576155424118 0.5151512622833252
vt 0.027751576155424118 0
vt 0.027751576155424118 0.5151512622833252
vt 0.22136324644088745 0
vt 0.22136324644088745 0.5151512622833252
vt 0.22136324644088745 0
vt 0.22136324644088745 0.5151512622833252
vt 0.24911482632160187 0
vt 0.24911482632160187 0.5151512622833252
vt 0.24911482632160187 0
vt 0.24911482632160187 0.5151512622833252
vt 0.27686640620231628 0
vt 0.27686640620231628 0.5151512622833252
vt 0.27686640620231628 0
vt 0.27686640620231628 0.5151512622833252
vt 0.30461797118186951 0
vt 0.30461797118186951 0.5151512622833252
vt 0.30461797118186951 0
vt 0.30461797118186951 0.5151512622833252
vt 0.52589559555053711 0
vt 0.52589559555053711 0.5151512622833252
vt 0.52589559555053711 0
vt 0.52589559555053711 0.5151512622833252
vt 0.55364716053009033 0
vt 0.55364716053009033 0.5151512622833252
vt 0.55364716053009033 0
vt 0.55364716053009033 0.5151512622833252
vt 0.77670073509216309 0
vt 0.77670073509216309 0.5151512622833252
vt 0.77670073509216309 0
vt 0.77670073509216309 0.5151512622833252
vt 0.80440950393676758 0
vt 0.80440950393676758 0.5151512622833252
vt 0.80440950393676758 0
vt 0.80440950393676758 0.5151512622833252
vt 1 0
vt 1 0.5151512622833252
vt 9.2567309373237094E-10 0.75757580995559692
vt 0 0.99999988079071045
vt 0.19361166656017303 0.99999988079071045
vt 0.19361168146133423 0.75757580995559692
vt 0.22136326134204865 0.75757592916488647
vt 0.22136326134204865 0.99999994039535522
vt 0.44264090061187744 1
vt 0.44264090061187744 0.75757592916488647
vt 0.22132045030593872 0.51515179872512817
vt 0.19361168146133423 0.5151517391204834
vt 9.2567309373237094E-10 0.75757598876953125
vt 0 0.51515191793441772
vt 0.19361166656017303 0.51515191793441772
vt 0.19361168146133423 0.75757598876953125
vt 0.22136326134204865 0.7575758695602417
vt 0.22136326134204865 0.51515179872512817
vt 0.44264090061187744 0.5151517391204834
vt 0.44264090061187744 0.7575758695602417
vt 0.22132045030593872 1
vt 0.19361168146133423 1
vn 1 0 3.335569687124007E-08
vn 1 0 3.335569687124007E-08
vn 1 0 3.335569687124007E-08
vn 1 0 3.335569687124007E-08
vn 0 0 -1
vn 0 0 -1
vn 0 0 -1
vn 0 0 -1
vn -1 0 -4.9877439778356347E-07
vn -1 0 -4.9877439778356347E-07
vn -1 0 -4.9877439778356347E-07
vn -1 0 -4.9877439778356347E-07
vn 4.9877439778356347E-07 0 -1
vn 4.9877439778356347E-07 0 -1
vn 4.9877439778356347E-07 0 -1
vn 4.9877439778356347E-07 0 -1
vn 1 0 3.3355693318526392E-08
vn 1 0 3.3355693318526392E-08
vn 1 0 3.3355693318526392E-08
vn 1 0 3.3355693318526392E-08
vn 3.3355693318526392E-08 0 -1
vn 3.3355693318526392E-08 0 -1
vn 3.3355693318526392E-08 0 -1
vn 3.3355693318526392E-08 0 -1
vn -1 0 -3.3355693318526392E-08
vn -1 0 -3.3355693318526392E-08
vn -1 0 -3.3355693318526392E-08
vn -1 0 -3.3355693318526392E-08
vn -0.12441667169332504 0 0.99223005771636963
vn -0.12441667169332504 0 0.99223005771636963
vn -0.12441667169332504 0 0.99223005771636963
vn -0.12441667169332504 0 0.99223005771636963
vn -3.3355693318526392E-08 0 1
vn -3.3355693318526392E-08 0 1
vn -3.3355693318526392E-08 0 1
vn -3.3355693318526392E-08 0 1
vn 0.14188610017299652 0 0.98988300561904907
vn 0.14188610017299652 0 0.98988300561904907
vn 0.14188610017299652 0 0.98988300561904907
vn 0.14188610017299652 0 0.98988300561904907
vn 0 -1 0
vn 0 -1 0
vn 0 -1 0
vn 0 -1 0
vn 0 -1 0
vn 0 -1 0
vn 0 -1 0
vn 0 -1 0
vn 0 -1 0
vn 0 -1 0
vn 0 1 0
vn 0 1 0
vn 0 1 0
vn 0 1 0
vn 0 1 0
vn 0 1 0
vn 0 1 0
vn 0 1 0
vn 0 1 0
vn 0 1 0
f 2444/2444/2444 2446/2446/2446 2447/2447/2447 2445/2445/2445
f 2448/2448/2448 2450/2450/2450 2451/2451/2451 2449/2449/2449
f 2452/2452/2452 2454/2454/2454 2455/2455/2455 2453/2453/2453
f 2456/2456/2456 2458/2458/2458 2459/2459/2459 2457/2457/2457
f 2460/2460/2460 2462/2462/2462 2463/2463/2463 2461/2461/2461
f 2464/2464/2464 2466/2466/2466 2467/2467/2467 2465/2465/2465
f 2468/2468/2468 2470/2470/2470 2471/2471/2471 2469/2469/2469
f 2472/2472/2472 2474/2474/2474 2475/2475/2475 2473/2473/2473
f 2476/2476/2476 2478/2478/2478 2479/2479/2479 2477/2477/2477
f 2480/2480/2480 2482/2482/2482 2483/2483/2483 2481/2481/2481
f 2484/2484/2484 2486/2486/2486 2485/2485/2485
f 2493/2493/2493 2487/2487/2487 2484/2484/2484
f 2486/2486/2486 2484/2484/2484 2487/2487/2487
f 2492/2492/2492 2487/2487/2487 2493/2493/2493
f 2488/2488/2488 2490/2490/2490 2489/2489/2489
f 2491/2491/2491 2488/2488/2488 2492/2492/2492
f 2488/2488/2488 2487/2487/2487 2492/2492/2492
f 2490/2490/2490 2488/2488/2488 2491/2491/2491
f 2494/2494/2494 2495/2495/2495 2496/2496/2496
f 2503/2503/2503 2494/2494/2494 2497/2497/2497
f 2496/2496/2496 2497/2497/2497 2494/2494/2494
f 2502/2502/2502 2503/2503/2503 2497/2497/2497
f 2498/2498/2498 2499/2499/2499 2500/2500/2500
f 2501/2501/2501 2502/2502/2502 2498/2498/2498
f 2498/2498/2498 2502/2502/2502 2497/2497/2497
f 2500/2500/2500 2501/2501/2501 2498/2498/2498
o object_11
usemtl Plastic Black
v 0 -7 -9.8090553283691406
v 0 -7 -9.75
v 8.4129505157470703 -6.3654770851135254 -9.8090553283691406
v 8.4129505157470703 -6.3654770851135254 -9.75
vt 0 0
vt 0 1
vt 1 0
vt 1 1
vn 0.075208574533462524 -0.99716782569885254 0
vn 0.075208574533462524 -0.99716782569885254 0
vn 0.075208574533462524 -0.99716782569885254 0
vn 0.075208574533462524 -0.99716782569885254 0
f 2504/2504/2504 2506/2506/2506 2507/2507/2507 2505/2505/2505
g Male_virtual body plates
o object_12
usemtl anodized
v -0.75 -2.5 -9.75
v -0.5 -2.5 -9.75
v -0.75 -2.5 -8.75
v -0.5 -2.5 -8.75
v -0.75 -2.5 -8.75
v -0.5 -2.5 -8.75
v -0.75 -1.5 -8.75
v -0.5 -1.5 -8.75
v -0.75 -1.5 -8.75
v -0.5 -1.5 -8.75
v -0.75 -1.5 -9.75
v -0.5 -1.5 -9.75
v -0.75 -1.5 -9.75
v -0.5 -1.5 -9.75
v -0.75 -0.5 -9.75
v -0.5 -0.5 -9.75
v -0.75 1.5 -9.75
v -0.5 1.5 -9.75
v -0.75 1.5 -9.75
v -0.5 1.5 -9.75
v -0.75 1.5 -8.75
v -0.5 1.5 -8.75
v -0.75 1.5 -8.75
v -0.5 1.5 -8.75
v -0.75 0.5 -6.75
v -0.5 0.5 -6.75
v -0.75 0.5 -6.75
v -0.5 0.5 -6.75
v -0.75 -0.5 -6.75
v -0.5 -0.5 -6.75
v -0.75 -0.5 -6.75
v -0.5 -0.5 -6.75
v -0.75 -0.5 -7.75
v -0.5 -0.5 -7.75
v -0.75 -0.5 -7.75
v -0.5 -0.5 -7.75
v -0.75 -3.5 -7.75
v -0.5 -3.5 -7.75
v -0.75 -3.5 -7.75
v -0.5 -3.5 -7.75
v -0.75 -3.5 -9.75
v -0.5 -3.5 -9.75
v -0.75 -3.5 -9.75
v -0.5 -3.5 -9.75
v -0.75 -2.5 -9.75
v -0.5 -2.5 -9.75
v -0.75 -2.5 -9.75
v -0.75 -2.5 -8.75
v -0.75 -1.5 -8.75
v -0.75 -1.5 -9.75
v -0.75 -0.5 -9.75
v -0.75 1.5 -9.75
v -0.75 1.5 -8.75
v -0.75 0.5 -6.75
v -0.75 -0.5 -6.75
v -0.75 -0.5 -7.75
v -0.75 -3.5 -7.75
v -0.75 -3.5 -9.75
v -0.5 -2.5 -9.75
v -0.5 -2.5 -8.75
v -0.5 -1.5 -8.75
v -0.5 -1.5 -9.75
v -0.5 -0.5 -9.75
v -0.5 1.5 -9.75
v -0.5 1.5 -8.75
v -0.5 0.5 -6.75
v -0.5 -0.5 -6.75
v -0.5 -0.5 -7.75
v -0.5 -3.5 -7.75
v -0.5 -3.5 -9.75
vt 0 0
vt 0 0.51999974250793457
vt 0.058017872273921967 0
vt 0.058017872273921967 0.51999974250793457
vt 0.058017872273921967 0
vt 0.058017872273921967 0.51999974250793457
vt 0.11603574454784393 0
vt 0.11603574454784393 0.51999974250793457
vt 0.11603574454784393 0
vt 0.11603574454784393 0.51999974250793457
vt 0.1740536242723465 0
vt 0.1740536242723465 0.51999974250793457
vt 0.1740536242723465 0
vt 0.1740536242723465 0.51999974250793457
vt 0.23207148909568787 0
vt 0.23207148909568787 0.51999974250793457
vt 0.34810724854469299 0
vt 0.34810724854469299 0.51999974250793457
vt 0.34810724854469299 0
vt 0.34810724854469299 0.51999974250793457
vt 0.40612509846687317 0
vt 0.40612509846687317 0.51999974250793457
vt 0.40612509846687317 0
vt 0.40612509846687317 0.51999974250793457
vt 0.53585702180862427 0
vt 0.53585702180862427 0.51999974250793457
vt 0.53585702180862427 0
vt 0.53585702180862427 0.51999974250793457
vt 0.59387487173080444 0
vt 0.59387487173080444 0.51999974250793457
vt 0.59387487173080444 0
vt 0.59387487173080444 0.51999974250793457
vt 0.65189278125762939 0
vt 0.65189278125762939 0.51999974250793457
vt 0.65189278125762939 0
vt 0.65189278125762939 0.51999974250793457
vt 0.8259463906288147 0
vt 0.8259463906288147 0.51999974250793457
vt 0.8259463906288147 0
vt 0.8259463906288147 0.51999974250793457
vt 0.94198215007781982 0
vt 0.94198215007781982 0.51999974250793457
vt 0.94198215007781982 0
vt 0.94198215007781982 0.51999974250793457
vt 1 0
vt 1 0.51999974250793457
vt 0.23207148909568787 0.52000027894973755
vt 0.23207148909568787 0.6800001859664917
vt 0.1740536242723465 0.6800001859664917
vt 0.1740536242723465 0.52000027894973755
vt 0.11603574454784393 0.52000027894973755
vt 0 0.52000027894973755
vt 0 0.6800001859664917
vt 0.058017872273921967 1
vt 0.11603574454784393 1
vt 0.11603574454784393 0.84000009298324585
vt 0.29008936882019043 0.84000009298324585
vt 0.29008936882019043 0.52000027894973755
vt 0.23207148909568787 1
vt 0.23207148909568787 0.84000009298324585
vt 0.1740536242723465 0.84000009298324585
vt 0.1740536242723465 1
vt 0.11603574454784393 1
vt 0 1
vt 0 0.84000009298324585
vt 0.058017872273921967 0.52000027894973755
vt 0.11603574454784393 0.52000027894973755
vt 0.11603574454784393 0.6800001859664917
vt 0.29008936882019043 0.6800001859664917
vt 0.29008936882019043 1
vn 0 1 0
vn 0 1 0
vn 0 1 0
vn 0 1 0
vn 0 0 -1
vn 0 0 -1
vn 0 0 -1
vn 0 0 -1
vn 0 -1 0
vn 0 -1 0
vn 0 -1 0
vn 0 -1 0
vn 0 0 -1
vn 0 0 -1
vn 0 0 -1
vn 0 0 -1
vn 0 0 -1
vn 0 0 -1
vn 0 1 0
vn 0 1 0
vn 0 1 0
vn 0 1 0
vn 0 0.89442718029022217 0.44721359014511108
vn 0 0.89442718029022217 0.44721359014511108
vn 0 0.89442718029022217 0.44721359014511108
vn 0 0.89442718029022217 0.44721359014511108
vn 0 0 1
vn 0 0 1
vn 0 0 1
vn 0 0 1
vn 0 -1 0
vn 0 -1 0
vn 0 -1 0
vn 0 -1 0
vn 0 0 1
vn 0 0 1
vn 0 0 1
vn 0 0 1
vn 0 -1 0
vn 0 -1 0
vn 0 -1 0
vn 0 -1 0
vn 0 0 -1
vn 0 0 -1
vn 0 0 -1
vn 0 0 -1
vn -1 0 0
vn -1 0 0
vn -1 0 0
vn -1 0 0
vn -1 0 0
vn -1 0 0
vn -1 0 0
vn -1 0 0
vn -1 0 0
vn -1 0 0
vn -1 0 0
vn -1 0 0
vn 1 0 0
vn 1 0 0
vn 1 0 0
vn 1 0 0
vn 1 0 0
vn 1 0 0
vn 1 0 0
vn 1 0 0
vn 1 0 0
vn 1 0 0
vn 1 0 0
vn 1 0 0
f 2508/2508/2508 2510/2510/2510 2511/2511/2511 2509/2509/2509
f 2512/2512/2512 2514/2514/2514 2515/2515/2515 2513/2513/2513
f 2516/2516/2516 2518/2518/2518 2519/2519/2519 2517/2517/2517
f 2520/2520/2520 2522/2522/2522 2523/2523/2523 2521/2521/2521
f 2522/2522/2522 2524/2524/2524 2525/2525/2525 2523/2523/2523
f 2526/2526/2526 2528/2528/2528 2529/2529/2529 2527/2527/2527
f 2530/2530/2530 2532/2532/2532 2533/2533/2533 2531/2531/2531
f 2534/2534/2534 2536/2536/2536 2537/2537/2537 2535/2535/2535
f 2538/2538/2538 2540/2540/2540 2541/2541/2541 2539/2539/2539
f 2542/2542/2542 2544/2544/2544 2545/2545/2545 2543/2543/2543
f 2546/2546/2546 2548/2548/2548 2549/2549/2549 2547/2547/2547
f 2550/2550/2550 2552/2552/2552 2553/2553/2553 2551/2551/2551
f 2563/2563/2563 2562/2562/2562 2561/2561/2561
f 2560/2560/2560 2563/2563/2563 2561/2561/2561
f 2559/2559/2559 2558/2558/2558 2560/2560/2560
f 2563/2563/2563 2560/2560/2560 2558/2558/2558
f 2558/2558/2558 2556/2556/2556 2563/2563/2563
f 2555/2555/2555 2564/2564/2564 2556/2556/2556
f 2563/2563/2563 2556/2556/2556 2564/2564/2564
f 2565/2565/2565 2564/2564/2564 2555/2555/2555
f 2555/2555/2555 2554/2554/2554 2565/2565/2565
f 2558/2558/2558 2557/2557/2557 2556/2556/2556
f 2575/2575/2575 2573/2573/2573 2574/2574/2574
f 2572/2572/2572 2573/2573/2573 2575/2575/2575
f 2571/2571/2571 2572/2572/2572 2570/2570/2570
f 2575/2575/2575 2570/2570/2570 2572/2572/2572
f 2570/2570/2570 2575/2575/2575 2568/2568/2568
f 2567/2567/2567 2568/2568/2568 2576/2576/2576
f 2575/2575/2575 2576/2576/2576 2568/2568/2568
f 2577/2577/2577 2567/2567/2567 2576/2576/2576
f 2567/2567/2567 2577/2577/2577 2566/2566/2566
f 2570/2570/2570 2568/2568/2568 2569/2569/2569
o object_13
usemtl anodized
v 0.75 -2.5 -9.75
v 0.5 -2.5 -9.75
v 0.75 -3.5 -9.75
v 0.5 -3.5 -9.75
v 0.75 -3.5 -9.75
v 0.5 -3.5 -9.75
v 0.75 -3.5 -7.75
v 0.5 -3.5 -7.75
v 0.75 -3.5 -7.75
v 0.5 -3.5 -7.75
v 0.75 -0.5 -7.75
v 0.5 -0.5 -7.75
v 0.75 -0.5 -7.75
v 0.5 -0.5 -7.75
v 0.75 -0.5 -6.75
v 0.5 -0.5 -6.75
v 0.75 -0.5 -6.75
v 0.5 -0.5 -6.75
v 0.75 0.5 -6.75
v 0.5 0.5 -6.75
v 0.75 0.5 -6.75
v 0.5 0.5 -6.75
v 0.75 1.5 -8.75
v 0.5 1.5 -8.75
v 0.75 1.5 -8.75
v 0.5 1.5 -8.75
v 0.75 1.5 -9.75
v 0.5 1.5 -9.75
v 0.75 1.5 -9.75
v 0.5 1.5 -9.75
v 0.75 -0.5 -9.75
v 0.5 -0.5 -9.75
v 0.75 -1.5 -9.75
v 0.5 -1.5 -9.75
v 0.75 -1.5 -9.75
v 0.5 -1.5 -9.75
v 0.75 -1.5 -8.75
v 0.5 -1.5 -8.75
v 0.75 -1.5 -8.75
v 0.5 -1.5 -8.75
v 0.75 -2.5 -8.75
v 0.5 -2.5 -8.75
v 0.75 -2.5 -8.75
v 0.5 -2.5 -8.75
v 0.75 -2.5 -9.75
v 0.5 -2.5 -9.75
v 0.75 -2.5 -9.75
v 0.75 -3.5 -9.75
v 0.75 -3.5 -7.75
v 0.75 -0.5 -7.75
v 0.75 -0.5 -6.75
v 0.75 0.5 -6.75
v 0.75 1.5 -8.75
v 0.75 1.5 -9.75
v 0.75 -0.5 -9.75
v 0.75 -1.5 -9.75
v 0.75 -1.5 -8.75
v 0.75 -2.5 -8.75
v 0.5 -2.5 -9.75
v 0.5 -3.5 -9.75
v 0.5 -3.5 -7.75
v 0.5 -0.5 -7.75
v 0.5 -0.5 -6.75
v 0.5 0.5 -6.75
v 0.5 1.5 -8.75
v 0.5 1.5 -9.75
v 0.5 -0.5 -9.75
v 0.5 -1.5 -9.75
v 0.5 -1.5 -8.75
v 0.5 -2.5 -8.75
vt 0 0
vt 0 0.51999974250793457
vt 0.058017872273921967 0
vt 0.058017872273921967 0.51999974250793457
vt 0.058017872273921967 0
vt 0.058017872273921967 0.51999974250793457
vt 0.1740536242723465 0
vt 0.1740536242723465 0.51999974250793457
vt 0.1740536242723465 0
vt 0.1740536242723465 0.51999974250793457
vt 0.34810724854469299 0
vt 0.34810724854469299 0.51999974250793457
vt 0.34810724854469299 0
vt 0.34810724854469299 0.51999974250793457
vt 0.40612509846687317 0
vt 0.40612509846687317 0.51999974250793457
vt 0.40612509846687317 0
vt 0.40612509846687317 0.51999974250793457
vt 0.46414297819137573 0
vt 0.46414297819137573 0.51999974250793457
vt 0.46414297819137573 0
vt 0.46414297819137573 0.51999974250793457
vt 0.59387487173080444 0
vt 0.59387487173080444 0.51999974250793457
vt 0.59387487173080444 0
vt 0.59387487173080444 0.51999974250793457
vt 0.65189278125762939 0
vt 0.65189278125762939 0.51999974250793457
vt 0.65189278125762939 0
vt 0.65189278125762939 0.51999974250793457
vt 0.76792848110198975 0
vt 0.76792848110198975 0.51999974250793457
vt 0.8259463906288147 0
vt 0.8259463906288147 0.51999974250793457
vt 0.8259463906288147 0
vt 0.8259463906288147 0.51999974250793457
vt 0.88396424055099487 0
vt 0.88396424055099487 0.51999974250793457
vt 0.88396424055099487 0
vt 0.88396424055099487 0.51999974250793457
vt 0.94198215007781982 0
vt 0.94198215007781982 0.51999974250793457
vt 0.94198215007781982 0
vt 0.94198215007781982 0.51999974250793457
vt 1 0
vt 1 0.51999974250793457
vt 0.058017872273921967 0.52000027894973755
vt 0 0.52000027894973755
vt 0 0.84000009298324585
vt 0.1740536242723465 0.84000009298324585
vt 0.1740536242723465 1
vt 0.23207148909568787 1
vt 0.29008936882019043 0.6800001859664917
vt 0.29008936882019043 0.52000027894973755
vt 0.1740536242723465 0.52000027894973755
vt 0.11603574454784393 0.52000027894973755
vt 0.11603574454784393 0.6800001859664917
vt 0.058017872273921967 0.6800001859664917
vt 0.058017872273921967 1
vt 0 1
vt 0 0.6800001859664917
vt 0.1740536242723465 0.6800001859664917
vt 0.1740536242723465 0.52000027894973755
vt 0.23207148909568787 0.52000027894973755
vt 0.29008936882019043 0.84000009298324585
vt 0.29008936882019043 1
vt 0.1740536242723465 1
vt 0.11603574454784393 1
vt 0.11603574454784393 0.84000009298324585
vt 0.058017872273921967 0.84000009298324585
vn 0 0 -1
vn 0 0 -1
vn 0 0 -1
vn 0 0 -1
vn 0 -1 0
vn 0 -1 0
vn 0 -1 0
vn 0 -1 0
vn 0 0 1
vn 0 0 1
vn 0 0 1
vn 0 0 1
vn 0 -1 0
vn 0 -1 0
vn 0 -1 0
vn 0 -1 0
vn 0 0 1
vn 0 0 1
vn 0 0 1
vn 0 0 1
vn 0 0.89442718029022217 0.44721359014511108
vn 0 0.89442718029022217 0.44721359014511108
vn 0 0.89442718029022217 0.44721359014511108
vn 0 0.89442718029022217 0.44721359014511108
vn 0 1 0
vn 0 1 0
vn 0 1 0
vn 0 1 0
vn 0 0 -1
vn 0 0 -1
vn 0 0 -1
vn 0 0 -1
vn 0 0 -1
vn 0 0 -1
vn 0 -1 0
vn 0 -1 0
vn 0 -1 0
vn 0 -1 0
vn 0 0 -1
vn 0 0 -1
vn 0 0 -1
vn 0 0 -1
vn 0 1 0
vn 0 1 0
vn 0 1 0
vn 0 1 0
vn 1 0 0
vn 1 0 0
vn 1 0 0
vn 1 0 0
vn 1 0 0
vn 1 0 0
vn 1 0 0
vn 1 0 0
vn 1 0 0
vn 1 0 0
vn 1 0 0
vn 1 0 0
vn -1 0 0
vn -1 0 0
vn -1 0 0
vn -1 0 0
vn -1 0 0
vn -1 0 0
vn -1 0 0
vn -1 0 0
vn -1 0 0
vn -1 0 0
vn -1 0 0
vn -1 0 0
f 2578/2578/2578 2580/2580/2580 2581/2581/2581 2579/2579/2579
f 2582/2582/2582 2584/2584/2584 2585/2585/2585 2583/2583/2583
f 2586/2586/2586 2588/2588/2588 2589/2589/2589 2587/2587/2587
f 2590/2590/2590 2592/2592/2592 2593/2593/2593 2591/2591/2591
f 2594/2594/2594 2596/2596/2596 2597/2597/2597 2595/2595/2595
f 2598/2598/2598 2600/2600/2600 2601/2601/2601 2599/2599/2599
f 2602/2602/2602 2604/2604/2604 2605/2605/2605 2603/2603/2603
f 2606/2606/2606 2608/2608/2608 2609/2609/2609 2607/2607/2607
f 2608/2608/2608 2610/2610/2610 2611/2611/2611 2609/2609/2609
f 2612/2612/2612 2614/2614/2614 2615/2615/2615 2613/2613/2613
f 2616/2616/2616 2618/2618/2618 2619/2619/2619 2617/2617/2617
f 2620/2620/2620 2622/2622/2622 2623/2623/2623 2621/2621/2621
f 2635/2635/2635 2634/2634/2634 2626/2626/2626
f 2625/2625/2625 2635/2635/2635 2626/2626/2626
f 2635/2635/2635 2625/2625/2625 2624/2624/2624
f 2633/2633/2633 2632/2632/2632 2634/2634/2634
f 2627/2627/2627 2629/2629/2629 2628/2628/2628
f 2630/2630/2630 2629/2629/2629 2627/2627/2627
f 2626/2626/2626 2634/2634/2634 2627/2627/2627
f 2631/2631/2631 2630/2630/2630 2632/2632/2632
f 2627/2627/2627 2632/2632/2632 2630/2630/2630
f 2634/2634/2634 2632/2632/2632 2627/2627/2627
f 2647/2647/2647 2638/2638/2638 2646/2646/2646
f 2637/2637/2637 2638/2638/2638 2647/2647/2647
f 2647/2647/2647 2636/2636/2636 2637/2637/2637
f 2645/2645/2645 2646/2646/2646 2644/2644/2644
f 2639/2639/2639 2640/2640/2640 2641/2641/2641
f 2642/2642/2642 2639/2639/2639 2641/2641/2641
f 2638/2638/2638 2639/2639/2639 2646/2646/2646
f 2643/2643/2643 2644/2644/2644 2642/2642/2642
f 2639/2639/2639 2642/2642/2642 2644/2644/2644
f 2646/2646/2646 2639/2639/2639 2644/2644/2644
g Male_virtual body armature
o object_14
usemtl anodized
v -0.67465561628341675 -2.3276276588439941 -7.25
v -0.67465561628341675 -2.3276276588439941 -7.75
v -0.74788486957550049 -2.0562870502471924 -7.25
v -0.74788486957550049 -2.0562870502471924 -7.75
v -0.70872122049331665 -1.7546141147613525 -7.25
v -0.70872122049331665 -1.7546141147613525 -7.75
v -0.55296146869659424 -1.4933110475540161 -7.25
v -0.55296146869659424 -1.4933110475540161 -7.75
v -0.32762759923934937 -1.325344443321228 -7.25
v -0.32762759923934937 -1.325344443321228 -7.75
v -0.056287147104740143 -1.2521151304244995 -7.25
v -0.056287147104740143 -1.2521151304244995 -7.75
v 0.24538585543632507 -1.2912787199020386 -7.25
v 0.24538585543632507 -1.2912787199020386 -7.75
v 0.50668889284133911 -1.4470385313034058 -7.25
v 0.50668889284133911 -1.4470385313034058 -7.75
v 0.67465561628341675 -1.6723724603652954 -7.25
v 0.67465561628341675 -1.6723724603652954 -7.75
v 0.74788486957550049 -1.9437128305435181 -7.25
v 0.74788486957550049 -1.9437128305435181 -7.75
v 0.70872122049331665 -2.2453858852386475 -7.25
v 0.70872122049331665 -2.2453858852386475 -7.75
v 0.55296146869659424 -2.5066888332366943 -7.25
v 0.55296146869659424 -2.5066888332366943 -7.75
v 0.32762759923934937 -2.6746556758880615 -7.25
v 0.32762759923934937 -2.6746556758880615 -7.75
v 0.056287147104740143 -2.7478847503662109 -7.25
v 0.056287147104740143 -2.7478847503662109 -7.75
v -0.24538585543632507 -2.7087211608886719 -7.25
v -0.24538585543632507 -2.7087211608886719 -7.75
v -0.50668889284133911 -2.5529613494873047 -7.25
v -0.50668889284133911 -2.5529613494873047 -7.75
v -0.67465561628341675 -2.3276276588439941 -7.25
v -0.67465561628341675 -2.3276276588439941 -7.75
v -0.67465561628341675 -2.3276276588439941 -7.25
v -0.74788486957550049 -2.0562870502471924 -7.25
v -0.70872122049331665 -1.7546141147613525 -7.25
v -0.55296146869659424 -1.4933110475540161 -7.25
v -0.32762759923934937 -1.325344443321228 -7.25
v -0.056287147104740143 -1.2521151304244995 -7.25
v 0.24538585543632507 -1.2912787199020386 -7.25
v 0.50668889284133911 -1.4470385313034058 -7.25
v 0.67465561628341675 -1.6723724603652954 -7.25
v 0.74788486957550049 -1.9437128305435181 -7.25
v 0.70872122049331665 -2.2453858852386475 -7.25
v 0.55296146869659424 -2.5066888332366943 -7.25
v 0.32762759923934937 -2.6746556758880615 -7.25
v 0.056287147104740143 -2.7478847503662109 -7.25
v -0.24538585543632507 -2.7087211608886719 -7.25
v -0.50668889284133911 -2.5529613494873047 -7.25
v -0.67465561628341675 -2.3276276588439941 -7.75
v -0.74788486957550049 -2.0562870502471924 -7.75
v -0.70872122049331665 -1.7546141147613525 -7.75
v -0.55296146869659424 -1.4933110475540161 -7.75
v -0.32762759923934937 -1.325344443321228 -7.75
v -0.056287147104740143 -1.2521151304244995 -7.75
v 0.24538585543632507 -1.2912787199020386 -7.75
v 0.50668889284133911 -1.4470385313034058 -7.75
v 0.67465561628341675 -1.6723724603652954 -7.75
v 0.74788486957550049 -1.9437128305435181 -7.75
v 0.70872122049331665 -2.2453858852386475 -7.75
v 0.55296146869659424 -2.5066888332366943 -7.75
v 0.32762759923934937 -2.6746556758880615 -7.75
v 0.056287147104740143 -2.7478847503662109 -7.75
v -0.24538585543632507 -2.7087211608886719 -7.75
v -0.50668889284133911 -2.5529613494873047 -7.75
vt 0 0
vt 0 0.57160133123397827
vt 0.0625 0
vt 0.0625 0.57160133123397827
vt 0.125 0
vt 0.125 0.57160133123397827
vt 0.1875 0
vt 0.1875 0.57160133123397827
vt 0.25 0
vt 0.25 0.57160133123397827
vt 0.3125 0
vt 0.3125 0.57160133123397827
vt 0.375 0
vt 0.375 0.57160133123397827
vt 0.4375 0
vt 0.4375 0.57160133123397827
vt 0.5 0
vt 0.5 0.57160133123397827
vt 0.5625 0
vt 0.5625 0.57160133123397827
vt 0.625 0
vt 0.625 0.57160133123397827
vt 0.6875 0
vt 0.6875 0.57160133123397827
vt 0.75 0
vt 0.75 0.57160133123397827
vt 0.8125 0
vt 0.8125 0.57160133123397827
vt 0.875 0
vt 0.875 0.57160133123397827
vt 0.9375 0
vt 0.9375 0.57160133123397827
vt 1 0
vt 1 0.57160133123397827
vt 0.22971107065677643 0.59257525205612183
vt 0.17175738513469696 0.57160192728042603
vt 0.10732519626617432 0.58281862735748291
vt 0.051515333354473114 0.62742924690246582
vt 0.015640519559383392 0.69196629524230957
vt 0 0.7696799635887146
vt 0.0083646802231669426 0.85608106851577759
vt 0.041632305830717087 0.93091994524002075
vt 0.089759767055511475 0.9790266752243042
vt 0.14771345257759094 1
vt 0.21214564144611359 0.98878329992294312
vt 0.26795551180839539 0.94417268037796021
vt 0.30383032560348511 0.87963563203811646
vt 0.31947082281112671 0.80192196369171143
vt 0.31110614538192749 0.71552085876464844
vt 0.27783852815628052 0.64068198204040527
vt 0.22971107065677643 0.9790266752243042
vt 0.17175738513469696 1
vt 0.10732519626617432 0.98878329992294312
vt 0.051515333354473114 0.94417268037796021
vt 0.015640519559383392 0.87963563203811646
vt 0 0.80192196369171143
vt 0.0083646802231669426 0.71552085876464844
vt 0.041632305830717087 0.64068198204040527
vt 0.089759767055511475 0.59257525205612183
vt 0.14771345257759094 0.57160192728042603
vt 0.21214564144611359 0.58281862735748291
vt 0.26795551180839539 0.62742924690246582
vt 0.30383032560348511 0.69196629524230957
vt 0.31947082281112671 0.7696799635887146
vt 0.31110614538192749 0.85608106851577759
vt 0.27783852815628052 0.93091994524002075
vn -0.89954078197479248 -0.43683677911758423 0
vn -0.89954078197479248 -0.43683677911758423 0
vn -0.99717980623245239 -0.075049526989459991 0
vn -0.99717980623245239 -0.075049526989459991 0
vn -0.94496166706085205 0.3271811306476593 0
vn -0.94496166706085205 0.3271811306476593 0
vn -0.7372819185256958 0.67558521032333374 0
vn -0.7372819185256958 0.67558521032333374 0
vn -0.43683677911758423 0.89954078197479248 0
vn -0.43683677911758423 0.89954078197479248 0
vn -0.075049526989459991 0.99717980623245239 0
vn -0.075049526989459991 0.99717980623245239 0
vn 0.3271811306476593 0.94496166706085205 0
vn 0.3271811306476593 0.94496166706085205 0
vn 0.67558521032333374 0.7372819185256958 0
vn 0.67558521032333374 0.7372819185256958 0
vn 0.89954078197479248 0.43683677911758423 0
vn 0.89954078197479248 0.43683677911758423 0
vn 0.99717980623245239 0.075049526989459991 0
vn 0.99717980623245239 0.075049526989459991 0
vn 0.94496166706085205 -0.3271811306476593 0
vn 0.94496166706085205 -0.3271811306476593 0
vn 0.7372819185256958 -0.67558521032333374 0
vn 0.7372819185256958 -0.67558521032333374 0
vn 0.43683677911758423 -0.89954078197479248 0
vn 0.43683677911758423 -0.89954078197479248 0
vn 0.075049526989459991 -0.99717980623245239 0
vn 0.075049526989459991 -0.99717980623245239 0
vn -0.3271811306476593 -0.94496166706085205 0
vn -0.3271811306476593 -0.94496166706085205 0
vn -0.67558521032333374 -0.7372819185256958 0
vn -0.67558521032333374 -0.7372819185256958 0
vn -0.89954078197479248 -0.43683677911758423 0
vn -0.89954078197479248 -0.43683677911758423 0
vn 0 0 1
vn 0 0 1
vn 0 0 1
vn 0 0 1
vn 0 0 1
vn 0 0 1
vn 0 0 1
vn 0 0 1
vn 0 0 1
vn 0 0 1
vn 0 0 1
vn 0 0 1
vn 0 0 1
vn 0 0 1
vn 0 0 1
vn 0 0 1
vn 0 0 -1
vn 0 0 -1
vn 0 0 -1
vn 0 0 -1
vn 0 0 -1
vn 0 0 -1
vn 0 0 -1
vn 0 0 -1
vn 0 0 -1
vn 0 0 -1
vn 0 0 -1
vn 0 0 -1
vn 0 0 -1
vn 0 0 -1
vn 0 0 -1
vn 0 0 -1
f 2648/2648/2648 2650/2650/2650 2651/2651/2651 2649/2649/2649
f 2650/2650/2650 2652/2652/2652 2653/2653/2653 2651/2651/2651
f 2652/2652/2652 2654/2654/2654 2655/2655/2655 2653/2653/2653
f 2654/2654/2654 2656/2656/2656 2657/2657/2657 2655/2655/2655
f 2656/2656/2656 2658/2658/2658 2659/2659/2659 2657/2657/2657
f 2658/2658/2658 2660/2660/2660 2661/2661/2661 2659/2659/2659
f 2660/2660/2660 2662/2662/2662 2663/2663/2663 2661/2661/2661
f 2662/2662/2662 2664/2664/2664 2665/2665/2665 2663/2663/2663
f 2664/2664/2664 2666/2666/2666 2667/2667/2667 2665/2665/2665
f 2666/2666/2666 2668/2668/2668 2669/2669/2669 2667/2667/2667
f 2668/2668/2668 2670/2670/2670 2671/2671/2671 2669/2669/2669
f 2670/2670/2670 2672/2672/2672 2673/2673/2673 2671/2671/2671
f 2672/2672/2672 2674/2674/2674 2675/2675/2675 2673/2673/2673
f 2674/2674/2674 2676/2676/2676 2677/2677/2677 2675/2675/2675
f 2676/2676/2676 2678/2678/2678 2679/2679/2679 2677/2677/2677
f 2678/2678/2678 2680/2680/2680 2681/2681/2681 2679/2679/2679
f 2689/2689/2689 2688/2688/2688 2687/2687/2687
f 2689/2689/2689 2691/2691/2691 2690/2690/2690
f 2689/2689/2689 2686/2686/2686 2693/2693/2693
f 2686/2686/2686 2689/2689/2689 2687/2687/2687
f 2693/2693/2693 2686/2686/2686 2685/2685/2685
f 2684/2684/2684 2693/2693/2693 2685/2685/2685
f 2689/2689/2689 2693/2693/2693 2691/2691/2691
f 2684/2684/2684 2696/2696/2696 2693/2693/2693
f 2693/2693/2693 2695/2695/2695 2694/2694/2694
f 2695/2695/2695 2693/2693/2693 2696/2696/2696
f 2697/2697/2697 2683/2683/2683 2682/2682/2682
f 2684/2684/2684 2683/2683/2683 2697/2697/2697
f 2684/2684/2684 2697/2697/2697 2696/2696/2696
f 2692/2692/2692 2691/2691/2691 2693/2693/2693
f 2705/2705/2705 2703/2703/2703 2704/2704/2704
f 2705/2705/2705 2706/2706/2706 2707/2707/2707
f 2705/2705/2705 2709/2709/2709 2702/2702/2702
f 2702/2702/2702 2703/2703/2703 2705/2705/2705
f 2709/2709/2709 2701/2701/2701 2702/2702/2702
f 2700/2700/2700 2701/2701/2701 2709/2709/2709
f 2705/2705/2705 2707/2707/2707 2709/2709/2709
f 2700/2700/2700 2709/2709/2709 2712/2712/2712
f 2709/2709/2709 2710/2710/2710 2711/2711/2711
f 2711/2711/2711 2712/2712/2712 2709/2709/2709
f 2713/2713/2713 2698/2698/2698 2699/2699/2699
f 2700/2700/2700 2713/2713/2713 2699/2699/2699
f 2700/2700/2700 2712/2712/2712 2713/2713/2713
f 2708/2708/2708 2709/2709/2709 2707/2707/2707
g Male_virtual body neck
o object_15
usemtl neck
v -0.32475951313972473 -1.8125 -6.75
v -0.32475951313972473 -1.8125 -30.75
v -0.097057141363620758 -1.6377778053283691 -6.75
v -0.097057141363620758 -1.6377778053283691 -30.75
v 0.1875 -1.6752405166625977 -6.75
v 0.1875 -1.6752405166625977 -30.75
v 0.36222219467163086 -1.9029428958892822 -6.75
v 0.36222219467163086 -1.9029428958892822 -30.75
v 0.32475951313972473 -2.1875 -6.75
v 0.32475951313972473 -2.1875 -30.75
v 0.097057141363620758 -2.3622221946716309 -6.75
v 0.097057141363620758 -2.3622221946716309 -30.75
v -0.1875 -2.3247594833374023 -6.75
v -0.1875 -2.3247594833374023 -30.75
v -0.36222219467163086 -2.0970571041107178 -6.75
v -0.36222219467163086 -2.0970571041107178 -30.75
v -0.32475951313972473 -1.8125 -6.75
v -0.32475951313972473 -1.8125 -30.75
v -0.32475951313972473 -1.8125 -6.75
v -0.097057141363620758 -1.6377778053283691 -6.75
v 0.1875 -1.6752405166625977 -6.75
v 0.36222219467163086 -1.9029428958892822 -6.75
v 0.32475951313972473 -2.1875 -6.75
v 0.097057141363620758 -2.3622221946716309 -6.75
v -0.1875 -2.3247594833374023 -6.75
v -0.36222219467163086 -2.0970571041107178 -6.75
v -0.32475951313972473 -1.8125 -30.75
v -0.097057141363620758 -1.6377778053283691 -30.75
v 0.1875 -1.6752405166625977 -30.75
v 0.36222219467163086 -1.9029428958892822 -30.75
v 0.32475951313972473 -2.1875 -30.75
v 0.097057141363620758 -2.3622221946716309 -30.75
v -0.1875 -2.3247594833374023 -30.75
v -0.36222219467163086 -2.0970571041107178 -30.75
vt 0 0
vt 0 1
vt 0.10081946104764938 0
vt 0.10081946104764938 1
vt 0.20163892209529877 0
vt 0.20163892209529877 1
vt 0.30245840549468994 0
vt 0.30245840549468994 1
vt 0.40327784419059753 0
vt 0.40327784419059753 1
vt 0.5040973424911499 0
vt 0.5040973424911499 1
vt 0.60491681098937988 0
vt 0.60491681098937988 1
vt 0.70573621988296509 0
vt 0.70573621988296509 1
vt 0.80655568838119507 0
vt 0.80655568838119507 1
vt 0.98999661207199097 0.0072800908237695694
vt 0.92919474840164185 0
vt 0.85321140289306641 0.0015609441325068474
vt 0.80655652284622192 0.011048543266952038
vt 0.81655991077423096 0.022905090823769569
vt 0.87736177444458008 0.030185181647539139
vt 0.95334511995315552 0.028624238446354866
vt 1 0.019136639311909676
vt 0.98999661207199097 0.022905090823769569
vt 0.92919474840164185 0.030185181647539139
vt 0.85321140289306641 0.028624238446354866
vt 0.80655652284622192 0.019136639311909676
vt 0.81655991077423096 0.0072800908237695694
vt 0.87736177444458008 0
vt 0.95334511995315552 0.0015609441325068474
vt 1 0.011048543266952038
vn -0.86602538824081421 0.5 0
vn -0.86602538824081421 0.5 0
vn -0.25881904363632202 0.96592581272125244 0
vn -0.25881904363632202 0.96592581272125244 0
vn 0.5 0.86602538824081421 0
vn 0.5 0.86602538824081421 0
vn 0.96592581272125244 0.25881904363632202 0
vn 0.96592581272125244 0.25881904363632202 0
vn 0.86602538824081421 -0.5 0
vn 0.86602538824081421 -0.5 0
vn 0.25881904363632202 -0.96592581272125244 0
vn 0.25881904363632202 -0.96592581272125244 0
vn -0.5 -0.86602538824081421 0
vn -0.5 -0.86602538824081421 0
vn -0.96592581272125244 -0.25881904363632202 0
vn -0.96592581272125244 -0.25881904363632202 0
vn -0.86602538824081421 0.5 0
vn -0.86602538824081421 0.5 0
vn 0 0 1
vn 0 0 1
vn 0 0 1
vn 0 0 1
vn 0 0 1
vn 0 0 1
vn 0 0 1
vn 0 0 1
vn 0 0 -1
vn 0 0 -1
vn 0 0 -1
vn 0 0 -1
vn 0 0 -1
vn 0 0 -1
vn 0 0 -1
vn 0 0 -1
f 2714/2714/2714 2716/2716/2716 2717/2717/2717 2715/2715/2715
f 2716/2716/2716 2718/2718/2718 2719/2719/2719 2717/2717/2717
f 2718/2718/2718 2720/2720/2720 2721/2721/2721 2719/2719/2719
f 2720/2720/2720 2722/2722/2722 2723/2723/2723 2721/2721/2721
f 2722/2722/2722 2724/2724/2724 2725/2725/2725 2723/2723/2723
f 2724/2724/2724 2726/2726/2726 2727/2727/2727 2725/2725/2725
f 2726/2726/2726 2728/2728/2728 2729/2729/2729 2727/2727/2727
f 2728/2728/2728 2730/2730/2730 2731/2731/2731 2729/2729/2729
f 2734/2734/2734 2738/2738/2738 2736/2736/2736
f 2738/2738/2738 2737/2737/2737 2736/2736/2736
f 2732/2732/2732 2739/2739/2739 2738/2738/2738
f 2734/2734/2734 2733/2733/2733 2732/2732/2732
f 2734/2734/2734 2736/2736/2736 2735/2735/2735
f 2732/2732/2732 2738/2738/2738 2734/2734/2734
f 2742/2742/2742 2744/2744/2744 2746/2746/2746
f 2746/2746/2746 2744/2744/2744 2745/2745/2745
f 2740/2740/2740 2746/2746/2746 2747/2747/2747
f 2742/2742/2742 2740/2740/2740 2741/2741/2741
f 2742/2742/2742 2743/2743/2743 2744/2744/2744
f 2740/2740/2740 2742/2742/2742 2746/2746/2746
g Male_virtual body armature
o object_16
usemtl anodized
v 0.5 13.5 -9.75
v 0.5 -0.5 -9.75
v 0.5 13.5 -8.75
v 0.5 -0.5 -8.75
v 0.5 13.5 -8.75
v 0.5 -0.5 -8.75
v -0.5 13.5 -8.75
v -0.5 -0.5 -8.75
v -0.5 13.5 -8.75
v -0.5 -0.5 -8.75
v -0.5 13.5 -9.75
v -0.5 -0.5 -9.75
v -0.5 13.5 -9.75
v -0.5 -0.5 -9.75
v 0.5 13.5 -9.75
v 0.5 -0.5 -9.75
v 0.5 13.5 -9.75
v 0.5 13.5 -8.75
v -0.5 13.5 -8.75
v -0.5 13.5 -9.75
v 0.5 -0.5 -9.75
v 0.5 -0.5 -8.75
v -0.5 -0.5 -8.75
v -0.5 -0.5 -9.75
vt 0 0
vt 0 1
vt 0.20833316445350647 0
vt 0.20833316445350647 1
vt 0.20833316445350647 0
vt 0.20833316445350647 1
vt 0.41666632890701294 0
vt 0.41666632890701294 1
vt 0.41666632890701294 0
vt 0.41666632890701294 1
vt 0.62499946355819702 0
vt 0.62499946355819702 1
vt 0.62499946355819702 0
vt 0.62499946355819702 1
vt 0.83333265781402588 0
vt 0.83333265781402588 1
vt 1 0.071428574621677399
vt 1 0
vt 0.83333349227905273 0
vt 0.83333349227905273 0.071428574621677399
vt 1 0.92857140302658081
vt 1 1
vt 0.83333349227905273 1
vt 0.83333349227905273 0.92857140302658081
vn 1 0 0
vn 1 0 0
vn 1 0 0
vn 1 0 0
vn 0 0 1
vn 0 0 1
vn 0 0 1
vn 0 0 1
vn -1 0 0
vn -1 0 0
vn -1 0 0
vn -1 0 0
vn 0 0 -1
vn 0 0 -1
vn 0 0 -1
vn 0 0 -1
vn 0 1 0
vn 0 1 0
vn 0 1 0
vn 0 1 0
vn 0 -1 0
vn 0 -1 0
vn 0 -1 0
vn 0 -1 0
f 2748/2748/2748 2750/2750/2750 2751/2751/2751 2749/2749/2749
f 2752/2752/2752 2754/2754/2754 2755/2755/2755 2753/2753/2753
f 2756/2756/2756 2758/2758/2758 2759/2759/2759 2757/2757/2757
f 2760/2760/2760 2762/2762/2762 2763/2763/2763 2761/2761/2761
f 2764/2764/2764 2767/2767/2767 2766/2766/2766
f 2766/2766/2766 2765/2765/2765 2764/2764/2764
f 2768/2768/2768 2770/2770/2770 2771/2771/2771
f 2770/2770/2770 2768/2768/2768 2769/2769/2769
o object_17
usemtl anodized
v 0.5 -0.5 -3.75
v 0.5 -0.5 -8.75
v -0.5 -0.5 -3.75
v -0.5 -0.5 -8.75
v -0.5 -0.5 -3.75
v -0.5 -0.5 -8.75
v -0.5 0.5 -3.75
v -0.5 0.5 -8.75
v -0.5 0.5 -3.75
v -0.5 0.5 -8.75
v 0.5 0.5 -3.75
v 0.5 0.5 -8.75
v 0.5 0.5 -3.75
v 0.5 0.5 -8.75
v 0.5 -0.5 -3.75
v 0.5 -0.5 -8.75
v 0.5 -0.5 -3.75
v -0.5 -0.5 -3.75
v -0.5 0.5 -3.75
v 0.5 0.5 -3.75
v 0.5 -0.5 -8.75
v -0.5 -0.5 -8.75
v -0.5 0.5 -8.75
v 0.5 0.5 -8.75
vt 0 0
vt 0 1
vt 0.20833316445350647 0
vt 0.20833316445350647 1
vt 0.20833316445350647 0
vt 0.20833316445350647 1
vt 0.41666632890701294 0
vt 0.41666632890701294 1
vt 0.41666632890701294 0
vt 0.41666632890701294 1
vt 0.62499946355819702 0
vt 0.62499946355819702 1
vt 0.62499946355819702 0
vt 0.62499946355819702 1
vt 0.83333265781402588 0
vt 0.83333265781402588 1
vt 1 0.20000000298023224
vt 1 0
vt 0.83333349227905273 0
vt 0.83333349227905273 0.20000000298023224
vt 1 0.80000001192092896
vt 1 1
vt 0.83333349227905273 1
vt 0.83333349227905273 0.80000001192092896
vn 0 -1 0
vn 0 -1 0
vn 0 -1 0
vn 0 -1 0
vn -1 0 0
vn -1 0 0
vn -1 0 0
vn -1 0 0
vn 0 1 0
vn 0 1 0
vn 0 1 0
vn 0 1 0
vn 1 0 0
vn 1 0 0
vn 1 0 0
vn 1 0 0
vn 0 0 1
vn 0 0 1
vn 0 0 1
vn 0 0 1
vn 0 0 -1
vn 0 0 -1
vn 0 0 -1
vn 0 0 -1
f 2772/2772/2772 2774/2774/2774 2775/2775/2775 2773/2773/2773
f 2776/2776/2776 2778/2778/2778 2779/2779/2779 2777/2777/2777
f 2780/2780/2780 2782/2782/2782 2783/2783/2783 2781/2781/2781
f 2784/2784/2784 2786/2786/2786 2787/2787/2787 2785/2785/2785
f 2788/2788/2788 2791/2791/2791 2790/2790/2790
f 2790/2790/2790 2789/2789/2789 2788/2788/2788
f 2792/2792/2792 2794/2794/2794 2795/2795/2795
f 2794/2794/2794 2792/2792/2792 2793/2793/2793
o object_18
usemtl anodized
v -0.5 -3.5 -8.75
v -0.5 -0.5 -8.75
v -0.5 -3.5 -7.75
v -0.5 -0.5 -7.75
v -0.5 -3.5 -7.75
v -0.5 -0.5 -7.75
v 0.5 -3.5 -7.75
v 0.5 -0.5 -7.75
v 0.5 -3.5 -7.75
v 0.5 -0.5 -7.75
v 0.5 -3.5 -8.75
v 0.5 -0.5 -8.75
v 0.5 -3.5 -8.75
v 0.5 -0.5 -8.75
v -0.5 -3.5 -8.75
v -0.5 -0.5 -8.75
v -0.5 -3.5 -8.75
v -0.5 -3.5 -7.75
v 0.5 -3.5 -7.75
v 0.5 -3.5 -8.75
v -0.5 -0.5 -8.75
v -0.5 -0.5 -7.75
v 0.5 -0.5 -7.75
v 0.5 -0.5 -8.75
vt 0 0
vt 0 0.79999935626983643
vt 0.25 0
vt 0.25 0.79999935626983643
vt 0.25 0
vt 0.25 0.79999935626983643
vt 0.5 0
vt 0.5 0.79999935626983643
vt 0.5 0
vt 0.5 0.79999935626983643
vt 0.75 0
vt 0.75 0.79999935626983643
vt 0.75 0
vt 0.75 0.79999935626983643
vt 1 0
vt 1 0.79999935626983643
vt 0 0.80000013113021851
vt 0 1
vt 0.25 1
vt 0.25 0.80000013113021851
vt 0.75 1
vt 0.75 0.80000013113021851
vt 1 0.80000013113021851
vt 1 1
vn -1 0 0
vn -1 0 0
vn -1 0 0
vn -1 0 0
vn 0 0 1
vn 0 0 1
vn 0 0 1
vn 0 0 1
vn 1 0 0
vn 1 0 0
vn 1 0 0
vn 1 0 0
vn 0 0 -1
vn 0 0 -1
vn 0 0 -1
vn 0 0 -1
vn 0 -1 0
vn 0 -1 0
vn 0 -1 0
vn 0 -1 0
vn 0 1 0
vn 0 1 0
vn 0 1 0
vn 0 1 0
f 2796/2796/2796 2798/2798/2798 2799/2799/2799 2797/2797/2797
f 2800/2800/2800 2802/2802/2802 2803/2803/2803 2801/2801/2801
f 2804/2804/2804 2806/2806/2806 2807/2807/2807 2805/2805/2805
f 2808/2808/2808 2810/2810/2810 2811/2811/2811 2809/2809/2809
f 2814/2814/2814 2813/2813/2813 2812/2812/2812
f 2812/2812/2812 2815/2815/2815 2814/2814/2814
f 2818/2818/2818 2816/2816/2816 2817/2817/2817
f 2816/2816/2816 2818/2818/2818 2819/2819/2819
o object_19
usemtl anodized
v -0.5 -5.5 -9.75
v -0.5 -2.5 -9.75
v -0.5 -5.5 -8.75
v -0.5 -2.5 -8.75
v -0.5 -5.5 -8.75
v -0.5 -2.5 -8.75
v 0.5 -5.5 -8.75
v 0.5 -2.5 -8.75
v 0.5 -5.5 -8.75
v 0.5 -2.5 -8.75
v 0.5 -5.5 -9.75
v 0.5 -2.5 -9.75
v 0.5 -5.5 -9.75
v 0.5 -2.5 -9.75
v -0.5 -5.5 -9.75
v -0.5 -2.5 -9.75
v -0.5 -5.5 -9.75
v -0.5 -5.5 -8.75
v 0.5 -5.5 -8.75
v 0.5 -5.5 -9.75
v -0.5 -2.5 -9.75
v -0.5 -2.5 -8.75
v 0.5 -2.5 -8.75
v 0.5 -2.5 -9.75
vt 0 0
vt 0 0.79999935626983643
vt 0.25 0
vt 0.25 0.79999935626983643
vt 0.25 0
vt 0.25 0.79999935626983643
vt 0.5 0
vt 0.5 0.79999935626983643
vt 0.5 0
vt 0.5 0.79999935626983643
vt 0.75 0
vt 0.75 0.79999935626983643
vt 0.75 0
vt 0.75 0.79999935626983643
vt 1 0
vt 1 0.79999935626983643
vt 0 0.80000013113021851
vt 0 1
vt 0.25 1
vt 0.25 0.80000013113021851
vt 0.75 1
vt 0.75 0.80000013113021851
vt 1 0.80000013113021851
vt 1 1
vn -1 0 0
vn -1 0 0
vn -1 0 0
vn -1 0 0
vn 0 0 1
vn 0 0 1
vn 0 0 1
vn 0 0 1
vn 1 0 0
vn 1 0 0
vn 1 0 0
vn 1 0 0
vn 0 0 -1
vn 0 0 -1
vn 0 0 -1
vn 0 0 -1
vn 0 -1 0
vn 0 -1 0
vn 0 -1 0
vn 0 -1 0
vn 0 1 0
vn 0 1 0
vn 0 1 0
vn 0 1 0
f 2820/2820/2820 2822/2822/2822 2823/2823/2823 2821/2821/2821
f 2824/2824/2824 2826/2826/2826 2827/2827/2827 2825/2825/2825
f 2828/2828/2828 2830/2830/2830 2831/2831/2831 2829/2829/2829
f 2832/2832/2832 2834/2834/2834 2835/2835/2835 2833/2833/2833
f 2838/2838/2838 2837/2837/2837 2836/2836/2836
f 2836/2836/2836 2839/2839/2839 2838/2838/2838
f 2842/2842/2842 2840/2840/2840 2841/2841/2841
f 2840/2840/2840 2842/2842/2842 2843/2843/2843
g Male_virtual body brain
o object_20
usemtl diffuse_0
v 1.4830708503723145 7.2129921913146973 -6.2303147315979004
v 1.4830708503723145 7.2129921913146973 -8.6318893432617188
v -1.4909448623657227 7.2129921913146973 -6.2303147315979004
v -1.4909448623657227 7.2129921913146973 -8.6318893432617188
v -1.4909448623657227 7.2129921913146973 -6.2303147315979004
v -1.4909448623657227 7.2129921913146973 -8.6318893432617188
v -1.4909448623657227 11.287008285522461 -6.2303147315979004
v -1.4909448623657227 11.287008285522461 -8.6318893432617188
v -1.4909448623657227 11.287008285522461 -6.2303147315979004
v -1.4909448623657227 11.287008285522461 -8.6318893432617188
v 1.4830708503723145 11.287008285522461 -6.2303147315979004
v 1.4830708503723145 11.287008285522461 -8.6318893432617188
v 1.4830708503723145 11.287008285522461 -6.2303147315979004
v 1.4830708503723145 11.287008285522461 -8.6318893432617188
v 1.4830708503723145 7.2129921913146973 -6.2303147315979004
v 1.4830708503723145 7.2129921913146973 -8.6318893432617188
v 1.4830708503723145 7.2129921913146973 -6.2303147315979004
v -1.4909448623657227 7.2129921913146973 -6.2303147315979004
v -1.4909448623657227 11.287008285522461 -6.2303147315979004
v 1.4830708503723145 11.287008285522461 -6.2303147315979004
v 1.4830708503723145 7.2129921913146973 -8.6318893432617188
v -1.4909448623657227 7.2129921913146973 -8.6318893432617188
v -1.4909448623657227 11.287008285522461 -8.6318893432617188
v 1.4830708503723145 11.287008285522461 -8.6318893432617188
vt 0 0
vt 0 0.64381325244903564
vt 0.21098200976848602 0
vt 0.21098200976848602 0.64381325244903564
vt 0.21098200976848602 0
vt 0.21098200976848602 0.64381325244903564
vt 0.5 0
vt 0.5 0.64381325244903564
vt 0.5 0
vt 0.5 0.64381325244903564
vt 0.71098202466964722 0
vt 0.71098202466964722 0.64381325244903564
vt 0.71098202466964722 0
vt 0.71098202466964722 0.64381325244903564
vt 1 0
vt 1 0.64381325244903564
vt 0.28901797533035278 1
vt 0.28901797533035278 0.64381390810012817
vt 0 0.64381390810012817
vt 0 1
vt 1 0.64381390810012817
vt 1 1
vt 0.71098202466964722 1
vt 0.71098202466964722 0.64381390810012817
vn 0 -1 0
vn 0 -1 0
vn 0 -1 0
vn 0 -1 0
vn -1 0 0
vn -1 0 0
vn -1 0 0
vn -1 0 0
vn 0 1 0
vn 0 1 0
vn 0 1 0
vn 0 1 0
vn 1 0 0
vn 1 0 0
vn 1 0 0
vn 1 0 0
vn 0 0 1
vn 0 0 1
vn 0 0 1
vn 0 0 1
vn 0 0 -1
vn 0 0 -1
vn 0 0 -1
vn 0 0 -1
f 2844/2844/2844 2846/2846/2846 2847/2847/2847 2845/2845/2845
f 2848/2848/2848 2850/2850/2850 2851/2851/2851 2849/2849/2849
f 2852/2852/2852 2854/2854/2854 2855/2855/2855 2853/2853/2853
f 2856/2856/2856 2858/2858/2858 2859/2859/2859 2857/2857/2857
f 2860/2860/2860 2863/2863/2863 2862/2862/2862
f 2862/2862/2862 2861/2861/2861 2860/2860/2860
f 2864/2864/2864 2866/2866/2866 2867/2867/2867
f 2866/2866/2866 2864/2864/2864 2865/2865/2865
